deplition,CH_voltage,lockinIC_R,lockinIC_T,lockinIC_X,lockinIC_Y
-0.29428,0.2,1.493213e-06,58.19308,7.86921e-07,1.268858e-06
-0.29428,0.1999,2.075437e-06,73.4212,5.921255e-07,1.989031e-06
-0.29428,0.1998,1.544779e-06,77.77386,3.271065e-07,1.509625e-06
-0.29428,0.1997,1.527858e-06,84.34603,1.505613e-07,1.520415e-06
-0.29428,0.1996,1.794828e-06,88.23076,5.542673e-08,1.793961e-06
-0.29428,0.1995,2.601094e-06,88.28233,7.794611e-08,2.599809e-06
-0.29428,0.1994,2.54522e-06,102.4805,-5.50026e-07,2.484954e-06
-0.29428,0.1993,1.731902e-06,76.70902,3.981236e-07,1.685371e-06
-0.29428,0.1992,2.453427e-06,70.64597,8.13039e-07,2.314673e-06
-0.29428,0.1991,2.523109e-06,66.81611,9.933114e-07,2.319334e-06
-0.29428,0.199,1.863174e-06,73.09086,5.4189e-07,1.782506e-06
-0.29428,0.1989,1.563403e-06,85.22377,1.301765e-07,1.55786e-06
-0.29428,0.1988,1.718575e-06,89.76495,7.057562e-09,1.718547e-06
-0.29428,0.1987,1.776628e-06,86.05224,1.223143e-07,1.772375e-06
-0.29428,0.1986,2.204155e-06,89.12075,3.384053e-08,2.203814e-06
-0.29428,0.1985,1.358432e-06,63.259,6.111748e-07,1.213029e-06
-0.29428,0.1984,1.64126e-06,99.55201,-2.723503e-07,1.618484e-06
-0.29428,0.1983,1.486351e-06,88.23426,4.583224e-08,1.485642e-06
-0.29428,0.1982,1.608224e-06,97.77653,-2.175886e-07,1.593433e-06
-0.29428,0.1981,1.272562e-06,88.95026,2.331286e-08,1.272322e-06
-0.29428,0.198,1.322541e-06,88.84098,2.677738e-08,1.322155e-06
-0.29428,0.1979,1.447515e-06,75.25264,3.684125e-07,1.399699e-06
-0.29428,0.1978,1.600753e-06,88.0629,5.409121e-08,1.599697e-06
-0.29428,0.1977,9.019318e-07,52.63078,5.47355e-07,7.16703e-07
-0.29428,0.1976,2.048347e-06,89.32433,2.411194e-08,2.048056e-06
-0.29428,0.1975,2.154389e-06,105.7141,-5.834698e-07,2.073772e-06
-0.29428,0.1974,1.240717e-06,122.369,-6.642099e-07,1.047944e-06
-0.29428,0.1973,1.159647e-06,82.22784,1.568254e-07,1.14894e-06
-0.29428,0.1972,3.817342e-07,60.97657,1.852009e-07,3.337673e-07
-0.29428,0.1971,1.430332e-06,68.24015,5.301665e-07,1.328285e-06
-0.29428,0.197,1.651855e-06,71.67719,5.192421e-07,1.567985e-06
-0.29428,0.1969,1.922601e-06,125.9985,-1.130025e-06,1.555463e-06
-0.29428,0.1968,1.671664e-06,81.09493,2.587549e-07,1.651396e-06
-0.29428,0.1967,1.466581e-06,85.55599,1.13653e-07,1.46206e-06
-0.29428,0.1966,1.169269e-06,66.99796,4.568807e-07,1.076191e-06
-0.29428,0.1965,1.74153e-06,115.6805,-7.546842e-07,1.569449e-06
-0.29428,0.1964,1.720173e-06,99.84389,-2.940651e-07,1.694831e-06
-0.29428,0.1963,2.085227e-06,84.34865,2.053231e-07,2.074968e-06
-0.29428,0.1962,2.5945e-06,77.57454,5.582794e-07,2.53372e-06
-0.29428,0.1961,2.230463e-06,85.53632,1.736115e-07,2.223668e-06
-0.29428,0.196,1.695446e-06,109.4178,-5.636159e-07,1.598898e-06
-0.29428,0.1959,1.464659e-06,111.7493,-5.426947e-07,1.360394e-06
-0.29428,0.1958,1.235967e-06,106.7877,-3.569573e-07,1.183183e-06
-0.29428,0.1957,1.238716e-06,87.70009,4.969909e-08,1.237677e-06
-0.29428,0.1956,1.081041e-06,113.6986,-4.345066e-07,9.898468e-07
-0.29428,0.1955,2.052359e-06,100.6884,-3.806725e-07,2.016607e-06
-0.29428,0.1954,1.872796e-06,106.0594,-5.180463e-07,1.799561e-06
-0.29428,0.1953,8.684881e-07,52.58182,5.276352e-07,6.896574e-07
-0.29428,0.1952,1.723844e-06,84.08638,1.776069e-07,1.714551e-06
-0.29428,0.1951,2.441268e-06,106.1036,-6.771348e-07,2.345452e-06
-0.29428,0.195,1.386009e-06,94.70278,-1.136586e-07,1.381181e-06
-0.29428,0.1949,1.973211e-06,108.147,-6.145108e-07,1.874975e-06
-0.29428,0.1948,1.772303e-06,80.02146,3.071185e-07,1.745464e-06
-0.29428,0.1947,1.98589e-06,85.00696,1.728124e-07,1.978235e-06
-0.29428,0.1946,2.020843e-06,66.74792,7.977169e-07,1.856585e-06
-0.29428,0.1945,1.814603e-06,90.55152,-1.745671e-08,1.81448e-06
-0.29428,0.1944,8.848998e-07,88.45456,2.38493e-08,8.844528e-07
-0.29428,0.1943,1.3164e-06,72.29703,4.002526e-07,1.253932e-06
-0.29428,0.1942,7.855407e-07,67.83898,2.963282e-07,7.274989e-07
-0.29428,0.1941,1.966394e-06,99.61146,-3.283079e-07,1.938661e-06
-0.29428,0.194,2.213319e-06,82.68507,2.818051e-07,2.195287e-06
-0.29428,0.1939,1.323848e-06,123.8156,-7.366966e-07,1.099772e-06
-0.29428,0.1938,1.040903e-06,109.6512,-3.500282e-07,9.801238e-07
-0.29428,0.1937,1.218264e-06,51.61763,7.564108e-07,9.54939e-07
-0.29428,0.1936,1.457624e-06,100.1621,-2.571567e-07,1.434741e-06
-0.29428,0.1935,3.365557e-07,101.6036,-6.769225e-08,3.295037e-07
-0.29428,0.1934,1.3951e-06,64.84217,5.930531e-07,1.262728e-06
-0.29428,0.1933,1.803701e-06,98.47494,-2.65818e-07,1.78397e-06
-0.29428,0.1932,1.952452e-06,73.17641,5.650743e-07,1.868845e-06
-0.29428,0.1931,1.226792e-06,95.05336,-1.080594e-07,1.221958e-06
-0.29428,0.193,1.516347e-06,86.27168,9.859353e-08,1.513089e-06
-0.29428,0.1929,1.900507e-06,68.18169,7.063094e-07,1.76425e-06
-0.29428,0.1928,1.308124e-06,101.5931,-2.6289e-07,1.28138e-06
-0.29428,0.1927,7.355622e-07,131.3843,-4.862006e-07,5.517527e-07
-0.29428,0.1926,1.288063e-06,102.505,-2.78877e-07,1.257397e-06
-0.29428,0.1925,1.558888e-06,114.6804,-6.508883e-07,1.416357e-06
-0.29428,0.1924,1.199662e-06,117.4332,-5.526915e-07,1.06473e-06
-0.29428,0.1923,1.524712e-06,87.17915,7.501244e-08,1.522818e-06
-0.29428,0.1922,1.368328e-06,118.1711,-6.459597e-07,1.206099e-06
-0.29428,0.1921,1.410635e-06,95.08308,-1.249853e-07,1.40503e-06
-0.29428,0.192,8.95014e-07,55.44487,5.076471e-07,7.370878e-07
-0.29428,0.1919,6.072856e-07,151.4127,-5.332343e-07,2.905949e-07
-0.29428,0.1918,1.534296e-06,97.85084,-2.095922e-07,1.519884e-06
-0.29428,0.1917,1.945557e-06,95.95121,-2.0173e-07,1.934934e-06
-0.29428,0.1916,1.568019e-06,81.77771,2.242438e-07,1.551864e-06
-0.29428,0.1915,1.481959e-06,101.8029,-3.031287e-07,1.450465e-06
-0.29428,0.1914,1.14461e-06,103.8967,-2.748817e-07,1.111099e-06
-0.29428,0.1913,1.796526e-06,117.0714,-8.175764e-07,1.599697e-06
-0.29428,0.1912,1.757383e-06,60.75101,8.586086e-07,1.533206e-06
-0.29428,0.1911,2.052823e-06,117.4927,-9.476188e-07,1.820879e-06
-0.29428,0.191,1.942645e-06,110.1398,-6.688758e-07,1.823807e-06
-0.29428,0.1909,1.84038e-06,88.97212,3.304146e-08,1.840062e-06
-0.29428,0.1908,1.566756e-06,121.7133,-8.235722e-07,1.332812e-06
-0.29428,0.1907,1.899149e-06,97.06837,-2.337098e-07,1.88457e-06
-0.29428,0.1906,1.483462e-06,101.8064,-3.035254e-07,1.45193e-06
-0.29428,0.1905,1.323932e-06,122.5846,-7.129814e-07,1.115497e-06
-0.29428,0.1904,2.206787e-06,88.67837,5.089491e-08,2.206077e-06
-0.29428,0.1903,1.403477e-06,78.51513,2.794023e-07,1.375319e-06
-0.29428,0.1902,1.671848e-06,97.83772,-2.279765e-07,1.656191e-06
-0.29428,0.1901,1.06306e-06,73.91866,2.944618e-07,1.021429e-06
-0.29428,0.19,1.570601e-06,101.9079,-3.240443e-07,1.536671e-06
-0.29428,0.1899,1.795101e-06,103.6099,-4.223808e-07,1.744665e-06
-0.29428,0.1898,1.299122e-06,120.2132,-6.536878e-07,1.12256e-06
-0.29428,0.1897,1.851612e-06,100.3649,-3.33108e-07,1.821275e-06
-0.29428,0.1896,1.875109e-06,84.12222,1.919958e-07,1.865113e-06
-0.29428,0.1895,8.932091e-07,58.55675,4.659444e-07,7.620044e-07
-0.29428,0.1894,2.164252e-06,121.5713,-1.133088e-06,1.843929e-06
-0.29428,0.1893,1.313472e-06,102.8485,-2.920702e-07,1.280581e-06
-0.29428,0.1892,1.581313e-06,88.50352,4.130043e-08,1.580642e-06
-0.29428,0.1891,1.774074e-06,65.20411,7.440168e-07,1.610487e-06
-0.29428,0.189,1.36454e-06,72.72541,4.051867e-07,1.302966e-06
-0.29428,0.1889,1.885676e-06,102.5915,-4.110541e-07,1.840196e-06
-0.29428,0.1888,1.599775e-06,95.19936,-1.449678e-07,1.59317e-06
-0.29428,0.1887,1.704476e-06,103.3067,-3.922674e-07,1.658722e-06
-0.29428,0.1886,1.683985e-06,111.3646,-6.134491e-07,1.568254e-06
-0.29428,0.1885,9.033791e-07,147.0533,-7.580146e-07,4.912577e-07
-0.29428,0.1884,1.542136e-06,125.0114,-8.843299e-07,1.265393e-06
-0.29428,0.1883,2.15944e-06,54.38659,1.257397e-06,1.755455e-06
-0.29428,0.1882,1.358991e-06,108.7193,-4.361048e-07,1.286979e-06
-0.29428,0.1881,1.582743e-06,106.327,-4.448946e-07,1.518817e-06
-0.29428,0.188,1.466693e-06,114.9541,-6.187744e-07,1.329749e-06
-0.29428,0.1879,1.230457e-06,107.3191,-3.662835e-07,1.174656e-06
-0.29428,0.1878,9.525027e-07,83.88792,1.01393e-07,9.469483e-07
-0.29428,0.1877,1.490771e-06,76.60598,3.453623e-07,1.450197e-06
-0.29428,0.1876,1.285621e-06,81.90885,1.809373e-07,1.272719e-06
-0.29428,0.1875,1.161592e-06,72.38271,3.514867e-07,1.10697e-06
-0.29428,0.1874,7.416307e-07,91.54368,-1.998804e-08,7.412228e-07
-0.29428,0.1873,2.769364e-06,84.62754,2.592857e-07,2.757165e-06
-0.29428,0.1872,1.462077e-06,57.74983,7.80126e-07,1.236481e-06
-0.29428,0.1871,1.545958e-06,99.14985,-2.458356e-07,1.526283e-06
-0.29428,0.187,1.94445e-06,76.01848,4.698056e-07,1.886833e-06
-0.29428,0.1869,2.266885e-06,76.47091,5.303006e-07,2.203948e-06
-0.29428,0.1868,9.345542e-07,102.5583,-2.03194e-07,9.121689e-07
-0.29428,0.1867,1.665093e-06,89.87161,3.727152e-09,1.664986e-06
-0.29428,0.1866,1.159608e-07,-73.43169,3.304146e-08,-1.111272e-07
-0.29428,0.1865,1.299642e-06,70.39856,4.359651e-07,1.224221e-06
-0.29428,0.1864,1.413635e-06,102.3555,-3.024637e-07,1.380778e-06
-0.29428,0.1863,1.170789e-06,117.3895,-5.385652e-07,1.039417e-06
-0.29428,0.1862,8.566863e-07,92.35498,-3.517605e-08,8.559431e-07
-0.29428,0.1861,1.261565e-06,102.3502,-2.69819e-07,1.232352e-06
-0.29428,0.186,1.560118e-06,119.7682,-7.745381e-07,1.354129e-06
-0.29428,0.1859,8.447505e-07,98.58335,-1.26047e-07,8.35156e-07
-0.29428,0.1858,1.583721e-06,114.1935,-6.490219e-07,1.444604e-06
-0.29428,0.1857,1.465229e-06,107.2509,-4.345066e-07,1.399302e-06
-0.29428,0.1856,1.395916e-06,127.2625,-8.451528e-07,1.110965e-06
-0.29428,0.1855,1.79647e-06,127.9775,-1.105377e-06,1.415954e-06
-0.29428,0.1854,1.494694e-06,121.5306,-7.816012e-07,1.27392e-06
-0.29428,0.1853,6.707087e-07,112.1312,-2.526305e-07,6.211716e-07
-0.29428,0.1852,1.709751e-06,82.09757,2.350341e-07,1.693367e-06
-0.29428,0.1851,1.447459e-06,102.8346,-3.21513e-07,1.41116e-06
-0.29428,0.185,1.04016e-06,120.8942,-5.340334e-07,8.925832e-07
-0.29428,0.1849,1.453885e-06,138.8052,-1.093916e-06,9.574703e-07
-0.29428,0.1848,1.209637e-06,105.6241,-3.257766e-07,1.164928e-06
-0.29428,0.1847,1.824069e-06,121.5953,-9.556096e-07,1.553596e-06
-0.29428,0.1846,1.89545e-06,147.1967,-1.593176e-06,1.026889e-06
-0.29428,0.1845,1.064037e-06,98.04043,-1.488346e-07,1.053538e-06
-0.29428,0.1844,1.032851e-06,110.2106,-3.568232e-07,9.691994e-07
-0.29428,0.1843,1.840185e-06,139.0369,-1.389579e-06,1.206368e-06
-0.29428,0.1842,1.228272e-06,106.521,-3.492292e-07,1.177456e-06
-0.29428,0.1841,1.199517e-06,105.4099,-3.18719e-07,1.156266e-06
-0.29428,0.184,1.931654e-06,102.7279,-4.255771e-07,1.884168e-06
-0.29428,0.1839,1.292852e-06,144.0233,-1.046217e-06,7.59473e-07
-0.29428,0.1838,1.223143e-06,125.1889,-7.04851e-07,9.995754e-07
-0.29428,0.1837,1.211263e-06,103.2079,-2.76748e-07,1.179188e-06
-0.29428,0.1836,1.769067e-06,102.6824,-3.884006e-07,1.725878e-06
-0.29428,0.1835,1.847935e-06,120.2465,-9.308271e-07,1.596366e-06
-0.29428,0.1834,1.256341e-06,113.1663,-4.94197e-07,1.154936e-06
-0.29428,0.1833,1.464441e-06,111.6864,-5.410965e-07,1.360662e-06
-0.29428,0.1832,1.360651e-06,110.9424,-4.863347e-07,1.270724e-06
-0.29428,0.1831,1.363864e-06,94.66169,-1.10859e-07,1.359198e-06
-0.29428,0.183,1.2503e-06,128.7049,-7.817298e-07,9.75592e-07
-0.29428,0.1829,2.060864e-06,132.5138,-1.392647e-06,1.519085e-06
-0.29428,0.1828,1.597629e-06,78.28705,3.24307e-07,1.564253e-06
-0.29428,0.1827,1.245271e-06,76.85765,2.831351e-07,1.212632e-06
-0.29428,0.1826,1.795403e-06,105.9825,-4.943311e-07,1.726012e-06
-0.29428,0.1825,1.556737e-06,142.5398,-1.235688e-06,9.468141e-07
-0.29428,0.1824,1.498533e-06,122.3839,-8.025169e-07,1.265393e-06
-0.29428,0.1823,8.814185e-07,85.08389,7.554329e-08,8.780602e-07
-0.29428,0.1822,1.087155e-06,119.5925,-5.368329e-07,9.453445e-07
-0.29428,0.1821,8.599609e-07,121.2823,-4.464983e-07,7.348246e-07
-0.29428,0.182,1.417754e-06,74.28846,3.838688e-07,1.364657e-06
-0.29428,0.1819,8.746795e-07,82.33887,1.16581e-07,8.667334e-07
-0.29428,0.1818,2.537615e-06,135.364,-1.805696e-06,1.782903e-06
-0.29428,0.1817,1.188889e-06,126.2344,-7.027219e-07,9.5894e-07
-0.29428,0.1816,1.192029e-06,141.093,-9.274967e-07,7.485486e-07
-0.29428,0.1815,1.438379e-06,79.30633,2.668797e-07,1.413289e-06
-0.29428,0.1814,1.74196e-06,106.9895,-5.089882e-07,1.66592e-06
-0.29428,0.1813,9.352359e-07,72.85655,2.756752e-07,8.936505e-07
-0.29428,0.1812,9.287036e-07,98.78967,-1.419056e-07,9.177681e-07
-0.29428,0.1811,1.870946e-06,107.876,-5.742721e-07,1.780506e-06
-0.29428,0.181,1.629196e-06,99.87536,-2.794079e-07,1.605028e-06
-0.29428,0.1809,1.201434e-06,117.2977,-5.509592e-07,1.06753e-06
-0.29428,0.1808,4.661455e-07,156.4751,-4.285108e-07,1.865364e-07
-0.29428,0.1807,1.155668e-06,128.2494,-7.153786e-07,9.075086e-07
-0.29428,0.1806,1.186357e-06,147.0323,-9.953174e-07,6.455518e-07
-0.29428,0.1805,1.109624e-06,-161.3226,-1.051146e-06,-3.553591e-07
-0.29428,0.1804,6.504133e-07,137.591,-4.810038e-07,4.390273e-07
-0.29428,0.1803,1.63969e-06,142.3754,-1.298574e-06,1.00091e-06
-0.29428,0.1802,8.547194e-07,144.7052,-6.975252e-07,4.93789e-07
-0.29428,0.1801,8.982159e-07,123.09,-4.903301e-07,7.524155e-07
-0.29428,0.18,1.423856e-06,124.9196,-8.150395e-07,1.167459e-06
-0.29428,0.1799,8.474271e-07,67.64665,3.223065e-07,7.837247e-07
-0.29428,0.1798,1.406483e-06,126.2143,-8.30898e-07,1.134686e-06
-0.29428,0.1797,1.778449e-06,108.2511,-5.569551e-07,1.68897e-06
-0.29428,0.1796,6.589684e-07,117.2444,-3.016646e-07,5.858615e-07
-0.29428,0.1795,1.205261e-06,116.2863,-5.337707e-07,1.080589e-06
-0.29428,0.1794,1.649145e-06,119.3906,-8.093118e-07,1.436876e-06
-0.29428,0.1793,1.09044e-06,125.6016,-6.347671e-07,8.865874e-07
-0.29428,0.1792,2.096878e-06,146.4405,-1.747336e-06,1.1592e-06
-0.29428,0.1791,1.608967e-06,127.8919,-9.881258e-07,1.269657e-06
-0.29428,0.179,1.615343e-06,135.3766,-1.149611e-06,1.134552e-06
-0.29428,0.1789,7.734261e-07,144.5024,-6.295703e-07,4.490241e-07
-0.29428,0.1788,1.082103e-06,133.3189,-7.422901e-07,7.871892e-07
-0.29428,0.1787,1.023799e-06,-162.7901,-9.778607e-07,-3.028605e-07
-0.29428,0.1786,9.641535e-07,177.3076,-9.63075e-07,4.530139e-08
-0.29428,0.1785,1.650799e-06,-135.9432,-1.186385e-06,-1.147879e-06
-0.29428,0.1784,1.36939e-06,-132.8591,-9.313635e-07,-1.00371e-06
-0.29428,0.1783,2.163257e-06,-167.5028,-2.111881e-06,-4.68079e-07
-0.29428,0.1782,1.836877e-06,-161.5652,-1.742536e-06,-5.808044e-07
-0.29428,0.1781,2.469878e-06,-137.904,-1.832608e-06,-1.655666e-06
-0.29428,0.178,2.80402e-06,-137.5403,-2.068581e-06,-1.892834e-06
-0.29428,0.1779,2.39044e-06,-140.9103,-1.855395e-06,-1.507233e-06
-0.29428,0.1778,2.39467e-06,-126.7589,-1.433014e-06,-1.918416e-06
-0.29428,0.1777,3.703879e-06,-137.4319,-2.727728e-06,-2.505479e-06
-0.29428,0.1776,2.992652e-06,-137.827,-2.217946e-06,-2.009153e-06
-0.29428,0.1775,3.027219e-06,-126.5054,-1.800896e-06,-2.43326e-06
-0.29428,0.1774,3.900032e-06,-132.9264,-2.65604e-06,-2.855636e-06
-0.29428,0.1773,3.691228e-06,-134.4047,-2.58276e-06,-2.636991e-06
-0.29428,0.1772,3.710104e-06,-132.1082,-2.487625e-06,-2.752376e-06
-0.29428,0.1771,3.715507e-06,-135.8238,-2.664702e-06,-2.589153e-06
-0.29428,0.177,4.077924e-06,-131.3599,-2.694547e-06,-3.060696e-06
-0.29428,0.1769,3.734344e-06,-132.1064,-2.503881e-06,-2.770498e-06
-0.29428,0.1768,5.175115e-06,-127.1626,-3.12612e-06,-4.124097e-06
-0.29428,0.1767,4.287332e-06,-124.4825,-2.427265e-06,-3.533972e-06
-0.29428,0.1766,4.020502e-06,-133.138,-2.748912e-06,-2.933716e-06
-0.29428,0.1765,4.881938e-06,-129.8147,-3.125851e-06,-3.749823e-06
-0.29428,0.1764,4.619222e-06,-123.5194,-2.55078e-06,-3.850953e-06
-0.29428,0.1763,5.637958e-06,-132.3363,-3.79699e-06,-4.167538e-06
-0.29428,0.1762,6.559101e-06,-126.8776,-3.936097e-06,-5.246657e-06
-0.29428,0.1761,6.089167e-06,-121.9721,-3.224182e-06,-5.165381e-06
-0.29428,0.176,7.080981e-06,-127.5737,-4.317831e-06,-5.612142e-06
-0.29428,0.1759,7.094532e-06,-124.6665,-4.035361e-06,-5.835056e-06
-0.29428,0.1758,7.364697e-06,-124.5802,-4.179926e-06,-6.063563e-06
-0.29428,0.1757,7.602e-06,-118.3726,-3.612449e-06,-6.688736e-06
-0.29428,0.1756,8.378835e-06,-122.3489,-4.483317e-06,-7.078466e-06
-0.29428,0.1755,9.77331e-06,-126.2222,-5.775231e-06,-7.884448e-06
-0.29428,0.1754,8.98127e-06,-123.7765,-4.993099e-06,-7.465269e-06
-0.29428,0.1753,9.799947e-06,-122.019,-5.195897e-06,-8.309086e-06
-0.29428,0.1752,9.316518e-06,-119.6458,-4.608297e-06,-8.096968e-06
-0.29428,0.1751,1.041747e-05,-120.9385,-5.355784e-06,-8.935192e-06
-0.29428,0.175,1.046096e-05,-124.4883,-5.923395e-06,-8.62234e-06
-0.29428,0.1749,1.02061e-05,-124.4929,-5.779758e-06,-8.411815e-06
-0.29428,0.1748,1.013248e-05,-123.2372,-5.553647e-06,-8.474841e-06
-0.29428,0.1747,1.134549e-05,-127.332,-6.880201e-06,-9.021129e-06
-0.29428,0.1746,1.082542e-05,-123.7214,-6.009735e-06,-9.00394e-06
-0.29428,0.1745,1.049928e-05,-121.85,-5.54046e-06,-8.9184e-06
-0.29428,0.1744,1.040883e-05,-119.5348,-5.131004e-06,-9.056171e-06
-0.29428,0.1743,1.007716e-05,-123.0288,-5.492622e-06,-8.448589e-06
-0.29428,0.1742,9.805697e-06,-123.0598,-5.349123e-06,-8.218081e-06
-0.29428,0.1741,9.921887e-06,-123.3258,-5.451053e-06,-8.2903e-06
-0.29428,0.174,8.687172e-06,-124.5522,-4.927011e-06,-7.154814e-06
-0.29428,0.1739,9.249776e-06,-122.8326,-5.015088e-06,-7.772125e-06
-0.29428,0.1738,8.886102e-06,-121.5809,-4.653599e-06,-7.569998e-06
-0.29428,0.1737,8.161906e-06,-124.0805,-4.573523e-06,-6.760021e-06
-0.29428,0.1736,8.117549e-06,-127.7093,-4.96512e-06,-6.421985e-06
-0.29428,0.1735,7.54146e-06,-124.6394,-4.286656e-06,-6.20467e-06
-0.29428,0.1734,6.960237e-06,-126.1033,-4.101181e-06,-5.623469e-06
-0.29428,0.1733,6.352711e-06,-120.3308,-3.208061e-06,-5.483167e-06
-0.29428,0.1732,6.592081e-06,-123.4434,-3.632968e-06,-5.500618e-06
-0.29428,0.1731,6.820924e-06,-125.3784,-3.94915e-06,-5.561375e-06
-0.29428,0.173,6.526714e-06,-128.0451,-4.022302e-06,-5.139933e-06
-0.29428,0.1729,6.366016e-06,-127.033,-3.834033e-06,-5.081841e-06
-0.29428,0.1728,4.618462e-06,-131.0764,-3.034584e-06,-3.481473e-06
-0.29428,0.1727,5.332941e-06,-126.6857,-3.185944e-06,-4.276525e-06
-0.29428,0.1726,4.687093e-06,-124.4596,-2.652045e-06,-3.864543e-06
-0.29428,0.1725,4.21817e-06,-137.031,-3.086546e-06,-2.875093e-06
-0.29428,0.1724,2.917494e-06,-128.8041,-1.82821e-06,-2.273507e-06
-0.29428,0.1723,2.948071e-06,-134.0537,-2.049794e-06,-2.118676e-06
-0.29428,0.1722,1.671228e-06,-141.1551,-1.301642e-06,-1.048212e-06
-0.29428,0.1721,1.657426e-06,-133.4395,-1.13962e-06,-1.20344e-06
-0.29428,0.172,2.036841e-06,-135.8933,-1.462463e-06,-1.417558e-06
-0.29428,0.1719,1.798734e-06,-162.7149,-1.717485e-06,-5.344357e-07
-0.29428,0.1718,1.146543e-06,171.9831,-1.135222e-06,1.598875e-07
-0.29428,0.1717,1.566493e-06,-175.9805,-1.562526e-06,-1.097917e-07
-0.29428,0.1716,1.880457e-06,172.845,-1.865783e-06,2.34235e-07
-0.29428,0.1715,1.626435e-06,-168.0518,-1.591175e-06,-3.367066e-07
-0.29428,0.1714,1.744346e-06,-160.0252,-1.63941e-06,-5.958583e-07
-0.29428,0.1713,1.865286e-06,-179.3409,-1.865118e-06,-2.145208e-08
-0.29428,0.1712,1.903306e-06,178.5603,-1.902692e-06,4.783272e-08
-0.29428,0.1711,1.166922e-06,168.0204,-1.141486e-06,2.422314e-07
-0.29428,0.171,1.402577e-06,158.5863,-1.305637e-06,5.120448e-07
-0.29428,0.1709,9.825099e-07,132.3582,-6.619468e-07,7.260292e-07
-0.29428,0.1708,1.554328e-06,125.7117,-9.07246e-07,1.262063e-06
-0.29428,0.1707,1.101192e-06,140.239,-8.464884e-07,7.043145e-07
-0.29428,0.1706,1.208916e-06,168.6593,-1.185189e-06,2.376995e-07
-0.29428,0.1705,1.993227e-06,146.7561,-1.666987e-06,1.092709e-06
-0.29428,0.1704,1.295574e-06,139.2406,-9.813252e-07,8.458178e-07
-0.29428,0.1703,1.891136e-06,129.7574,-1.209435e-06,1.453796e-06
-0.29428,0.1702,1.491799e-06,164.9929,-1.44181e-06,3.854669e-07
-0.29428,0.1701,1.12175e-06,128.711,-7.015205e-07,8.752606e-07
-0.29428,0.17,1.122504e-06,125.0132,-6.439592e-07,9.192321e-07
-0.29428,0.1699,9.461659e-07,144.8224,-7.733367e-07,5.450863e-07
-0.29428,0.1698,9.294804e-07,80.58436,1.520253e-07,9.168349e-07
-0.29428,0.1697,1.964399e-06,130.0118,-1.263001e-06,1.504562e-06
-0.29428,0.1696,1.856831e-06,129.7775,-1.187983e-06,1.427013e-06
-0.29428,0.1695,1.134451e-06,68.95179,4.074499e-07,1.058734e-06
-0.29428,0.1694,1.457752e-06,125.2999,-8.423589e-07,1.18971e-06
-0.29428,0.1693,1.591885e-06,96.12693,-1.698844e-07,1.582777e-06
-0.29428,0.1692,2.014188e-06,98.94003,-3.129858e-07,1.989696e-06
-0.29428,0.1691,1.713601e-06,74.92217,4.456881e-07,1.654459e-06
-0.29428,0.169,1.901233e-06,99.91558,-3.273803e-07,1.872707e-06
-0.29428,0.1689,1.593366e-06,78.91117,3.064535e-07,1.563588e-06
-0.29428,0.1688,1.519795e-06,86.59077,9.033456e-08,1.516951e-06
-0.29428,0.1687,8.813962e-07,119.6476,-4.359707e-07,7.660053e-07
-0.29428,0.1686,1.710606e-06,97.57807,-2.255793e-07,1.695631e-06
-0.29428,0.1685,1.233151e-06,104.1616,-3.016646e-07,1.195572e-06
-0.29428,0.1684,1.59512e-06,126.6759,-9.526815e-07,1.279251e-06
-0.29428,0.1683,1.443715e-06,110.2438,-4.995279e-07,1.354398e-06
-0.29428,0.1682,1.073654e-06,83.54358,1.207161e-07,1.066731e-06
-0.29428,0.1681,9.99486e-07,83.56282,1.120548e-07,9.930487e-07
-0.29428,0.168,1.289935e-06,91.47374,-3.318116e-08,1.289376e-06
-0.29428,0.1679,1.241952e-06,109.4134,-4.127863e-07,1.171326e-06
-0.29428,0.1678,1.547662e-06,108.7472,-4.973933e-07,1.465519e-06
-0.29428,0.1677,2.14485e-06,104.8378,-5.492269e-07,2.073235e-06
-0.29428,0.1676,1.124566e-06,121.0332,-5.797371e-07,9.636003e-07
-0.29428,0.1675,1.295328e-06,70.07858,4.41296e-07,1.217694e-06
-0.29428,0.1674,9.596049e-07,61.90229,4.519522e-07,8.464828e-07
-0.29428,0.1673,1.807015e-06,128.2398,-1.11843e-06,1.419285e-06
-0.29428,0.1672,1.331381e-06,103.7987,-3.175176e-07,1.292841e-06
-0.29428,0.1671,1.806372e-06,90.22455,-7.06315e-09,1.806221e-06
-0.29428,0.167,1.620512e-06,93.82885,-1.081936e-07,1.616885e-06
-0.29428,0.1669,1.790313e-06,105.4492,-4.768744e-07,1.72561e-06
-0.29428,0.1668,1.302944e-06,130.49,-8.459519e-07,9.9078e-07
-0.29428,0.1667,8.960086e-07,124.382,-5.059204e-07,7.393565e-07
-0.29428,0.1666,1.705588e-06,125.4328,-9.887907e-07,1.389708e-06
-0.29428,0.1665,1.730639e-06,109.5857,-5.801394e-07,1.630475e-06
-0.29428,0.1664,9.388849e-07,110.2001,-3.241784e-07,8.811224e-07
-0.29428,0.1663,1.813072e-06,90.36705,-1.159496e-08,1.813016e-06
-0.29428,0.1662,2.377241e-06,89.21548,3.25106e-08,2.376895e-06
-0.29428,0.1661,1.806607e-06,104.7202,-4.590209e-07,1.747196e-06
-0.29428,0.166,1.573914e-06,130.9796,-1.032091e-06,1.188112e-06
-0.29428,0.1659,2.611286e-06,114.9794,-1.102712e-06,2.367038e-06
-0.29428,0.1658,1.721419e-06,100.0747,-3.011282e-07,1.694831e-06
-0.29428,0.1657,9.604878e-07,102.6387,-2.101231e-07,9.372197e-07
-0.29428,0.1656,1.131523e-06,83.28393,1.323055e-07,1.123622e-06
-0.29428,0.1655,1.992395e-06,95.33748,-1.853406e-07,1.9837e-06
-0.29428,0.1654,1.42423e-06,83.80848,1.536235e-07,1.41582e-06
-0.29428,0.1653,8.738134e-07,158.6283,-8.137095e-07,3.184452e-07
-0.29428,0.1652,1.720301e-06,100.9489,-3.267098e-07,1.68897e-06
-0.29428,0.1651,1.856524e-06,95.10144,-1.650899e-07,1.849126e-06
-0.29428,0.165,8.155647e-07,119.6196,-4.030577e-07,7.089748e-07
-0.29428,0.1649,1.157166e-06,112.3323,-4.396978e-07,1.070329e-06
-0.29428,0.1648,1.185989e-06,150.0813,-1.027828e-06,5.91455e-07
-0.29428,0.1647,1.424191e-06,155.8501,-1.299507e-06,5.826652e-07
-0.29428,0.1646,9.402483e-07,61.85333,4.435591e-07,8.290261e-07
-0.29428,0.1645,1.575121e-06,74.16956,4.29701e-07,1.515353e-06
-0.29428,0.1644,1.426057e-06,123.9074,-7.954537e-07,1.183452e-06
-0.29428,0.1643,2.267036e-06,97.47403,-2.948641e-07,2.247652e-06
-0.29428,0.1642,1.469442e-06,122.5278,-7.901284e-07,1.238878e-06
-0.29428,0.1641,1.587454e-06,108.9413,-5.152467e-07,1.501366e-06
-0.29428,0.164,1.252189e-06,55.08992,7.165689e-07,1.027956e-06
-0.29428,0.1639,1.276681e-06,81.51369,1.884028e-07,1.262594e-06
-0.29428,0.1638,1.594936e-06,121.6346,-8.364915e-07,1.357862e-06
-0.29428,0.1637,2.091256e-06,115.8903,-9.131077e-07,1.881234e-06
-0.29428,0.1636,1.672491e-06,104.7473,-4.257112e-07,1.617282e-06
-0.29428,0.1635,1.840308e-06,103.7559,-4.375688e-07,1.787435e-06
-0.29428,0.1634,2.023167e-06,102.1701,-4.265103e-07,1.97757e-06
-0.29428,0.1633,2.150326e-06,107.2002,-6.358344e-07,2.054052e-06
-0.29428,0.1632,1.313706e-06,67.19554,5.091112e-07,1.2109e-06
-0.29428,0.1631,2.126807e-06,93.15699,-1.171231e-07,2.123471e-06
-0.29428,0.163,1.63294e-06,93.48528,-9.926967e-08,1.62981e-06
-0.29428,0.1629,1.486944e-06,130.8791,-9.730663e-07,1.124158e-06
-0.29428,0.1628,1.270193e-06,109.9467,-4.333052e-07,1.193974e-06
-0.29428,0.1627,1.366199e-06,94.63109,-1.103281e-07,1.361595e-06
-0.29428,0.1626,2.200663e-06,105.9091,-6.031896e-07,2.116274e-06
-0.29428,0.1625,1.391652e-06,111.4363,-5.085859e-07,1.295238e-06
-0.29428,0.1624,1.586543e-06,115.2933,-6.778053e-07,1.434478e-06
-0.29428,0.1623,2.389082e-06,76.76104,5.470868e-07,2.325464e-06
-0.29428,0.1622,2.182625e-06,85.70341,1.634862e-07,2.176366e-06
-0.29428,0.1621,1.665886e-06,86.77612,9.366497e-08,1.66312e-06
-0.29428,0.162,1.611644e-06,93.56482,-1.002028e-07,1.608492e-06
-0.29428,0.1619,2.211883e-06,72.98769,6.471499e-07,2.115078e-06
-0.29428,0.1618,1.489749e-06,96.06836,-1.574959e-07,1.481378e-06
-0.29428,0.1617,1.215415e-06,106.5097,-3.453679e-07,1.165196e-06
-0.29428,0.1616,1.849941e-06,108.7245,-5.938634e-07,1.751856e-06
-0.29428,0.1615,1.426583e-06,93.38474,-8.421018e-08,1.424085e-06
-0.29428,0.1614,1.350939e-06,91.76923,-4.170835e-08,1.350268e-06
-0.29428,0.1613,1.390317e-06,82.79348,1.744106e-07,1.379314e-06
-0.29428,0.1612,2.186028e-06,109.594,-7.33098e-07,2.059383e-06
-0.29428,0.1611,2.162486e-06,111.8952,-8.063837e-07,2.006348e-06
-0.29428,0.161,5.397889e-07,126.3043,-3.195181e-07,4.348978e-07
-0.29428,0.1609,1.213163e-06,90.131,-2.799555e-09,1.213029e-06
-0.29428,0.1608,1.684326e-06,112.877,-6.547551e-07,1.55173e-06
-0.29428,0.1607,1.984622e-06,103.338,-4.578195e-07,1.930933e-06
-0.29428,0.1606,1.494135e-06,95.15127,-1.341775e-07,1.488039e-06
-0.29428,0.1605,2.070598e-06,111.5063,-7.590819e-07,1.926407e-06
-0.29428,0.1604,2.003464e-06,104.7928,-5.115196e-07,1.936929e-06
-0.29428,0.1603,2.346457e-06,107.9464,-7.229726e-07,2.232195e-06
-0.29428,0.1602,1.73331e-06,97.23798,-2.183876e-07,1.71948e-06
-0.29428,0.1601,1.204507e-06,97.76341,-1.626927e-07,1.193443e-06
-0.29428,0.16,1.461077e-06,82.71305,1.85335e-07,1.449264e-06
-0.29428,0.1599,2.12489e-06,94.31974,-1.600272e-07,2.118805e-06
-0.29428,0.1598,1.195002e-06,120.1039,-5.993228e-07,1.033684e-06
-0.29428,0.1597,1.662595e-06,82.28466,2.231765e-07,1.647396e-06
-0.29428,0.1596,1.594355e-06,105.2385,-4.190504e-07,1.538274e-06
-0.29428,0.1595,1.314779e-06,85.33218,1.069922e-07,1.310298e-06
-0.29428,0.1594,1.747258e-06,72.15978,5.352292e-07,1.66312e-06
-0.29428,0.1593,8.337087e-07,54.58286,4.831328e-07,6.793979e-07
-0.29428,0.1592,1.706214e-06,92.53333,-7.542036e-08,1.704426e-06
-0.29428,0.1591,2.793068e-06,85.16432,2.354364e-07,2.783015e-06
-0.29428,0.159,2.385344e-06,84.66776,2.217125e-07,2.375029e-06
-0.29428,0.1589,1.315718e-06,57.61606,7.045771e-07,1.110965e-06
-0.29428,0.1588,1.104947e-06,82.5076,1.44029e-07,1.095375e-06
-0.29428,0.1587,1.248506e-06,81.53117,1.83871e-07,1.234883e-06
-0.29428,0.1586,1.819984e-06,60.72566,8.899178e-07,1.587437e-06
-0.29428,0.1585,1.313019e-06,93.52112,-8.061155e-08,1.310426e-06
-0.29428,0.1584,1.615405e-06,100.4217,-2.922043e-07,1.588638e-06
-0.29428,0.1583,1.743391e-06,86.4981,1.064557e-07,1.739999e-06
-0.29428,0.1582,1.642562e-06,102.915,-3.670826e-07,1.600898e-06
-0.29428,0.1581,2.185061e-06,59.81513,1.098576e-06,1.888699e-06
-0.29428,0.158,2.555636e-06,77.04517,5.729366e-07,2.490548e-06
-0.29428,0.1579,1.862654e-06,100.9235,-3.529619e-07,1.828869e-06
-0.29428,0.1578,1.772012e-06,94.64857,-1.436378e-07,1.766117e-06
-0.29428,0.1577,2.066865e-06,97.37087,-2.651531e-07,2.049654e-06
-0.29428,0.1576,1.811496e-06,80.96379,2.844706e-07,1.788899e-06
-0.29428,0.1575,1.765446e-06,100.5948,-3.245808e-07,1.735338e-06
-0.29428,0.1574,1.431478e-06,120.3417,-7.231067e-07,1.235414e-06
-0.29428,0.1573,7.302369e-07,95.38119,-6.849132e-08,7.269624e-07
-0.29428,0.1572,1.543873e-06,89.34706,1.758523e-08,1.543734e-06
-0.29428,0.1571,1.521913e-06,70.5874,5.057808e-07,1.435277e-06
-0.29428,0.157,1.120442e-06,100.5389,-2.049263e-07,1.101505e-06
-0.29428,0.1569,2.291064e-06,75.67622,5.668066e-07,2.219801e-06
-0.29428,0.1568,1.58276e-06,107.6321,-4.794057e-07,1.508295e-06
-0.29428,0.1567,1.754555e-06,81.01712,2.739429e-07,1.732936e-06
-0.29428,0.1566,1.855194e-06,104.9729,-4.792716e-07,1.792229e-06
-0.29428,0.1565,2.347899e-06,95.3366,-2.183876e-07,2.337589e-06
-0.29428,0.1564,2.229178e-06,69.34738,7.86256e-07,2.085898e-06
-0.29428,0.1563,1.544779e-06,88.56734,3.863498e-08,1.54427e-06
-0.29428,0.1562,1.094525e-06,70.98167,3.566835e-07,1.034751e-06
-0.29428,0.1561,1.171359e-06,96.01503,-1.227166e-07,1.164793e-06
-0.29428,0.156,1.929044e-06,98.0483,-2.700816e-07,1.910017e-06
-0.29428,0.1559,1.457551e-06,92.58404,-6.569176e-08,1.456065e-06
-0.29428,0.1558,1.28532e-06,93.56045,-7.981248e-08,1.282716e-06
-0.29428,0.1557,2.249266e-06,105.5664,-6.035864e-07,2.166638e-06
-0.29428,0.1556,1.674178e-06,91.2272,-3.58466e-08,1.673776e-06
-0.29428,0.1555,1.420335e-06,98.22577,-2.03194e-07,1.405695e-06
-0.29428,0.1554,1.357505e-06,107.4214,-4.063881e-07,1.295104e-06
-0.29428,0.1553,1.22046e-06,95.85242,-1.244489e-07,1.213962e-06
-0.29428,0.1552,1.527579e-06,95.05336,-1.345742e-07,1.521483e-06
-0.29428,0.1551,1.176534e-06,107.445,-3.526937e-07,1.122426e-06
-0.29428,0.155,1.268651e-06,118.0347,-5.962606e-07,1.11976e-06
-0.29428,0.1549,1.682482e-06,94.10511,-1.204535e-07,1.67804e-06
-0.29428,0.1548,1.286868e-06,75.92056,3.129802e-07,1.24807e-06
-0.29428,0.1547,1.565476e-06,77.08408,3.498885e-07,1.525746e-06
-0.29428,0.1546,1.772917e-06,95.34272,-1.650899e-07,1.765184e-06
-0.29428,0.1545,1.846734e-06,92.98258,-9.606778e-08,1.844197e-06
-0.29428,0.1544,1.449342e-06,119.3119,-7.095169e-07,1.263795e-06
-0.29428,0.1543,1.187531e-06,114.0641,-4.842057e-07,1.084182e-06
-0.29428,0.1542,1.390133e-06,79.43396,2.54888e-07,1.366524e-06
-0.29428,0.1541,1.377448e-06,80.59048,2.25177e-07,1.358795e-06
-0.29428,0.154,1.545052e-06,87.19226,7.56774e-08,1.543069e-06
-0.29428,0.1539,1.21746e-06,90.06281,-1.335516e-09,1.217426e-06
-0.29428,0.1538,2.446023e-06,76.81918,5.577486e-07,2.381561e-06
-0.29428,0.1537,2.079304e-06,96.53859,-2.36772e-07,2.065641e-06
-0.29428,0.1536,1.093279e-06,115.3981,-4.68878e-07,9.874496e-07
-0.29428,0.1535,1.445945e-06,78.82549,2.80207e-07,1.418486e-06
-0.29428,0.1534,1.666909e-06,96.40745,-1.860056e-07,1.656459e-06
-0.29428,0.1533,1.988908e-06,106.2867,-5.577541e-07,1.909084e-06
-0.29428,0.1532,2.237219e-06,95.55036,-2.163872e-07,2.226596e-06
-0.29428,0.1531,2.219812e-06,105.2932,-5.854647e-07,2.14119e-06
-0.29428,0.153,2.159027e-06,105.0564,-5.608163e-07,2.08483e-06
-0.29428,0.1529,1.846142e-06,97.87007,-2.527646e-07,1.828741e-06
-0.29428,0.1528,1.196013e-06,76.60861,2.770051e-07,1.163464e-06
-0.29428,0.1527,1.448856e-06,74.53325,3.864001e-07,1.396369e-06
-0.29428,0.1526,2.820158e-06,89.94636,2.659857e-09,2.820057e-06
-0.29428,0.1525,2.141838e-06,89.90046,3.727152e-09,2.141721e-06
-0.29428,0.1524,1.375174e-06,61.25359,6.612762e-07,1.205569e-06
-0.29428,0.1523,2.325927e-06,110.4288,-8.118432e-07,2.179563e-06
-0.29428,0.1522,2.19147e-06,90.78451,-2.998486e-08,2.191158e-06
-0.29428,0.1521,2.054756e-06,108.3507,-6.468929e-07,1.950256e-06
-0.29428,0.152,1.910861e-06,89.85238,4.928559e-09,1.910816e-06
-0.29428,0.1519,9.187124e-07,69.00075,3.292355e-07,8.576754e-07
-0.29428,0.1518,1.557849e-06,116.1954,-6.876625e-07,1.397833e-06
-0.29428,0.1517,1.837586e-06,84.90554,1.63218e-07,1.830339e-06
-0.29428,0.1516,1.307593e-06,71.92286,4.057176e-07,1.243008e-06
-0.29428,0.1515,1.624016e-06,89.57174,1.212023e-08,1.623949e-06
-0.29428,0.1514,1.762965e-06,105.0078,-4.564896e-07,1.702828e-06
-0.29428,0.1513,1.163184e-06,99.10264,-1.840107e-07,1.148404e-06
-0.29428,0.1512,6.03564e-07,158.0348,-5.596205e-07,2.257078e-07
-0.29428,0.1511,9.768772e-07,129.0721,-6.157122e-07,7.584113e-07
-0.29428,0.151,1.002173e-06,64.73201,4.277005e-07,9.061731e-07
-0.29428,0.1509,1.938678e-06,74.60756,5.145762e-07,1.869114e-06
-0.29428,0.1508,1.520806e-06,107.1067,-4.472974e-07,1.453528e-06
-0.29428,0.1507,1.775532e-06,81.67193,2.571512e-07,1.756791e-06
-0.29428,0.1506,1.347921e-06,85.79346,9.886175e-08,1.344272e-06
-0.29428,0.1505,2.590494e-06,67.06921,1.009304e-06,2.38569e-06
-0.29428,0.1504,1.351553e-06,97.57457,-1.781489e-07,1.339741e-06
-0.29428,0.1503,1.708365e-06,51.19888,1.070458e-06,1.331347e-06
-0.29428,0.1502,1.375503e-06,88.03493,4.716217e-08,1.374648e-06
-0.29428,0.1501,1.214347e-06,90.82342,-1.745671e-08,1.214096e-06
-0.29428,0.15,1.450007e-06,98.41723,-2.122577e-07,1.434344e-06
-0.294566,0.2,1.522142e-06,62.09111,7.124394e-07,1.345071e-06
-0.294566,0.1999,2.658342e-06,85.96744,1.869332e-07,2.651637e-06
-0.294566,0.1998,1.226115e-06,64.70579,5.237683e-07,1.108434e-06
-0.294566,0.1997,1.263789e-06,92.33225,-5.143135e-08,1.262594e-06
-0.294566,0.1996,1.56627e-06,50.26789,1.001173e-06,1.204501e-06
-0.294566,0.1995,1.035757e-06,92.52284,-4.556961e-08,1.034751e-06
-0.294566,0.1994,1.497672e-06,110.5376,-5.253721e-07,1.402365e-06
-0.294566,0.1993,7.658712e-07,47.44593,5.179066e-07,5.641411e-07
-0.294566,0.1992,1.459484e-06,78.34999,2.9473e-07,1.429416e-06
-0.294566,0.1991,1.925703e-06,78.34737,3.889314e-07,1.8859e-06
-0.294566,0.199,1.453639e-06,93.96436,-1.004654e-07,1.450069e-06
-0.294566,0.1989,1.436373e-06,89.51579,1.212023e-08,1.436211e-06
-0.294566,0.1988,5.671028e-07,72.63799,1.692138e-07,5.41225e-07
-0.294566,0.1987,1.898467e-06,88.0699,6.395392e-08,1.897361e-06
-0.294566,0.1986,1.327112e-06,136.5901,-9.640082e-07,9.119007e-07
-0.294566,0.1985,4.847198e-07,75.13025,1.243092e-07,4.683416e-07
-0.294566,0.1984,1.586822e-06,113.2765,-6.27039e-07,1.457663e-06
-0.294566,0.1983,1.585403e-06,123.2228,-8.686054e-07,1.326285e-06
-0.294566,0.1982,1.1736e-06,104.1432,-2.867393e-07,1.138016e-06
-0.294566,0.1981,1.638036e-06,86.14666,1.100543e-07,1.634208e-06
-0.294566,0.198,1.439569e-06,89.76233,5.995854e-09,1.439541e-06
-0.294566,0.1979,1.203535e-06,102.9753,-2.702157e-07,1.172656e-06
-0.294566,0.1978,1.790877e-06,111.4739,-6.555542e-07,1.66645e-06
-0.294566,0.1977,1.186123e-06,124.2998,-6.68345e-07,9.797215e-07
-0.294566,0.1976,1.850293e-06,102.4341,-3.983974e-07,1.806752e-06
-0.294566,0.1975,1.325318e-06,94.04741,-9.353645e-08,1.321887e-06
-0.294566,0.1974,1.186983e-06,108.2607,-3.718826e-07,1.127086e-06
-0.294566,0.1973,1.411372e-06,78.18476,2.889968e-07,1.381449e-06
-0.294566,0.1972,1.497181e-06,86.52958,9.060278e-08,1.494303e-06
-0.294566,0.1971,2.26047e-06,113.1585,-8.889902e-07,2.078298e-06
-0.294566,0.197,1.910118e-06,92.6591,-8.860789e-08,1.908017e-06
-0.294566,0.1969,1.895992e-06,108.3516,-5.969256e-07,1.799561e-06
-0.294566,0.1968,1.35993e-06,114.5038,-5.640126e-07,1.237414e-06
-0.294566,0.1967,1.695737e-06,113.9758,-6.88998e-07,1.549333e-06
-0.294566,0.1966,1.16875e-06,82.51809,1.521594e-07,1.158669e-06
-0.294566,0.1965,7.413569e-07,88.46505,1.984834e-08,7.409546e-07
-0.294566,0.1964,9.371135e-07,113.5789,-3.748107e-07,8.587371e-07
-0.294566,0.1963,1.683617e-06,99.8063,-2.867393e-07,1.65899e-06
-0.294566,0.1962,1.840023e-06,85.94733,1.300424e-07,1.835402e-06
-0.294566,0.1961,9.623542e-07,62.86396,4.388932e-07,8.563399e-07
-0.294566,0.196,1.328526e-06,104.6406,-3.357734e-07,1.285381e-06
-0.294566,0.1959,1.804422e-06,89.66616,1.052208e-08,1.804355e-06
-0.294566,0.1958,1.507429e-06,93.00443,-7.90134e-08,1.505227e-06
-0.294566,0.1957,1.868845e-06,118.2209,-8.836593e-07,1.646596e-06
-0.294566,0.1956,1.908458e-06,118.6991,-9.164381e-07,1.674044e-06
-0.294566,0.1955,1.513084e-06,90.24728,-6.532296e-09,1.512955e-06
-0.294566,0.1954,1.73141e-06,119.7202,-8.58346e-07,1.503629e-06
-0.294566,0.1953,1.137368e-06,62.56059,5.240365e-07,1.009304e-06
-0.294566,0.1952,9.161643e-07,131.734,-6.098505e-07,6.836615e-07
-0.294566,0.1951,1.481512e-06,83.65374,1.637488e-07,1.47232e-06
-0.294566,0.195,8.926168e-07,89.55513,6.923452e-09,8.924491e-07
-0.294566,0.1949,1.348011e-06,88.5787,3.34382e-08,1.347469e-06
-0.294566,0.1948,1.510787e-06,59.92485,7.570758e-07,1.307364e-06
-0.294566,0.1947,1.54137e-06,114.9077,-6.49156e-07,1.397967e-06
-0.294566,0.1946,9.359288e-07,128.1664,-5.78273e-07,7.357578e-07
-0.294566,0.1945,1.62087e-06,83.77177,1.758746e-07,1.611286e-06
-0.294566,0.1944,1.328973e-06,125.8507,-7.782652e-07,1.077124e-06
-0.294566,0.1943,1.703437e-06,96.4669,-1.918729e-07,1.692568e-06
-0.294566,0.1942,1.679074e-06,109.4449,-5.5895e-07,1.583173e-06
-0.294566,0.1941,1.156115e-06,71.32876,3.701448e-07,1.095246e-06
-0.294566,0.194,1.624787e-06,90.31897,-9.063631e-09,1.624614e-06
-0.294566,0.1939,1.06791e-06,109.6346,-3.588236e-07,1.005705e-06
-0.294566,0.1938,1.13397e-06,100.1918,-2.006627e-07,1.116028e-06
-0.294566,0.1937,1.182178e-06,154.697,-1.068731e-06,5.052499e-07
-0.294566,0.1936,1.106048e-06,84.64328,1.032594e-07,1.101108e-06
-0.294566,0.1935,1.145336e-06,98.09201,-1.612231e-07,1.133881e-06
-0.294566,0.1934,7.391441e-07,95.47211,-7.048621e-08,7.356237e-07
-0.294566,0.1933,1.904083e-06,89.4747,1.745112e-08,1.903887e-06
-0.294566,0.1932,1.717451e-06,96.08759,-1.821443e-07,1.707622e-06
-0.294566,0.1931,1.161519e-06,96.58055,-1.331102e-07,1.153735e-06
-0.294566,0.193,2.050509e-06,92.56655,-9.180419e-08,2.048319e-06
-0.294566,0.1929,1.404874e-06,80.92445,2.215784e-07,1.387177e-06
-0.294566,0.1928,1.05394e-06,115.9751,-4.615522e-07,9.47345e-07
-0.294566,0.1927,9.756982e-07,77.85779,2.051889e-07,9.537432e-07
-0.294566,0.1926,1.376856e-06,89.00884,2.38493e-08,1.376649e-06
-0.294566,0.1925,1.295741e-06,82.75851,1.633521e-07,1.285381e-06
-0.294566,0.1924,2.137212e-06,62.06576,1.001173e-06,1.888163e-06
-0.294566,0.1923,1.31987e-06,102.8389,-2.93266e-07,1.286845e-06
-0.294566,0.1922,1.490553e-06,84.16156,1.516286e-07,1.482708e-06
-0.294566,0.1921,1.895807e-06,63.97064,8.319597e-07,1.703493e-06
-0.294566,0.192,9.831413e-07,73.29181,2.826042e-07,9.414833e-07
-0.294566,0.1919,1.540677e-06,98.01333,-2.14789e-07,1.525484e-06
-0.294566,0.1918,1.672804e-06,73.73681,4.684757e-07,1.605827e-06
-0.294566,0.1917,1.664606e-06,81.17185,2.554189e-07,1.64473e-06
-0.294566,0.1916,1.750001e-06,131.2655,-1.154143e-06,1.31536e-06
-0.294566,0.1915,1.049514e-06,84.93876,9.259767e-08,1.045413e-06
-0.294566,0.1914,1.429673e-06,95.41704,-1.349765e-07,1.423152e-06
-0.294566,0.1913,1.358438e-06,106.271,-3.806725e-07,1.304302e-06
-0.294566,0.1912,6.630476e-07,117.2759,-3.037936e-07,5.891919e-07
-0.294566,0.1911,9.215846e-07,35.21605,7.528122e-07,5.313623e-07
-0.294566,0.191,1.46809e-06,85.42485,1.171175e-07,1.46339e-06
-0.294566,0.1909,1.802058e-06,97.69609,-2.413038e-07,1.785703e-06
-0.294566,0.1908,1.320049e-06,101.796,-2.69819e-07,1.292042e-06
-0.294566,0.1907,8.17079e-07,46.2352,5.650743e-07,5.899909e-07
-0.294566,0.1906,1.605642e-06,54.43948,9.337551e-07,1.306163e-06
-0.294566,0.1905,1.239711e-06,65.08259,5.223043e-07,1.124292e-06
-0.294566,0.1904,7.783826e-07,56.52358,4.293043e-07,6.491504e-07
-0.294566,0.1903,8.311104e-07,67.15183,3.227088e-07,7.658712e-07
-0.294566,0.1902,1.347664e-06,73.30842,3.870651e-07,1.290841e-06
-0.294566,0.1901,9.172316e-07,106.0315,-2.532955e-07,8.815247e-07
-0.294566,0.19,1.559659e-06,82.09407,2.145152e-07,1.544801e-06
-0.294566,0.1899,1.455148e-06,112.8053,-5.640126e-07,1.341339e-06
-0.294566,0.1898,1.112306e-06,91.26305,-2.451986e-08,1.1123e-06
-0.294566,0.1897,1.159982e-06,79.28885,2.155825e-07,1.139748e-06
-0.294566,0.1896,1.760741e-06,104.6992,-4.46761e-07,1.70309e-06
-0.294566,0.1895,7.808972e-07,76.46086,1.828037e-07,7.590763e-07
-0.294566,0.1894,1.900691e-06,99.63332,-3.180485e-07,1.873774e-06
-0.294566,0.1893,1.781964e-06,74.91518,4.636757e-07,1.720413e-06
-0.294566,0.1892,1.808736e-06,97.4583,-2.347771e-07,1.793297e-06
-0.294566,0.1891,1.031124e-06,140.3238,-7.93593e-07,6.583426e-07
-0.294566,0.189,2.450907e-06,120.4467,-1.241946e-06,2.112943e-06
-0.294566,0.1889,1.374956e-06,86.87316,7.501244e-08,1.372788e-06
-0.294566,0.1888,1.50535e-06,90.73686,-1.932308e-08,1.505227e-06
-0.294566,0.1887,1.554926e-06,124.2125,-8.741989e-07,1.285778e-06
-0.294566,0.1886,1.419704e-06,97.24148,-1.78948e-07,1.40836e-06
-0.294566,0.1885,1.39752e-06,75.14248,3.582816e-07,1.350665e-06
-0.294566,0.1884,1.681124e-06,83.11694,2.014562e-07,1.668982e-06
-0.294566,0.1883,1.735802e-06,96.15916,-1.862738e-07,1.72561e-06
-0.294566,0.1882,1.949334e-06,119.6721,-9.649414e-07,1.69363e-06
-0.294566,0.1881,1.85796e-06,101.7348,-3.778785e-07,1.819012e-06
-0.294566,0.188,2.011757e-06,93.05689,-1.072604e-07,2.008879e-06
-0.294566,0.1879,2.011863e-06,92.65385,-9.31397e-08,2.009684e-06
-0.294566,0.1878,9.135324e-07,77.86478,1.919958e-07,8.929856e-07
-0.294566,0.1877,1.394759e-06,71.45115,4.436932e-07,1.322289e-06
-0.294566,0.1876,2.005498e-06,103.2822,-4.607532e-07,1.95172e-06
-0.294566,0.1875,2.449862e-06,108.0085,-7.573496e-07,2.329861e-06
-0.294566,0.1874,1.138865e-06,99.29848,-1.840107e-07,1.123756e-06
-0.294566,0.1873,1.297278e-06,78.71533,2.538207e-07,1.272054e-06
-0.294566,0.1872,1.409076e-06,76.09104,3.386959e-07,1.367725e-06
-0.294566,0.1871,1.285638e-06,98.00196,-1.78948e-07,1.272987e-06
-0.294566,0.187,1.296484e-06,128.5336,-8.075796e-07,1.014098e-06
-0.294566,0.1869,1.029666e-06,157.6991,-9.525474e-07,3.906637e-07
-0.294566,0.1868,7.65128e-07,91.63635,-2.185441e-08,7.646698e-07
-0.294566,0.1867,6.780233e-07,107.841,-2.077259e-07,6.454177e-07
-0.294566,0.1866,6.648525e-07,93.7694,-4.370883e-08,6.632767e-07
-0.294566,0.1865,8.835308e-07,125.0324,-5.071219e-07,7.233638e-07
-0.294566,0.1864,1.884302e-06,146.7945,-1.576518e-06,1.031823e-06
-0.294566,0.1863,6.076656e-07,-177.3704,-6.069168e-07,-2.785027e-08
-0.294566,0.1862,9.583756e-07,-178.3986,-9.578783e-07,-2.678297e-08
-0.294566,0.1861,6.816331e-07,113.738,-2.743452e-07,6.238371e-07
-0.294566,0.186,1.08483e-06,145.9806,-8.991155e-07,6.069112e-07
-0.294566,0.1859,1.843398e-06,140.5274,-1.422889e-06,1.171723e-06
-0.294566,0.1858,2.479422e-07,2.556067,2.475623e-07,1.105852e-08
-0.294566,0.1857,2.500388e-06,118.5234,-1.193979e-06,2.196885e-06
-0.294566,0.1856,1.173047e-06,112.7485,-4.535559e-07,1.081651e-06
-0.294566,0.1855,9.728763e-07,128.2031,-6.015915e-07,7.644072e-07
-0.294566,0.1854,1.312086e-06,110.7282,-4.643518e-07,1.227021e-06
-0.294566,0.1853,1.564253e-06,95.27715,-1.439061e-07,1.557458e-06
-0.294566,0.1852,4.112385e-07,73.62753,1.159161e-07,3.94525e-07
-0.294566,0.1851,1.035969e-06,101.6054,-2.083908e-07,1.014634e-06
-0.294566,0.185,1.840654e-06,76.90486,4.170443e-07,1.792766e-06
-0.294566,0.1849,1.647625e-06,92.40656,-6.915628e-08,1.646066e-06
-0.294566,0.1848,1.376453e-06,86.8819,7.487833e-08,1.374386e-06
-0.294566,0.1847,1.754662e-06,73.2822,5.04719e-07,1.680443e-06
-0.294566,0.1846,1.942902e-06,100.4077,-3.509614e-07,1.91095e-06
-0.294566,0.1845,1.391809e-06,107.9381,-4.286393e-07,1.32415e-06
-0.294566,0.1844,1.493157e-06,108.5497,-4.75008e-07,1.415558e-06
-0.294566,0.1843,1.153243e-06,141.879,-9.07246e-07,7.119085e-07
-0.294566,0.1842,1.555133e-06,116.9088,-7.037837e-07,1.386774e-06
-0.294566,0.1841,3.15098e-07,137.883,-2.337098e-07,2.113189e-07
-0.294566,0.184,5.329828e-07,88.74132,1.172348e-08,5.328319e-07
-0.294566,0.1839,1.57929e-06,120.5524,-8.027851e-07,1.359997e-06
-0.294566,0.1838,1.225294e-06,87.17041,6.04894e-08,1.22369e-06
-0.294566,0.1837,1.018753e-06,104.506,-2.551618e-07,9.862538e-07
-0.294566,0.1836,1.261912e-06,89.11725,1.94516e-08,1.26166e-06
-0.294566,0.1835,1.75446e-06,72.13968,5.380287e-07,1.669781e-06
-0.294566,0.1834,1.032605e-06,121.1267,-5.337707e-07,8.839219e-07
-0.294566,0.1833,1.801036e-06,110.2167,-6.22373e-07,1.690031e-06
-0.294566,0.1832,9.154938e-07,98.29309,-1.320429e-07,9.057763e-07
-0.294566,0.1831,2.135798e-06,99.46546,-3.512296e-07,2.106679e-06
-0.294566,0.183,1.308007e-06,58.08467,6.913896e-07,1.110166e-06
-0.294566,0.1829,1.396475e-06,73.76479,3.903955e-07,1.340674e-06
-0.294566,0.1828,1.519577e-06,100.545,-2.78078e-07,1.493901e-06
-0.294566,0.1827,8.631683e-07,48.81139,5.684047e-07,6.495527e-07
-0.294566,0.1826,1.600278e-06,97.04041,-1.961365e-07,1.588102e-06
-0.294566,0.1825,1.833882e-06,105.2971,-4.838034e-07,1.768782e-06
-0.294566,0.1824,1.667942e-06,94.05003,-1.17788e-07,1.663651e-06
-0.294566,0.1823,1.602631e-06,80.02321,2.776701e-07,1.578379e-06
-0.294566,0.1822,1.397123e-06,83.01553,1.698788e-07,1.386646e-06
-0.294566,0.1821,2.258442e-06,114.7692,-9.461492e-07,2.050587e-06
-0.294566,0.182,2.244645e-06,87.1691,1.108534e-07,2.24179e-06
-0.294566,0.1819,1.888191e-06,92.28504,-7.528625e-08,1.886565e-06
-0.294566,0.1818,1.788111e-06,93.57619,-1.11524e-07,1.784501e-06
-0.294566,0.1817,1.736143e-06,106.8279,-5.0259e-07,1.661784e-06
-0.294566,0.1816,1.712344e-06,97.81849,-2.329107e-07,1.69643e-06
-0.294566,0.1815,1.910693e-06,123.1442,-1.044619e-06,1.599697e-06
-0.294566,0.1814,1.39871e-06,115.1438,-5.942601e-07,1.266058e-06
-0.294566,0.1813,1.603156e-06,100.3518,-2.880692e-07,1.577043e-06
-0.294566,0.1812,1.093676e-06,65.10969,4.602167e-07,9.919814e-07
-0.294566,0.1811,5.891527e-07,120.7753,-3.013964e-07,5.06049e-07
-0.294566,0.181,9.235516e-07,103.0689,-2.087932e-07,8.995123e-07
-0.294566,0.1809,7.408373e-07,69.34695,2.612862e-07,6.931219e-07
-0.294566,0.1808,1.038769e-06,149.3959,-8.940529e-07,5.28831e-07
-0.294566,0.1807,3.378912e-07,124.7789,-1.92672e-07,2.774074e-07
-0.294566,0.1806,1.654012e-06,148.6013,-1.411696e-06,8.616708e-07
-0.294566,0.1805,9.966474e-07,145.8434,-8.246339e-07,5.594808e-07
-0.294566,0.1804,1.446794e-06,112.4818,-5.532223e-07,1.336812e-06
-0.294566,0.1803,1.167414e-06,100.7426,-2.175886e-07,1.14694e-06
-0.294566,0.1802,1.674413e-06,130.7147,-1.092184e-06,1.269126e-06
-0.294566,0.1801,9.785536e-07,98.24413,-1.403074e-07,9.684003e-07
-0.294566,0.18,1.162458e-06,145.6407,-9.596105e-07,6.560795e-07
-0.294566,0.1799,1.17046e-06,123.013,-6.376951e-07,9.814538e-07
-0.294566,0.1798,1.812893e-06,92.61202,-8.261203e-08,1.810882e-06
-0.294566,0.1797,1.68626e-06,114.371,-6.957929e-07,1.535871e-06
-0.294566,0.1796,6.948485e-07,128.0143,-4.278402e-07,5.47355e-07
-0.294566,0.1795,1.035489e-06,60.72828,5.063172e-07,9.03245e-07
-0.294566,0.1794,1.30932e-06,122.1312,-6.963238e-07,1.108702e-06
-0.294566,0.1793,1.436552e-06,60.04287,7.173679e-07,1.244606e-06
-0.294566,0.1792,1.11624e-06,142.9682,-8.909907e-07,6.722006e-07
-0.294566,0.1791,2.072129e-06,168.7712,-2.032337e-06,4.034545e-07
-0.294566,0.179,1.122113e-06,126.3122,-6.644781e-07,9.041726e-07
-0.294566,0.1789,1.525903e-06,163.7062,-1.464597e-06,4.281029e-07
-0.294566,0.1788,1.293791e-06,156.608,-1.187453e-06,5.13643e-07
-0.294566,0.1787,1.622803e-06,169.6158,-1.596104e-06,2.924613e-07
-0.294566,0.1786,1.345843e-06,177.645,-1.344675e-06,5.529262e-08
-0.294566,0.1785,1.616327e-06,-141.7916,-1.270065e-06,-9.997151e-07
-0.294566,0.1784,1.412495e-06,-145.3906,-1.162536e-06,-8.022487e-07
-0.294566,0.1783,2.027682e-06,-130.7847,-1.324424e-06,-1.535212e-06
-0.294566,0.1782,2.036606e-06,-139.1357,-1.540141e-06,-1.33242e-06
-0.294566,0.1781,2.058153e-06,-151.1749,-1.803031e-06,-9.922552e-07
-0.294566,0.178,1.665417e-06,-141.1674,-1.297244e-06,-1.044217e-06
-0.294566,0.1779,2.573629e-06,-130.9525,-1.686841e-06,-1.943729e-06
-0.294566,0.1778,3.020016e-06,-149.0428,-2.589823e-06,-1.553468e-06
-0.294566,0.1777,3.86936e-06,-140.1962,-2.972491e-06,-2.476964e-06
-0.294566,0.1776,2.831786e-06,-130.1386,-1.825416e-06,-2.164782e-06
-0.294566,0.1775,2.595026e-06,-149.5493,-2.236995e-06,-1.315098e-06
-0.294566,0.1774,4.561856e-06,-138.8481,-3.43497e-06,-3.001939e-06
-0.294566,0.1773,3.683427e-06,-138.596,-2.76277e-06,-2.43606e-06
-0.294566,0.1772,3.333013e-06,-153.1645,-2.973955e-06,-1.504568e-06
-0.294566,0.1771,3.987846e-06,-144.5986,-3.250569e-06,-2.310147e-06
-0.294566,0.177,3.48876e-06,-138.5453,-2.61474e-06,-2.309616e-06
-0.294566,0.1769,4.458306e-06,-128.0374,-2.747045e-06,-3.511318e-06
-0.294566,0.1768,4.598211e-06,-129.6064,-2.931453e-06,-3.542633e-06
-0.294566,0.1767,4.281856e-06,-134.2423,-2.987416e-06,-3.067491e-06
-0.294566,0.1766,4.757484e-06,-125.3513,-2.752644e-06,-3.880267e-06
-0.294566,0.1765,4.577938e-06,-126.0786,-2.695882e-06,-3.699855e-06
-0.294566,0.1764,4.397677e-06,-130.3735,-2.848578e-06,-3.350229e-06
-0.294566,0.1763,5.284946e-06,-126.3998,-3.136111e-06,-4.253743e-06
-0.294566,0.1762,5.750192e-06,-135.3253,-4.089055e-06,-4.042821e-06
-0.294566,0.1761,6.254576e-06,-132.3068,-4.209905e-06,-4.625486e-06
-0.294566,0.176,7.244624e-06,-126.8459,-4.344346e-06,-5.797483e-06
-0.294566,0.1759,6.480624e-06,-124.1286,-3.635901e-06,-5.364445e-06
-0.294566,0.1758,8.231464e-06,-120.1203,-4.130629e-06,-7.119907e-06
-0.294566,0.1757,8.825546e-06,-124.0246,-4.938337e-06,-7.314573e-06
-0.294566,0.1756,8.326834e-06,-123.7928,-4.631347e-06,-6.920043e-06
-0.294566,0.1755,9.271888e-06,-119.3967,-4.551138e-06,-8.078048e-06
-0.294566,0.1754,9.237628e-06,-124.3231,-5.208687e-06,-7.629023e-06
-0.294566,0.1753,9.598184e-06,-121.3506,-4.993636e-06,-8.196763e-06
-0.294566,0.1752,1.022731e-05,-121.1054,-5.283566e-06,-8.75678e-06
-0.294566,0.1751,1.045194e-05,-126.3699,-6.198003e-06,-8.415944e-06
-0.294566,0.175,1.062576e-05,-124.5188,-6.02133e-06,-8.754914e-06
-0.294566,0.1749,1.018271e-05,-119.1847,-4.965389e-06,-8.890019e-06
-0.294566,0.1748,1.104857e-05,-122.9422,-6.008137e-06,-9.272156e-06
-0.294566,0.1747,1.092882e-05,-124.5726,-6.201602e-06,-8.998878e-06
-0.294566,0.1746,1.052983e-05,-123.98,-5.885152e-06,-8.731596e-06
-0.294566,0.1745,1.094103e-05,-121.1364,-5.657309e-06,-9.364759e-06
-0.294566,0.1744,9.222105e-06,-124.1828,-5.181239e-06,-7.628889e-06
-0.294566,0.1743,9.826138e-06,-122.2355,-5.241198e-06,-8.311484e-06
-0.294566,0.1742,1.0188e-05,-124.1429,-5.718067e-06,-8.431937e-06
-0.294566,0.1741,9.425042e-06,-118.689,-4.524489e-06,-8.267914e-06
-0.294566,0.174,8.900446e-06,-123.1319,-4.864655e-06,-7.453277e-06
-0.294566,0.1739,9.472997e-06,-126.1751,-5.591489e-06,-7.646743e-06
-0.294566,0.1738,8.437843e-06,-129.4157,-5.357516e-06,-6.518717e-06
-0.294566,0.1737,8.821606e-06,-125.8936,-5.171913e-06,-7.146421e-06
-0.294566,0.1736,7.721386e-06,-130.8603,-5.05146e-06,-5.839716e-06
-0.294566,0.1735,7.40868e-06,-125.32,-4.283191e-06,-6.044911e-06
-0.294566,0.1734,6.558246e-06,-118.817,-3.161162e-06,-5.746051e-06
-0.294566,0.1733,6.542885e-06,-127.0013,-3.937695e-06,-5.225211e-06
-0.294566,0.1732,6.115693e-06,-124.455,-3.460021e-06,-5.042798e-06
-0.294566,0.1731,5.30361e-06,-121.9433,-2.805937e-06,-4.500372e-06
-0.294566,0.173,5.809279e-06,-120.2897,-2.929989e-06,-5.016149e-06
-0.294566,0.1729,5.098806e-06,-123.8685,-2.841515e-06,-4.233626e-06
-0.294566,0.1728,5.539013e-06,-127.9214,-3.404064e-06,-4.369396e-06
-0.294566,0.1727,3.713959e-06,-136.5988,-2.698414e-06,-2.551848e-06
-0.294566,0.1726,3.814397e-06,-129.6621,-2.434596e-06,-2.936381e-06
-0.294566,0.1725,4.524808e-06,-120.2823,-2.281632e-06,-3.907313e-06
-0.294566,0.1724,2.884045e-06,-131.5447,-1.912688e-06,-2.158518e-06
-0.294566,0.1723,2.786535e-06,-153.1016,-2.48496e-06,-1.260604e-06
-0.294566,0.1722,2.204082e-06,-157.5566,-2.037003e-06,-8.414257e-07
-0.294566,0.1721,1.896668e-06,-167.2397,-1.849796e-06,-4.189163e-07
-0.294566,0.172,1.598691e-06,-176.4823,-1.595573e-06,-9.806826e-08
-0.294566,0.1719,9.865835e-07,-140.0091,-7.557515e-07,-6.33968e-07
-0.294566,0.1718,7.448717e-07,-162.8653,-7.1178e-07,-2.194494e-07
-0.294566,0.1717,1.115189e-06,-150.8865,-9.742677e-07,-5.425605e-07
-0.294566,0.1716,1.146309e-06,170.6875,-1.131093e-06,1.854691e-07
-0.294566,0.1715,1.451035e-06,-158.5793,-1.350805e-06,-5.299039e-07
-0.294566,0.1714,1.369709e-06,-153.6664,-1.227557e-06,-6.075873e-07
-0.294566,0.1713,1.063311e-06,-175.451,-1.059807e-06,-8.434429e-08
-0.294566,0.1712,5.363021e-07,147.9133,-4.54355e-07,2.848673e-07
-0.294566,0.1711,8.931029e-07,168.5876,-8.754003e-07,1.766737e-07
-0.294566,0.171,9.240712e-07,121.9153,-4.884693e-07,7.842555e-07
-0.294566,0.1709,1.119436e-06,124.2806,-6.305035e-07,9.249597e-07
-0.294566,0.1708,1.063115e-06,110.3697,-3.700163e-07,9.965132e-07
-0.294566,0.1707,1.036064e-06,74.07164,2.843365e-07,9.96245e-07
-0.294566,0.1706,4.395078e-07,-126.6908,-2.626217e-07,-3.524255e-07
-0.294566,0.1705,9.835772e-07,102.9884,-2.210531e-07,9.584035e-07
-0.294566,0.1704,1.236369e-06,119.0339,-5.999878e-07,1.080852e-06
-0.294566,0.1703,1.421704e-06,56.32163,7.883906e-07,1.183049e-06
-0.294566,0.1702,1.104008e-06,103.6055,-2.596881e-07,1.072989e-06
-0.294566,0.1701,1.039747e-06,113.016,-4.065223e-07,9.569395e-07
-0.294566,0.17,1.238901e-06,112.314,-4.703477e-07,1.146007e-06
-0.294566,0.1699,1.386126e-06,103.7472,-3.293752e-07,1.346401e-06
-0.294566,0.1698,6.784535e-07,143.9176,-5.482938e-07,3.995876e-07
-0.294566,0.1697,6.434116e-07,83.61877,7.154792e-08,6.394218e-07
-0.294566,0.1696,2.308454e-06,87.38273,1.05394e-07,2.306012e-06
-0.294566,0.1695,1.51723e-06,103.401,-3.516264e-07,1.475779e-06
-0.294566,0.1694,1.496432e-06,99.52841,-2.476964e-07,1.47565e-06
-0.294566,0.1693,9.37337e-07,91.59789,-2.611801e-08,9.369514e-07
-0.294566,0.1692,1.204837e-06,103.7883,-2.87136e-07,1.16999e-06
-0.294566,0.1691,1.505814e-06,118.0382,-7.077846e-07,1.32895e-06
-0.294566,0.169,2.090418e-06,101.1849,-4.05455e-07,2.050722e-06
-0.294566,0.1689,1.851763e-06,120.097,-9.285639e-07,1.60196e-06
-0.294566,0.1688,1.287661e-06,111.286,-4.67414e-07,1.199707e-06
-0.294566,0.1687,1.186307e-06,64.61322,5.085803e-07,1.071659e-06
-0.294566,0.1686,1.795101e-06,95.97744,-1.869387e-07,1.7853e-06
-0.294566,0.1685,1.783065e-06,121.6163,-9.346939e-07,1.518286e-06
-0.294566,0.1684,2.041786e-06,106.8629,-5.922596e-07,1.953989e-06
-0.294566,0.1683,1.954168e-06,86.77262,1.100543e-07,1.951055e-06
-0.294566,0.1682,1.01079e-06,139.1698,-7.648095e-07,6.608739e-07
-0.294566,0.1681,1.612778e-06,129.5678,-1.027297e-06,1.243276e-06
-0.294566,0.168,1.343121e-06,93.72044,-8.714385e-08,1.340277e-06
-0.294566,0.1679,1.524399e-06,67.88707,5.738697e-07,1.412227e-06
-0.294566,0.1678,1.841465e-06,104.1353,-4.496946e-07,1.785703e-06
-0.294566,0.1677,2.094727e-06,95.44589,-1.988019e-07,2.085227e-06
-0.294566,0.1676,1.575753e-06,104.6861,-3.994591e-07,1.524148e-06
-0.294566,0.1675,1.352816e-06,94.6783,-1.103281e-07,1.348268e-06
-0.294566,0.1674,1.853255e-06,82.66059,2.367664e-07,1.838067e-06
-0.294566,0.1673,2.186033e-06,95.4708,-2.083908e-07,2.175964e-06
-0.294566,0.1672,1.202886e-06,99.98989,-2.08659e-07,1.184513e-06
-0.294566,0.1671,1.317791e-06,100.8641,-2.483669e-07,1.294042e-06
-0.294566,0.167,1.901552e-06,123.1039,-1.038489e-06,1.592768e-06
-0.294566,0.1669,2.040255e-06,94.35165,-1.548305e-07,2.034997e-06
-0.294566,0.1668,8.89834e-07,125.0429,-5.10849e-07,7.28432e-07
-0.294566,0.1667,1.482551e-06,92.71942,-7.03521e-08,1.480847e-06
-0.294566,0.1666,1.742452e-06,73.71845,4.884637e-07,1.672446e-06
-0.294566,0.1665,1.597842e-06,75.76321,3.929268e-07,1.548662e-06
-0.294566,0.1664,1.706527e-06,92.55956,-7.621943e-08,1.704689e-06
-0.294566,0.1663,1.582928e-06,79.3177,2.933945e-07,1.555463e-06
-0.294566,0.1662,2.343155e-06,99.03008,-3.677476e-07,2.314003e-06
-0.294566,0.1661,2.114441e-06,90.01822,-6.705522e-10,2.114407e-06
-0.294566,0.166,1.197516e-06,99.92607,-2.063959e-07,1.179451e-06
-0.294566,0.1659,2.009443e-06,74.37938,5.410909e-07,1.935197e-06
-0.294566,0.1658,1.230429e-06,85.24825,1.019295e-07,1.226088e-06
-0.294566,0.1657,1.808686e-06,88.20978,5.649402e-08,1.807685e-06
-0.294566,0.1656,1.542069e-06,114.5257,-6.40098e-07,1.402901e-06
-0.294566,0.1655,2.274731e-06,125.157,-1.309767e-06,1.859653e-06
-0.294566,0.1654,1.664802e-06,68.90458,5.991831e-07,1.553194e-06
-0.294566,0.1653,1.784624e-06,81.1736,2.738088e-07,1.763451e-06
-0.294566,0.1652,2.100186e-06,106.6802,-6.027873e-07,2.011679e-06
-0.294566,0.1651,1.486837e-06,96.56132,-1.698844e-07,1.47698e-06
-0.294566,0.165,1.569528e-06,87.6013,6.568618e-08,1.568119e-06
-0.294566,0.1649,1.790698e-06,125.4013,-1.037288e-06,1.459524e-06
-0.294566,0.1648,1.640701e-06,123.0445,-8.945893e-07,1.375185e-06
-0.294566,0.1647,1.234978e-06,140.3937,-9.514801e-07,7.873233e-07
-0.294566,0.1646,9.568836e-07,80.73474,1.540258e-07,9.442828e-07
-0.294566,0.1645,1.800259e-06,107.7239,-5.480255e-07,1.71482e-06
-0.294566,0.1644,5.464721e-07,178.4493,-5.461592e-07,1.478567e-08
-0.294566,0.1643,1.850064e-06,135.5157,-1.319892e-06,1.296306e-06
-0.294566,0.1642,1.486005e-06,96.59104,-1.705493e-07,1.476181e-06
-0.294566,0.1641,1.906989e-06,92.05074,-6.82231e-08,1.905754e-06
-0.294566,0.164,2.271736e-06,96.85551,-2.711489e-07,2.25538e-06
-0.294566,0.1639,1.065066e-06,91.33298,-2.478808e-08,1.06473e-06
-0.294566,0.1638,1.701207e-06,91.53057,-4.54355e-08,1.700559e-06
-0.294566,0.1637,1.644009e-06,136.6426,-1.195315e-06,1.128684e-06
-0.294566,0.1636,1.731393e-06,94.51481,-1.363065e-07,1.725878e-06
-0.294566,0.1635,1.319149e-06,95.82531,-1.339092e-07,1.312293e-06
-0.294566,0.1634,2.301486e-06,100.5188,-4.201121e-07,2.262705e-06
-0.294566,0.1633,1.258984e-06,104.9475,-3.247149e-07,1.216359e-06
-0.294566,0.1632,1.749733e-06,84.76216,1.597534e-07,1.742396e-06
-0.294566,0.1631,1.841749e-06,78.68386,3.613494e-07,1.805819e-06
-0.294566,0.163,2.361562e-06,92.50011,-1.029968e-07,2.35931e-06
-0.294566,0.1629,1.586414e-06,77.45039,3.446917e-07,1.5484e-06
-0.294566,0.1628,1.890487e-06,97.89193,-2.595596e-07,1.872444e-06
-0.294566,0.1627,7.267724e-07,156.1535,-6.646122e-07,2.937968e-07
-0.294566,0.1626,1.075783e-06,91.53232,-2.878345e-08,1.075258e-06
-0.294566,0.1625,9.873881e-07,92.01927,-3.477931e-08,9.866505e-07
-0.294566,0.1624,1.778176e-06,92.01927,-6.262399e-08,1.777041e-06
-0.294566,0.1623,1.703996e-06,77.22483,3.768056e-07,1.661784e-06
-0.294566,0.1622,2.047386e-06,104.3416,-5.071219e-07,1.983566e-06
-0.294566,0.1621,1.891225e-06,112.6409,-7.280353e-07,1.745464e-06
-0.294566,0.162,1.779578e-06,95.41791,-1.68018e-07,1.771576e-06
-0.294566,0.1619,2.214264e-06,76.46304,5.183089e-07,2.152651e-06
-0.294566,0.1618,2.095615e-06,124.2779,-1.180255e-06,1.731606e-06
-0.294566,0.1617,1.875568e-06,106.3951,-5.29373e-07,1.799292e-06
-0.294566,0.1616,1.66421e-06,83.23235,1.961309e-07,1.652592e-06
-0.294566,0.1615,2.022413e-06,92.64336,-9.327381e-08,2.020206e-06
-0.294566,0.1614,1.69444e-06,99.89372,-2.91137e-07,1.669116e-06
-0.294566,0.1613,1.874696e-06,95.44851,-1.780148e-07,1.86618e-06
-0.294566,0.1612,1.601641e-06,99.34569,-2.600904e-07,1.580374e-06
-0.294566,0.1611,2.143079e-06,95.97438,-2.23048e-07,2.131333e-06
-0.294566,0.161,1.799795e-06,90.53491,-1.679174e-08,1.799695e-06
-0.294566,0.1609,1.905798e-06,75.21767,4.86195e-07,1.842593e-06
-0.294566,0.1608,1.702247e-06,94.444,-1.319143e-07,1.696961e-06
-0.294566,0.1607,2.416798e-06,117.5207,-1.116698e-06,2.143325e-06
-0.294566,0.1606,1.769123e-06,115.01,-7.478892e-07,1.603161e-06
-0.294566,0.1605,2.330191e-06,94.22751,-1.717507e-07,2.323731e-06
-0.294566,0.1604,1.974346e-06,90.59174,-2.039037e-08,1.974105e-06
-0.294566,0.1603,1.438435e-06,109.7797,-4.867371e-07,1.353465e-06
-0.294566,0.1602,2.417296e-06,94.22664,-1.781489e-07,2.410607e-06
-0.294566,0.1601,1.201819e-06,76.86814,2.730097e-07,1.170258e-06
-0.294566,0.16,1.678235e-06,118.8688,-8.10245e-07,1.469654e-06
-0.294566,0.1599,2.190928e-06,97.07012,-2.696849e-07,2.174237e-06
-0.294566,0.1598,1.893393e-06,106.1101,-5.253721e-07,1.819012e-06
-0.294566,0.1597,2.547316e-06,116.6771,-1.143615e-06,2.276167e-06
-0.294566,0.1596,2.2186e-06,98.64192,-3.333762e-07,2.193287e-06
-0.294566,0.1595,1.984214e-06,101.6849,-4.018619e-07,1.943059e-06
-0.294566,0.1594,1.568678e-06,91.31375,-3.598071e-08,1.568119e-06
-0.294566,0.1593,9.608734e-07,146.5742,-8.018519e-07,5.292333e-07
-0.294566,0.1592,1.658041e-06,125.0455,-9.520165e-07,1.357331e-06
-0.294566,0.1591,2.31502e-06,106.9248,-6.739385e-07,2.214739e-06
-0.294566,0.159,1.148203e-06,127.5606,-6.999224e-07,9.101685e-07
-0.294566,0.1589,1.870254e-06,136.438,-1.355202e-06,1.288846e-06
-0.294566,0.1588,1.847025e-06,100.4112,-3.337729e-07,1.816481e-06
-0.294566,0.1587,1.272797e-06,124.8838,-7.279012e-07,1.044077e-06
-0.294566,0.1586,1.105438e-06,94.1261,-7.954984e-08,1.102438e-06
-0.294566,0.1585,1.625413e-06,103.193,-3.709495e-07,1.582508e-06
-0.294566,0.1584,1.245947e-06,93.46517,-7.528625e-08,1.243673e-06
-0.294566,0.1583,1.885341e-06,80.15173,3.224406e-07,1.857519e-06
-0.294566,0.1582,1.393944e-06,88.47204,3.717094e-08,1.393441e-06
-0.294566,0.1581,1.573277e-06,112.1155,-5.922596e-07,1.457395e-06
-0.294566,0.158,1.268975e-06,110.0559,-4.351716e-07,1.191979e-06
-0.294566,0.1579,1.348983e-06,85.35491,1.092553e-07,1.344541e-06
-0.294566,0.1578,1.648105e-06,91.47811,-4.250742e-08,1.64753e-06
-0.294566,0.1577,1.059019e-06,114.9952,-4.474259e-07,9.59739e-07
-0.294566,0.1576,9.533911e-07,125.6287,-5.553513e-07,7.749292e-07
-0.294566,0.1575,1.463826e-06,128.6699,-9.145718e-07,1.142811e-06
-0.294566,0.1574,2.162223e-06,112.4119,-8.243713e-07,1.998888e-06
-0.294566,0.1573,2.543991e-06,98.80322,-3.893338e-07,2.514e-06
-0.294566,0.1572,1.845253e-06,119.158,-8.98987e-07,1.611286e-06
-0.294566,0.1571,2.067396e-06,121.0419,-1.066071e-06,1.771314e-06
-0.294566,0.157,1.961471e-06,79.85885,3.453623e-07,1.930804e-06
-0.294566,0.1569,1.86176e-06,113.7214,-7.489565e-07,1.704426e-06
-0.294566,0.1568,1.627681e-06,126.7502,-9.738653e-07,1.304168e-06
-0.294566,0.1567,1.603586e-06,113.273,-6.335657e-07,1.472985e-06
-0.294566,0.1566,1.347346e-06,138.897,-1.015171e-06,8.856542e-07
-0.294566,0.1565,1.308811e-06,103.7577,-3.112535e-07,1.271255e-06
-0.294566,0.1564,1.632213e-06,109.5043,-5.449634e-07,1.538537e-06
-0.294566,0.1563,1.272456e-06,129.7233,-8.131787e-07,9.786598e-07
-0.294566,0.1562,2.243092e-06,103.1541,-5.104523e-07,2.184228e-06
-0.294566,0.1561,1.243807e-06,90.14761,-3.201887e-09,1.243673e-06
-0.294566,0.156,2.527641e-06,93.00662,-1.325793e-07,2.524126e-06
-0.294566,0.1559,2.481635e-06,99.30678,-4.013255e-07,2.448845e-06
-0.294566,0.1558,1.075912e-06,126.4591,-6.392989e-07,8.652694e-07
-0.294566,0.1557,1.836787e-06,96.34275,-2.029314e-07,1.82541e-06
-0.294566,0.1556,1.831026e-06,112.8044,-7.096454e-07,1.687902e-06
-0.294566,0.1555,1.351095e-06,63.5003,6.027817e-07,1.209033e-06
-0.294566,0.1554,1.070033e-06,87.33127,4.982762e-08,1.06886e-06
-0.294566,0.1553,1.52982e-06,116.7138,-6.876625e-07,1.366389e-06
-0.294566,0.1552,1.669624e-06,103.6877,-3.95067e-07,1.622082e-06
-0.294566,0.1551,1.844823e-06,93.75716,-1.208502e-07,1.840867e-06
-0.294566,0.155,1.874769e-06,101.2549,-3.658868e-07,1.838598e-06
-0.294566,0.1549,1.410445e-06,87.21762,6.848573e-08,1.408763e-06
-0.294566,0.1548,2.220712e-06,79.67875,3.978554e-07,2.184759e-06
-0.294566,0.1547,8.165035e-07,92.0385,-2.905167e-08,8.158385e-07
-0.294566,0.1546,1.735405e-06,86.41244,1.085903e-07,1.731874e-06
-0.294566,0.1545,1.607034e-06,106.5438,-4.575569e-07,1.540403e-06
-0.294566,0.1544,1.644948e-06,97.56321,-2.165213e-07,1.630609e-06
-0.294566,0.1543,1.346351e-06,86.18163,8.96696e-08,1.343339e-06
-0.294566,0.1542,1.287644e-06,94.29133,-9.6336e-08,1.283911e-06
-0.294566,0.1541,8.047744e-07,172.3388,-7.974542e-07,1.072548e-07
-0.294566,0.154,1.865308e-06,92.20636,-7.182173e-08,1.863783e-06
-0.294566,0.1539,1.173203e-06,39.62544,9.035076e-07,7.481519e-07
-0.294566,0.1538,1.396592e-06,107.0901,-4.103891e-07,1.334812e-06
-0.294566,0.1537,1.006599e-06,96.27631,-1.100599e-07,1.000508e-06
-0.294566,0.1536,9.316653e-07,72.81109,2.752728e-07,8.899178e-07
-0.294566,0.1535,1.409254e-06,107.8629,-4.322379e-07,1.34121e-06
-0.294566,0.1534,1.99805e-06,101.2601,-3.901328e-07,1.959582e-06
-0.294566,0.1533,2.485016e-06,104.3683,-6.166454e-07,2.407277e-06
-0.294566,0.1532,1.528037e-06,89.68452,8.393079e-09,1.527881e-06
-0.294566,0.1531,1.506831e-06,93.87431,-1.01801e-07,1.503361e-06
-0.294566,0.153,1.369412e-06,116.2234,-6.05056e-07,1.228351e-06
-0.294566,0.1529,1.76829e-06,106.3418,-4.975274e-07,1.696832e-06
-0.294566,0.1528,1.329313e-06,103.1003,-3.012623e-07,1.294573e-06
-0.294566,0.1527,1.293193e-06,94.88812,-1.10194e-07,1.288443e-06
-0.294566,0.1526,1.565499e-06,114.5528,-6.504859e-07,1.423817e-06
-0.294566,0.1525,2.017859e-06,110.3531,-7.017888e-07,1.891762e-06
-0.294566,0.1524,1.685231e-06,114.4173,-6.96592e-07,1.534407e-06
-0.294566,0.1523,1.981012e-06,110.959,-7.085837e-07,1.849925e-06
-0.294566,0.1522,1.735562e-06,74.19404,4.727393e-07,1.669915e-06
-0.294566,0.1521,1.010069e-06,113.5598,-4.037227e-07,9.258929e-07
-0.294566,0.152,1.845253e-06,62.16193,8.616708e-07,1.631677e-06
-0.294566,0.1519,1.708153e-06,127.1524,-1.03156e-06,1.361327e-06
-0.294566,0.1518,2.071939e-06,112.2904,-7.858648e-07,1.91708e-06
-0.294566,0.1517,2.452248e-06,93.6011,-1.540314e-07,2.447381e-06
-0.294566,0.1516,1.727325e-06,115.5205,-7.441565e-07,1.558659e-06
-0.294566,0.1515,1.38502e-06,120.6713,-7.064491e-07,1.19118e-06
-0.294566,0.1514,1.391937e-06,95.57615,-1.352448e-07,1.38531e-06
-0.294566,0.1513,1.425242e-06,100.9795,-2.714172e-07,1.399034e-06
-0.294566,0.1512,1.203093e-06,103.8932,-2.888683e-07,1.167861e-06
-0.294566,0.1511,2.184385e-06,86.10688,1.482926e-07,2.1793e-06
-0.294566,0.151,1.749275e-06,112.6042,-6.723403e-07,1.614885e-06
-0.294566,0.1509,1.707913e-06,89.87161,3.861263e-09,1.707891e-06
-0.294566,0.1508,1.887174e-06,86.71317,1.08188e-07,1.884033e-06
-0.294566,0.1507,2.231094e-06,98.033,-3.1179e-07,2.209145e-06
-0.294566,0.1506,1.439044e-06,127.3298,-8.726008e-07,1.144275e-06
-0.294566,0.1505,9.836275e-07,84.02081,1.024603e-07,9.782575e-07
-0.294566,0.1504,1.250255e-06,123.1529,-6.836671e-07,1.046609e-06
-0.294566,0.1503,1.881005e-06,91.24556,-4.090927e-08,1.880435e-06
-0.294566,0.1502,1.680068e-06,128.7049,-1.050481e-06,1.310963e-06
-0.294566,0.1501,1.013081e-06,93.72568,-6.582587e-08,1.010902e-06
-0.294566,0.15,1.912934e-06,119.415,-9.394884e-07,1.666316e-06
-0.294852,0.2,2.660701e-06,73.03709,7.762648e-07,2.544913e-06
-0.294852,0.1999,1.786775e-06,77.48012,3.873333e-07,1.744262e-06
-0.294852,0.1998,1.856334e-06,76.36206,4.376973e-07,1.803958e-06
-0.294852,0.1997,1.23362e-06,75.56475,3.075208e-07,1.194644e-06
-0.294852,0.1996,1.276127e-06,140.0921,-9.787939e-07,8.186325e-07
-0.294852,0.1995,1.52184e-06,118.3014,-7.217712e-07,1.340406e-06
-0.294852,0.1994,1.723811e-06,110.2701,-5.971938e-07,1.617019e-06
-0.294852,0.1993,1.256899e-06,98.1296,-1.777466e-07,1.244209e-06
-0.294852,0.1992,1.697743e-06,91.36708,-4.050694e-08,1.697229e-06
-0.294852,0.1991,1.44704e-06,85.19929,1.211129e-07,1.441938e-06
-0.294852,0.199,1.355594e-06,101.8143,-2.775471e-07,1.326816e-06
-0.294852,0.1989,1.157071e-06,61.15042,5.582794e-07,1.013433e-06
-0.294852,0.1988,1.846281e-06,92.78412,-8.967518e-08,1.844063e-06
-0.294852,0.1987,1.013388e-06,121.5726,-5.305688e-07,8.63403e-07
-0.294852,0.1986,1.861369e-06,66.29955,7.481519e-07,1.704292e-06
-0.294852,0.1985,1.125432e-06,103.3913,-2.606213e-07,1.09471e-06
-0.294852,0.1984,2.196947e-06,84.26385,2.195779e-07,2.185827e-06
-0.294852,0.1983,9.837839e-07,81.86427,1.392345e-07,9.738598e-07
-0.294852,0.1982,1.040954e-06,91.37233,-2.49166e-08,1.040613e-06
-0.294852,0.1981,1.093804e-06,76.73962,2.508927e-07,1.064596e-06
-0.294852,0.198,1.746291e-06,69.17734,6.207693e-07,1.632208e-06
-0.294852,0.1979,1.394307e-06,83.29879,1.626871e-07,1.384645e-06
-0.294852,0.1978,1.725358e-06,89.38902,1.83843e-08,1.725208e-06
-0.294852,0.1977,1.390496e-06,100.3518,-2.49831e-07,1.367853e-06
-0.294852,0.1976,1.631671e-06,106.3506,-4.592891e-07,1.565588e-06
-0.294852,0.1975,1.471213e-06,119.6371,-7.275044e-07,1.278715e-06
-0.294852,0.1974,1.64383e-06,55.64595,9.276252e-07,1.357063e-06
-0.294852,0.1973,6.527826e-07,126.1732,-3.852043e-07,5.268361e-07
-0.294852,0.1972,1.375894e-06,117.65,-6.384942e-07,1.218756e-06
-0.294852,0.1971,3.957431e-07,-162.7184,-3.777444e-07,-1.175198e-07
-0.294852,0.197,2.017166e-06,105.1756,-5.280375e-07,1.946792e-06
-0.294852,0.1969,1.868829e-06,100.2513,-3.325715e-07,1.838866e-06
-0.294852,0.1968,3.126125e-06,103.9933,-7.558856e-07,3.033243e-06
-0.294852,0.1967,1.986706e-06,97.44168,-2.572908e-07,1.969976e-06
-0.294852,0.1966,1.948088e-06,96.52285,-2.213157e-07,1.935331e-06
-0.294852,0.1965,1.644015e-06,91.08207,-3.104656e-08,1.643668e-06
-0.294852,0.1964,1.38341e-06,73.19302,3.9999e-07,1.324284e-06
-0.294852,0.1963,1.636946e-06,95.20286,-1.484323e-07,1.630073e-06
-0.294852,0.1962,2.025157e-06,125.5832,-1.178395e-06,1.646999e-06
-0.294852,0.1961,2.005906e-06,96.00891,-2.09989e-07,1.994758e-06
-0.294852,0.196,1.720335e-06,83.77177,1.866705e-07,1.710154e-06
-0.294852,0.1959,1.5254e-06,96.75191,-1.793447e-07,1.514688e-06
-0.294852,0.1958,2.332879e-06,84.32286,2.307705e-07,2.321334e-06
-0.294852,0.1957,1.559168e-06,67.37038,5.998536e-07,1.439005e-06
-0.294852,0.1956,1.992015e-06,118.2795,-9.43752e-07,1.754259e-06
-0.294852,0.1955,1.039065e-06,106.5333,-2.956688e-07,9.959768e-07
-0.294852,0.1954,1.447945e-06,102.3048,-3.085881e-07,1.414624e-06
-0.294852,0.1953,1.959593e-06,102.136,-4.119873e-07,1.915745e-06
-0.294852,0.1952,1.841235e-06,96.74491,-2.162531e-07,1.828338e-06
-0.294852,0.1951,2.359785e-06,80.23129,4.003867e-07,2.325464e-06
-0.294852,0.195,1.660756e-06,90.24903,-7.19726e-09,1.660723e-06
-0.294852,0.1949,1.734478e-06,95.24132,-1.584291e-07,1.727208e-06
-0.294852,0.1948,1.481736e-06,77.1514,3.295037e-07,1.444604e-06
-0.294852,0.1947,1.874048e-06,72.2743,5.705393e-07,1.785038e-06
-0.294852,0.1946,2.045391e-06,55.54628,1.157199e-06,1.686573e-06
-0.294852,0.1945,1.392155e-06,74.61368,3.693457e-07,1.342138e-06
-0.294852,0.1944,1.566147e-06,64.33782,6.781965e-07,1.411557e-06
-0.294852,0.1943,1.817056e-06,68.16683,6.757993e-07,1.686701e-06
-0.294852,0.1942,1.712266e-06,97.4583,-2.222489e-07,1.69776e-06
-0.294852,0.1941,1.333963e-06,92.07872,-4.836916e-08,1.33308e-06
-0.294852,0.194,2.456204e-06,97.70353,-3.292411e-07,2.43392e-06
-0.294852,0.1939,1.650094e-06,118.8653,-7.96521e-07,1.445e-06
-0.294852,0.1938,1.290902e-06,107.0227,-3.778785e-07,1.234212e-06
-0.294852,0.1937,1.507295e-06,76.80869,3.438927e-07,1.467386e-06
-0.294852,0.1936,1.422258e-06,74.24562,3.861319e-07,1.368787e-06
-0.294852,0.1935,1.628458e-06,96.15741,-1.746844e-07,1.618886e-06
-0.294852,0.1934,1.339813e-06,88.6434,3.170594e-08,1.339344e-06
-0.294852,0.1933,8.621793e-07,75.40651,2.171806e-07,8.342228e-07
-0.294852,0.1932,1.448364e-06,112.0071,-5.426947e-07,1.342674e-06
-0.294852,0.1931,1.482596e-06,84.50864,1.419e-07,1.475779e-06
-0.294852,0.193,1.342389e-06,85.88963,9.61963e-08,1.338807e-06
-0.294852,0.1929,2.003319e-06,94.66956,-1.630894e-07,1.996625e-06
-0.294852,0.1928,1.307766e-06,105.4169,-3.47631e-07,1.260599e-06
-0.294852,0.1927,8.99842e-07,91.50347,-2.358667e-08,8.995123e-07
-0.294852,0.1926,1.72433e-06,98.19692,-2.458356e-07,1.706689e-06
-0.294852,0.1925,1.663316e-06,109.2141,-5.473606e-07,1.570517e-06
-0.294852,0.1924,2.069044e-06,103.4132,-4.799365e-07,2.012478e-06
-0.294852,0.1923,1.555792e-06,110.4834,-5.444269e-07,1.457395e-06
-0.294852,0.1922,1.150628e-06,77.83943,2.423655e-07,1.124689e-06
-0.294852,0.1921,1.358326e-06,125.619,-7.91056e-07,1.10417e-06
-0.294852,0.192,1.889633e-06,87.951,6.755255e-08,1.888297e-06
-0.294852,0.1919,2.573177e-06,109.663,-8.658058e-07,2.422995e-06
-0.294852,0.1918,1.732131e-06,85.62298,1.321714e-07,1.72694e-06
-0.294852,0.1917,1.208793e-06,105.1896,-3.167185e-07,1.166526e-06
-0.294852,0.1916,2.063032e-06,96.65749,-2.391692e-07,2.048989e-06
-0.294852,0.1915,1.44618e-06,119.6537,-7.155127e-07,1.256732e-06
-0.294852,0.1914,1.186883e-06,110.0025,-4.059914e-07,1.115228e-06
-0.294852,0.1913,6.110742e-07,80.24702,1.035276e-07,6.021168e-07
-0.294852,0.1912,1.505278e-06,88.10312,4.982762e-08,1.504428e-06
-0.294852,0.1911,1.749241e-06,103.3398,-4.035942e-07,1.701895e-06
-0.294852,0.191,1.428807e-06,93.47041,-8.647888e-08,1.42608e-06
-0.294852,0.1909,1.719709e-06,119.9081,-8.574128e-07,1.49057e-06
-0.294852,0.1908,2.064228e-06,129.635,-1.316696e-06,1.589572e-06
-0.294852,0.1907,2.090021e-06,96.87255,-2.500992e-07,2.074968e-06
-0.294852,0.1906,1.469688e-06,135.5585,-1.04928e-06,1.029023e-06
-0.294852,0.1905,7.139313e-07,162.9579,-6.824657e-07,2.091843e-07
-0.294852,0.1904,1.196069e-06,99.2058,-1.913364e-07,1.180652e-06
-0.294852,0.1903,1.664495e-06,110.2071,-5.749426e-07,1.56199e-06
-0.294852,0.1902,1.787351e-06,118.6887,-8.579436e-07,1.567851e-06
-0.294852,0.1901,1.425834e-06,71.41181,4.544835e-07,1.351336e-06
-0.294852,0.19,1.6309e-06,69.46322,5.721375e-07,1.52721e-06
-0.294852,0.1899,8.469521e-07,83.53484,9.539723e-08,8.415542e-07
-0.294852,0.1898,9.024571e-07,168.5422,-8.843299e-07,1.79205e-07
-0.294852,0.1897,1.670077e-06,98.76082,-2.543628e-07,1.650463e-06
-0.294852,0.1896,1.256648e-06,115.8431,-5.477573e-07,1.130953e-06
-0.294852,0.1895,7.506106e-07,110.9293,-2.680867e-07,7.009841e-07
-0.294852,0.1894,1.538956e-06,109.9868,-5.260426e-07,1.446202e-06
-0.294852,0.1893,1.613074e-06,132.4561,-1.088853e-06,1.190112e-06
-0.294852,0.1892,1.716407e-06,119.9903,-8.579436e-07,1.486575e-06
-0.294852,0.1891,8.645094e-07,114.7609,-3.620199e-07,7.849261e-07
-0.294852,0.189,1.347592e-06,137.5158,-9.937193e-07,9.100399e-07
-0.294852,0.1889,1.113669e-06,100.5564,-2.039931e-07,1.09471e-06
-0.294852,0.1888,1.813614e-06,126.1505,-1.069799e-06,1.464324e-06
-0.294852,0.1887,1.53885e-06,143.2523,-1.233022e-06,9.206961e-07
-0.294852,0.1886,1.721609e-06,105.6346,-4.639495e-07,1.657789e-06
-0.294852,0.1885,6.677079e-07,117.3773,-3.069899e-07,5.927905e-07
-0.294852,0.1884,1.316109e-06,110.4502,-4.5982e-07,1.233017e-06
-0.294852,0.1883,1.453204e-06,104.6109,-3.665518e-07,1.406097e-06
-0.294852,0.1882,1.285353e-06,111.4398,-4.698112e-07,1.196376e-06
-0.294852,0.1881,1.424968e-06,125.3209,-8.238349e-07,1.162664e-06
-0.294852,0.188,1.594064e-06,124.4895,-9.0258e-07,1.313762e-06
-0.294852,0.1879,1.594685e-06,122.5899,-8.588768e-07,1.343473e-06
-0.294852,0.1878,1.145577e-06,117.7191,-5.328375e-07,1.014098e-06
-0.294852,0.1877,1.110065e-06,85.21503,9.259767e-08,1.10617e-06
-0.294852,0.1876,1.994976e-06,109.5533,-6.676744e-07,1.879904e-06
-0.294852,0.1875,1.488117e-06,94.11298,-1.067295e-07,1.484178e-06
-0.294852,0.1874,1.167677e-06,-175.3208,-1.163737e-06,-9.526871e-08
-0.294852,0.1873,8.354969e-07,71.72703,2.619512e-07,7.933191e-07
-0.294852,0.1872,1.310057e-06,95.17051,-1.180563e-07,1.304699e-06
-0.294852,0.1871,1.576457e-06,94.85315,-1.333784e-07,1.570651e-06
-0.294852,0.187,1.314092e-06,111.8908,-4.899334e-07,1.219293e-06
-0.294852,0.1869,4.318691e-07,162.3827,-4.115849e-07,1.307073e-07
-0.294852,0.1868,8.848998e-07,141.3509,-6.909929e-07,5.525518e-07
-0.294852,0.1867,1.680454e-06,117.7759,-7.830653e-07,1.486709e-06
-0.294852,0.1866,5.568042e-07,147.2631,-4.683472e-07,3.011226e-07
-0.294852,0.1865,8.673481e-07,120.5848,-4.413016e-07,7.466822e-07
-0.294852,0.1864,1.321909e-06,126.6322,-7.886588e-07,1.060735e-06
-0.294852,0.1863,1.49518e-06,138.6104,-1.121632e-06,9.885169e-07
-0.294852,0.1862,6.045363e-07,72.96846,1.77076e-07,5.779992e-07
-0.294852,0.1861,1.819968e-06,110.5114,-6.376951e-07,1.70456e-06
-0.294852,0.186,1.036427e-06,121.5796,-5.426947e-07,8.828546e-07
-0.294852,0.1859,1.486077e-06,93.26409,-8.461251e-08,1.483641e-06
-0.294852,0.1858,1.1266e-06,132.6187,-7.62809e-07,8.290261e-07
-0.294852,0.1857,1.783953e-06,95.18974,-1.613572e-07,1.77651e-06
-0.294852,0.1856,8.015278e-07,107.1819,-2.36772e-07,7.657371e-07
-0.294852,0.1855,9.665731e-07,126.5806,-5.760043e-07,7.761307e-07
-0.294852,0.1854,1.780305e-06,110.2797,-6.170477e-07,1.669915e-06
-0.294852,0.1853,1.979677e-06,85.97881,1.388322e-07,1.97477e-06
-0.294852,0.1852,1.224216e-06,106.6216,-3.501623e-07,1.173058e-06
-0.294852,0.1851,1.237275e-06,112.9338,-4.820711e-07,1.139346e-06
-0.294852,0.185,1.684544e-06,110.257,-5.832016e-07,1.580245e-06
-0.294852,0.1849,6.227642e-07,98.72847,-9.446963e-08,6.154384e-07
-0.294852,0.1848,1.809742e-06,100.3413,-3.248434e-07,1.780238e-06
-0.294852,0.1847,1.3874e-06,145.9343,-1.149214e-06,7.770638e-07
-0.294852,0.1846,1.30381e-06,128.5615,-8.126422e-07,1.019429e-06
-0.294852,0.1845,6.471276e-07,172.6675,-6.418302e-07,8.260644e-08
-0.294852,0.1844,9.682383e-07,69.2228,3.434959e-07,9.052399e-07
-0.294852,0.1843,1.327402e-06,104.951,-3.424342e-07,1.282447e-06
-0.294852,0.1842,2.066876e-06,101.8414,-4.241131e-07,2.022871e-06
-0.294852,0.1841,2.052035e-06,120.2578,-1.033958e-06,1.772509e-06
-0.294852,0.184,1.036986e-06,108.8329,-3.347061e-07,9.813196e-07
-0.294852,0.1839,1.485239e-06,105.1817,-3.88937e-07,1.433277e-06
-0.294852,0.1838,1.581139e-06,122.4328,-8.479524e-07,1.334544e-06
-0.294852,0.1837,1.844845e-06,130.8651,-1.207038e-06,1.395173e-06
-0.294852,0.1836,9.246245e-07,114.2486,-3.797393e-07,8.430182e-07
-0.294852,0.1835,1.041088e-06,96.77813,-1.228507e-07,1.033684e-06
-0.294852,0.1834,1.867549e-06,122.7437,-1.010108e-06,1.570785e-06
-0.294852,0.1833,1.384695e-06,94.79021,-1.15659e-07,1.379717e-06
-0.294852,0.1832,1.398654e-06,104.5558,-3.514923e-07,1.353733e-06
-0.294852,0.1831,1.898797e-06,102.6466,-4.157144e-07,1.85259e-06
-0.294852,0.183,2.069173e-06,118.5348,-9.883884e-07,1.817811e-06
-0.294852,0.1829,1.250149e-06,93.72219,-8.114799e-08,1.247406e-06
-0.294852,0.1828,1.343546e-06,104.3207,-3.323089e-07,1.301771e-06
-0.294852,0.1827,1.785758e-06,110.2744,-6.187744e-07,1.674978e-06
-0.294852,0.1826,2.250513e-06,108.0845,-6.985869e-07,2.139324e-06
-0.294852,0.1825,7.213465e-07,132.4946,-4.872679e-07,5.318988e-07
-0.294852,0.1824,2.026621e-06,87.34701,9.379908e-08,2.024335e-06
-0.294852,0.1823,7.753372e-07,83.78663,8.394196e-08,7.707998e-07
-0.294852,0.1822,1.256201e-06,133.9851,-8.723381e-07,9.037759e-07
-0.294852,0.1821,4.640053e-07,28.83558,4.063826e-07,2.237074e-07
-0.294852,0.182,2.428136e-06,78.06673,5.020536e-07,2.375565e-06
-0.294852,0.1819,1.560235e-06,117.4962,-7.203072e-07,1.383846e-06
-0.294852,0.1818,1.458624e-06,104.3661,-3.618858e-07,1.412892e-06
-0.294852,0.1817,1.762032e-06,76.90136,3.99325e-07,1.716149e-06
-0.294852,0.1816,1.76833e-06,70.55855,5.885269e-07,1.667384e-06
-0.294852,0.1815,2.055505e-06,77.75375,4.359651e-07,2.008616e-06
-0.294852,0.1814,1.423928e-06,92.05948,-5.116872e-08,1.422883e-06
-0.294852,0.1813,7.98108e-07,116.3126,-3.53761e-07,7.15373e-07
-0.294852,0.1812,1.333365e-06,107.3261,-3.970619e-07,1.272853e-06
-0.294852,0.1811,1.292489e-06,101.0381,-2.474337e-07,1.268589e-06
-0.294852,0.181,1.021072e-06,-177.6432,-1.020099e-06,-4.197657e-08
-0.294852,0.1809,1.007236e-06,78.90417,1.938622e-07,9.883828e-07
-0.294852,0.1808,1.687075e-06,109.0375,-5.502887e-07,1.594768e-06
-0.294852,0.1807,8.921641e-07,101.7295,-1.813452e-07,8.733943e-07
-0.294852,0.1806,1.349888e-06,115.5799,-5.827993e-07,1.217426e-06
-0.294852,0.1805,1.339623e-06,72.57767,4.010573e-07,1.27805e-06
-0.294852,0.1804,4.278961e-07,127.2643,-2.590231e-07,3.404282e-07
-0.294852,0.1803,6.43948e-07,115.4663,-2.768766e-07,5.813296e-07
-0.294852,0.1802,1.706717e-06,94.70278,-1.399051e-07,1.700961e-06
-0.294852,0.1801,1.723157e-06,100.4794,-3.133881e-07,1.694301e-06
-0.294852,0.18,8.880849e-07,92.22734,-3.451108e-08,8.873865e-07
-0.294852,0.1799,8.252263e-07,110.7387,-2.922043e-07,7.71733e-07
-0.294852,0.1798,6.575491e-07,138.0054,-4.885978e-07,4.398263e-07
-0.294852,0.1797,1.781539e-06,75.74048,4.387646e-07,1.726543e-06
-0.294852,0.1796,1.624524e-06,117.5172,-7.505547e-07,1.440737e-06
-0.294852,0.1795,1.805031e-06,114.4322,-7.465537e-07,1.6434e-06
-0.294852,0.1794,1.158865e-06,115.6665,-5.019251e-07,1.04448e-06
-0.294852,0.1793,1.592684e-06,106.7518,-4.590209e-07,1.525081e-06
-0.294852,0.1792,1.363093e-06,111.0429,-4.893969e-07,1.272054e-06
-0.294852,0.1791,5.234833e-07,136.5691,-3.801416e-07,3.598853e-07
-0.294852,0.179,1.262722e-06,113.6925,-5.073845e-07,1.156266e-06
-0.294852,0.1789,2.777818e-07,64.71278,1.185815e-07,2.510268e-07
-0.294852,0.1788,9.840186e-07,-165.6915,-9.534806e-07,-2.431701e-07
-0.294852,0.1787,7.086005e-07,-145.1406,-5.813352e-07,-4.049241e-07
-0.294852,0.1786,1.714076e-06,-137.7466,-1.268729e-06,-1.152545e-06
-0.294852,0.1785,1.736149e-06,-135.8671,-1.246081e-06,-1.208905e-06
-0.294852,0.1784,9.850189e-07,-105.2289,-2.587605e-07,-9.504184e-07
-0.294852,0.1783,2.078153e-06,-169.2503,-2.041663e-06,-3.876015e-07
-0.294852,0.1782,2.032723e-06,-128.3412,-1.260867e-06,-1.594237e-06
-0.294852,0.1781,2.681823e-06,-134.0178,-1.86352e-06,-1.928541e-06
-0.294852,0.178,2.865906e-06,-135.2315,-2.0346e-06,-2.018216e-06
-0.294852,0.1779,2.322927e-06,-127.186,-1.403968e-06,-1.850595e-06
-0.294852,0.1778,3.22644e-06,-136.2282,-2.329733e-06,-2.231933e-06
-0.294852,0.1777,2.785965e-06,-127.4308,-1.693239e-06,-2.212213e-06
-0.294852,0.1776,2.454495e-06,-127.4387,-1.492045e-06,-1.948798e-06
-0.294852,0.1775,2.996748e-06,-125.612,-1.744933e-06,-2.436194e-06
-0.294852,0.1774,2.845499e-06,-139.9081,-2.176774e-06,-1.832474e-06
-0.294852,0.1773,4.020055e-06,-144.0775,-3.255497e-06,-2.355979e-06
-0.294852,0.1772,3.438256e-06,-133.2961,-2.357846e-06,-2.502417e-06
-0.294852,0.1771,3.787318e-06,-141.295,-2.95557e-06,-2.368239e-06
-0.294852,0.177,3.47156e-06,-138.1134,-2.584358e-06,-2.317741e-06
-0.294852,0.1769,4.005834e-06,-124.9905,-2.297088e-06,-3.281744e-06
-0.294852,0.1768,3.992049e-06,-126.7568,-2.388892e-06,-3.198338e-06
-0.294852,0.1767,3.504144e-06,-129.1866,-2.214079e-06,-2.715999e-06
-0.294852,0.1766,4.147639e-06,-139.4111,-3.149701e-06,-2.698548e-06
-0.294852,0.1765,4.403075e-06,-124.3654,-2.485357e-06,-3.634437e-06
-0.294852,0.1764,5.26113e-06,-129.3064,-3.332644e-06,-4.070805e-06
-0.294852,0.1763,5.726169e-06,-124.95,-3.28028e-06,-4.693441e-06
-0.294852,0.1762,5.827154e-06,-127.009,-3.507591e-06,-4.653202e-06
-0.294852,0.1761,6.22069e-06,-131.6267,-4.132227e-06,-4.649871e-06
-0.294852,0.176,6.48752e-06,-132.8502,-4.412032e-06,-4.756199e-06
-0.294852,0.1759,7.122829e-06,-124.1098,-3.994323e-06,-5.897412e-06
-0.294852,0.1758,7.65304e-06,-119.6458,-3.785401e-06,-6.651163e-06
-0.294852,0.1757,7.961053e-06,-124.4465,-4.503037e-06,-6.565086e-06
-0.294852,0.1756,8.150171e-06,-125.5983,-4.744207e-06,-6.627045e-06
-0.294852,0.1755,8.139705e-06,-129.0612,-5.129143e-06,-6.320189e-06
-0.294852,0.1754,8.856967e-06,-123.8677,-4.935806e-06,-7.354142e-06
-0.294852,0.1753,8.477579e-06,-126.4792,-5.040133e-06,-6.816515e-06
-0.294852,0.1752,9.440548e-06,-125.5684,-5.491292e-06,-7.679119e-06
-0.294852,0.1751,9.193606e-06,-127.8868,-5.645854e-06,-7.255811e-06
-0.294852,0.175,9.581666e-06,-124.5027,-5.427472e-06,-7.896171e-06
-0.294852,0.1749,1.046463e-05,-125.2517,-6.039848e-06,-8.54559e-06
-0.294852,0.1748,9.378584e-06,-122.5004,-5.039205e-06,-7.909761e-06
-0.294852,0.1747,9.821143e-06,-118.8269,-4.735412e-06,-8.604085e-06
-0.294852,0.1746,9.535437e-06,-128.2092,-5.897948e-06,-7.492449e-06
-0.294852,0.1745,8.690306e-06,-131.8806,-5.801478e-06,-6.47022e-06
-0.294852,0.1744,8.600933e-06,-123.7087,-4.773253e-06,-7.154814e-06
-0.294852,0.1743,8.736301e-06,-124.7616,-4.981108e-06,-7.177066e-06
-0.294852,0.1742,8.154261e-06,-125.821,-4.77232e-06,-6.611857e-06
-0.294852,0.1741,8.868779e-06,-123.2058,-4.856927e-06,-7.420498e-06
-0.294852,0.174,6.64258e-06,-125.4879,-3.85615e-06,-5.408551e-06
-0.294852,0.1739,7.511442e-06,-131.2113,-4.948731e-06,-5.650648e-06
-0.294852,0.1738,7.813872e-06,-126.1487,-4.60923e-06,-6.309527e-06
-0.294852,0.1737,6.30898e-06,-125.6595,-3.677872e-06,-5.125941e-06
-0.294852,0.1736,6.450545e-06,-120.2408,-3.248702e-06,-5.572702e-06
-0.294852,0.1735,6.66877e-06,-126.2414,-3.942489e-06,-5.378572e-06
-0.294852,0.1734,5.29848e-06,-129.2277,-3.350766e-06,-4.104377e-06
-0.294852,0.1733,5.839297e-06,-129.1613,-3.687467e-06,-4.527557e-06
-0.294852,0.1732,5.474807e-06,-129.7469,-3.500528e-06,-4.209375e-06
-0.294852,0.1731,4.503048e-06,-139.351,-3.416452e-06,-2.933319e-06
-0.294852,0.173,3.927648e-06,-137.2763,-2.885352e-06,-2.664702e-06
-0.294852,0.1729,3.404069e-06,-137.1049,-2.493755e-06,-2.316942e-06
-0.294852,0.1728,2.756986e-06,-140.5908,-2.130137e-06,-1.750264e-06
-0.294852,0.1727,2.531843e-06,-141.702,-1.986902e-06,-1.569058e-06
-0.294852,0.1726,1.662528e-06,-153.106,-1.482317e-06,-7.529519e-07
-0.294852,0.1725,1.548791e-06,-157.9159,-1.435149e-06,-5.822684e-07
-0.294852,0.1724,1.583559e-06,-161.1119,-1.49817e-06,-5.125813e-07
-0.294852,0.1723,1.960454e-06,-173.9561,-1.949463e-06,-2.063959e-07
-0.294852,0.1722,1.439167e-06,-154.2101,-1.295646e-06,-6.261058e-07
-0.294852,0.1721,1.523209e-06,178.8925,-1.522824e-06,2.944283e-08
-0.294852,0.172,1.647105e-06,168.9653,-1.616623e-06,3.152489e-07
-0.294852,0.1719,1.606481e-06,165.8716,-1.557866e-06,3.921277e-07
-0.294852,0.1718,1.106534e-06,140.5117,-8.539482e-07,7.03644e-07
-0.294852,0.1717,1.448163e-06,174.7324,-1.441944e-06,1.329705e-07
-0.294852,0.1716,1.625781e-06,164.7675,-1.568656e-06,4.271697e-07
-0.294852,0.1715,1.703688e-06,136.6058,-1.237951e-06,1.170393e-06
-0.294852,0.1714,4.4832e-07,135.2892,-3.185849e-07,3.153774e-07
-0.294852,0.1713,1.241823e-06,136.3943,-8.991155e-07,8.563399e-07
-0.294852,0.1712,1.579279e-06,120.3348,-7.962528e-07,1.363461e-06
-0.294852,0.1711,9.632594e-07,107.6522,-2.920702e-07,9.178966e-07
-0.294852,0.171,1.37314e-06,134.7185,-9.661372e-07,9.757261e-07
-0.294852,0.1709,1.065362e-06,118.3608,-5.060546e-07,9.374879e-07
-0.294852,0.1708,1.74947e-06,102.8319,-3.885347e-07,1.705756e-06
-0.294852,0.1707,1.708712e-06,108.321,-5.371011e-07,1.622082e-06
-0.294852,0.1706,1.446973e-06,114.7128,-6.049219e-07,1.314427e-06
-0.294852,0.1705,2.272803e-06,110.3474,-7.90257e-07,2.130931e-06
-0.294852,0.1704,2.225378e-06,120.7085,-1.136418e-06,1.913348e-06
-0.294852,0.1703,1.562464e-06,109.229,-5.145817e-07,1.475248e-06
-0.294852,0.1702,1.009041e-06,130.9682,-6.6155e-07,7.618758e-07
-0.294852,0.1701,2.635141e-06,124.3619,-1.487245e-06,2.175165e-06
-0.294852,0.17,1.035153e-06,109.4834,-3.452338e-07,9.758602e-07
-0.294852,0.1699,1.7047e-06,105.6634,-4.602223e-07,1.641266e-06
-0.294852,0.1698,1.754969e-06,107.4983,-5.276408e-07,1.673648e-06
-0.294852,0.1697,1.136787e-06,103.2481,-2.604927e-07,1.106433e-06
-0.294852,0.1696,1.710925e-06,126.6313,-1.020764e-06,1.372922e-06
-0.294852,0.1695,1.611175e-06,98.34555,-2.338439e-07,1.593969e-06
-0.294852,0.1694,1.397665e-06,138.1698,-1.041417e-06,9.32157e-07
-0.294852,0.1693,1.580195e-06,132.4465,-1.066468e-06,1.165995e-06
-0.294852,0.1692,1.585956e-06,112.8708,-6.163772e-07,1.461256e-06
-0.294852,0.1691,1.902652e-06,96.01415,-1.993328e-07,1.892164e-06
-0.294852,0.169,1.026855e-06,91.95632,-3.504753e-08,1.026224e-06
-0.294852,0.1689,1.736836e-06,91.04535,-3.171153e-08,1.7364e-06
-0.294852,0.1688,1.998726e-06,103.8905,-4.79808e-07,1.940265e-06
-0.294852,0.1687,9.581297e-07,108.3883,-3.021955e-07,9.091068e-07
-0.294852,0.1686,1.215403e-06,143.0128,-9.708032e-07,7.31226e-07
-0.294852,0.1685,2.560548e-06,107.9617,-7.89592e-07,2.435652e-06
-0.294852,0.1684,1.448197e-06,103.8687,-3.470946e-07,1.405963e-06
-0.294852,0.1683,2.366004e-06,112.4823,-9.047146e-07,2.186095e-06
-0.294852,0.1682,1.79338e-06,79.59045,3.240387e-07,1.763848e-06
-0.294852,0.1681,2.479149e-06,91.40773,-6.089173e-08,2.478294e-06
-0.294852,0.168,2.049665e-06,88.37937,5.795806e-08,2.048721e-06
-0.294852,0.1679,1.25215e-06,114.9584,-5.283057e-07,1.135082e-06
-0.294852,0.1678,2.051146e-06,119.5934,-1.012908e-06,1.783439e-06
-0.294852,0.1677,1.905038e-06,95.45026,-1.809429e-07,1.896293e-06
-0.294852,0.1676,1.391401e-06,100.92,-2.635549e-07,1.365993e-06
-0.294852,0.1675,1.522466e-06,106.4275,-4.305057e-07,1.460328e-06
-0.294852,0.1674,1.370536e-06,112.1505,-5.167163e-07,1.269254e-06
-0.294852,0.1673,1.953318e-06,92.75964,-9.407289e-08,1.950921e-06
-0.294852,0.1672,1.486966e-06,130.1517,-9.588114e-07,1.136546e-06
-0.294852,0.1671,1.688484e-06,95.85154,-1.721531e-07,1.679643e-06
-0.294852,0.167,2.265488e-06,117.6951,-1.052878e-06,2.005817e-06
-0.294852,0.1669,1.40451e-06,117.4743,-6.479546e-07,1.246076e-06
-0.294852,0.1668,1.244265e-06,108.9728,-4.045218e-07,1.176657e-06
-0.294852,0.1667,2.045676e-06,121.4712,-1.067932e-06,1.744665e-06
-0.294852,0.1666,2.175517e-06,95.37376,-2.037305e-07,2.165839e-06
-0.294852,0.1665,2.083562e-06,108.6861,-6.675459e-07,1.973703e-06
-0.294852,0.1664,1.434182e-06,88.65826,3.357231e-08,1.433679e-06
-0.294852,0.1663,1.211497e-06,59.96856,6.062462e-07,1.048743e-06
-0.294852,0.1662,1.334153e-06,106.5315,-3.796108e-07,1.278983e-06
-0.294852,0.1661,1.09951e-06,73.38099,3.144498e-07,1.053538e-06
-0.294852,0.166,1.559033e-06,105.1005,-4.061255e-07,1.505227e-06
-0.294852,0.1659,1.841733e-06,84.94838,1.621507e-07,1.834468e-06
-0.294852,0.1658,1.258045e-06,68.34069,4.643462e-07,1.169191e-06
-0.294852,0.1657,2.251619e-06,69.53972,7.870551e-07,2.109479e-06
-0.294852,0.1656,1.409607e-06,117.4516,-6.49821e-07,1.25087e-06
-0.294852,0.1655,1.825187e-06,72.24982,5.56413e-07,1.738267e-06
-0.294852,0.1654,7.10763e-07,130.0118,-4.568863e-07,5.442872e-07
-0.294852,0.1653,1.166526e-06,109.7343,-3.938656e-07,1.097906e-06
-0.294852,0.1652,1.570081e-06,96.26932,-1.714825e-07,1.560525e-06
-0.294852,0.1651,1.565152e-06,126.1199,-9.225681e-07,1.264192e-06
-0.294852,0.165,1.799393e-06,133.0182,-1.227557e-06,1.315623e-06
-0.294852,0.1649,1.396793e-06,148.2901,-1.188252e-06,7.341597e-07
-0.294852,0.1648,1.584336e-06,128.3919,-9.838566e-07,1.241678e-06
-0.294852,0.1647,1.67652e-06,97.87619,-2.297088e-07,1.660589e-06
-0.294852,0.1646,1.865392e-06,114.7311,-7.803998e-07,1.694301e-06
-0.294852,0.1645,1.712199e-06,88.65302,4.023872e-08,1.711618e-06
-0.294852,0.1644,2.210525e-06,116.3952,-9.826608e-07,1.979967e-06
-0.294852,0.1643,8.60447e-07,82.25669,1.159161e-07,8.524786e-07
-0.294852,0.1642,7.834453e-07,146.2193,-6.511565e-07,4.355628e-07
-0.294852,0.1641,1.956263e-06,98.51515,-2.896729e-07,1.934666e-06
-0.294852,0.164,1.563001e-06,99.90159,-2.687517e-07,1.539604e-06
-0.294852,0.1639,1.387372e-06,91.14415,-2.771615e-08,1.387042e-06
-0.294852,0.1638,1.241739e-06,84.73158,1.140497e-07,1.236481e-06
-0.294852,0.1637,1.760127e-06,109.0847,-5.754735e-07,1.663388e-06
-0.294852,0.1636,2.405634e-06,122.2759,-1.284588e-06,2.03393e-06
-0.294852,0.1635,1.805216e-06,78.47753,3.605503e-07,1.768782e-06
-0.294852,0.1634,1.544158e-06,102.0425,-3.221835e-07,1.510156e-06
-0.294852,0.1633,1.757724e-06,86.76213,9.926408e-08,1.75479e-06
-0.294852,0.1632,2.218745e-06,94.95019,-1.914706e-07,2.210341e-06
-0.294852,0.1631,1.723933e-06,112.6575,-6.640814e-07,1.590767e-06
-0.294852,0.163,1.546192e-06,96.77988,-1.825466e-07,1.535341e-06
-0.294852,0.1629,1.227306e-06,128.037,-7.561482e-07,9.66534e-07
-0.294852,0.1628,5.386322e-07,102.9797,-1.209843e-07,5.248356e-07
-0.294852,0.1627,1.238722e-06,85.18618,1.039244e-07,1.234212e-06
-0.294852,0.1626,1.450527e-06,73.4824,4.123784e-07,1.390641e-06
-0.294852,0.1625,1.331046e-06,93.96698,-9.207241e-08,1.327749e-06
-0.294852,0.1624,2.303944e-06,102.814,-5.109831e-07,2.24645e-06
-0.294852,0.1623,2.40764e-06,113.1296,-9.457524e-07,2.214074e-06
-0.294852,0.1622,2.297244e-06,79.84049,4.051867e-07,2.261107e-06
-0.294852,0.1621,1.232581e-06,87.21849,5.982443e-08,1.231016e-06
-0.294852,0.162,1.382349e-06,75.47295,3.466922e-07,1.338008e-06
-0.294852,0.1619,8.352678e-07,93.01055,-4.383735e-08,8.340887e-07
-0.294852,0.1618,1.729946e-06,93.52462,-1.063272e-07,1.726677e-06
-0.294852,0.1617,1.797046e-06,76.65494,4.147812e-07,1.748392e-06
-0.294852,0.1616,1.61094e-06,84.37575,1.578871e-07,1.603161e-06
-0.294852,0.1615,1.559732e-06,90.08292,-2.268701e-09,1.559592e-06
-0.294852,0.1614,1.775756e-06,94.17855,-1.29383e-07,1.770911e-06
-0.294852,0.1613,1.484563e-06,92.778,-7.195584e-08,1.482708e-06
-0.294852,0.1612,1.93062e-06,98.53351,-2.86471e-07,1.909218e-06
-0.294852,0.1611,1.185201e-06,115.3561,-5.075186e-07,1.07086e-06
-0.294852,0.161,1.609062e-06,145.2647,-1.322295e-06,9.168349e-07
-0.294852,0.1609,1.159798e-06,92.81822,-5.703046e-08,1.158267e-06
-0.294852,0.1608,2.502294e-06,114.8666,-1.052213e-06,2.270299e-06
-0.294852,0.1607,2.396944e-06,80.18014,4.087854e-07,2.361707e-06
-0.294852,0.1606,1.691943e-06,114.5563,-7.031187e-07,1.538805e-06
-0.294852,0.1605,1.03032e-06,131.9595,-6.888639e-07,7.661394e-07
-0.294852,0.1604,1.301703e-06,112.6366,-5.009919e-07,1.201439e-06
-0.294852,0.1603,1.335058e-06,160.1869,-1.255938e-06,4.524886e-07
-0.294852,0.1602,9.750332e-07,169.1157,-9.574759e-07,1.841392e-07
-0.294852,0.1601,1.866644e-06,137.3751,-1.373458e-06,1.264063e-06
-0.294852,0.16,1.415764e-06,138.2817,-1.05674e-06,9.421482e-07
-0.294852,0.1599,1.14989e-06,143.4534,-9.237695e-07,6.847288e-07
-0.294852,0.1598,1.563448e-06,152.925,-1.391977e-06,7.115062e-07
-0.294852,0.1597,1.160759e-06,135.6232,-8.295681e-07,8.117035e-07
-0.294852,0.1596,1.376029e-06,120.6154,-7.007215e-07,1.184117e-06
-0.294852,0.1595,1.659616e-06,130.3239,-1.073928e-06,1.265259e-06
-0.294852,0.1594,1.624725e-06,140.8649,-1.260202e-06,1.025425e-06
-0.294852,0.1593,1.898087e-06,133.2105,-1.299507e-06,1.38331e-06
-0.294852,0.1592,1.458512e-06,119.2787,-7.13244e-07,1.272054e-06
-0.294852,0.1591,1.390166e-06,154.85,-1.258336e-06,5.9079e-07
-0.294852,0.159,2.009745e-06,140.9715,-1.561196e-06,1.265527e-06
-0.294852,0.1589,1.58894e-06,129.8361,-1.017836e-06,1.220092e-06
-0.294852,0.1588,4.158876e-07,76.97655,9.366497e-08,4.050526e-07
-0.294852,0.1587,2.104684e-06,86.07847,1.439005e-07,2.099622e-06
-0.294852,0.1586,2.283945e-06,89.07485,3.690272e-08,2.283627e-06
-0.294852,0.1585,9.340681e-07,85.88439,6.70161e-08,9.316205e-07
-0.294852,0.1584,1.605279e-06,123.8978,-8.952543e-07,1.332415e-06
-0.294852,0.1583,2.124264e-06,74.98861,5.501545e-07,2.051655e-06
-0.294852,0.1582,2.308353e-06,123.0782,-1.259805e-06,1.934135e-06
-0.294852,0.1581,1.45669e-06,97.81237,-1.979973e-07,1.44314e-06
-0.294852,0.158,1.453477e-06,100.4095,-2.626217e-07,1.429416e-06
-0.294852,0.1579,1.547014e-06,125.3419,-8.948519e-07,1.261929e-06
-0.294852,0.1578,1.270746e-06,128.6236,-7.931906e-07,9.927805e-07
-0.294852,0.1577,1.502003e-06,148.0287,-1.27406e-06,7.951855e-07
-0.294852,0.1576,1.306056e-06,91.83567,-4.184246e-08,1.305364e-06
-0.294852,0.1575,1.112317e-06,110.0279,-3.809407e-07,1.04501e-06
-0.294852,0.1574,1.527635e-06,139.9216,-1.1688e-06,9.834542e-07
-0.294852,0.1573,1.905279e-06,127.2608,-1.153478e-06,1.516286e-06
-0.294852,0.1572,1.739177e-06,138.4382,-1.30124e-06,1.153735e-06
-0.294852,0.1571,1.509346e-06,123.2998,-8.286349e-07,1.261526e-06
-0.294852,0.157,1.130366e-06,79.34218,2.090558e-07,1.110831e-06
-0.294852,0.1569,6.984081e-07,100.7321,-1.30048e-07,6.860587e-07
-0.294852,0.1568,1.07941e-06,131.7182,-7.183067e-07,8.057076e-07
-0.294852,0.1567,1.338198e-06,105.6555,-3.610868e-07,1.288443e-06
-0.294852,0.1566,6.487201e-07,154.8229,-5.870629e-07,2.759434e-07
-0.294852,0.1565,1.117056e-06,107.6513,-3.387015e-07,1.064462e-06
-0.294852,0.1564,1.80431e-06,108.0701,-5.596205e-07,1.715216e-06
-0.294852,0.1563,1.542901e-06,57.11544,8.376874e-07,1.295641e-06
-0.294852,0.1562,1.728851e-06,81.83804,2.454277e-07,1.711221e-06
-0.294852,0.1561,9.247474e-07,111.3122,-3.36036e-07,8.614026e-07
-0.294852,0.156,9.43724e-07,122.5374,-5.075186e-07,7.954481e-07
-0.294852,0.1559,6.564762e-07,92.58404,-2.958253e-08,6.556771e-07
-0.294852,0.1558,1.852137e-06,119.0251,-8.985847e-07,1.619417e-06
-0.294852,0.1557,1.036478e-06,136.0376,-7.460229e-07,7.195025e-07
-0.294852,0.1556,1.231547e-06,136.0297,-8.863247e-07,8.5501e-07
-0.294852,0.1555,1.65861e-06,98.78967,-2.534296e-07,1.639002e-06
-0.294852,0.1554,1.853708e-06,115.9926,-8.123796e-07,1.666182e-06
-0.294852,0.1553,2.287399e-06,89.78637,8.527189e-09,2.287359e-06
-0.294852,0.1552,1.884363e-06,96.59104,-2.162531e-07,1.871908e-06
-0.294852,0.1551,1.541348e-06,121.2561,-7.997173e-07,1.317624e-06
-0.294852,0.155,1.817448e-06,125.6374,-1.058874e-06,1.47698e-06
-0.294852,0.1549,1.808714e-06,138.321,-1.350805e-06,1.202635e-06
-0.294852,0.1548,1.169644e-06,136.7964,-8.524842e-07,8.006449e-07
-0.294852,0.1547,1.253334e-06,137.7484,-9.276308e-07,8.426159e-07
-0.294852,0.1546,1.6165e-06,103.3293,-3.726817e-07,1.572914e-06
-0.294852,0.1545,1.64639e-06,123.5236,-9.092465e-07,1.372519e-06
-0.294852,0.1544,2.419201e-06,129.6722,-1.544404e-06,1.86205e-06
-0.294852,0.1543,2.170315e-06,149.4134,-1.868315e-06,1.104304e-06
-0.294852,0.1542,9.992122e-07,112.105,-3.760121e-07,9.257588e-07
-0.294852,0.1541,1.738099e-06,111.0245,-6.235744e-07,1.622345e-06
-0.294852,0.154,1.642595e-06,105.242,-4.318412e-07,1.584772e-06
-0.294852,0.1539,7.21855e-07,100.4873,-1.313779e-07,7.097739e-07
-0.294852,0.1538,1.956408e-06,101.754,-3.985259e-07,1.915348e-06
-0.294852,0.1537,1.783613e-06,136.1101,-1.285387e-06,1.236481e-06
-0.294852,0.1536,1.727437e-06,107.3174,-5.14185e-07,1.649128e-06
-0.294852,0.1535,1.206206e-06,108.5986,-3.846734e-07,1.143079e-06
-0.294852,0.1534,1.659454e-06,112.2869,-6.293021e-07,1.535341e-06
-0.294852,0.1533,1.027666e-06,108.805,-3.312416e-07,9.727925e-07
-0.294852,0.1532,1.076851e-06,152.1182,-9.517483e-07,5.035176e-07
-0.294852,0.1531,1.70128e-06,123.333,-9.34828e-07,1.421419e-06
-0.294852,0.153,1.376437e-06,138.9171,-1.037422e-06,9.044408e-07
-0.294852,0.1529,2.161005e-06,126.0963,-1.273127e-06,1.746129e-06
-0.294852,0.1528,2.48035e-06,118.9103,-1.199042e-06,2.171169e-06
-0.294852,0.1527,2.07575e-06,143.957,-1.678314e-06,1.221287e-06
-0.294852,0.1526,1.760182e-06,135.5515,-1.256469e-06,1.23248e-06
-0.294852,0.1525,5.93042e-07,70.10043,2.018585e-07,5.576144e-07
-0.294852,0.1524,5.943775e-07,100.2285,-1.055281e-07,5.847942e-07
-0.294852,0.1523,1.138318e-07,131.3825,-7.515214e-08,8.527189e-08
-0.294852,0.1522,1.462519e-06,117.1186,-6.666127e-07,1.301636e-06
-0.294852,0.1521,1.933928e-06,91.71766,-5.796365e-08,1.932933e-06
-0.294852,0.152,1.279821e-06,81.47522,1.897327e-07,1.265661e-06
-0.294852,0.1519,1.024933e-06,106.4109,-2.895388e-07,9.83186e-07
-0.294852,0.1518,1.827031e-06,97.26946,-2.311784e-07,1.812217e-06
-0.294852,0.1517,1.512324e-06,68.86612,5.452204e-07,1.410495e-06
-0.294852,0.1516,1.523578e-06,121.4222,-7.942579e-07,1.300038e-06
-0.294852,0.1515,9.502675e-07,125.3821,-5.501601e-07,7.746666e-07
-0.294852,0.1514,1.081578e-06,90.41601,-7.862225e-09,1.081522e-06
-0.294852,0.1513,1.727689e-06,85.41786,1.380331e-07,1.722145e-06
-0.294852,0.1512,2.326464e-06,92.25794,-9.167566e-08,2.32453e-06
-0.294852,0.1511,2.007666e-06,72.54794,6.021168e-07,1.915214e-06
-0.294852,0.151,1.303464e-06,66.18852,5.261711e-07,1.192376e-06
-0.294852,0.1509,1.687411e-06,117.4918,-7.789358e-07,1.496834e-06
-0.294852,0.1508,1.537336e-06,108.6476,-4.915315e-07,1.456461e-06
-0.294852,0.1507,1.136681e-06,102.9185,-2.540946e-07,1.107769e-06
-0.294852,0.1506,1.368943e-06,105.1729,-3.582872e-07,1.321088e-06
-0.294852,0.1505,1.821326e-06,79.17956,3.418978e-07,1.788899e-06
-0.294852,0.1504,2.197489e-06,102.331,-4.692804e-07,2.146789e-06
-0.294852,0.1503,1.886095e-06,82.93686,2.319719e-07,1.871773e-06
-0.294852,0.1502,1.428309e-06,84.25511,1.429673e-07,1.421017e-06
-0.294852,0.1501,1.306375e-06,101.8064,-2.672877e-07,1.278586e-06
-0.294852,0.15,1.321384e-06,114.6935,-5.520209e-07,1.200506e-06
-0.295138,0.2,6.155222e-07,66.27245,2.476908e-07,5.634762e-07
-0.295138,0.1999,1.915426e-06,94.70715,-1.572277e-07,1.908816e-06
-0.295138,0.1998,1.430841e-06,93.62514,-9.047426e-08,1.427946e-06
-0.295138,0.1997,1.79723e-06,94.9467,-1.549646e-07,1.790497e-06
-0.295138,0.1996,1.607956e-06,84.36963,1.57753e-07,1.600094e-06
-0.295138,0.1995,2.460809e-06,116.4402,-1.095648e-06,2.203283e-06
-0.295138,0.1994,1.518683e-06,103.7813,-3.617517e-07,1.474851e-06
-0.295138,0.1993,1.909542e-06,109.0104,-6.219763e-07,1.805288e-06
-0.295138,0.1992,1.5245e-06,92.80073,-7.448717e-08,1.52255e-06
-0.295138,0.1991,1.07713e-06,116.2225,-4.759412e-07,9.662657e-07
-0.295138,0.199,1.572774e-06,143.3293,-1.261403e-06,9.392201e-07
-0.295138,0.1989,1.959946e-06,127.6813,-1.19798e-06,1.551065e-06
-0.295138,0.1988,2.009879e-06,95.3742,-1.882743e-07,2.000888e-06
-0.295138,0.1987,1.15088e-06,106.7291,-3.312416e-07,1.102041e-06
-0.295138,0.1986,1.984639e-06,115.8527,-8.654091e-07,1.785971e-06
-0.295138,0.1985,1.426214e-06,102.7707,-3.152545e-07,1.390909e-06
-0.295138,0.1984,1.620618e-06,102.9806,-3.640204e-07,1.579178e-06
-0.295138,0.1983,1.027576e-06,93.08574,-5.52982e-08,1.02609e-06
-0.295138,0.1982,1.327631e-06,103.5653,-3.113877e-07,1.290444e-06
-0.295138,0.1981,1.503836e-06,122.6336,-8.1091e-07,1.266326e-06
-0.295138,0.198,1.703934e-06,69.04272,6.094425e-07,1.59117e-06
-0.295138,0.1979,2.068614e-06,105.673,-5.588158e-07,1.991562e-06
-0.295138,0.1978,1.479282e-06,107.4389,-4.432965e-07,1.411294e-06
-0.295138,0.1977,1.624373e-06,98.61919,-2.434328e-07,1.605961e-06
-0.295138,0.1976,1.789933e-06,59.98517,8.953828e-07,1.549864e-06
-0.295138,0.1975,1.406695e-06,89.57786,1.038797e-08,1.406628e-06
-0.295138,0.1974,1.428298e-06,122.1706,-7.604118e-07,1.208899e-06
-0.295138,0.1973,1.648575e-06,104.9326,-4.24778e-07,1.592768e-06
-0.295138,0.1972,1.356611e-06,146.291,-1.128427e-06,7.528122e-07
-0.295138,0.1971,1.956861e-06,85.20454,1.636203e-07,1.949988e-06
-0.295138,0.197,2.384377e-06,113.3246,-9.440202e-07,2.189425e-06
-0.295138,0.1969,1.337427e-06,82.08446,1.841392e-07,1.324553e-06
-0.295138,0.1968,2.13197e-06,85.87127,1.534894e-07,2.126399e-06
-0.295138,0.1967,1.176383e-06,94.69753,-9.6336e-08,1.172393e-06
-0.295138,0.1966,1.541063e-06,82.76725,1.939963e-07,1.52868e-06
-0.295138,0.1965,9.804535e-07,74.92042,2.550221e-07,9.465459e-07
-0.295138,0.1964,2.033494e-06,91.25518,-4.45079e-08,2.032997e-06
-0.295138,0.1963,5.037523e-07,94.6748,-4.104338e-08,5.020536e-07
-0.295138,0.1962,9.012781e-07,96.97222,-1.09395e-07,8.945837e-07
-0.295138,0.1961,9.831078e-07,89.46421,9.192153e-09,9.830519e-07
-0.295138,0.196,1.834345e-06,94.47372,-1.43107e-07,1.828607e-06
-0.295138,0.1959,1.254642e-06,89.50705,1.07903e-08,1.254469e-06
-0.295138,0.1958,1.497723e-06,90.67304,-1.759082e-08,1.497499e-06
-0.295138,0.1957,2.181664e-06,95.62555,-2.138558e-07,2.171035e-06
-0.295138,0.1956,8.626487e-07,117.4962,-3.982633e-07,7.652062e-07
-0.295138,0.1955,1.829411e-06,127.5309,-1.114435e-06,1.450734e-06
-0.295138,0.1954,1.674721e-06,94.43525,-1.295115e-07,1.669647e-06
-0.295138,0.1953,2.241181e-06,84.74992,2.050548e-07,2.231664e-06
-0.295138,0.1952,1.972021e-06,114.0737,-8.043833e-07,1.80036e-06
-0.295138,0.1951,1.020837e-06,107.3445,-3.043245e-07,9.743962e-07
-0.295138,0.195,1.475237e-06,84.38712,1.442972e-07,1.468056e-06
-0.295138,0.1949,1.625407e-06,126.2956,-9.621419e-07,1.310029e-06
-0.295138,0.1948,1.592952e-06,120.0917,-7.986556e-07,1.378247e-06
-0.295138,0.1947,9.625442e-07,82.68507,1.225769e-07,9.546764e-07
-0.295138,0.1946,1.441106e-06,95.92323,-1.487005e-07,1.433277e-06
-0.295138,0.1945,1.84598e-06,137.7064,-1.365462e-06,1.242209e-06
-0.295138,0.1944,1.10536e-06,83.04088,1.339036e-07,1.097107e-06
-0.295138,0.1943,1.556061e-06,78.3465,3.143157e-07,1.52388e-06
-0.295138,0.1942,1.509251e-06,106.6531,-4.325062e-07,1.445934e-06
-0.295138,0.1941,1.789592e-06,63.04568,8.111726e-07,1.595165e-06
-0.295138,0.194,1.105332e-06,108.7752,-3.557559e-07,1.046475e-06
-0.295138,0.1939,7.976666e-07,110.7002,-2.819448e-07,7.461514e-07
-0.295138,0.1938,1.436563e-06,113.6401,-5.760043e-07,1.315891e-06
-0.295138,0.1937,1.563219e-06,114.7783,-6.551519e-07,1.419285e-06
-0.295138,0.1936,1.549651e-06,114.9235,-6.530229e-07,1.405298e-06
-0.295138,0.1935,1.014618e-06,91.49822,-2.652034e-08,1.014232e-06
-0.295138,0.1934,1.52816e-06,108.784,-4.920624e-07,1.446733e-06
-0.295138,0.1933,1.094749e-06,162.5549,-1.044351e-06,3.281738e-07
-0.295138,0.1932,1.931654e-06,116.1368,-8.508861e-07,1.734003e-06
-0.295138,0.1931,1.017982e-06,126.4355,-6.045196e-07,8.189007e-07
-0.295138,0.193,4.104115e-07,129.837,-2.6289e-07,3.151148e-07
-0.295138,0.1929,1.149114e-06,97.09985,-1.420397e-07,1.140279e-06
-0.295138,0.1928,8.829999e-07,140.8911,-6.851311e-07,5.569495e-07
-0.295138,0.1927,1.967137e-06,137.5307,-1.451002e-06,1.328151e-06
-0.295138,0.1926,2.239169e-06,82.1815,3.045871e-07,2.218337e-06
-0.295138,0.1925,1.383885e-06,137.0787,-1.013305e-06,9.422823e-07
-0.295138,0.1924,1.646758e-06,99.57649,-2.739485e-07,1.62368e-06
-0.295138,0.1923,2.414278e-06,89.26881,3.077834e-08,2.413937e-06
-0.295138,0.1922,1.453947e-06,83.26907,1.704152e-07,1.443805e-06
-0.295138,0.1921,1.191576e-06,125.0788,-6.847344e-07,9.750612e-07
-0.295138,0.192,1.119034e-06,78.67512,2.19712e-07,1.097107e-06
-0.295138,0.1919,1.394156e-06,104.9326,-3.592204e-07,1.346938e-06
-0.295138,0.1918,1.465056e-06,77.48362,3.17512e-07,1.430215e-06
-0.295138,0.1917,1.518934e-06,79.59395,2.743396e-07,1.493901e-06
-0.295138,0.1916,1.060936e-06,55.57776,5.997195e-07,8.751265e-07
-0.295138,0.1915,1.013215e-06,100.6936,-1.88006e-07,9.955801e-07
-0.295138,0.1914,1.309443e-06,77.78784,2.770051e-07,1.279782e-06
-0.295138,0.1913,1.076253e-06,109.7089,-3.629531e-07,1.013165e-06
-0.295138,0.1912,7.626693e-07,124.188,-4.285108e-07,6.307605e-07
-0.295138,0.1911,1.148024e-06,103.2804,-2.63689e-07,1.117229e-06
-0.295138,0.191,1.684293e-06,131.4402,-1.114703e-06,1.262594e-06
-0.295138,0.1909,1.756154e-06,106.2317,-4.908666e-07,1.686036e-06
-0.295138,0.1908,1.607565e-06,91.41079,-3.957375e-08,1.607157e-06
-0.295138,0.1907,1.395005e-06,97.07275,-1.717507e-07,1.384243e-06
-0.295138,0.1906,2.50492e-06,106.2225,-6.997883e-07,2.405142e-06
-0.295138,0.1905,1.729007e-06,88.9319,3.224238e-08,1.728672e-06
-0.295138,0.1904,1.01497e-06,119.9711,-5.069877e-07,8.791275e-07
-0.295138,0.1903,1.13739e-06,121.7151,-5.978588e-07,9.674672e-07
-0.295138,0.1902,1.145241e-06,126.7074,-6.844662e-07,9.180307e-07
-0.295138,0.1901,1.332079e-06,87.67298,5.409121e-08,1.330945e-06
-0.295138,0.19,2.018854e-06,118.4194,-9.608063e-07,1.775577e-06
-0.295138,0.1899,1.231335e-06,101.8274,-2.523623e-07,1.205032e-06
-0.295138,0.1898,5.505345e-07,89.94505,5.308538e-10,5.504172e-07
-0.295138,0.1897,1.599144e-06,122.4267,-8.574128e-07,1.349737e-06
-0.295138,0.1896,1.199031e-06,90.05057,-1.067295e-09,1.198908e-06
-0.295138,0.1895,2.055013e-06,95.66358,-2.027973e-07,2.044854e-06
-0.295138,0.1894,1.487055e-06,105.3321,-3.932006e-07,1.434076e-06
-0.295138,0.1893,1.547399e-06,109.0996,-5.063228e-07,1.46206e-06
-0.295138,0.1892,1.461982e-06,102.2882,-3.111194e-07,1.428483e-06
-0.295138,0.1891,2.428539e-06,110.0742,-8.335635e-07,2.280961e-06
-0.295138,0.189,7.676091e-07,135.7368,-5.496237e-07,5.356315e-07
-0.295138,0.1889,1.716155e-06,99.6508,-2.876725e-07,1.691764e-06
-0.295138,0.1888,1.378258e-06,133.186,-9.432211e-07,1.004906e-06
-0.295138,0.1887,7.434189e-07,92.19761,-2.851523e-08,7.42821e-07
-0.295138,0.1886,1.368675e-06,92.11456,-5.050376e-08,1.367725e-06
-0.295138,0.1885,1.608174e-06,114.0842,-6.562191e-07,1.468056e-06
-0.295138,0.1884,1.177165e-06,97.91204,-1.620221e-07,1.165861e-06
-0.295138,0.1883,8.210465e-07,76.65669,1.894645e-07,7.987786e-07
-0.295138,0.1882,1.955604e-06,116.6588,-8.774008e-07,1.747593e-06
-0.295138,0.1881,1.037925e-06,85.63959,7.88737e-08,1.034751e-06
-0.295138,0.188,1.970775e-06,106.4563,-5.58285e-07,1.890029e-06
-0.295138,0.1879,1.401621e-06,131.859,-9.352248e-07,1.043815e-06
-0.295138,0.1878,1.261565e-06,119.5331,-6.218422e-07,1.097643e-06
-0.295138,0.1877,7.783379e-07,87.09435,3.943406e-08,7.77198e-07
-0.295138,0.1876,1.101968e-06,104.5532,-2.768766e-07,1.066597e-06
-0.295138,0.1875,1.430701e-06,125.9215,-8.392911e-07,1.158535e-06
-0.295138,0.1874,1.455657e-06,105.7115,-3.941338e-07,1.401169e-06
-0.295138,0.1873,1.283023e-06,88.24563,3.930553e-08,1.282313e-06
-0.295138,0.1872,1.471722e-06,134.5778,-1.03289e-06,1.048207e-06
-0.295138,0.1871,1.595802e-06,122.049,-8.46751e-07,1.352531e-06
-0.295138,0.187,1.158418e-06,89.09801,1.825019e-08,1.158267e-06
-0.295138,0.1869,2.047838e-06,114.704,-8.558146e-07,1.860318e-06
-0.295138,0.1868,1.449795e-06,84.74818,1.327078e-07,1.443671e-06
-0.295138,0.1867,1.558933e-06,113.7668,-6.282348e-07,1.426616e-06
-0.295138,0.1866,2.053527e-06,124.7395,-1.17013e-06,1.687372e-06
-0.295138,0.1865,1.199617e-06,117.4848,-5.536247e-07,1.064199e-06
-0.295138,0.1864,1.638242e-06,87.16167,8.114241e-08,1.636203e-06
-0.295138,0.1863,1.23462e-06,79.91743,2.161134e-07,1.215426e-06
-0.295138,0.1862,1.251921e-06,94.32106,-9.433552e-08,1.248339e-06
-0.295138,0.1861,9.148791e-07,114.5808,-3.805384e-07,8.318256e-07
-0.295138,0.186,8.209403e-07,127.8098,-5.03255e-07,6.486196e-07
-0.295138,0.1859,1.167565e-06,118.1501,-5.508251e-07,1.02942e-06
-0.295138,0.1858,1.389171e-06,130.7707,-9.071119e-07,1.05194e-06
-0.295138,0.1857,1.466916e-06,126.5614,-8.738022e-07,1.178255e-06
-0.295138,0.1856,1.001218e-06,69.5148,3.50425e-07,9.378846e-07
-0.295138,0.1855,1.457255e-06,132.9195,-9.922552e-07,1.067128e-06
-0.295138,0.1854,9.055305e-07,116.1604,-3.991965e-07,8.126366e-07
-0.295138,0.1853,1.272892e-06,154.7136,-1.150812e-06,5.436223e-07
-0.295138,0.1852,1.579474e-06,145.3784,-1.299776e-06,8.973777e-07
-0.295138,0.1851,1.338299e-06,127.7495,-8.193086e-07,1.058204e-06
-0.295138,0.185,1.115368e-06,107.5866,-3.369692e-07,1.063132e-06
-0.295138,0.1849,1.911023e-06,115.8789,-8.340943e-07,1.719346e-06
-0.295138,0.1848,4.579648e-07,111.3996,-1.670904e-07,4.263706e-07
-0.295138,0.1847,1.537078e-06,144.0285,-1.243947e-06,9.028427e-07
-0.295138,0.1846,1.551026e-06,139.6445,-1.181853e-06,1.004241e-06
-0.295138,0.1845,1.391597e-06,97.14531,-1.730863e-07,1.38065e-06
-0.295138,0.1844,2.212408e-06,122.3931,-1.185189e-06,1.868046e-06
-0.295138,0.1843,6.353538e-07,85.06816,5.462765e-08,6.328951e-07
-0.295138,0.1842,1.15478e-06,149.6713,-9.966529e-07,5.830619e-07
-0.295138,0.1841,1.621004e-06,144.644,-1.322027e-06,9.380187e-07
-0.295138,0.184,1.091379e-06,165.2727,-1.05541e-06,2.774074e-07
-0.295138,0.1839,9.762011e-07,131.019,-6.406288e-07,7.364228e-07
-0.295138,0.1838,1.061037e-06,111.5605,-3.898702e-07,9.866505e-07
-0.295138,0.1837,2.290517e-06,143.3515,-1.83767e-06,1.367188e-06
-0.295138,0.1836,5.874596e-07,-169.7032,-5.780048e-07,-1.049973e-07
-0.295138,0.1835,1.259582e-06,89.62507,8.258968e-09,1.259531e-06
-0.295138,0.1834,1.032002e-06,150.1967,-8.953884e-07,5.128439e-07
-0.295138,0.1833,8.515175e-07,157.9404,-7.890611e-07,3.197751e-07
-0.295138,0.1832,7.537677e-07,116.1045,-3.316439e-07,6.767325e-07
-0.295138,0.1831,1.25705e-06,90.26739,-5.867332e-09,1.257e-06
-0.295138,0.183,1.692233e-06,118.0338,-7.953196e-07,1.493638e-06
-0.295138,0.1829,1.35708e-06,81.37206,2.035908e-07,1.341607e-06
-0.295138,0.1828,1.079315e-06,103.2752,-2.478305e-07,1.050475e-06
-0.295138,0.1827,2.379046e-06,106.0192,-6.564818e-07,2.286555e-06
-0.295138,0.1826,1.652296e-06,87.30504,7.767789e-08,1.650329e-06
-0.295138,0.1825,2.496739e-06,89.02195,4.263594e-08,2.496281e-06
-0.295138,0.1824,2.230698e-06,93.89136,-1.513659e-07,2.225534e-06
-0.295138,0.1823,9.152479e-07,132.533,-6.186459e-07,6.743352e-07
-0.295138,0.1822,1.678973e-06,117.1561,-7.662735e-07,1.493772e-06
-0.295138,0.1821,1.295434e-06,114.1026,-5.289707e-07,1.182384e-06
-0.295138,0.182,1.108998e-06,132.8102,-7.536169e-07,8.135698e-07
-0.295138,0.1819,8.221026e-07,140.0895,-6.305035e-07,5.273669e-07
-0.295138,0.1818,1.041803e-06,133.159,-7.125791e-07,7.600095e-07
-0.295138,0.1817,1.800918e-06,116.9333,-8.1571e-07,1.605559e-06
-0.295138,0.1816,2.075348e-06,125.3716,-1.201311e-06,1.692166e-06
-0.295138,0.1815,9.733624e-07,47.2466,6.607454e-07,7.147081e-07
-0.295138,0.1814,1.3365e-06,68.60034,4.876591e-07,1.244343e-06
-0.295138,0.1813,6.942618e-07,104.3032,-1.714825e-07,6.72603e-07
-0.295138,0.1812,1.107456e-06,125.6173,-6.448924e-07,9.001772e-07
-0.295138,0.1811,9.541679e-07,132.8058,-6.483569e-07,7.000509e-07
-0.295138,0.181,1.179244e-06,137.2885,-8.664708e-07,7.998459e-07
-0.295138,0.1809,6.602313e-07,142.1395,-5.212426e-07,4.051867e-07
-0.295138,0.1808,2.235867e-06,104.5978,-5.634818e-07,2.163575e-06
-0.295138,0.1807,9.059607e-07,125.8088,-5.30038e-07,7.346905e-07
-0.295138,0.1806,1.761613e-06,140.7521,-1.364132e-06,1.114429e-06
-0.295138,0.1805,2.3366e-06,100.1848,-4.131831e-07,2.299614e-06
-0.295138,0.1804,1.114938e-06,97.5125,-1.457668e-07,1.105237e-06
-0.295138,0.1803,1.394374e-06,99.62195,-2.330448e-07,1.374648e-06
-0.295138,0.1802,3.905128e-07,69.98516,1.33641e-07,3.668088e-07
-0.295138,0.1801,9.540952e-07,122.9483,-5.188453e-07,8.005108e-07
-0.295138,0.18,1.465067e-06,114.4689,-6.067827e-07,1.333348e-06
-0.295138,0.1799,8.281655e-07,126.661,-4.944652e-07,6.643384e-07
-0.295138,0.1798,1.033041e-06,135.4396,-7.360316e-07,7.248334e-07
-0.295138,0.1797,1.453517e-06,135.9536,-1.044748e-06,1.010499e-06
-0.295138,0.1796,1.888643e-06,161.5377,-1.791436e-06,5.981214e-07
-0.295138,0.1795,1.740781e-06,111.862,-6.482228e-07,1.61555e-06
-0.295138,0.1794,1.92587e-06,148.6074,-1.643937e-06,1.003174e-06
-0.295138,0.1793,1.521751e-06,147.1783,-1.27872e-06,8.247625e-07
-0.295138,0.1792,1.091128e-06,99.93744,-1.882743e-07,1.074722e-06
-0.295138,0.1791,9.526647e-07,-177.3321,-9.516142e-07,-4.437379e-08
-0.295138,0.179,1.183714e-06,170.7373,-1.168264e-06,1.905318e-07
-0.295138,0.1789,1.34458e-06,-174.9343,-1.339215e-06,-1.187212e-07
-0.295138,0.1788,2.793844e-06,-140.4798,-2.155188e-06,-1.777846e-06
-0.295138,0.1787,2.803355e-06,-151.8096,-2.470834e-06,-1.32429e-06
-0.295138,0.1786,2.572758e-06,-145.3928,-2.117481e-06,-1.461133e-06
-0.295138,0.1785,3.066899e-06,-155.5957,-2.792883e-06,-1.267131e-06
-0.295138,0.1784,2.249781e-06,-144.3415,-1.827947e-06,-1.311499e-06
-0.295138,0.1783,2.156971e-06,-139.7529,-1.646334e-06,-1.393575e-06
-0.295138,0.1782,2.215152e-06,-138.8699,-1.668456e-06,-1.456998e-06
-0.295138,0.1781,2.130344e-06,-143.1483,-1.704694e-06,-1.277659e-06
-0.295138,0.178,2.066139e-06,-150.0428,-1.789972e-06,-1.031694e-06
-0.295138,0.1779,2.402627e-06,-138.7956,-1.807557e-06,-1.582648e-06
-0.295138,0.1778,2.896394e-06,-123.6704,-1.605832e-06,-2.410478e-06
-0.295138,0.1777,2.819951e-06,-125.6531,-1.643674e-06,-2.29136e-06
-0.295138,0.1776,3.056282e-06,-123.538,-1.688573e-06,-2.54745e-06
-0.295138,0.1775,3.0585e-06,-131.9735,-2.045396e-06,-2.27377e-06
-0.295138,0.1774,3.587175e-06,-131.9525,-2.398084e-06,-2.667769e-06
-0.295138,0.1773,3.424281e-06,-138.2869,-2.556111e-06,-2.278435e-06
-0.295138,0.1772,3.605414e-06,-111.7362,-1.33522e-06,-3.349034e-06
-0.295138,0.1771,2.420609e-06,-118.7411,-1.163866e-06,-2.122275e-06
-0.295138,0.177,3.92458e-06,-131.0487,-2.577295e-06,-2.9597e-06
-0.295138,0.1769,3.404801e-06,-122.6126,-1.835005e-06,-2.867896e-06
-0.295138,0.1768,2.200679e-06,-125.56,-1.279788e-06,-1.79024e-06
-0.295138,0.1767,3.578703e-06,-135.6791,-2.560241e-06,-2.500282e-06
-0.295138,0.1766,4.079164e-06,-129.0223,-2.568237e-06,-3.169024e-06
-0.295138,0.1765,4.376392e-06,-130.1021,-2.818996e-06,-3.347435e-06
-0.295138,0.1764,4.824601e-06,-123.7566,-2.680823e-06,-4.011109e-06
-0.295138,0.1763,5.921769e-06,-124.573,-3.36036e-06,-4.875982e-06
-0.295138,0.1762,6.739446e-06,-128.0173,-4.150746e-06,-5.309415e-06
-0.295138,0.1761,6.371945e-06,-125.9071,-3.736898e-06,-5.160983e-06
-0.295138,0.176,6.351727e-06,-126.8346,-3.807915e-06,-5.083708e-06
-0.295138,0.1759,7.360098e-06,-122.7612,-3.982862e-06,-6.189348e-06
-0.295138,0.1758,8.041508e-06,-129.0789,-5.069185e-06,-6.242377e-06
-0.295138,0.1757,7.97923e-06,-125.7659,-4.663595e-06,-6.474349e-06
-0.295138,0.1756,7.869685e-06,-130.7278,-5.134737e-06,-5.963768e-06
-0.295138,0.1755,7.9174e-06,-125.4306,-4.589779e-06,-6.451165e-06
-0.295138,0.1754,8.435893e-06,-129.4992,-5.365775e-06,-6.509391e-06
-0.295138,0.1753,8.401606e-06,-125.4612,-4.874249e-06,-6.843164e-06
-0.295138,0.1752,8.701253e-06,-127.208,-5.261717e-06,-6.930034e-06
-0.295138,0.1751,8.767096e-06,-121.6808,-4.604302e-06,-7.460603e-06
-0.295138,0.175,8.676711e-06,-124.5148,-4.916355e-06,-7.149349e-06
-0.295138,0.1749,8.93622e-06,-125.2711,-5.160184e-06,-7.295781e-06
-0.295138,0.1748,8.922692e-06,-121.0299,-4.599507e-06,-7.647944e-06
-0.295138,0.1747,8.841052e-06,-123.1228,-4.831077e-06,-7.404377e-06
-0.295138,0.1746,8.139364e-06,-132.2299,-5.470504e-06,-6.026789e-06
-0.295138,0.1745,7.833698e-06,-126.595,-4.670122e-06,-6.289411e-06
-0.295138,0.1744,8.344855e-06,-124.1371,-4.682913e-06,-6.906984e-06
-0.295138,0.1743,7.988434e-06,-126.2392,-4.722353e-06,-6.44304e-06
-0.295138,0.1742,6.597284e-06,-133.9009,-4.574591e-06,-4.753533e-06
-0.295138,0.1741,6.468297e-06,-126.2993,-3.829233e-06,-5.212951e-06
-0.295138,0.174,7.008735e-06,-130.6463,-4.565393e-06,-5.317809e-06
-0.295138,0.1739,5.783144e-06,-132.8934,-3.936231e-06,-4.236822e-06
-0.295138,0.1738,6.088681e-06,-120.6101,-3.10027e-06,-5.240131e-06
-0.295138,0.1737,6.280543e-06,-128.899,-3.943825e-06,-4.887839e-06
-0.295138,0.1736,5.354225e-06,-130.1071,-3.449231e-06,-4.095051e-06
-0.295138,0.1735,5.102287e-06,-133.221,-3.49413e-06,-3.718111e-06
-0.295138,0.1734,5.559967e-06,-132.3977,-3.74889e-06,-4.105847e-06
-0.295138,0.1733,4.874389e-06,-131.4713,-3.228049e-06,-3.652291e-06
-0.295138,0.1732,3.720603e-06,-132.7088,-2.523466e-06,-2.733858e-06
-0.295138,0.1731,4.156256e-06,-135.6778,-2.973424e-06,-2.903871e-06
-0.295138,0.173,3.642864e-06,-123.2089,-1.995161e-06,-3.047905e-06
-0.295138,0.1729,2.718826e-06,-132.8115,-1.847667e-06,-1.994496e-06
-0.295138,0.1728,1.992657e-06,-146.3767,-1.659259e-06,-1.103376e-06
-0.295138,0.1727,3.011723e-06,-125.6575,-1.755595e-06,-2.446984e-06
-0.295138,0.1726,1.634923e-06,-141.2329,-1.274725e-06,-1.023698e-06
-0.295138,0.1725,1.889107e-06,-150.8401,-1.649536e-06,-9.204391e-07
-0.295138,0.1724,1.595942e-06,-128.3307,-9.897239e-07,-1.251809e-06
-0.295138,0.1723,1.206966e-06,-174.005,-1.200243e-06,-1.26047e-07
-0.295138,0.1722,1.168275e-06,-158.4097,-1.086188e-06,-4.298407e-07
-0.295138,0.1721,9.544529e-07,-157.9229,-8.843299e-07,-3.586895e-07
-0.295138,0.172,1.289818e-06,-155.3763,-1.172399e-06,-5.373638e-07
-0.295138,0.1719,2.082919e-06,161.9718,-1.980638e-06,6.446186e-07
-0.295138,0.1718,1.924501e-06,-178.7421,-1.924009e-06,-4.22392e-08
-0.295138,0.1717,1.335024e-06,145.8119,-1.10431e-06,7.501468e-07
-0.295138,0.1716,1.64359e-06,103.6125,-3.868024e-07,1.5973e-06
-0.295138,0.1715,1.504445e-06,116.7444,-6.770063e-07,1.343473e-06
-0.295138,0.1714,4.386026e-07,136.9423,-3.204513e-07,2.993904e-07
-0.295138,0.1713,1.676492e-06,126.2563,-9.914562e-07,1.351866e-06
-0.295138,0.1712,1.718424e-06,74.17305,4.686098e-07,1.653129e-06
-0.295138,0.1711,1.305526e-06,118.3285,-6.194449e-07,1.149075e-06
-0.295138,0.171,7.730405e-07,138.9775,-5.832016e-07,5.073789e-07
-0.295138,0.1709,1.052917e-06,104.9169,-2.710148e-07,1.017428e-06
-0.295138,0.1708,1.985309e-06,100.1044,-3.48296e-07,1.954386e-06
-0.295138,0.1707,1.607162e-06,112.9653,-6.27039e-07,1.479646e-06
-0.295138,0.1706,1.238012e-06,136.1941,-8.933879e-07,8.568763e-07
-0.295138,0.1705,1.677118e-06,112.6977,-6.471555e-07,1.547198e-06
-0.295138,0.1704,1.322345e-06,94.9773,-1.147259e-07,1.317227e-06
-0.295138,0.1703,1.382416e-06,120.4956,-7.015205e-07,1.19118e-06
-0.295138,0.1702,1.689366e-06,102.1019,-3.541577e-07,1.651793e-06
-0.295138,0.1701,1.754511e-06,91.56641,-4.797242e-08,1.753723e-06
-0.295138,0.17,1.617645e-06,109.3173,-5.351006e-07,1.526411e-06
-0.295138,0.1699,1.684254e-06,100.6735,-3.119241e-07,1.65499e-06
-0.295138,0.1698,9.252391e-07,118.1816,-4.369039e-07,8.154362e-07
-0.295138,0.1697,1.125499e-06,136.8357,-8.209068e-07,7.698666e-07
-0.295138,0.1696,1.538727e-06,65.23034,6.446186e-07,1.397034e-06
-0.295138,0.1695,1.856597e-06,92.49661,-8.087977e-08,1.854719e-06
-0.295138,0.1694,1.917432e-06,79.68837,3.432277e-07,1.886431e-06
-0.295138,0.1693,1.817129e-06,74.85585,4.747398e-07,1.753991e-06
-0.295138,0.1692,1.597115e-06,93.89966,-1.085959e-07,1.593299e-06
-0.295138,0.1691,1.799739e-06,102.5155,-3.899987e-07,1.756919e-06
-0.295138,0.169,1.020038e-06,111.4556,-3.730785e-07,9.492114e-07
-0.295138,0.1689,6.009321e-07,81.09668,9.3e-08,5.935896e-07
-0.295138,0.1688,6.668865e-07,95.12417,-5.95618e-08,6.640758e-07
-0.295138,0.1687,1.496208e-06,59.08393,7.686708e-07,1.283515e-06
-0.295138,0.1686,5.29658e-07,117.9998,-2.486295e-07,4.676766e-07
-0.295138,0.1685,1.70808e-06,99.94618,-2.949982e-07,1.682309e-06
-0.295138,0.1684,6.333198e-07,99.5695,-1.052655e-07,6.243679e-07
-0.295138,0.1683,1.717954e-06,86.33638,1.097861e-07,1.714417e-06
-0.295138,0.1682,1.212073e-06,58.15199,6.395559e-07,1.029554e-06
-0.295138,0.1681,1.476014e-06,143.3021,-1.183457e-06,8.820556e-07
-0.295138,0.168,1.895846e-06,96.6059,-2.181194e-07,1.8831e-06
-0.295138,0.1679,1.797359e-06,79.63417,3.233738e-07,1.767983e-06
-0.295138,0.1678,1.717524e-06,99.18657,-2.742167e-07,1.695362e-06
-0.295138,0.1677,9.755417e-07,79.54062,1.77076e-07,9.592026e-07
-0.295138,0.1676,1.815905e-06,98.23014,-2.599563e-07,1.797158e-06
-0.295138,0.1675,1.590527e-06,115.3256,-6.803367e-07,1.437675e-06
-0.295138,0.1674,1.365942e-06,125.3865,-7.909275e-07,1.113496e-06
-0.295138,0.1673,2.21775e-06,112.5316,-8.498188e-07,2.048453e-06
-0.295138,0.1672,1.140637e-06,138.1444,-8.495505e-07,7.610712e-07
-0.295138,0.1671,1.458328e-06,109.1372,-4.780758e-07,1.377582e-06
-0.295138,0.167,9.971782e-07,117.7742,-4.646144e-07,8.821897e-07
-0.295138,0.1669,1.583017e-06,87.22636,7.661059e-08,1.581044e-06
-0.295138,0.1668,1.327386e-06,100.9192,-2.514291e-07,1.303235e-06
-0.295138,0.1667,1.783372e-06,103.9482,-4.298407e-07,1.730673e-06
-0.295138,0.1666,1.651106e-06,82.623,2.119839e-07,1.637404e-06
-0.295138,0.1665,1.433456e-06,110.9817,-5.132518e-07,1.338277e-06
-0.295138,0.1664,1.408645e-06,108.985,-4.582218e-07,1.331878e-06
-0.295138,0.1663,9.796321e-07,111.7073,-3.622882e-07,9.101685e-07
-0.295138,0.1662,2.228949e-06,98.20698,-3.181826e-07,2.206077e-06
-0.295138,0.1661,1.869695e-06,94.88987,-1.593623e-07,1.86285e-06
-0.295138,0.166,2.360897e-06,93.31261,-1.364406e-07,2.356907e-06
-0.295138,0.1659,6.736647e-07,95.23258,-6.142817e-08,6.707366e-07
-0.295138,0.1658,1.201506e-06,80.75309,1.930631e-07,1.185849e-06
-0.295138,0.1657,9.699705e-07,41.2533,7.292311e-07,6.395559e-07
-0.295138,0.1656,1.833731e-06,104.2472,-4.512928e-07,1.777309e-06
-0.295138,0.1655,2.221014e-06,102.1911,-4.690121e-07,2.170773e-06
-0.295138,0.1654,2.315254e-06,97.37393,-2.971328e-07,2.296015e-06
-0.295138,0.1653,2.090977e-06,90.23504,-8.532777e-09,2.09096e-06
-0.295138,0.1652,1.452298e-06,83.60478,1.617539e-07,1.44314e-06
-0.295138,0.1651,1.548495e-06,117.9132,-7.24839e-07,1.368256e-06
-0.295138,0.165,1.189012e-06,124.7159,-6.771348e-07,9.774584e-07
-0.295138,0.1649,1.853825e-06,103.9675,-4.474259e-07,1.79889e-06
-0.295138,0.1648,1.664618e-06,93.09273,-8.980929e-08,1.662053e-06
-0.295138,0.1647,6.110742e-07,66.60454,2.426281e-07,5.608107e-07
-0.295138,0.1646,1.780427e-06,117.1377,-8.121114e-07,1.584375e-06
-0.295138,0.1645,1.359047e-06,99.857,-2.326425e-07,1.338941e-06
-0.295138,0.1644,1.407757e-06,110.9826,-5.040541e-07,1.314293e-06
-0.295138,0.1643,1.615382e-06,96.72131,-1.890733e-07,1.604229e-06
-0.295138,0.1642,1.970389e-06,105.7858,-5.360338e-07,1.896025e-06
-0.295138,0.1641,1.412523e-06,106.7956,-4.081204e-07,1.352269e-06
-0.295138,0.164,9.380411e-07,85.68156,7.061474e-08,9.353533e-07
-0.295138,0.1639,1.181893e-06,147.1311,-9.92652e-07,6.414223e-07
-0.295138,0.1638,1.961616e-06,80.78369,3.141816e-07,1.936264e-06
-0.295138,0.1637,1.680554e-06,100.0598,-2.935342e-07,1.654593e-06
-0.295138,0.1636,1.083785e-06,143.9535,-8.761994e-07,6.376896e-07
-0.295138,0.1635,2.311399e-06,93.54559,-1.429729e-07,2.306945e-06
-0.295138,0.1634,2.113547e-06,99.0939,-3.340411e-07,2.086831e-06
-0.295138,0.1633,1.081416e-06,98.8395,-1.661572e-07,1.068463e-06
-0.295138,0.1632,1.505222e-06,105.3697,-3.989282e-07,1.451265e-06
-0.295138,0.1631,1.681527e-06,94.5629,-1.337751e-07,1.676045e-06
-0.295138,0.163,1.921445e-06,120.8277,-9.846612e-07,1.649927e-06
-0.295138,0.1629,1.427443e-06,113.3744,-5.662813e-07,1.310164e-06
-0.295138,0.1628,1.988142e-06,99.13586,-3.156512e-07,1.962779e-06
-0.295138,0.1627,1.743519e-06,102.1186,-3.660153e-07,1.70456e-06
-0.295138,0.1626,1.464542e-06,95.15739,-1.316461e-07,1.458462e-06
-0.295138,0.1625,1.380354e-06,94.14183,-9.966641e-08,1.376649e-06
-0.295138,0.1624,1.393452e-06,92.26318,-5.502998e-08,1.392239e-06
-0.295138,0.1623,1.017635e-06,93.30431,-5.862861e-08,1.01583e-06
-0.295138,0.1622,1.820113e-06,79.06066,3.453623e-07,1.786898e-06
-0.295138,0.1621,1.823477e-06,101.0888,-3.506932e-07,1.789301e-06
-0.295138,0.162,1.512922e-06,86.54181,9.126774e-08,1.510156e-06
-0.295138,0.1619,1.564677e-06,37.03962,1.24887e-06,9.424164e-07
-0.295138,0.1618,9.46775e-07,93.26933,-5.396828e-08,9.45216e-07
-0.295138,0.1617,1.243466e-06,64.42175,5.368273e-07,1.121493e-06
-0.295138,0.1616,1.219701e-06,93.37599,-7.182173e-08,1.21756e-06
-0.295138,0.1615,1.747e-06,81.24704,2.658125e-07,1.726543e-06
-0.295138,0.1614,1.059366e-06,130.3755,-6.861984e-07,8.06909e-07
-0.295138,0.1613,1.093413e-06,109.1424,-3.585554e-07,1.032885e-06
-0.295138,0.1612,1.322016e-06,120.5559,-6.720721e-07,1.138413e-06
-0.295138,0.1611,1.017669e-06,97.10859,-1.259185e-07,1.009834e-06
-0.295138,0.161,1.204384e-06,85.83718,8.740648e-08,1.201171e-06
-0.295138,0.1609,1.433998e-06,85.43797,1.140497e-07,1.429416e-06
-0.295138,0.1608,3.513358e-07,72.24282,1.071263e-07,3.345664e-07
-0.295138,0.1607,1.377716e-06,91.09082,-2.625212e-08,1.377314e-06
-0.295138,0.1606,1.483948e-06,108.9151,-4.810038e-07,1.4037e-06
-0.295138,0.1605,1.262795e-06,122.7822,-6.836671e-07,1.061534e-06
-0.295138,0.1604,1.607386e-06,91.22545,-3.437697e-08,1.606894e-06
-0.295138,0.1603,1.578027e-06,69.78845,5.452204e-07,1.480847e-06
-0.295138,0.1602,1.332644e-06,144.6746,-1.087255e-06,7.705315e-07
-0.295138,0.1601,1.271825e-06,104.3836,-3.159195e-07,1.231949e-06
-0.295138,0.16,1.923847e-06,112.2152,-7.273703e-07,1.781037e-06
-0.295138,0.1599,1.657102e-06,114.3867,-6.841979e-07,1.509223e-06
-0.295138,0.1598,9.474847e-07,105.0236,-2.455674e-07,9.151026e-07
-0.295138,0.1597,4.837755e-07,158.5374,-4.500914e-07,1.769419e-07
-0.295138,0.1596,1.034617e-06,89.15647,1.5188e-08,1.034354e-06
-0.295138,0.1595,1.570863e-06,132.2078,-1.055276e-06,1.163464e-06
-0.295138,0.1594,2.31227e-06,87.62577,9.579956e-08,2.310276e-06
-0.295138,0.1593,8.252654e-07,61.74842,3.905296e-07,7.268283e-07
-0.295138,0.1592,1.682622e-06,115.3116,-7.19374e-07,1.521086e-06
-0.295138,0.1591,1.338019e-06,102.7087,-2.943333e-07,1.305101e-06
-0.295138,0.159,2.109088e-06,114.9584,-8.899234e-07,1.912146e-06
-0.295138,0.1589,1.323664e-06,122.3349,-7.079131e-07,1.118296e-06
-0.295138,0.1588,1.412127e-06,77.22658,3.121811e-07,1.377051e-06
-0.295138,0.1587,1.081902e-06,116.574,-4.839375e-07,9.674672e-07
-0.295138,0.1586,9.158626e-07,85.81095,6.688199e-08,9.133704e-07
-0.295138,0.1585,8.74428e-07,128.8273,-5.481597e-07,6.811302e-07
-0.295138,0.1584,6.469152e-07,91.65209,-1.865811e-08,6.466191e-07
-0.295138,0.1583,1.311723e-06,125.4695,-7.610768e-07,1.068195e-06
-0.295138,0.1582,1.21675e-06,107.042,-3.565549e-07,1.163195e-06
-0.295138,0.1581,7.783044e-07,138.7204,-5.847997e-07,5.133748e-07
-0.295138,0.158,8.798092e-07,95.27453,-8.087977e-08,8.759256e-07
-0.295138,0.1579,2.097364e-06,114.7862,-8.792672e-07,1.904156e-06
-0.295138,0.1578,1.181982e-06,135.2053,-8.387602e-07,8.327588e-07
-0.295138,0.1577,1.473773e-06,69.89423,5.065798e-07,1.383846e-06
-0.295138,0.1576,1.258201e-06,93.88655,-8.527748e-08,1.255268e-06
-0.295138,0.1575,1.73811e-06,77.82107,3.666803e-07,1.698961e-06
-0.295138,0.1574,1.639695e-06,71.87128,5.101785e-07,1.558257e-06
-0.295138,0.1573,1.215973e-06,56.84967,6.648749e-07,1.017965e-06
-0.295138,0.1572,9.498093e-07,83.38797,1.093894e-07,9.434837e-07
-0.295138,0.1571,2.480557e-06,76.81218,5.658734e-07,2.415005e-06
-0.295138,0.157,1.562783e-06,88.07427,5.249306e-08,1.561855e-06
-0.295138,0.1569,1.784339e-06,67.42983,6.848573e-07,1.647664e-06
-0.295138,0.1568,1.07851e-06,99.48032,-1.776125e-07,1.063663e-06
-0.295138,0.1567,1.86794e-06,116.1718,-8.238349e-07,1.676313e-06
-0.295138,0.1566,1.270797e-06,82.27942,1.706779e-07,1.259129e-06
-0.295138,0.1565,2.407182e-06,67.05872,9.38287e-07,2.216739e-06
-0.295138,0.1564,2.58742e-06,81.64745,3.758724e-07,2.559967e-06
-0.295138,0.1563,1.0901e-06,93.96873,-7.542036e-08,1.087384e-06
-0.295138,0.1562,1.204926e-06,133.8041,-8.339602e-07,8.69533e-07
-0.295138,0.1561,1.220131e-06,90.35743,-7.599592e-09,1.220092e-06
-0.295138,0.156,1.496208e-06,89.49481,1.318752e-08,1.496035e-06
-0.295138,0.1559,1.052767e-06,91.52969,-2.811849e-08,1.052342e-06
-0.295138,0.1558,1.783523e-06,120.4641,-9.041782e-07,1.537207e-06
-0.295138,0.1557,2.043887e-06,115.0843,-8.664708e-07,1.850992e-06
-0.295138,0.1556,1.638645e-06,111.6103,-6.034523e-07,1.523349e-06
-0.295138,0.1555,7.62552e-07,167.8245,-7.453579e-07,1.608207e-07
-0.295138,0.1554,1.475343e-06,99.71288,-2.488978e-07,1.454064e-06
-0.295138,0.1553,1.570573e-06,110.2779,-5.442928e-07,1.473119e-06
-0.295138,0.1552,1.863263e-06,98.62006,-2.792794e-07,1.842062e-06
-0.295138,0.1551,1.839872e-06,113.6278,-7.373616e-07,1.685505e-06
-0.295138,0.155,1.639254e-06,112.5859,-6.295703e-07,1.513486e-06
-0.295138,0.1549,8.964557e-07,120.0602,-4.490297e-07,7.758624e-07
-0.295138,0.1548,1.344664e-06,126.5255,-8.002538e-07,1.080455e-06
-0.295138,0.1547,1.288555e-06,77.05785,2.886001e-07,1.255799e-06
-0.295138,0.1546,1.075649e-06,137.8716,-7.977224e-07,7.21503e-07
-0.295138,0.1545,1.387836e-06,106.1906,-3.869365e-07,1.332812e-06
-0.295138,0.1544,7.171165e-07,122.3699,-3.838744e-07,6.055813e-07
-0.295138,0.1543,1.216409e-06,104.7158,-3.089904e-07,1.176388e-06
-0.295138,0.1542,1.039065e-06,70.23682,3.513582e-07,9.778551e-07
-0.295138,0.1541,8.091498e-07,136.4747,-5.866661e-07,5.572121e-07
-0.295138,0.154,1.921691e-06,111.2842,-6.975252e-07,1.790497e-06
-0.295138,0.1539,1.133233e-06,107.7396,-3.452338e-07,1.079253e-06
-0.295138,0.1538,9.008254e-07,135.8033,-6.458256e-07,6.279665e-07
-0.295138,0.1537,1.824455e-06,84.63629,1.705437e-07,1.816347e-06
-0.295138,0.1536,1.703292e-06,138.2563,-1.270864e-06,1.134015e-06
-0.295138,0.1535,1.360611e-06,127.6052,-8.30233e-07,1.077923e-06
-0.295138,0.1534,1.577222e-06,126.8201,-9.452216e-07,1.262594e-06
-0.295138,0.1533,1.295886e-06,102.9596,-2.906005e-07,1.262862e-06
-0.295138,0.1532,1.599943e-06,96.35499,-1.770816e-07,1.589968e-06
-0.295138,0.1531,1.952541e-06,106.1748,-5.438961e-07,1.875238e-06
-0.295138,0.153,1.041267e-06,100.2005,-1.844074e-07,1.02476e-06
-0.295138,0.1529,1.99848e-06,140.8631,-1.550003e-06,1.261264e-06
-0.295138,0.1528,1.724392e-06,93.25185,-9.780004e-08,1.721614e-06
-0.295138,0.1527,2.357175e-06,94.64639,-1.909397e-07,2.349313e-06
-0.295138,0.1526,1.884916e-06,98.70137,-2.851411e-07,1.863118e-06
-0.295138,0.1525,1.555379e-06,79.36753,2.870019e-07,1.52868e-06
-0.295138,0.1524,1.62306e-06,102.8171,-3.600195e-07,1.582508e-06
-0.295138,0.1523,2.505552e-06,87.26614,1.195147e-07,2.502674e-06
-0.295138,0.1522,1.60267e-06,72.31976,4.867315e-07,1.526948e-06
-0.295138,0.1521,2.003822e-06,62.97749,9.104367e-07,1.785038e-06
-0.295138,0.152,1.557877e-06,111.9074,-5.812011e-07,1.445269e-06
-0.295138,0.1519,1.165894e-06,122.9361,-6.338339e-07,9.783916e-07
-0.295138,0.1518,1.26769e-06,109.458,-4.222467e-07,1.195175e-06
-0.295138,0.1517,1.958934e-06,93.47129,-1.185871e-07,1.955319e-06
-0.295138,0.1516,1.33589e-06,112.1496,-5.036573e-07,1.23728e-06
-0.295138,0.1515,1.605195e-06,83.90016,1.705437e-07,1.595964e-06
-0.295138,0.1514,3.539677e-07,150.2806,-3.073923e-07,1.754779e-07
-0.295138,0.1513,9.155888e-07,92.88641,-4.610605e-08,9.143035e-07
-0.295138,0.1512,1.835653e-06,108.9903,-5.973279e-07,1.735601e-06
-0.295138,0.1511,1.349888e-06,118.4246,-6.424952e-07,1.187045e-06
-0.295138,0.151,1.952407e-06,99.11401,-3.092586e-07,1.927737e-06
-0.295138,0.1509,1.657085e-06,124.4939,-9.384267e-07,1.365724e-06
-0.295138,0.1508,2.450337e-06,113.0728,-9.602755e-07,2.254312e-06
-0.295138,0.1507,1.325726e-06,127.7661,-8.118432e-07,1.047944e-06
-0.295138,0.1506,2.853244e-06,98.71361,-4.322379e-07,2.820191e-06
-0.295138,0.1505,9.245686e-07,91.66783,-2.691708e-08,9.241607e-07
-0.295138,0.1504,1.343976e-06,103.5968,-3.159195e-07,1.306163e-06
-0.295138,0.1503,1.397917e-06,85.46332,1.105852e-07,1.393441e-06
-0.295138,0.1502,1.268958e-06,98.94003,-1.971982e-07,1.253401e-06
-0.295138,0.1501,1.831959e-06,106.8227,-5.301721e-07,1.753455e-06
-0.295138,0.15,1.409903e-06,69.34257,4.973877e-07,1.319222e-06
-0.295424,0.2,1.595014e-06,75.3558,4.031863e-07,1.543069e-06
-0.295424,0.1999,1.778606e-06,64.32559,7.705315e-07,1.602893e-06
-0.295424,0.1998,2.003515e-06,73.84784,5.573462e-07,1.924406e-06
-0.295424,0.1997,9.538382e-07,110.8261,-3.391038e-07,8.913818e-07
-0.295424,0.1996,1.596288e-06,92.02276,-5.63655e-08,1.595165e-06
-0.295424,0.1995,4.706829e-07,55.60224,2.658125e-07,3.882609e-07
-0.295424,0.1994,2.161217e-06,118.9059,-1.044619e-06,1.891896e-06
-0.295424,0.1993,1.798354e-06,91.3461,-4.22392e-08,1.797828e-06
-0.295424,0.1992,1.426868e-06,69.97029,4.887264e-07,1.34054e-06
-0.295424,0.1991,9.138118e-07,93.79737,-6.049498e-08,9.117722e-07
-0.295424,0.199,8.61492e-07,78.41032,1.730807e-07,8.438173e-07
-0.295424,0.1989,1.887219e-06,53.83724,1.11363e-06,1.523617e-06
-0.295424,0.1988,1.355113e-06,80.1019,2.329051e-07,1.334812e-06
-0.295424,0.1987,1.17797e-06,106.1512,-3.27643e-07,1.13135e-06
-0.295424,0.1986,1.454936e-06,96.12956,-1.553613e-07,1.44647e-06
-0.295424,0.1985,3.076381e-07,136.104,-2.215839e-07,2.131853e-07
-0.295424,0.1984,1.754136e-06,81.157,2.696793e-07,1.733204e-06
-0.295424,0.1983,1.578088e-06,68.33019,5.826652e-07,1.466453e-06
-0.295424,0.1982,1.399219e-06,89.67228,7.990747e-09,1.399168e-06
-0.295424,0.1981,1.895366e-06,85.8669,1.365691e-07,1.890297e-06
-0.295424,0.198,1.444403e-06,81.85989,2.04524e-07,1.429812e-06
-0.295424,0.1979,1.453299e-06,98.65329,-2.186503e-07,1.436607e-06
-0.295424,0.1978,1.221578e-06,132.9055,-8.31563e-07,8.947178e-07
-0.295424,0.1977,1.607386e-06,112.2064,-6.074532e-07,1.488039e-06
-0.295424,0.1976,1.745939e-06,77.96969,3.638807e-07,1.707488e-06
-0.295424,0.1975,1.604251e-06,66.34763,6.435569e-07,1.469386e-06
-0.295424,0.1974,1.52084e-06,105.0682,-3.953296e-07,1.468453e-06
-0.295424,0.1973,1.252569e-06,74.03842,3.444291e-07,1.204233e-06
-0.295424,0.1972,1.58842e-06,77.77735,3.362987e-07,1.552395e-06
-0.295424,0.1971,1.192834e-06,127.2931,-7.227044e-07,9.489431e-07
-0.295424,0.197,8.714385e-07,77.33499,1.910682e-07,8.502099e-07
-0.295424,0.1969,7.606185e-07,78.06936,1.572221e-07,7.441509e-07
-0.295424,0.1968,1.767447e-06,95.92411,-1.824125e-07,1.757986e-06
-0.295424,0.1967,1.40774e-06,135.9467,-1.011706e-06,9.787883e-07
-0.295424,0.1966,1.014528e-06,71.31914,3.249719e-07,9.61069e-07
-0.295424,0.1965,1.321094e-06,86.84956,7.261522e-08,1.319088e-06
-0.295424,0.1964,1.228999e-06,115.5931,-5.308371e-07,1.108299e-06
-0.295424,0.1963,1.348357e-06,132.9588,-9.188354e-07,9.867846e-07
-0.295424,0.1962,1.652279e-06,100.2714,-2.946015e-07,1.625681e-06
-0.295424,0.1961,9.959042e-07,105.7447,-2.702157e-07,9.584035e-07
-0.295424,0.196,2.533603e-06,110.7221,-8.964501e-07,2.369569e-06
-0.295424,0.1959,1.930307e-06,115.2522,-8.234381e-07,1.745861e-06
-0.295424,0.1958,1.603771e-06,96.03339,-1.685544e-07,1.594768e-06
-0.295424,0.1957,1.084143e-06,83.4072,1.244433e-07,1.076856e-06
-0.295424,0.1956,1.340294e-06,112.9504,-5.225781e-07,1.234084e-06
-0.295424,0.1955,1.26717e-06,70.7605,4.175752e-07,1.196376e-06
-0.295424,0.1954,1.58238e-06,87.93002,5.715899e-08,1.581307e-06
-0.295424,0.1953,1.258336e-06,120.3094,-6.350353e-07,1.086317e-06
-0.295424,0.1952,1.664925e-06,107.2728,-4.943311e-07,1.589834e-06
-0.295424,0.1951,9.711608e-07,123.9117,-5.417615e-07,8.058417e-07
-0.295424,0.195,2.011433e-06,109.6049,-6.748717e-07,1.894695e-06
-0.295424,0.1949,1.701923e-06,85.56474,1.316405e-07,1.696832e-06
-0.295424,0.1948,1.747202e-06,89.90396,2.928078e-09,1.747196e-06
-0.295424,0.1947,1.331426e-06,98.32631,-1.928061e-07,1.317355e-06
-0.295424,0.1946,1.610789e-06,66.60104,6.3969e-07,1.478316e-06
-0.295424,0.1945,1.545885e-06,94.76048,-1.283157e-07,1.540403e-06
-0.295424,0.1944,1.629682e-06,68.31184,6.022509e-07,1.514291e-06
-0.295424,0.1943,1.596411e-06,96.46515,-1.797471e-07,1.586241e-06
-0.295424,0.1942,8.102282e-07,111.6479,-2.988651e-07,7.530804e-07
-0.295424,0.1941,1.267438e-06,75.09353,3.260392e-07,1.224752e-06
-0.295424,0.194,9.19098e-07,105.8077,-2.503618e-07,8.843243e-07
-0.295424,0.1939,1.553842e-06,80.03895,2.687461e-07,1.530278e-06
-0.295424,0.1938,1.387769e-06,92.4494,-5.929358e-08,1.386377e-06
-0.295424,0.1937,1.678822e-06,87.53485,7.221288e-08,1.677241e-06
-0.295424,0.1936,1.328269e-06,85.96132,9.353086e-08,1.324821e-06
-0.295424,0.1935,1.723989e-06,45.76661,1.202501e-06,1.235146e-06
-0.295424,0.1934,1.897417e-06,75.04806,4.895254e-07,1.833138e-06
-0.295424,0.1933,1.676084e-06,84.67825,1.554898e-07,1.668848e-06
-0.295424,0.1932,1.540951e-06,76.96693,3.474913e-07,1.501232e-06
-0.295424,0.1931,9.907018e-07,32.45562,8.359551e-07,5.316305e-07
-0.295424,0.193,1.361578e-06,101.087,-2.618227e-07,1.336142e-06
-0.295424,0.1929,1.695122e-06,66.69547,6.706025e-07,1.556793e-06
-0.295424,0.1928,2.417005e-06,113.9522,-9.811967e-07,2.208743e-06
-0.295424,0.1927,8.285623e-07,79.99698,1.439005e-07,8.158385e-07
-0.295424,0.1926,1.685824e-06,108.0071,-5.211085e-07,1.603161e-06
-0.295424,0.1925,1.350101e-06,45.15026,9.520109e-07,9.570736e-07
-0.295424,0.1924,1.320965e-06,102.6256,-2.887398e-07,1.288974e-06
-0.295424,0.1923,1.62239e-06,85.91149,1.156534e-07,1.618215e-06
-0.295424,0.1922,6.882715e-07,35.95043,5.57078e-07,4.039853e-07
-0.295424,0.1921,1.395508e-06,93.48265,-8.474662e-08,1.392904e-06
-0.295424,0.192,1.03897e-06,84.3775,1.017954e-07,1.033952e-06
-0.295424,0.1919,1.577753e-06,77.38133,3.446917e-07,1.539604e-06
-0.295424,0.1918,1.272439e-06,106.0105,-3.509614e-07,1.22302e-06
-0.295424,0.1917,1.611337e-06,75.46509,4.043877e-07,1.559726e-06
-0.295424,0.1916,1.700185e-06,93.46867,-1.028627e-07,1.696961e-06
-0.295424,0.1915,4.503093e-07,121.3278,-2.341065e-07,3.846678e-07
-0.295424,0.1914,1.786876e-06,106.1451,-4.968624e-07,1.716284e-06
-0.295424,0.1913,1.969836e-06,102.0687,-4.118531e-07,1.926273e-06
-0.295424,0.1912,2.671681e-06,104.0094,-6.467588e-07,2.592215e-06
-0.295424,0.1911,2.11557e-06,95.45026,-2.009309e-07,2.10588e-06
-0.295424,0.191,9.553749e-07,79.06329,1.812055e-07,9.378846e-07
-0.295424,0.1909,1.682661e-06,64.65858,7.201675e-07,1.520683e-06
-0.295424,0.1908,2.384819e-06,108.5331,-7.580146e-07,2.260973e-06
-0.295424,0.1907,1.936107e-06,94.1803,-1.411065e-07,1.930933e-06
-0.295424,0.1906,1.522611e-06,100.2985,-2.722162e-07,1.498036e-06
-0.295424,0.1905,2.146979e-06,112.9198,-8.360948e-07,1.977436e-06
-0.295424,0.1904,1.83995e-06,108.9046,-5.961265e-07,1.740664e-06
-0.295424,0.1903,1.21005e-06,117.4901,-5.585532e-07,1.073392e-06
-0.295424,0.1902,2.669468e-07,49.31321,1.740083e-07,2.023894e-07
-0.295424,0.1901,2.097398e-06,120.8802,-1.076459e-06,1.800091e-06
-0.295424,0.19,1.686975e-06,125.7607,-9.85857e-07,1.368921e-06
-0.295424,0.1899,9.667072e-07,78.64015,1.903977e-07,9.477473e-07
-0.295424,0.1898,8.655209e-07,98.92604,-1.343116e-07,8.5501e-07
-0.295424,0.1897,1.665271e-06,101.8624,-3.423001e-07,1.629676e-06
-0.295424,0.1896,1.68422e-06,102.0827,-3.525596e-07,1.646865e-06
-0.295424,0.1895,1.479573e-06,85.77598,1.08987e-07,1.475516e-06
-0.295424,0.1894,1.34192e-06,144.8206,-1.096716e-06,7.730629e-07
-0.295424,0.1893,2.121336e-06,117.7274,-9.869243e-07,1.877641e-06
-0.295424,0.1892,1.307789e-06,107.5963,-3.953296e-07,1.246472e-06
-0.295424,0.1891,1.310817e-06,94.6748,-1.068636e-07,1.306297e-06
-0.295424,0.189,1.507859e-06,94.22139,-1.109931e-07,1.503629e-06
-0.295424,0.1889,1.638522e-06,108.1191,-5.095191e-07,1.557195e-06
-0.295424,0.1888,1.243611e-06,117.5644,-5.754735e-07,1.102438e-06
-0.295424,0.1887,1.665484e-06,106.7868,-4.810038e-07,1.5945e-06
-0.295424,0.1886,1.481004e-06,81.56702,2.171806e-07,1.464854e-06
-0.295424,0.1885,1.913348e-06,72.12656,5.871914e-07,1.820879e-06
-0.295424,0.1884,1.560296e-06,74.61805,4.13848e-07,1.504294e-06
-0.295424,0.1883,2.188833e-06,108.2017,-6.836671e-07,2.079231e-06
-0.295424,0.1882,8.779708e-07,83.11345,1.052599e-07,8.715335e-07
-0.295424,0.1881,1.536576e-06,107.5289,-4.627536e-07,1.465123e-06
-0.295424,0.188,1.393999e-06,115.3963,-5.978588e-07,1.259263e-06
-0.295424,0.1879,1.229435e-06,94.51831,-9.686686e-08,1.225551e-06
-0.295424,0.1878,1.137278e-06,83.94649,1.19917e-07,1.130819e-06
-0.295424,0.1877,8.485559e-07,42.01553,6.303638e-07,5.678739e-07
-0.295424,0.1876,1.643501e-06,76.32622,3.885291e-07,1.596897e-06
-0.295424,0.1875,1.785071e-06,97.90767,-2.455674e-07,1.767983e-06
-0.295424,0.1874,1.512061e-06,57.18451,8.194316e-07,1.270724e-06
-0.295424,0.1873,1.393731e-06,97.49851,-1.818761e-07,1.381712e-06
-0.295424,0.1872,1.238018e-06,111.6846,-4.574228e-07,1.150405e-06
-0.295424,0.1871,1.439133e-06,103.964,-3.472287e-07,1.396503e-06
-0.295424,0.187,3.114715e-07,74.28846,8.43387e-08,2.997927e-07
-0.295424,0.1869,1.350123e-06,126.3515,-8.002538e-07,1.087384e-06
-0.295424,0.1868,1.162989e-06,79.56335,2.106539e-07,1.14361e-06
-0.295424,0.1867,1.500489e-06,77.12167,3.344323e-07,1.462725e-06
-0.295424,0.1866,9.754076e-07,73.38973,2.787373e-07,9.345542e-07
-0.295424,0.1865,1.2685e-06,109.1765,-4.166476e-07,1.197975e-06
-0.295424,0.1864,2.376403e-06,63.83556,1.04781e-06,2.132797e-06
-0.295424,0.1863,1.913784e-06,69.75435,6.622094e-07,1.795431e-06
-0.295424,0.1862,1.691373e-06,62.69086,7.759965e-07,1.50283e-06
-0.295424,0.1861,1.639097e-06,104.5148,-4.107858e-07,1.586772e-06
-0.295424,0.186,1.587783e-06,89.05867,2.611242e-08,1.587571e-06
-0.295424,0.1859,1.675e-06,104.5305,-4.202462e-07,1.621417e-06
-0.295424,0.1858,2.083746e-06,75.34968,5.269702e-07,2.015942e-06
-0.295424,0.1857,1.157948e-06,111.1321,-4.174467e-07,1.080052e-06
-0.295424,0.1856,6.023403e-07,67.38961,2.315696e-07,5.560163e-07
-0.295424,0.1855,1.176455e-06,102.9998,-2.646222e-07,1.146275e-06
-0.295424,0.1854,5.105137e-07,111.2947,-1.856088e-07,4.762038e-07
-0.295424,0.1853,1.097403e-06,73.77703,3.065876e-07,1.053672e-06
-0.295424,0.1852,6.064753e-07,108.6563,-1.940019e-07,5.745347e-07
-0.295424,0.1851,7.227044e-07,42.46838,5.330946e-07,4.879273e-07
-0.295424,0.185,1.432087e-06,102.4123,-3.07789e-07,1.398503e-06
-0.295424,0.1849,1.420615e-06,114.7897,-5.955956e-07,1.289645e-06
-0.295424,0.1848,1.280497e-06,89.07703,2.064742e-08,1.280318e-06
-0.295424,0.1847,1.206893e-06,61.6269,5.734674e-07,1.061802e-06
-0.295424,0.1846,1.878183e-06,97.35338,-2.403706e-07,1.862715e-06
-0.295424,0.1845,1.699749e-06,108.1225,-5.287081e-07,1.615421e-06
-0.295424,0.1844,4.695598e-07,135.8418,-3.368351e-07,3.271065e-07
-0.295424,0.1843,9.59549e-07,115.8702,-4.186481e-07,8.632689e-07
-0.295424,0.1842,1.61793e-06,106.4633,-4.584901e-07,1.551462e-06
-0.295424,0.1841,7.700957e-07,88.20628,2.411194e-08,7.695984e-07
-0.295424,0.184,1.669658e-06,120.1197,-8.378271e-07,1.444201e-06
-0.295424,0.1839,1.760054e-06,146.7124,-1.471258e-06,9.659975e-07
-0.295424,0.1838,1.090524e-06,115.7128,-4.731416e-07,9.825211e-07
-0.295424,0.1837,1.397754e-06,95.66795,-1.380387e-07,1.390775e-06
-0.295424,0.1836,1.041552e-06,109.903,-3.5456e-07,9.793248e-07
-0.295424,0.1835,1.572249e-06,147.7157,-1.32909e-06,8.396878e-07
-0.295424,0.1834,1.543002e-06,135.868,-1.107372e-06,1.074325e-06
-0.295424,0.1833,7.027778e-07,171.6946,-6.953906e-07,1.015271e-07
-0.295424,0.1832,1.020759e-06,107.8008,-3.120526e-07,9.718593e-07
-0.295424,0.1831,1.105053e-06,113.3596,-4.380997e-07,1.014366e-06
-0.295424,0.183,2.754516e-07,82.7725,3.463961e-08,2.731438e-07
-0.295424,0.1829,1.828042e-06,117.0976,-8.326303e-07,1.627279e-06
-0.295424,0.1828,1.24208e-06,137.4301,-9.147059e-07,8.402187e-07
-0.295424,0.1827,1.331957e-06,98.12086,-1.881401e-07,1.318557e-06
-0.295424,0.1826,1.443145e-06,85.94384,1.02058e-07,1.439407e-06
-0.295424,0.1825,1.634342e-06,86.41419,1.021921e-07,1.631006e-06
-0.295424,0.1824,1.242868e-06,91.16688,-2.531893e-08,1.242477e-06
-0.295424,0.1823,1.572769e-06,116.6483,-7.053818e-07,1.405695e-06
-0.295424,0.1822,1.645362e-06,116.7829,-7.413569e-07,1.468721e-06
-0.295424,0.1821,1.197036e-06,148.77,-1.023564e-06,6.206352e-07
-0.295424,0.182,8.765179e-07,116.0136,-3.844052e-07,7.8772e-07
-0.295424,0.1819,1.681538e-06,99.52403,-2.782121e-07,1.65832e-06
-0.295424,0.1818,1.918891e-06,148.5602,-1.637142e-06,1.00091e-06
-0.295424,0.1817,1.271495e-06,118.8976,-6.143823e-07,1.113099e-06
-0.295424,0.1816,2.996865e-07,157.248,-2.763457e-07,1.159161e-07
-0.295424,0.1815,1.741016e-06,117.8398,-8.130446e-07,1.53947e-06
-0.295424,0.1814,9.511169e-07,155.8632,-8.679404e-07,3.889314e-07
-0.295424,0.1813,1.210737e-06,134.5725,-8.496847e-07,8.624698e-07
-0.295424,0.1812,7.905978e-07,113.4618,-3.147181e-07,7.25096e-07
-0.295424,0.1811,1.152126e-06,96.62077,-1.328419e-07,1.144275e-06
-0.295424,0.181,7.078181e-07,100.8073,-1.327134e-07,6.951168e-07
-0.295424,0.1809,1.30495e-06,111.0412,-4.684813e-07,1.217823e-06
-0.295424,0.1808,1.900278e-06,118.5733,-9.088441e-07,1.668848e-06
-0.295424,0.1807,6.869975e-07,145.1598,-5.6375e-07,3.92396e-07
-0.295424,0.1806,2.118771e-06,96.3515,-2.343747e-07,2.105746e-06
-0.295424,0.1805,1.240113e-06,131.6728,-8.244998e-07,9.262952e-07
-0.295424,0.1804,1.31859e-06,119.4815,-6.488878e-07,1.147873e-06
-0.295424,0.1803,1.321837e-06,127.7687,-8.0958e-07,1.044876e-06
-0.295424,0.1802,2.068648e-06,126.9775,-1.244215e-06,1.652458e-06
-0.295424,0.1801,7.62077e-07,94.45099,-5.915947e-08,7.597412e-07
-0.295424,0.18,9.557548e-07,94.59087,-7.648207e-08,9.526759e-07
-0.295424,0.1799,2.851076e-06,127.9076,-1.751599e-06,2.249384e-06
-0.295424,0.1798,1.529719e-06,86.57941,9.126774e-08,1.526948e-06
-0.295424,0.1797,1.212414e-06,114.9969,-5.123186e-07,1.098839e-06
-0.295424,0.1796,7.620826e-07,98.87009,-1.175198e-07,7.528122e-07
-0.295424,0.1795,3.933012e-07,-153.7765,-3.528278e-07,-1.737512e-07
-0.295424,0.1794,1.192247e-06,160.1983,-1.121632e-06,4.038512e-07
-0.295424,0.1793,1.337097e-06,169.9095,-1.316299e-06,2.34235e-07
-0.295424,0.1792,1.085674e-06,176.297,-1.08326e-06,7.008388e-08
-0.295424,0.1791,2.293109e-06,169.7792,-2.256715e-06,4.06919e-07
-0.295424,0.179,1.618109e-06,173.5846,-1.607961e-06,1.808088e-07
-0.295424,0.1789,1.203915e-06,170.6228,-1.187721e-06,1.961309e-07
-0.295424,0.1788,1.946914e-06,-166.1688,-1.890437e-06,-4.654135e-07
-0.295424,0.1787,1.744218e-06,-146.0899,-1.447537e-06,-9.730663e-07
-0.295424,0.1786,1.805769e-06,-129.0948,-1.138687e-06,-1.401437e-06
-0.295424,0.1785,2.372095e-06,179.2181,-2.371838e-06,3.237649e-08
-0.295424,0.1784,1.933598e-06,-151.3025,-1.696033e-06,-9.284298e-07
-0.295424,0.1783,2.128265e-06,-156.018,-1.944534e-06,-8.650068e-07
-0.295424,0.1782,1.896154e-06,-136.2037,-1.368658e-06,-1.312298e-06
-0.295424,0.1781,2.60224e-06,-145.6936,-2.149455e-06,-1.466592e-06
-0.295424,0.178,2.776555e-06,-136.4131,-2.011153e-06,-1.914286e-06
-0.295424,0.1779,1.716401e-06,-134.0908,-1.194247e-06,-1.232754e-06
-0.295424,0.1778,2.595758e-06,-122.0674,-1.378118e-06,-2.19969e-06
-0.295424,0.1777,2.184754e-06,-129.5416,-1.390781e-06,-1.684712e-06
-0.295424,0.1776,2.998396e-06,-152.3236,-2.655241e-06,-1.392647e-06
-0.295424,0.1775,2.981705e-06,-147.4231,-2.512542e-06,-1.60543e-06
-0.295424,0.1774,3.006013e-06,-162.4006,-2.86523e-06,-9.088441e-07
-0.295424,0.1773,2.845276e-06,-157.4525,-2.627793e-06,-1.090982e-06
-0.295424,0.1772,2.615941e-06,-151.1303,-2.290824e-06,-1.263001e-06
-0.295424,0.1771,2.909632e-06,-126.0713,-1.713093e-06,-2.351716e-06
-0.295424,0.177,2.535011e-06,-141.9551,-1.996362e-06,-1.562263e-06
-0.295424,0.1769,2.670552e-06,-125.3467,-1.544941e-06,-2.178238e-06
-0.295424,0.1768,3.758652e-06,-134.3347,-2.626731e-06,-2.688422e-06
-0.295424,0.1767,4.355426e-06,-133.0331,-2.972094e-06,-3.183547e-06
-0.295424,0.1766,4.403963e-06,-142.276,-3.48334e-06,-2.694547e-06
-0.295424,0.1765,3.849271e-06,-119.8836,-1.917885e-06,-3.337439e-06
-0.295424,0.1764,4.872886e-06,-125.3002,-2.815799e-06,-3.976866e-06
-0.295424,0.1763,5.724839e-06,-123.2661,-3.14024e-06,-4.786709e-06
-0.295424,0.1762,5.419693e-06,-127.0276,-3.263756e-06,-4.32676e-06
-0.295424,0.1761,5.634382e-06,-121.1149,-2.911599e-06,-4.823751e-06
-0.295424,0.176,6.515789e-06,-123.3448,-3.581536e-06,-5.443057e-06
-0.295424,0.1759,5.918428e-06,-123.813,-3.293473e-06,-4.917288e-06
-0.295424,0.1758,6.573311e-06,-126.4621,-3.90638e-06,-5.286499e-06
-0.295424,0.1757,6.686853e-06,-124.6285,-3.79979e-06,-5.502216e-06
-0.295424,0.1756,6.575407e-06,-120.3348,-3.320921e-06,-5.675163e-06
-0.295424,0.1755,7.014513e-06,-126.9041,-4.21204e-06,-5.60908e-06
-0.295424,0.1754,7.229112e-06,-121.1287,-3.737166e-06,-6.188146e-06
-0.295424,0.1753,6.802724e-06,-121.4939,-3.553692e-06,-5.800545e-06
-0.295424,0.1752,7.482469e-06,-120.7833,-3.829501e-06,-6.428249e-06
-0.295424,0.1751,7.687306e-06,-127.565,-4.686646e-06,-6.093408e-06
-0.295424,0.175,7.468197e-06,-121.7151,-3.925971e-06,-6.352968e-06
-0.295424,0.1749,6.019564e-06,-124.7076,-3.427511e-06,-4.948463e-06
-0.295424,0.1748,7.022531e-06,-124.302,-3.957549e-06,-5.801081e-06
-0.295424,0.1747,6.583247e-06,-125.6024,-3.832435e-06,-5.352588e-06
-0.295424,0.1746,6.202826e-06,-124.0862,-3.476276e-06,-5.137134e-06
-0.295424,0.1745,5.862012e-06,-125.2936,-3.386875e-06,-4.78458e-06
-0.295424,0.1744,6.061149e-06,-125.4149,-3.512386e-06,-4.939673e-06
-0.295424,0.1743,5.325246e-06,-129.1997,-3.365686e-06,-4.126762e-06
-0.295424,0.1742,4.486301e-06,-125.3924,-2.59835e-06,-3.657219e-06
-0.295424,0.1741,5.041077e-06,-132.2415,-3.38887e-06,-3.731969e-06
-0.295424,0.174,4.607917e-06,-124.3936,-2.602877e-06,-3.802321e-06
-0.295424,0.1739,3.549138e-06,-134.0703,-2.468571e-06,-2.549981e-06
-0.295424,0.1738,4.430288e-06,-123.9992,-2.477232e-06,-3.67281e-06
-0.295424,0.1737,3.426874e-06,-124.4965,-1.940801e-06,-2.824192e-06
-0.295424,0.1736,3.308605e-06,-130.3467,-2.141995e-06,-2.5216e-06
-0.295424,0.1735,3.14722e-06,-124.6644,-1.789972e-06,-2.588488e-06
-0.295424,0.1734,2.280553e-06,-137.3051,-1.676185e-06,-1.546405e-06
-0.295424,0.1733,2.114983e-06,-131.4035,-1.398772e-06,-1.586375e-06
-0.295424,0.1732,1.400426e-06,-122.279,-7.478892e-07,-1.183988e-06
-0.295424,0.1731,1.522723e-06,-143.7568,-1.227959e-06,-9.001828e-07
-0.295424,0.173,5.822014e-07,152.9879,-5.185771e-07,2.643484e-07
-0.295424,0.1729,9.457021e-07,143.5085,-7.602777e-07,5.624089e-07
-0.295424,0.1728,1.492671e-06,162.3477,-1.422358e-06,4.526171e-07
-0.295424,0.1727,1.399649e-06,-173.0723,-1.389311e-06,-1.688227e-07
-0.295424,0.1726,1.246718e-06,121.3942,-6.494242e-07,1.064199e-06
-0.295424,0.1725,1.216214e-06,167.0325,-1.185055e-06,2.728756e-07
-0.295424,0.1724,9.434446e-07,140.5012,-7.279012e-07,5.999822e-07
-0.295424,0.1723,1.130159e-06,-174.791,-1.125359e-06,-1.026e-07
-0.295424,0.1722,1.395832e-06,156.9175,-1.284051e-06,5.472209e-07
-0.295424,0.1721,1.050218e-06,121.1337,-5.429629e-07,8.988473e-07
-0.295424,0.172,8.569266e-07,105.4877,-2.287812e-07,8.256956e-07
-0.295424,0.1719,1.477617e-06,95.58402,-1.437719e-07,1.470588e-06
-0.295424,0.1718,2.016624e-06,109.7815,-6.824657e-07,1.897489e-06
-0.295424,0.1717,1.773051e-06,126.376,-1.051548e-06,1.427549e-06
-0.295424,0.1716,1.618595e-06,115.753,-7.032528e-07,1.457791e-06
-0.295424,0.1715,1.173511e-06,135.9746,-8.436888e-07,8.154362e-07
-0.295424,0.1714,1.803277e-06,108.8609,-5.829334e-07,1.706292e-06
-0.295424,0.1713,1.321027e-06,122.7542,-7.147137e-07,1.110965e-06
-0.295424,0.1712,2.09077e-06,139.3027,-1.585045e-06,1.363193e-06
-0.295424,0.1711,1.556893e-06,113.2118,-6.135832e-07,1.430746e-06
-0.295424,0.171,2.495152e-06,92.53464,-1.103281e-07,2.492683e-06
-0.295424,0.1709,9.885448e-07,133.0611,-6.748717e-07,7.22168e-07
-0.295424,0.1708,1.042714e-06,73.41071,2.976581e-07,9.991787e-07
-0.295424,0.1707,1.452114e-06,81.19983,2.221092e-07,1.434875e-06
-0.295424,0.1706,1.635717e-06,71.609,5.160402e-07,1.552127e-06
-0.295424,0.1705,1.830484e-06,114.6017,-7.620099e-07,1.664187e-06
-0.295424,0.1704,1.424046e-06,96.29554,-1.561604e-07,1.415424e-06
-0.295424,0.1703,2.024291e-06,86.49286,1.237783e-07,2.02034e-06
-0.295424,0.1702,1.823354e-06,112.2108,-6.892606e-07,1.688037e-06
-0.295424,0.1701,1.478042e-06,117.6876,-6.867293e-07,1.308694e-06
-0.295424,0.17,8.988976e-07,114.6472,-3.748107e-07,8.169002e-07
-0.295424,0.1699,7.816739e-07,111.5657,-2.872701e-07,7.268283e-07
-0.295424,0.1698,1.889834e-06,92.68708,-8.860789e-08,1.887632e-06
-0.295424,0.1697,2.470426e-06,110.9161,-8.81927e-07,2.30761e-06
-0.295424,0.1696,1.661388e-06,119.3425,-8.141119e-07,1.448202e-06
-0.295424,0.1695,1.841733e-06,106.883,-5.348324e-07,1.762384e-06
-0.295424,0.1694,1.748442e-06,70.93971,5.709361e-07,1.652458e-06
-0.295424,0.1693,8.84274e-07,133.3014,-6.063859e-07,6.434228e-07
-0.295424,0.1692,9.540393e-07,162.1868,-9.081792e-07,2.917964e-07
-0.295424,0.1691,1.652777e-06,125.4083,-9.5761e-07,1.347072e-06
-0.295424,0.169,1.383813e-06,109.0174,-4.508905e-07,1.308163e-06
-0.295424,0.1689,2.407869e-06,77.55705,5.188398e-07,2.351313e-06
-0.295424,0.1688,9.460598e-07,119.1668,-4.610214e-07,8.259639e-07
-0.295424,0.1687,1.270165e-06,83.0234,1.542884e-07,1.260727e-06
-0.295424,0.1686,1.350905e-06,97.80625,-1.834742e-07,1.338277e-06
-0.295424,0.1685,8.672028e-07,135.1738,-6.150472e-07,6.113089e-07
-0.295424,0.1684,7.618982e-07,85.60462,5.83548e-08,7.596071e-07
-0.295424,0.1683,1.667601e-06,84.48853,1.601558e-07,1.65979e-06
-0.295424,0.1682,1.932637e-06,80.15523,3.304369e-07,1.904156e-06
-0.295424,0.1681,1.582587e-06,92.83658,-7.834844e-08,1.580508e-06
-0.295424,0.168,1.977905e-06,65.86766,8.086413e-07,1.80502e-06
-0.295424,0.1679,1.62425e-06,97.49501,-2.118553e-07,1.610353e-06
-0.295424,0.1678,1.870891e-06,81.94645,2.620853e-07,1.852322e-06
-0.295424,0.1677,1.435898e-06,119.9562,-7.169768e-07,1.244075e-06
-0.295424,0.1676,1.437736e-06,78.2206,2.935286e-07,1.407427e-06
-0.295424,0.1675,1.9175e-06,70.37146,6.440877e-07,1.805953e-06
-0.295424,0.1674,1.276446e-06,116.6929,-5.733445e-07,1.140279e-06
-0.295424,0.1673,1.49646e-06,124.2718,-8.426215e-07,1.236481e-06
-0.295424,0.1672,1.214263e-06,94.89686,-1.036673e-07,1.209698e-06
-0.295424,0.1671,1.477802e-06,132.0959,-9.906571e-07,1.096576e-06
-0.295424,0.167,2.057539e-06,90.11526,-4.135072e-09,2.057516e-06
-0.295424,0.1669,1.636935e-06,87.87756,6.062351e-08,1.635672e-06
-0.295424,0.1668,2.014679e-06,100.7723,-3.76543e-07,1.979034e-06
-0.295424,0.1667,1.630481e-06,83.81286,1.757405e-07,1.620881e-06
-0.295424,0.1666,1.720122e-06,69.29449,6.081126e-07,1.608889e-06
-0.295424,0.1665,6.315317e-07,53.43508,3.761406e-07,5.071163e-07
-0.295424,0.1664,1.240538e-06,85.79783,9.086541e-08,1.237146e-06
-0.295424,0.1663,1.741815e-06,82.58541,2.247747e-07,1.727208e-06
-0.295424,0.1662,1.890515e-06,75.96865,4.583504e-07,1.834066e-06
-0.295424,0.1661,1.947512e-06,76.24579,4.630107e-07,1.891627e-06
-0.295424,0.166,1.175645e-06,96.6977,-1.371111e-07,1.167593e-06
-0.295424,0.1659,1.019155e-06,106.4424,-2.884715e-07,9.773243e-07
-0.295424,0.1658,1.985164e-06,73.76741,5.54949e-07,1.906016e-06
-0.295424,0.1657,1.706907e-06,111.327,-6.207749e-07,1.589968e-06
-0.295424,0.1656,6.429366e-07,85.80221,4.703365e-08,6.411541e-07
-0.295424,0.1655,1.393541e-06,100.3002,-2.49166e-07,1.371055e-06
-0.295424,0.1654,1.519007e-06,76.57801,3.52554e-07,1.477383e-06
-0.295424,0.1653,1.718882e-06,99.69801,-2.895388e-07,1.694301e-06
-0.295424,0.1652,1.563549e-06,91.43003,-3.90429e-08,1.562923e-06
-0.295424,0.1651,2.21946e-06,50.44876,1.41316e-06,1.711221e-06
-0.295424,0.165,1.730075e-06,90.56463,-1.705996e-08,1.729873e-06
-0.295424,0.1649,1.565191e-06,109.1791,-5.14185e-07,1.478182e-06
-0.295424,0.1648,1.715462e-06,86.42818,1.06858e-07,1.71202e-06
-0.295424,0.1647,7.487274e-07,80.18582,1.276452e-07,7.377583e-07
-0.295424,0.1646,1.750716e-06,84.55498,1.661516e-07,1.742798e-06
-0.295424,0.1645,1.667674e-06,70.56204,5.54949e-07,1.572517e-06
-0.295424,0.1644,1.421073e-06,89.74834,6.258487e-09,1.421017e-06
-0.295424,0.1643,2.195751e-06,88.54679,5.569495e-08,2.195019e-06
-0.295424,0.1642,1.894226e-06,107.5097,-5.6988e-07,1.806356e-06
-0.295424,0.1641,2.285499e-06,97.13657,-2.839397e-07,2.267768e-06
-0.295424,0.164,1.683292e-06,110.166,-5.802679e-07,1.579977e-06
-0.295424,0.1639,1.746011e-06,107.2466,-5.176439e-07,1.667384e-06
-0.295424,0.1638,4.308018e-07,145.207,-3.53761e-07,2.4583e-07
-0.295424,0.1637,1.289477e-06,115.566,-5.564186e-07,1.163061e-06
-0.295424,0.1636,1.242114e-06,105.6022,-3.340411e-07,1.196242e-06
-0.295424,0.1635,1.277122e-06,123.229,-6.997883e-07,1.068195e-06
-0.295424,0.1634,1.76011e-06,113.2809,-6.956588e-07,1.616751e-06
-0.295424,0.1633,1.502355e-06,109.5297,-5.021933e-07,1.41582e-06
-0.295424,0.1632,1.883134e-06,101.4525,-3.738775e-07,1.845527e-06
-0.295424,0.1631,1.404812e-06,105.5769,-3.772079e-07,1.353068e-06
-0.295424,0.163,1.05655e-06,80.37804,1.765396e-07,1.041546e-06
-0.295424,0.1629,8.055232e-07,83.95961,8.474104e-08,8.009131e-07
-0.295424,0.1628,9.713396e-07,80.78719,1.554898e-07,9.586717e-07
-0.295424,0.1627,1.153098e-06,81.06608,1.790765e-07,1.139078e-06
-0.295424,0.1626,1.452567e-06,117.0872,-6.614159e-07,1.293238e-06
-0.295424,0.1625,1.240303e-06,96.65049,-1.436378e-07,1.231815e-06
-0.295424,0.1624,1.562654e-06,101.6491,-3.155171e-07,1.530412e-06
-0.295424,0.1623,1.011768e-06,121.5656,-5.296356e-07,8.620731e-07
-0.295424,0.1622,1.858552e-06,113.9356,-7.540192e-07,1.698693e-06
-0.295424,0.1621,2.472348e-06,106.504,-7.023196e-07,2.370368e-06
-0.295424,0.162,1.88001e-06,67.27772,7.261633e-07,1.734003e-06
-0.295424,0.1619,1.776834e-06,75.15123,4.552826e-07,1.717351e-06
-0.295424,0.1618,1.301195e-06,121.0804,-6.716754e-07,1.114295e-06
-0.295424,0.1617,6.77118e-07,114.016,-2.755466e-07,6.183721e-07
-0.295424,0.1616,1.504478e-06,94.83567,-1.268461e-07,1.498963e-06
-0.295424,0.1615,1.181691e-06,77.61037,2.535581e-07,1.154137e-06
-0.295424,0.1614,1.647982e-06,101.5853,-3.309734e-07,1.614354e-06
-0.295424,0.1613,2.331722e-06,92.03981,-8.301436e-08,2.330129e-06
-0.295424,0.1612,1.376928e-06,95.52544,-1.325793e-07,1.370385e-06
-0.295424,0.1611,1.324312e-06,116.7925,-5.969256e-07,1.182116e-06
-0.295424,0.161,2.175305e-06,100.6857,-4.03326e-07,2.137457e-06
-0.295424,0.1609,2.319781e-06,98.34555,-3.367066e-07,2.295082e-06
-0.295424,0.1608,1.616271e-06,122.6109,-8.710026e-07,1.361327e-06
-0.295424,0.1607,8.102171e-07,75.05331,2.089217e-07,7.826574e-07
-0.295424,0.1606,1.934235e-06,96.00716,-2.02395e-07,1.923607e-06
-0.295424,0.1605,1.671139e-06,117.9219,-7.825288e-07,1.476584e-06
-0.295424,0.1604,2.653593e-06,86.47581,1.630838e-07,2.648441e-06
-0.295424,0.1603,2.007694e-06,108.2991,-6.303694e-07,1.90615e-06
-0.295424,0.1602,1.55829e-06,82.80834,1.950636e-07,1.546002e-06
-0.295424,0.1601,1.970954e-06,93.01493,-1.036673e-07,1.968109e-06
-0.295424,0.16,1.372592e-06,81.90273,1.933313e-07,1.358795e-06
-0.295424,0.1599,1.59098e-06,103.755,-3.782752e-07,1.545332e-06
-0.295424,0.1598,1.852585e-06,91.82605,-5.903095e-08,1.851523e-06
-0.295424,0.1597,2.002185e-06,84.40548,1.951977e-07,1.992624e-06
-0.295424,0.1596,2.272009e-06,86.13224,1.532267e-07,2.266706e-06
-0.295424,0.1595,1.724369e-06,120.0681,-8.639395e-07,1.492302e-06
-0.295424,0.1594,1.568812e-06,107.855,-4.810038e-07,1.493236e-06
-0.295424,0.1593,1.441229e-06,80.85538,2.290382e-07,1.422883e-06
-0.295424,0.1592,1.49233e-06,62.5501,6.879251e-07,1.324284e-06
-0.295424,0.1591,1.887939e-06,78.85347,3.64948e-07,1.852188e-06
-0.295424,0.159,1.371955e-06,67.49015,5.252379e-07,1.267394e-06
-0.295424,0.1589,1.892074e-06,93.11984,-1.029968e-07,1.88923e-06
-0.295424,0.1588,1.453019e-06,108.721,-4.663467e-07,1.376118e-06
-0.295424,0.1587,2.420336e-06,95.30032,-2.235844e-07,2.409936e-06
-0.295424,0.1586,1.000195e-06,77.47313,2.169124e-07,9.76257e-07
-0.295424,0.1585,1.366574e-06,123.3347,-7.509514e-07,1.141743e-06
-0.295424,0.1584,9.794924e-07,85.64484,7.434748e-08,9.765252e-07
-0.295424,0.1583,1.248942e-06,99.35793,-2.030655e-07,1.232217e-06
-0.295424,0.1582,1.26855e-06,110.6163,-4.466269e-07,1.187179e-06
-0.295424,0.1581,1.391848e-06,109.4956,-4.644859e-07,1.31203e-06
-0.295424,0.158,1.074967e-06,83.88617,1.14452e-07,1.068726e-06
-0.295424,0.1579,1.55491e-06,54.35293,9.061731e-07,1.263527e-06
-0.295424,0.1578,1.356717e-06,115.2872,-5.794689e-07,1.226618e-06
-0.295424,0.1577,1.525674e-06,89.48869,1.358985e-08,1.525484e-06
-0.295424,0.1576,1.369647e-06,103.1475,-3.115218e-07,1.333611e-06
-0.295424,0.1575,2.014551e-06,88.44232,5.476176e-08,2.013679e-06
-0.295424,0.1574,1.595042e-06,107.9241,-4.908666e-07,1.517621e-06
-0.295424,0.1573,1.936884e-06,96.54558,-2.207849e-07,1.924138e-06
-0.295424,0.1572,1.308063e-06,81.8494,1.854691e-07,1.294841e-06
-0.295424,0.1571,9.024403e-07,112.7502,-3.489609e-07,8.320938e-07
-0.295424,0.157,1.394882e-06,76.44337,3.269724e-07,1.355996e-06
-0.295424,0.1569,1.298859e-06,90.18083,-4.135072e-09,1.298703e-06
-0.295424,0.1568,1.413317e-06,111.7546,-5.237739e-07,1.312561e-06
-0.295424,0.1567,1.365372e-06,90.52529,-1.252815e-08,1.365194e-06
-0.295424,0.1566,1.162435e-06,112.1339,-4.379656e-07,1.076722e-06
-0.295424,0.1565,1.596003e-06,125.0158,-9.157732e-07,1.307096e-06
-0.295424,0.1564,4.469733e-07,88.9966,7.856637e-09,4.468895e-07
-0.295424,0.1563,1.880189e-06,102.9491,-4.213135e-07,1.832334e-06
-0.295424,0.1562,6.2914e-07,119.8766,-3.133881e-07,5.454886e-07
-0.295424,0.1561,2.093587e-06,92.30253,-8.407607e-08,2.091893e-06
-0.295424,0.156,1.851215e-06,103.1003,-4.195813e-07,1.802891e-06
-0.295424,0.1559,1.669999e-06,100.3614,-3.003291e-07,1.642735e-06
-0.295424,0.1558,1.091804e-06,83.64412,1.208446e-07,1.084981e-06
-0.295424,0.1557,1.933928e-06,92.81122,-9.487196e-08,1.931469e-06
-0.295424,0.1556,1.273032e-06,120.2587,-6.414279e-07,1.09951e-06
-0.295424,0.1555,1.229993e-06,112.7782,-4.762094e-07,1.134015e-06
-0.295424,0.1554,1.186424e-06,136.8829,-8.6594e-07,8.107703e-07
-0.295424,0.1553,2.21005e-06,80.94237,3.478936e-07,2.182362e-06
-0.295424,0.1552,2.061009e-06,91.83392,-6.595999e-08,2.059914e-06
-0.295424,0.1551,1.073889e-06,123.882,-5.986578e-07,8.915159e-07
-0.295424,0.155,2.06506e-06,106.3095,-5.798712e-07,1.981968e-06
-0.295424,0.1549,9.00954e-07,84.62929,8.43387e-08,8.969809e-07
-0.295424,0.1548,2.046888e-06,82.94036,2.515576e-07,2.031264e-06
-0.295424,0.1547,1.340601e-06,108.9116,-4.345066e-07,1.268193e-06
-0.295424,0.1546,1.058354e-06,96.68896,-1.23253e-07,1.05114e-06
-0.295424,0.1545,1.806551e-06,95.4931,-1.729521e-07,1.798091e-06
-0.295424,0.1544,1.342233e-06,121.841,-7.080473e-07,1.140145e-06
-0.295424,0.1543,2.014243e-06,89.75446,8.655712e-09,2.01421e-06
-0.295424,0.1542,1.907844e-06,92.5141,-8.367933e-08,1.905888e-06
-0.295424,0.1541,2.045597e-06,140.4487,-1.577183e-06,1.302435e-06
-0.295424,0.154,2.170303e-06,111.3275,-7.893238e-07,2.021541e-06
-0.295424,0.1539,1.288186e-06,104.3626,-3.195181e-07,1.247808e-06
-0.295424,0.1538,1.050945e-06,78.85871,2.030599e-07,1.031018e-06
-0.295424,0.1537,2.107104e-06,105.1135,-5.493555e-07,2.034198e-06
-0.295424,0.1536,1.532988e-06,143.9386,-1.239152e-06,9.023118e-07
-0.295424,0.1535,1.809876e-06,95.6697,-1.788139e-07,1.800891e-06
-0.295424,0.1534,1.5293e-06,121.6075,-8.014496e-07,1.302301e-06
-0.295424,0.1533,2.547036e-06,118.4587,-1.213699e-06,2.239258e-06
-0.295424,0.1532,2.436876e-06,106.5547,-6.943233e-07,2.335723e-06
-0.295424,0.1531,2.151299e-06,78.53829,4.274379e-07,2.108277e-06
-0.295424,0.153,2.072716e-06,146.8863,-1.736009e-06,1.132283e-06
-0.295424,0.1529,1.50297e-06,126.7021,-8.981823e-07,1.204904e-06
-0.295424,0.1528,1.380018e-06,89.20892,1.904927e-08,1.379845e-06
-0.295424,0.1527,1.414574e-06,99.13237,-2.245176e-07,1.396637e-06
-0.295424,0.1526,1.267539e-06,66.80387,4.99254e-07,1.165062e-06
-0.295424,0.1525,1.248199e-06,118.4194,-5.939919e-07,1.097643e-06
-0.295424,0.1524,7.15781e-07,118.2061,-3.383047e-07,6.307605e-07
-0.295424,0.1523,2.485664e-06,120.5782,-1.264465e-06,2.139989e-06
-0.295424,0.1522,2.072978e-06,124.2377,-1.166269e-06,1.713618e-06
-0.295424,0.1521,7.249061e-07,138.9879,-5.469582e-07,4.756674e-07
-0.295424,0.152,1.444961e-06,71.16702,4.664752e-07,1.367591e-06
-0.295424,0.1519,1.367876e-06,91.98692,-4.743598e-08,1.366926e-06
-0.295424,0.1518,1.716513e-06,72.92824,5.0392e-07,1.640869e-06
-0.295424,0.1517,1.049051e-06,92.75877,-5.050376e-08,1.04781e-06
-0.295424,0.1516,1.980241e-06,104.5926,-4.988573e-07,1.916281e-06
-0.295424,0.1515,1.792749e-06,123.4143,-9.871926e-07,1.496303e-06
-0.295424,0.1514,5.959253e-07,71.64484,1.876037e-07,5.654767e-07
-0.295424,0.1513,1.559738e-06,104.9729,-4.029236e-07,1.506691e-06
-0.295424,0.1512,1.399302e-06,94.79021,-1.168549e-07,1.394368e-06
-0.295424,0.1511,1.583503e-06,90.85651,-2.372078e-08,1.583173e-06
-0.295424,0.151,1.808965e-06,95.31999,-1.677554e-07,1.801025e-06
-0.295424,0.1509,1.229904e-06,109.4274,-4.090536e-07,1.159731e-06
-0.295424,0.1508,2.214912e-06,104.6848,-5.614813e-07,2.142526e-06
-0.295424,0.1507,1.671569e-06,92.08746,-6.089173e-08,1.670317e-06
-0.295424,0.1506,1.788401e-06,114.9751,-7.550809e-07,1.621149e-06
-0.295424,0.1505,1.536961e-06,131.5381,-1.019166e-06,1.150405e-06
-0.295424,0.1504,1.017943e-06,149.1057,-8.733998e-07,5.225725e-07
-0.295424,0.1503,1.768838e-06,112.2947,-6.710104e-07,1.636471e-06
-0.295424,0.1502,2.122996e-06,89.68758,1.158937e-08,2.122934e-06
-0.295424,0.1501,1.628693e-06,80.91134,2.572853e-07,1.608224e-06
-0.295424,0.15,1.937627e-06,91.67482,-5.662813e-08,1.936666e-06
-0.29571,0.2,1.481344e-06,67.85996,5.582794e-07,1.372117e-06
-0.29571,0.1999,1.44186e-06,69.3452,5.085803e-07,1.349067e-06
-0.29571,0.1998,1.830428e-06,76.42588,4.295669e-07,1.77917e-06
-0.29571,0.1997,1.043971e-06,83.89666,1.109875e-07,1.037947e-06
-0.29571,0.1996,1.49556e-06,84.5611,1.417659e-07,1.488704e-06
-0.29571,0.1995,1.792861e-06,58.29274,9.422823e-07,1.525215e-06
-0.29571,0.1994,1.105818e-06,72.5392,3.317669e-07,1.054739e-06
-0.29571,0.1993,1.561291e-06,88.72908,3.463961e-08,1.560788e-06
-0.29571,0.1992,1.942863e-06,79.93141,3.396291e-07,1.912817e-06
-0.29571,0.1991,1.228334e-06,99.24602,-1.973323e-07,1.212364e-06
-0.29571,0.199,1.728365e-06,68.89759,6.222333e-07,1.612354e-06
-0.29571,0.1989,1.943713e-06,83.77963,2.106539e-07,1.932268e-06
-0.29571,0.1988,1.276228e-06,105.0935,-3.323089e-07,1.232217e-06
-0.29571,0.1987,1.323983e-06,92.0997,-4.850327e-08,1.322954e-06
-0.29571,0.1986,1.642361e-06,92.8322,-8.114799e-08,1.640332e-06
-0.29571,0.1985,1.734171e-06,65.761,7.119085e-07,1.581178e-06
-0.29571,0.1984,1.838648e-06,60.48174,9.059049e-07,1.599965e-06
-0.29571,0.1983,1.816162e-06,78.00903,3.773365e-07,1.77651e-06
-0.29571,0.1982,1.970876e-06,68.98502,7.067117e-07,1.839665e-06
-0.29571,0.1981,1.384964e-06,98.11824,-1.956e-07,1.370921e-06
-0.29571,0.198,1.73911e-06,113.4225,-6.912611e-07,1.595702e-06
-0.29571,0.1979,9.017195e-07,62.04915,4.226379e-07,7.965154e-07
-0.29571,0.1978,1.447716e-06,119.0758,-7.03521e-07,1.265259e-06
-0.29571,0.1977,1.898271e-06,84.88631,1.692138e-07,1.890694e-06
-0.29571,0.1976,1.865979e-06,69.65993,6.486196e-07,1.749593e-06
-0.29571,0.1975,1.640941e-06,70.96244,5.352292e-07,1.551065e-06
-0.29571,0.1974,1.435881e-06,86.9466,7.647648e-08,1.433808e-06
-0.29571,0.1973,2.055505e-06,52.55384,1.249669e-06,1.631805e-06
-0.29571,0.1972,1.787345e-06,64.97681,7.560085e-07,1.619551e-06
-0.29571,0.1971,2.759663e-06,77.18724,6.119739e-07,2.690814e-06
-0.29571,0.197,1.99615e-06,76.65931,4.606135e-07,1.94226e-06
-0.29571,0.1969,1.794666e-06,66.80825,7.067117e-07,1.64953e-06
-0.29571,0.1968,1.367233e-06,83.99108,1.431014e-07,1.359594e-06
-0.29571,0.1967,1.425392e-06,81.52156,2.101175e-07,1.409696e-06
-0.29571,0.1966,1.643087e-06,90.46934,-1.346133e-08,1.642998e-06
-0.29571,0.1965,2.254078e-06,62.60518,1.037148e-06,2.001285e-06
-0.29571,0.1964,1.706376e-06,85.104,1.456327e-07,1.700028e-06
-0.29571,0.1963,1.516543e-06,54.6528,8.772611e-07,1.236878e-06
-0.29571,0.1962,9.435676e-07,87.04539,4.86318e-08,9.422823e-07
-0.29571,0.1961,1.426449e-06,87.67648,5.782395e-08,1.425152e-06
-0.29571,0.196,9.573139e-07,82.4158,1.263096e-07,9.48809e-07
-0.29571,0.1959,1.518186e-06,117.8966,-7.10316e-07,1.341741e-06
-0.29571,0.1958,9.330958e-07,82.06959,1.287069e-07,9.240265e-07
-0.29571,0.1957,1.805031e-06,62.65414,8.291602e-07,1.603296e-06
-0.29571,0.1956,7.935035e-07,109.0235,-2.586264e-07,7.501468e-07
-0.29571,0.1955,1.35043e-06,73.04802,3.937259e-07,1.29164e-06
-0.29571,0.1954,1.229139e-06,80.96292,1.930631e-07,1.213828e-06
-0.29571,0.1953,1.83467e-06,86.74027,1.043267e-07,1.831669e-06
-0.29571,0.1952,1.442832e-06,95.19848,-1.307129e-07,1.436876e-06
-0.29571,0.1951,1.39605e-06,72.18776,4.270356e-07,1.329084e-06
-0.29571,0.195,1.500165e-06,80.41738,2.496913e-07,1.479115e-06
-0.29571,0.1949,8.037798e-07,69.75785,2.780724e-07,7.540136e-07
-0.29571,0.1948,1.303257e-06,105.819,-3.55225e-07,1.253804e-06
-0.29571,0.1947,8.844248e-07,83.05924,1.06858e-07,8.77792e-07
-0.29571,0.1946,9.874608e-07,112.0928,-3.713462e-07,9.148344e-07
-0.29571,0.1945,9.586103e-07,94.9126,-8.208118e-08,9.54939e-07
-0.29571,0.1944,5.945172e-07,75.26313,1.512262e-07,5.74937e-07
-0.29571,0.1943,1.488318e-06,115.7128,-6.456915e-07,1.340808e-06
-0.29571,0.1942,1.112323e-06,62.6384,5.112458e-07,9.878519e-07
-0.29571,0.1941,1.810988e-06,87.63452,7.474422e-08,1.809418e-06
-0.29571,0.194,1.793922e-06,99.05631,-2.823416e-07,1.771448e-06
-0.29571,0.1939,1.992043e-06,79.30633,3.696084e-07,1.957319e-06
-0.29571,0.1938,2.209151e-06,90.66037,-2.545304e-08,2.208877e-06
-0.29571,0.1937,1.383164e-06,114.7582,-5.792062e-07,1.255933e-06
-0.29571,0.1936,2.328509e-06,94.10861,-1.668222e-07,2.322401e-06
-0.29571,0.1935,6.750784e-07,78.00466,1.403018e-07,6.602089e-07
-0.29571,0.1934,1.549584e-06,117.0906,-7.0565e-07,1.379448e-06
-0.29571,0.1933,2.073202e-06,94.34991,-1.572277e-07,2.067111e-06
-0.29571,0.1932,1.290321e-06,71.04899,4.190448e-07,1.22036e-06
-0.29571,0.1931,2.146147e-06,125.4682,-1.245277e-06,1.747861e-06
-0.29571,0.193,1.470889e-06,111.7135,-5.441643e-07,1.366524e-06
-0.29571,0.1929,1.322032e-06,73.49464,3.756042e-07,1.267522e-06
-0.29571,0.1928,1.162843e-06,106.9274,-3.385674e-07,1.112429e-06
-0.29571,0.1927,1.217549e-06,76.93196,2.736747e-07,1.185581e-06
-0.29571,0.1926,1.597931e-06,88.97737,2.850964e-08,1.597562e-06
-0.29571,0.1925,1.295775e-06,96.37685,-1.439061e-07,1.287644e-06
-0.29571,0.1924,1.258693e-06,71.87915,3.914628e-07,1.196242e-06
-0.29571,0.1923,1.740496e-06,97.63315,-2.311784e-07,1.724945e-06
-0.29571,0.1922,1.647915e-06,92.27979,-6.555765e-08,1.646596e-06
-0.29571,0.1921,1.347139e-06,72.71405,4.002526e-07,1.28618e-06
-0.29571,0.192,6.693061e-07,111.2073,-2.421028e-07,6.239656e-07
-0.29571,0.1919,1.481613e-06,92.28854,-5.915947e-08,1.480311e-06
-0.29571,0.1918,1.397369e-06,69.91784,4.798024e-07,1.312293e-06
-0.29571,0.1917,1.267198e-06,84.15894,1.289751e-07,1.260599e-06
-0.29571,0.1916,1.203373e-06,105.2604,-3.167185e-07,1.160798e-06
-0.29571,0.1915,1.597048e-06,79.25213,2.977922e-07,1.568919e-06
-0.29571,0.1914,1.340372e-06,102.5513,-2.912711e-07,1.308297e-06
-0.29571,0.1913,1.578172e-06,87.40196,7.154792e-08,1.576513e-06
-0.29571,0.1912,1.004051e-06,151.2605,-8.803289e-07,4.827305e-07
-0.29571,0.1911,2.434691e-06,96.69071,-2.836771e-07,2.418067e-06
-0.29571,0.191,1.803556e-06,89.36104,2.011656e-08,1.803422e-06
-0.29571,0.1909,1.833764e-06,89.18794,2.597831e-08,1.833535e-06
-0.29571,0.1908,1.632582e-06,107.0184,-4.778075e-07,1.561056e-06
-0.29571,0.1907,8.076801e-07,132.9684,-5.504228e-07,5.909241e-07
-0.29571,0.1906,1.461798e-06,160.2578,-1.375855e-06,4.93789e-07
-0.29571,0.1905,8.713938e-07,83.2918,1.017954e-07,8.654035e-07
-0.29571,0.1904,1.487843e-06,98.62181,-2.23048e-07,1.470984e-06
-0.29571,0.1903,9.945686e-07,44.77367,7.060468e-07,7.004477e-07
-0.29571,0.1902,1.425934e-06,113.5701,-5.701426e-07,1.306833e-06
-0.29571,0.1901,1.328436e-06,110.2089,-4.588868e-07,1.246606e-06
-0.29571,0.19,1.633789e-06,107.2256,-4.838034e-07,1.560525e-06
-0.29571,0.1899,9.590238e-07,72.64324,2.860687e-07,9.152367e-07
-0.29571,0.1898,1.091402e-06,125.8665,-6.394274e-07,8.844528e-07
-0.29571,0.1897,1.35751e-06,125.0097,-7.788017e-07,1.111898e-06
-0.29571,0.1896,1.033566e-06,128.0789,-6.374325e-07,8.135698e-07
-0.29571,0.1895,1.292355e-06,122.8417,-7.008556e-07,1.085786e-06
-0.29571,0.1894,4.941076e-07,120.2368,-2.487637e-07,4.267729e-07
-0.29571,0.1893,2.027263e-06,78.8727,3.911945e-07,1.989031e-06
-0.29571,0.1892,9.870082e-07,122.2388,-5.264393e-07,8.347537e-07
-0.29571,0.1891,1.333527e-06,120.749,-6.818007e-07,1.146007e-06
-0.29571,0.189,1.173751e-06,98.99336,-1.834742e-07,1.1592e-06
-0.29571,0.1889,1.246796e-06,135.6966,-8.921865e-07,8.707288e-07
-0.29571,0.1888,1.41881e-06,125.3349,-8.205045e-07,1.157334e-06
-0.29571,0.1887,1.68218e-06,120.3286,-8.494164e-07,1.45193e-06
-0.29571,0.1886,1.490453e-06,128.5371,-9.285639e-07,1.165861e-06
-0.29571,0.1885,7.744655e-07,48.75194,5.105808e-07,5.822628e-07
-0.29571,0.1884,1.031382e-06,109.2421,-3.399029e-07,9.737256e-07
-0.29571,0.1883,1.823008e-07,175.0174,-1.816134e-07,1.585297e-08
-0.29571,0.1882,1.04657e-06,108.2012,-3.268439e-07,9.94116e-07
-0.29571,0.1881,1.598585e-06,144.1737,-1.296043e-06,9.356215e-07
-0.29571,0.188,1.201741e-06,121.8803,-6.34633e-07,1.020362e-06
-0.29571,0.1879,1.275703e-06,118.5383,-6.094481e-07,1.120693e-06
-0.29571,0.1878,8.745174e-07,115.7373,-3.797393e-07,7.8772e-07
-0.29571,0.1877,1.548696e-06,120.2255,-7.796008e-07,1.338142e-06
-0.29571,0.1876,1.280637e-06,133.9588,-8.888561e-07,9.217634e-07
-0.29571,0.1875,1.50958e-06,112.9644,-5.889292e-07,1.389842e-06
-0.29571,0.1874,1.040954e-06,114.0527,-4.242416e-07,9.505413e-07
-0.29571,0.1873,1.36316e-06,102.4534,-2.939365e-07,1.330945e-06
-0.29571,0.1872,1.677196e-06,92.74653,-8.034892e-08,1.675246e-06
-0.29571,0.1871,1.634621e-06,81.80307,2.330392e-07,1.617819e-06
-0.29571,0.187,1.669708e-06,140.8946,-1.295646e-06,1.053141e-06
-0.29571,0.1869,1.247093e-06,103.8101,-2.976637e-07,1.211028e-06
-0.29571,0.1868,1.362154e-06,78.50376,2.714116e-07,1.334678e-06
-0.29571,0.1867,1.911219e-06,114.065,-7.793325e-07,1.745061e-06
-0.29571,0.1866,8.513219e-07,79.64029,1.530926e-07,8.374191e-07
-0.29571,0.1865,1.547953e-06,100.4139,-2.798102e-07,1.522416e-06
-0.29571,0.1864,1.041155e-06,77.84555,2.191811e-07,1.017697e-06
-0.29571,0.1863,1.400521e-06,116.0826,-6.157122e-07,1.257799e-06
-0.29571,0.1862,8.149612e-07,100.1813,-1.440346e-07,8.021146e-07
-0.29571,0.1861,7.048789e-07,84.62405,6.608292e-08,7.017832e-07
-0.29571,0.186,1.771688e-06,108.0019,-5.474947e-07,1.684969e-06
-0.29571,0.1859,6.781239e-07,78.41556,1.361723e-07,6.642043e-07
-0.29571,0.1858,2.166386e-07,108.9169,-7.022358e-08,2.049207e-07
-0.29571,0.1857,8.356422e-07,142.3527,-6.6155e-07,5.103126e-07
-0.29571,0.1856,4.024319e-07,99.60796,-6.71558e-08,3.966595e-07
-0.29571,0.1855,1.554284e-06,132.5855,-1.051677e-06,1.144275e-06
-0.29571,0.1854,1.290751e-06,77.07359,2.887342e-07,1.257933e-06
-0.29571,0.1853,1.165162e-06,95.59801,-1.136586e-07,1.159597e-06
-0.29571,0.1852,1.059539e-06,128.5266,-6.599463e-07,8.288919e-07
-0.29571,0.1851,6.673559e-07,115.1193,-2.832747e-07,6.034467e-07
-0.29571,0.185,1.19522e-06,107.1845,-3.530904e-07,1.141743e-06
-0.29571,0.1849,2.194426e-06,110.2163,-7.582828e-07,2.059115e-06
-0.29571,0.1848,1.596126e-06,140.1822,-1.225959e-06,1.022094e-06
-0.29571,0.1847,1.074772e-06,138.2817,-8.021201e-07,7.151048e-07
-0.29571,0.1846,1.963941e-06,140.1087,-1.506831e-06,1.259531e-06
-0.29571,0.1845,1.951865e-06,149.0638,-1.674184e-06,1.003442e-06
-0.29571,0.1844,1.445995e-06,103.7157,-3.42831e-07,1.404633e-06
-0.29571,0.1843,1.430209e-06,98.00546,-1.991987e-07,1.416223e-06
-0.29571,0.1842,1.883726e-06,88.24563,5.768984e-08,1.882838e-06
-0.29571,0.1841,1.226272e-06,100.3291,-2.198517e-07,1.206368e-06
-0.29571,0.184,4.43805e-07,124.7509,-2.528931e-07,3.645457e-07
-0.29571,0.1839,1.28694e-06,126.0613,-7.574837e-07,1.040216e-06
-0.29571,0.1838,1.120308e-06,87.53135,4.822947e-08,1.119229e-06
-0.29571,0.1837,1.550395e-06,124.6705,-8.81927e-07,1.275122e-06
-0.29571,0.1836,7.188711e-07,112.8988,-2.796761e-07,6.620753e-07
-0.29571,0.1835,1.203591e-06,114.9077,-5.068536e-07,1.091513e-06
-0.29571,0.1834,9.845439e-07,119.6773,-4.87402e-07,8.552782e-07
-0.29571,0.1833,8.439403e-07,105.1764,-2.20919e-07,8.143689e-07
-0.29571,0.1832,7.376968e-07,119.7508,-3.660153e-07,6.40355e-07
-0.29571,0.1831,8.560325e-07,66.48914,3.414954e-07,7.849261e-07
-0.29571,0.183,1.493666e-06,136.1302,-1.076728e-06,1.035019e-06
-0.29571,0.1829,6.483569e-07,133.5025,-4.462301e-07,4.70208e-07
-0.29571,0.1828,1.862386e-06,105.2403,-4.89531e-07,1.796761e-06
-0.29571,0.1827,1.383952e-06,118.0426,-6.5062e-07,1.221422e-06
-0.29571,0.1826,2.4507e-06,127.5379,-1.493107e-06,1.943193e-06
-0.29571,0.1825,1.583324e-06,120.1931,-7.962528e-07,1.368524e-06
-0.29571,0.1824,2.642858e-06,156.7269,-2.427801e-06,1.044211e-06
-0.29571,0.1823,1.274513e-06,147.8748,-1.079259e-06,6.776656e-07
-0.29571,0.1822,1.088675e-06,117.6317,-5.048532e-07,9.643994e-07
-0.29571,0.1821,1.660695e-06,125.8533,-9.726695e-07,1.346005e-06
-0.29571,0.182,1.247266e-06,112.0823,-4.68878e-07,1.155735e-06
-0.29571,0.1819,1.388434e-06,123.5446,-7.672067e-07,1.157199e-06
-0.29571,0.1818,8.313953e-07,128.8867,-5.219131e-07,6.471499e-07
-0.29571,0.1817,1.713925e-06,135.1764,-1.215565e-06,1.2081e-06
-0.29571,0.1816,9.170304e-07,137.6102,-6.772689e-07,6.18238e-07
-0.29571,0.1815,1.047654e-06,125.8804,-6.139799e-07,8.4888e-07
-0.29571,0.1814,1.141905e-06,147.1652,-9.594764e-07,6.191711e-07
-0.29571,0.1813,4.923362e-07,120.7124,-2.514291e-07,4.233084e-07
-0.29571,0.1812,1.246372e-06,116.2706,-5.516242e-07,1.117497e-06
-0.29571,0.1811,1.743508e-06,121.2902,-9.055137e-07,1.489905e-06
-0.29571,0.181,1.51086e-06,137.1836,-1.108171e-06,1.026755e-06
-0.29571,0.1809,1.24479e-06,112.7598,-4.815403e-07,1.147739e-06
-0.29571,0.1808,1.688824e-06,98.36128,-2.455674e-07,1.670848e-06
-0.29571,0.1807,1.286298e-06,103.1432,-2.924669e-07,1.252468e-06
-0.29571,0.1806,1.739591e-06,113.1322,-6.833989e-07,1.599697e-06
-0.29571,0.1805,2.927687e-07,131.0924,-1.924037e-07,2.206452e-07
-0.29571,0.1804,1.66326e-06,71.63435,5.240365e-07,1.578513e-06
-0.29571,0.1803,6.491169e-07,86.23584,4.263594e-08,6.476864e-07
-0.29571,0.1802,5.33726e-07,88.89868,1.025944e-08,5.334969e-07
-0.29571,0.1801,9.760446e-07,123.1949,-5.343016e-07,8.166376e-07
-0.29571,0.18,8.97875e-07,82.37733,1.19118e-07,8.899178e-07
-0.29571,0.1799,1.123158e-06,84.23937,1.127198e-07,1.117363e-06
-0.29571,0.1798,4.876311e-07,109.4414,-1.622904e-07,4.598144e-07
-0.29571,0.1797,1.58789e-06,160.9082,-1.500438e-06,5.193706e-07
-0.29571,0.1796,1.643976e-06,155.8807,-1.500438e-06,6.718039e-07
-0.29571,0.1795,1.505244e-06,125.6304,-8.768644e-07,1.223422e-06
-0.29571,0.1794,1.433836e-06,149.5497,-1.23595e-06,7.265657e-07
-0.29571,0.1793,1.109534e-06,144.2751,-9.007193e-07,6.478205e-07
-0.29571,0.1792,1.129411e-06,109.5043,-3.770794e-07,1.064596e-06
-0.29571,0.1791,1.596417e-06,-175.5533,-1.591572e-06,-1.237839e-07
-0.29571,0.179,9.34353e-07,-154.7757,-8.451528e-07,-3.981292e-07
-0.29571,0.1789,2.034835e-06,-123.7316,-1.129891e-06,-1.692172e-06
-0.29571,0.1788,1.530161e-06,-157.5399,-1.413965e-06,-5.845315e-07
-0.29571,0.1787,1.295646e-06,-153.2336,-1.156808e-06,-5.834698e-07
-0.29571,0.1786,1.348117e-06,-168.794,-1.322295e-06,-2.619568e-07
-0.29571,0.1785,1.946093e-06,-144.3992,-1.582246e-06,-1.132825e-06
-0.29571,0.1784,2.07019e-06,-161.9805,-1.968646e-06,-6.403606e-07
-0.29571,0.1783,2.462927e-06,-142.0359,-1.941734e-06,-1.515096e-06
-0.29571,0.1782,2.432528e-06,-164.2119,-2.340657e-06,-6.618127e-07
-0.29571,0.1781,2.177434e-06,-149.0839,-1.868052e-06,-1.118699e-06
-0.29571,0.178,2.731975e-06,-155.9214,-2.494152e-06,-1.114569e-06
-0.29571,0.1779,2.393569e-06,-158.4643,-2.226473e-06,-8.785966e-07
-0.29571,0.1778,3.153674e-06,-142.6049,-2.505479e-06,-1.91522e-06
-0.29571,0.1777,1.878367e-06,-155.4506,-1.708561e-06,-7.803998e-07
-0.29571,0.1776,1.812625e-06,-129.781,-1.159736e-06,-1.39291e-06
-0.29571,0.1775,3.053829e-06,-144.0757,-2.472968e-06,-1.791704e-06
-0.29571,0.1774,2.586996e-06,-163.1061,-2.475231e-06,-7.517505e-07
-0.29571,0.1773,2.764798e-06,-148.8741,-2.366775e-06,-1.429153e-06
-0.29571,0.1772,3.138665e-06,-149.7543,-2.711338e-06,-1.580916e-06
-0.29571,0.1771,2.406248e-06,-131.6216,-1.598238e-06,-1.798767e-06
-0.29571,0.177,4.261689e-06,-122.6906,-2.301754e-06,-3.586605e-06
-0.29571,0.1769,3.654437e-06,-134.3365,-2.553977e-06,-2.613807e-06
-0.29571,0.1768,3.626855e-06,-148.7718,-3.101337e-06,-1.880306e-06
-0.29571,0.1767,4.640551e-06,-135.4837,-3.308929e-06,-3.253497e-06
-0.29571,0.1766,4.843298e-06,-131.9683,-3.238705e-06,-3.600994e-06
-0.29571,0.1765,5.984438e-06,-132.8408,-4.069201e-06,-4.388049e-06
-0.29571,0.1764,6.318714e-06,-127.839,-3.87587e-06,-4.989238e-06
-0.29571,0.1763,6.336752e-06,-126.0469,-3.728773e-06,-5.12341e-06
-0.29571,0.1762,6.918501e-06,-126.0775,-4.074135e-06,-5.591623e-06
-0.29571,0.1761,7.388709e-06,-127.0488,-4.451606e-06,-5.897015e-06
-0.29571,0.176,7.267093e-06,-120.1977,-3.655219e-06,-6.282348e-06
-0.29571,0.1759,8.603537e-06,-129.2052,-5.438262e-06,-6.666747e-06
-0.29571,0.1758,7.50981e-06,-124.5682,-4.26094e-06,-6.183883e-06
-0.29571,0.1757,7.47027e-06,-122.7551,-4.041753e-06,-6.282348e-06
-0.29571,0.1756,7.778506e-06,-126.8921,-4.669457e-06,-6.220925e-06
-0.29571,0.1755,7.769286e-06,-132.4255,-5.241332e-06,-5.734859e-06
-0.29571,0.1754,6.708461e-06,-121.3518,-3.490269e-06,-5.728863e-06
-0.29571,0.1753,6.004113e-06,-121.9913,-3.180881e-06,-5.092235e-06
-0.29571,0.1752,5.377734e-06,-116.9009,-2.433126e-06,-4.795772e-06
-0.29571,0.1751,6.46438e-06,-119.6139,-3.194337e-06,-5.61987e-06
-0.29571,0.175,5.644658e-06,-126.0138,-3.31892e-06,-4.565795e-06
-0.29571,0.1749,4.776757e-06,-133.5057,-3.288405e-06,-3.464553e-06
-0.29571,0.1748,5.632951e-06,-118.4485,-2.683354e-06,-4.952726e-06
-0.29571,0.1747,6.257532e-06,-130.5136,-4.065072e-06,-4.757266e-06
-0.29571,0.1746,5.152646e-06,-120.9055,-2.646451e-06,-4.420962e-06
-0.29571,0.1745,5.500629e-06,-123.8385,-3.063093e-06,-4.568858e-06
-0.29571,0.1744,5.204429e-06,-129.9097,-3.339037e-06,-3.992054e-06
-0.29571,0.1743,5.183564e-06,-129.0898,-3.268422e-06,-4.023235e-06
-0.29571,0.1742,5.147645e-06,-139.2404,-3.899054e-06,-3.360757e-06
-0.29571,0.1741,4.581671e-06,-120.5603,-2.329465e-06,-3.945155e-06
-0.29571,0.174,4.105953e-06,-123.1354,-2.244327e-06,-3.438172e-06
-0.29571,0.1739,3.731606e-06,-134.1057,-2.597149e-06,-2.679493e-06
-0.29571,0.1738,2.553652e-06,-140.7075,-1.976374e-06,-1.617159e-06
-0.29571,0.1737,2.734618e-06,-145.3259,-2.248987e-06,-1.555731e-06
-0.29571,0.1736,2.304811e-06,-156.4537,-2.112815e-06,-9.207017e-07
-0.29571,0.1735,1.484647e-06,-148.631,-1.267662e-06,-7.728058e-07
-0.29571,0.1734,7.784999e-07,-171.525,-7.698722e-07,-1.147259e-07
-0.29571,0.1733,1.33598e-06,-159.9047,-1.254608e-06,-4.590209e-07
-0.29571,0.1732,8.566863e-07,171.2697,-8.46751e-07,1.300424e-07
-0.29571,0.1731,1.477371e-06,123.8453,-8.227676e-07,1.226887e-06
-0.29571,0.173,8.669793e-07,142.8336,-6.908588e-07,5.237683e-07
-0.29571,0.1729,6.204508e-07,156.2164,-5.677454e-07,2.502277e-07
-0.29571,0.1728,1.150399e-06,155.0922,-1.043284e-06,4.844628e-07
-0.29571,0.1727,8.644033e-07,175.5192,-8.616764e-07,6.755255e-08
-0.29571,0.1726,7.561203e-07,-173.5051,-7.512196e-07,-8.55457e-08
-0.29571,0.1725,1.590767e-06,142.7951,-1.266997e-06,9.61868e-07
-0.29571,0.1724,1.137228e-06,129.5582,-7.24174e-07,8.767247e-07
-0.29571,0.1723,8.901413e-07,149.5672,-7.674749e-07,4.508849e-07
-0.29571,0.1722,1.756405e-06,124.5883,-9.970497e-07,1.445934e-06
-0.29571,0.1721,1.202685e-06,127.5746,-7.333662e-07,9.532067e-07
-0.29571,0.172,9.711328e-07,159.0602,-9.069778e-07,3.47089e-07
-0.29571,0.1719,1.070285e-06,126.1417,-6.311684e-07,8.642021e-07
-0.29571,0.1718,1.350659e-06,133.4168,-9.282957e-07,9.81057e-07
-0.29571,0.1717,1.337187e-06,138.7362,-1.005046e-06,8.817929e-07
-0.29571,0.1716,1.259179e-06,93.2466,-7.128529e-08,1.257134e-06
-0.29571,0.1715,1.01193e-06,113.6051,-4.051923e-07,9.272284e-07
-0.29571,0.1714,1.397162e-06,105.5891,-3.754757e-07,1.345736e-06
-0.29571,0.1713,1.263594e-06,130.2863,-8.170399e-07,9.638685e-07
-0.29571,0.1712,1.81638e-06,118.575,-8.687395e-07,1.595031e-06
-0.29571,0.1711,1.691205e-06,128.628,-1.055678e-06,1.321088e-06
-0.29571,0.171,1.415111e-06,127.6953,-8.65275e-07,1.11976e-06
-0.29571,0.1709,6.445515e-07,94.42127,-4.970468e-08,6.424896e-07
-0.29571,0.1708,1.4689e-06,93.46954,-8.887611e-08,1.46619e-06
-0.29571,0.1707,1.429628e-06,100.8737,-2.696849e-07,1.403829e-06
-0.29571,0.1706,1.605128e-06,75.54115,4.00789e-07,1.554261e-06
-0.29571,0.1705,1.247255e-06,111.0176,-4.472974e-07,1.164129e-06
-0.29571,0.1704,1.443687e-06,84.65727,1.344401e-07,1.437406e-06
-0.29571,0.1703,1.512e-06,83.54358,1.700129e-07,1.502299e-06
-0.29571,0.1702,1.628139e-06,129.8536,-1.043284e-06,1.249803e-06
-0.29571,0.1701,1.028029e-06,76.2318,2.446286e-07,9.983796e-07
-0.29571,0.17,6.0191e-07,122.7542,-3.256481e-07,5.061831e-07
-0.29571,0.1699,1.126058e-06,109.9555,-3.842711e-07,1.058338e-06
-0.29571,0.1698,2.330727e-06,91.76573,-7.182173e-08,2.329593e-06
-0.29571,0.1697,1.256899e-06,73.01742,3.67077e-07,1.20197e-06
-0.29571,0.1696,1.907497e-06,119.9789,-9.530782e-07,1.652196e-06
-0.29571,0.1695,1.748587e-06,117.9963,-8.215717e-07,1.546265e-06
-0.29571,0.1694,1.419045e-06,90.03221,-8.046627e-10,1.419022e-06
-0.29571,0.1693,7.740855e-07,116.6308,-3.46966e-07,6.919205e-07
-0.29571,0.1692,1.032996e-06,106.4406,-2.923328e-07,9.9078e-07
-0.29571,0.1691,1.628212e-06,92.72992,-7.754936e-08,1.626346e-06
-0.29571,0.169,1.59383e-06,111.4958,-5.840007e-07,1.482842e-06
-0.29571,0.1689,1.466458e-06,105.451,-3.906693e-07,1.413423e-06
-0.29571,0.1688,1.299552e-06,138.3883,-9.716022e-07,8.630063e-07
-0.29571,0.1687,1.723073e-06,115.4593,-7.40692e-07,1.555591e-06
-0.29571,0.1686,1.209424e-06,91.88113,-3.970786e-08,1.208631e-06
-0.29571,0.1685,8.729584e-07,119.5934,-4.310421e-07,7.589422e-07
-0.29571,0.1684,1.293646e-06,81.80394,1.844018e-07,1.280318e-06
-0.29571,0.1683,1.577256e-06,90.45098,-1.239404e-08,1.577178e-06
-0.29571,0.1682,1.807691e-06,98.57985,-2.696849e-07,1.787435e-06
-0.29571,0.1681,1.283956e-06,100.1018,-2.251826e-07,1.263929e-06
-0.29571,0.168,1.136608e-06,96.46253,-1.279134e-07,1.129355e-06
-0.29571,0.1679,1.329062e-06,102.2724,-2.824757e-07,1.298569e-06
-0.29571,0.1678,1.464022e-06,94.74474,-1.211185e-07,1.458859e-06
-0.29571,0.1677,1.9656e-06,92.30777,-7.914751e-08,1.96398e-06
-0.29571,0.1676,1.518247e-06,94.4746,-1.18453e-07,1.513486e-06
-0.29571,0.1675,2.510989e-06,77.85123,5.284342e-07,2.454707e-06
-0.29571,0.1674,9.041782e-07,98.45745,-1.32976e-07,8.943155e-07
-0.29571,0.1673,1.366686e-06,87.5978,5.72931e-08,1.365456e-06
-0.29571,0.1672,2.042669e-06,128.9357,-1.283654e-06,1.588772e-06
-0.29571,0.1671,1.847801e-06,109.7754,-6.251726e-07,1.738803e-06
-0.29571,0.167,8.223876e-07,176.1431,-8.203703e-07,5.529262e-08
-0.29571,0.1669,9.55129e-07,113.3779,-3.789402e-07,8.765961e-07
-0.29571,0.1668,1.738367e-06,101.2042,-3.377683e-07,1.705225e-06
-0.29571,0.1667,1.231458e-06,103.6379,-2.903379e-07,1.196639e-06
-0.29571,0.1666,1.369608e-06,84.93352,1.209788e-07,1.36426e-06
-0.29571,0.1665,2.015624e-06,108.0788,-6.254408e-07,1.916013e-06
-0.29571,0.1664,2.311198e-06,108.7201,-7.417593e-07,2.188889e-06
-0.29571,0.1663,1.202562e-06,105.0218,-3.116559e-07,1.161463e-06
-0.29571,0.1662,1.604815e-06,114.9908,-6.779339e-07,1.454461e-06
-0.29571,0.1661,1.904066e-06,87.73418,7.528066e-08,1.902557e-06
-0.29571,0.166,1.281777e-06,92.58666,-5.782954e-08,1.280447e-06
-0.29571,0.1659,1.540515e-06,103.4796,-3.590919e-07,1.498036e-06
-0.29571,0.1658,1.743474e-06,92.89603,-8.807703e-08,1.7412e-06
-0.29571,0.1657,1.22849e-06,53.33542,7.334947e-07,9.853206e-07
-0.29571,0.1656,1.852786e-06,97.18902,-2.318434e-07,1.838201e-06
-0.29571,0.1655,1.435104e-06,94.17593,-1.044664e-07,1.431277e-06
-0.29571,0.1654,1.492777e-06,79.90256,2.61683e-07,1.46952e-06
-0.29571,0.1653,1.298641e-06,119.8583,-6.464906e-07,1.126153e-06
-0.29571,0.1652,1.18348e-06,112.4311,-4.51561e-07,1.093911e-06
-0.29571,0.1651,1.975826e-06,105.0131,-5.117822e-07,1.908285e-06
-0.29571,0.165,1.370804e-06,93.56657,-8.527748e-08,1.368122e-06
-0.29571,0.1649,6.991289e-07,103.4132,-1.621562e-07,6.799288e-07
-0.29571,0.1648,1.08374e-06,87.71757,4.31668e-08,1.082852e-06
-0.29571,0.1647,9.278543e-07,77.07271,2.075862e-07,9.043067e-07
-0.29571,0.1646,1.273401e-06,70.16163,4.320982e-07,1.197706e-06
-0.29571,0.1645,1.479361e-06,119.0618,-7.185749e-07,1.293109e-06
-0.29571,0.1644,1.924211e-06,100.6385,-3.55225e-07,1.891097e-06
-0.29571,0.1643,1.813106e-06,112.1452,-6.833989e-07,1.679241e-06
-0.29571,0.1642,1.475851e-06,94.43176,-1.140553e-07,1.471387e-06
-0.29571,0.1641,1.695631e-06,98.78355,-2.58889e-07,1.675643e-06
-0.29571,0.164,1.83691e-06,101.5477,-3.677476e-07,1.799561e-06
-0.29571,0.1639,1.190984e-06,116.4778,-5.309712e-07,1.065932e-06
-0.29571,0.1638,1.458635e-06,117.0137,-6.624776e-07,1.299368e-06
-0.29571,0.1637,1.212794e-06,96.63038,-1.400392e-07,1.204635e-06
-0.29571,0.1636,1.919019e-06,85.34617,1.557581e-07,1.912683e-06
-0.29571,0.1635,1.283816e-06,83.58992,1.43364e-07,1.275787e-06
-0.29571,0.1634,1.802366e-06,107.64,-5.461592e-07,1.717614e-06
-0.29571,0.1633,2.024939e-06,133.5986,-1.396777e-06,1.465519e-06
-0.29571,0.1632,1.305419e-06,107.9057,-4.013255e-07,1.242075e-06
-0.29571,0.1631,1.536414e-06,128.0125,-9.461492e-07,1.210497e-06
-0.29571,0.163,1.551026e-06,99.34918,-2.519655e-07,1.530278e-06
-0.29571,0.1629,1.28024e-06,120.0296,-6.406288e-07,1.108299e-06
-0.29571,0.1628,1.127522e-06,131.762,-7.509514e-07,8.410178e-07
-0.29571,0.1627,6.81309e-07,87.7132,2.717971e-08,6.807278e-07
-0.29571,0.1626,1.61916e-06,89.91183,2.531334e-09,1.619148e-06
-0.29571,0.1625,1.814195e-06,115.6988,-7.866639e-07,1.634605e-06
-0.29571,0.1624,2.491537e-06,125.5626,-1.449007e-06,2.026738e-06
-0.29571,0.1623,2.511257e-06,105.9021,-6.880648e-07,2.415133e-06
-0.29571,0.1622,2.120286e-06,105.3163,-5.600173e-07,2.044854e-06
-0.29571,0.1621,1.84955e-06,123.4458,-1.0193e-06,1.543203e-06
-0.29571,0.162,1.771923e-06,116.5504,-7.919892e-07,1.58504e-06
-0.29571,0.1619,2.533167e-06,98.08545,-3.562923e-07,2.507871e-06
-0.29571,0.1618,2.260174e-06,129.4533,-1.436216e-06,1.745196e-06
-0.29571,0.1617,1.543762e-06,102.7401,-3.404337e-07,1.50563e-06
-0.29571,0.1616,1.588817e-06,84.82773,1.432299e-07,1.58224e-06
-0.29571,0.1615,1.556748e-06,87.47802,6.848573e-08,1.555195e-06
-0.29571,0.1614,2.414463e-06,87.66249,9.846501e-08,2.412339e-06
-0.29571,0.1613,1.993456e-06,79.09476,3.770738e-07,1.957319e-06
-0.29571,0.1612,2.009639e-06,113.4583,-7.999856e-07,1.843526e-06
-0.29571,0.1611,1.084662e-06,72.43079,3.273747e-07,1.033952e-06
-0.29571,0.161,1.75522e-06,106.1364,-4.877988e-07,1.686036e-06
-0.29571,0.1609,1.526143e-06,122.5663,-8.214376e-07,1.286046e-06
-0.29571,0.1608,1.149058e-06,129.3178,-7.280353e-07,8.889846e-07
-0.29571,0.1607,2.317003e-06,108.6235,-7.398929e-07,2.195555e-06
-0.29571,0.1606,2.113189e-06,98.98549,-3.300402e-07,2.087228e-06
-0.29571,0.1605,1.361606e-06,91.08732,-2.584978e-08,1.361193e-06
-0.29571,0.1604,1.506233e-06,107.9582,-4.643518e-07,1.432746e-06
-0.29571,0.1603,1.436222e-06,132.5531,-9.711999e-07,1.057935e-06
-0.29571,0.1602,1.918857e-06,103.235,-4.393011e-07,1.867778e-06
-0.29571,0.1601,1.955386e-06,97.38486,-2.51295e-07,1.939063e-06
-0.29571,0.16,1.87854e-06,88.25523,5.715899e-08,1.877507e-06
-0.29571,0.1599,1.776879e-06,126.2921,-1.051677e-06,1.432076e-06
-0.29571,0.1598,1.368457e-06,103.8486,-3.275088e-07,1.328548e-06
-0.29571,0.1597,2.140464e-06,96.48045,-2.41572e-07,2.126667e-06
-0.29571,0.1596,1.132752e-06,70.34173,3.810692e-07,1.066731e-06
-0.29571,0.1595,1.354353e-06,107.6408,-4.103891e-07,1.290578e-06
-0.29571,0.1594,1.977402e-06,107.64,-5.991887e-07,1.884436e-06
-0.29571,0.1593,1.77622e-06,91.39244,-4.317238e-08,1.775577e-06
-0.29571,0.1592,2.158295e-06,105.8024,-5.894657e-07,2.076437e-06
-0.29571,0.1591,2.129187e-06,85.84723,1.541599e-07,2.123471e-06
-0.29571,0.159,1.754282e-06,75.81915,4.29701e-07,1.700693e-06
-0.29571,0.1589,1.622859e-06,83.92027,1.718793e-07,1.613689e-06
-0.29571,0.1588,2.177216e-06,102.2178,-4.607532e-07,2.127869e-06
-0.29571,0.1587,1.359673e-06,99.78969,-2.311784e-07,1.339741e-06
-0.29571,0.1586,1.069687e-06,124.632,-6.0785e-07,8.800607e-07
-0.29571,0.1585,1.249305e-06,108.1278,-3.886688e-07,1.187179e-06
-0.29571,0.1584,2.348234e-06,104.256,-5.78273e-07,2.275899e-06
-0.29571,0.1583,1.945976e-06,107.848,-5.963947e-07,1.852188e-06
-0.29571,0.1582,1.563314e-06,117.6081,-7.244367e-07,1.38531e-06
-0.29571,0.1581,1.282827e-06,81.54341,1.886654e-07,1.268858e-06
-0.29571,0.158,1.65414e-06,94.89861,-1.412406e-07,1.64806e-06
-0.29571,0.1579,1.720977e-06,118.9517,-8.33027e-07,1.505764e-06
-0.29571,0.1578,1.078555e-06,130.4271,-6.99386e-07,8.210297e-07
-0.29571,0.1577,1.482099e-06,116.9446,-6.715413e-07,1.321088e-06
-0.29571,0.1576,1.443827e-06,105.4955,-3.857351e-07,1.391306e-06
-0.29571,0.1575,9.246692e-07,105.694,-2.500992e-07,8.900519e-07
-0.29571,0.1574,1.150812e-06,110.2911,-3.990624e-07,1.079253e-06
-0.29571,0.1573,9.973961e-07,119.9955,-4.985947e-07,8.638054e-07
-0.29571,0.1572,1.927854e-06,103.2664,-4.423633e-07,1.876305e-06
-0.29571,0.1571,1.024827e-06,111.7833,-3.802757e-07,9.514745e-07
-0.29571,0.157,1.37785e-06,121.702,-7.240399e-07,1.172259e-06
-0.29571,0.1569,1.134227e-06,116.9359,-5.137827e-07,1.01117e-06
-0.29571,0.1568,1.588722e-06,94.36389,-1.208502e-07,1.584107e-06
-0.29571,0.1567,2.249361e-06,108.5658,-7.161777e-07,2.132261e-06
-0.29571,0.1566,2.057544e-06,125.1461,-1.18439e-06,1.682309e-06
-0.29571,0.1565,1.609001e-06,106.2352,-4.498288e-07,1.544801e-06
-0.29571,0.1564,1.449622e-06,71.93422,4.495549e-07,1.378113e-06
-0.29571,0.1563,1.392915e-06,109.8182,-4.72214e-07,1.310298e-06
-0.29571,0.1562,1.44937e-06,116.5941,-6.487593e-07,1.295903e-06
-0.29571,0.1561,6.889253e-07,99.47508,-1.133903e-07,6.793979e-07
-0.29571,0.156,1.81975e-06,102.1946,-3.844052e-07,1.778639e-06
-0.29571,0.1559,2.33826e-06,77.97188,4.872623e-07,2.286823e-06
-0.29571,0.1558,1.215694e-06,115.9331,-5.316361e-07,1.093246e-06
-0.29571,0.1557,1.463335e-06,104.0549,-3.553591e-07,1.419419e-06
-0.29571,0.1556,9.876675e-07,80.17883,1.684147e-07,9.730607e-07
-0.29571,0.1555,3.302134e-07,142.7916,-2.6289e-07,1.995954e-07
-0.29571,0.1554,1.093531e-06,128.0501,-6.739385e-07,8.610058e-07
-0.29571,0.1553,1.416072e-06,115.1403,-6.015915e-07,1.281917e-06
-0.29571,0.1552,1.182071e-06,78.71358,2.313069e-07,1.159066e-06
-0.29571,0.1551,1.783015e-06,98.7005,-2.696849e-07,1.762384e-06
-0.29571,0.155,1.58927e-06,97.7809,-2.151858e-07,1.574512e-06
-0.29571,0.1549,1.69848e-06,109.4912,-5.666781e-07,1.601027e-06
-0.29571,0.1548,1.451617e-06,69.37317,5.113799e-07,1.358527e-06
-0.29571,0.1547,1.475617e-06,97.69609,-1.976005e-07,1.462323e-06
-0.29571,0.1546,9.76514e-07,113.8324,-3.945305e-07,8.931141e-07
-0.29571,0.1545,1.578776e-06,100.9375,-2.995301e-07,1.549998e-06
-0.29571,0.1544,1.729521e-06,66.23048,6.971172e-07,1.582777e-06
-0.29571,0.1543,1.387093e-06,106.6469,-3.973301e-07,1.32895e-06
-0.29571,0.1542,1.218991e-06,84.19566,1.232475e-07,1.212632e-06
-0.29571,0.1541,1.606961e-06,66.63864,6.371587e-07,1.475114e-06
-0.29571,0.154,1.18211e-06,80.80205,1.889336e-07,1.166794e-06
-0.29571,0.1539,1.490017e-06,110.1118,-5.123186e-07,1.399034e-06
-0.29571,0.1538,2.034343e-06,89.0543,3.357231e-08,2.03393e-06
-0.29571,0.1537,2.647731e-06,96.74273,-3.108568e-07,2.629386e-06
-0.29571,0.1536,1.652162e-06,113.9898,-6.716754e-07,1.509357e-06
-0.29571,0.1535,6.022509e-07,73.99647,1.660175e-07,5.787983e-07
-0.29571,0.1534,1.584978e-06,85.90362,1.132506e-07,1.58091e-06
-0.29571,0.1533,7.294826e-07,66.0906,2.956632e-07,6.668698e-07
-0.29571,0.1532,7.19631e-07,84.60481,6.768666e-08,7.164403e-07
-0.29571,0.1531,1.088736e-06,104.8575,-2.791453e-07,1.052342e-06
-0.29571,0.153,1.503003e-06,87.32865,7.008388e-08,1.501366e-06
-0.29571,0.1529,2.147058e-06,84.26254,2.146493e-07,2.136262e-06
-0.29571,0.1528,9.868964e-07,76.4661,2.309046e-07,9.593367e-07
-0.29571,0.1527,1.757925e-06,95.52807,-1.693535e-07,1.749727e-06
-0.29571,0.1526,2.094207e-06,106.5429,-5.962606e-07,2.007415e-06
-0.29571,0.1525,1.633504e-06,101.2094,-3.175176e-07,1.602228e-06
-0.29571,0.1524,1.630458e-06,85.73489,1.21247e-07,1.625809e-06
-0.29571,0.1523,2.005482e-06,128.4068,-1.245813e-06,1.57145e-06
-0.29571,0.1522,1.684214e-06,81.21556,2.571512e-07,1.664321e-06
-0.29571,0.1521,1.524891e-06,106.6976,-4.380997e-07,1.460457e-06
-0.29571,0.152,1.102119e-06,85.79259,8.087418e-08,1.099107e-06
-0.29571,0.1519,1.799672e-06,109.8759,-6.118509e-07,1.692434e-06
-0.29571,0.1518,2.036282e-06,119.2192,-9.939875e-07,1.777175e-06
-0.29571,0.1517,2.078002e-06,114.7941,-8.71405e-07,1.886431e-06
-0.29571,0.1516,1.744039e-06,122.1041,-9.268317e-07,1.477248e-06
-0.29571,0.1515,1.404991e-06,118.123,-6.62215e-07,1.239012e-06
-0.29571,0.1514,1.621032e-06,104.423,-4.037227e-07,1.569852e-06
-0.29571,0.1513,2.261012e-06,95.42753,-2.138558e-07,2.250848e-06
-0.29571,0.1512,1.96911e-06,88.94065,3.637187e-08,1.96864e-06
-0.29571,0.1511,2.108618e-06,85.66057,1.594852e-07,2.102416e-06
-0.29571,0.151,1.795677e-06,101.0031,-3.427024e-07,1.762652e-06
-0.29571,0.1509,1.28485e-06,92.7168,-6.089173e-08,1.283381e-06
-0.29571,0.1508,2.49941e-06,88.61892,6.022118e-08,2.498544e-06
-0.29571,0.1507,1.272255e-06,90.52179,-1.159496e-08,1.272054e-06
-0.29571,0.1506,1.386361e-06,65.06861,5.843974e-07,1.257134e-06
-0.29571,0.1505,2.152204e-06,103.644,-5.076527e-07,2.091357e-06
-0.29571,0.1504,1.923937e-06,75.7807,4.726052e-07,1.864979e-06
-0.29571,0.1503,1.500478e-06,54.02858,8.812565e-07,1.21423e-06
-0.29571,0.1502,1.80673e-06,92.93362,-9.247474e-08,1.804221e-06
-0.29571,0.1501,2.4411e-06,111.9839,-9.137727e-07,2.263505e-06
-0.29571,0.15,1.919874e-06,94.56989,-1.529641e-07,1.913744e-06
-0.295996,0.2,2.205971e-06,56.95545,1.202903e-06,1.849126e-06
-0.295996,0.1999,1.12603e-06,82.37121,1.49494e-07,1.116028e-06
-0.295996,0.1998,1.575468e-06,78.84647,3.047212e-07,1.5456e-06
-0.295996,0.1997,2.163207e-06,76.04646,5.216393e-07,2.099353e-06
-0.295996,0.1996,1.802355e-06,98.21178,-2.57425e-07,1.783836e-06
-0.295996,0.1995,1.221662e-06,116.5512,-5.460251e-07,1.092709e-06
-0.295996,0.1994,1.405281e-06,56.47899,7.759965e-07,1.17146e-06
-0.295996,0.1993,1.109389e-06,69.17472,3.943908e-07,1.036886e-06
-0.295996,0.1992,1.636985e-06,99.42612,-2.680867e-07,1.614751e-06
-0.295996,0.1991,1.604883e-06,93.27545,-9.167566e-08,1.602228e-06
-0.295996,0.199,1.456506e-06,119.6161,-7.197763e-07,1.266192e-06
-0.295996,0.1989,1.391809e-06,107.1049,-4.093218e-07,1.330146e-06
-0.295996,0.1988,2.085931e-06,64.76524,8.892528e-07,1.886833e-06
-0.295996,0.1987,1.87093e-06,76.57975,4.342328e-07,1.819811e-06
-0.295996,0.1986,1.295071e-06,67.28472,5.000531e-07,1.19451e-06
-0.295996,0.1985,8.013937e-07,53.60294,4.755388e-07,6.450209e-07
-0.295996,0.1984,6.075762e-07,95.06997,-5.370005e-08,6.050504e-07
-0.295996,0.1983,1.672446e-06,87.19576,8.180737e-08,1.670317e-06
-0.295996,0.1982,1.100448e-06,88.67575,2.544745e-08,1.10004e-06
-0.295996,0.1981,1.502998e-06,68.68077,5.464218e-07,1.400101e-06
-0.295996,0.198,1.740988e-06,116.7217,-7.827971e-07,1.554926e-06
-0.295996,0.1979,9.789001e-07,84.10823,1.004599e-07,9.735915e-07
-0.295996,0.1978,1.264488e-06,119.3145,-6.190426e-07,1.102438e-06
-0.295996,0.1977,1.461625e-06,91.81207,-4.624016e-08,1.460859e-06
-0.295996,0.1976,1.660823e-06,104.8382,-4.253089e-07,1.605425e-06
-0.295996,0.1975,1.453634e-06,54.38178,8.464828e-07,1.181585e-06
-0.295996,0.1974,1.751214e-06,79.48204,3.196466e-07,1.721743e-06
-0.295996,0.1973,1.073392e-06,49.5204,6.967205e-07,8.163694e-07
-0.295996,0.1972,1.312153e-06,86.27256,8.527189e-08,1.30923e-06
-0.295996,0.1971,1.197773e-06,116.1377,-5.276408e-07,1.075258e-06
-0.295996,0.197,1.953028e-06,84.44919,1.889336e-07,1.943858e-06
-0.295996,0.1969,1.286063e-06,87.93963,4.623457e-08,1.285113e-06
-0.295996,0.1968,1.52854e-06,88.70635,3.45055e-08,1.528015e-06
-0.295996,0.1967,1.463251e-06,59.6617,7.390882e-07,1.260599e-06
-0.295996,0.1966,1.28499e-06,98.29309,-1.853406e-07,1.271523e-06
-0.295996,0.1965,9.897742e-07,77.55705,2.133194e-07,9.66534e-07
-0.295996,0.1964,8.709523e-07,107.4494,-2.611577e-07,8.308924e-07
-0.295996,0.1963,7.650274e-07,44.32255,5.472209e-07,5.344301e-07
-0.295996,0.1962,1.423381e-06,108.8933,-4.608873e-07,1.346535e-06
-0.295996,0.1961,1.426884e-06,97.83598,-1.945383e-07,1.413423e-06
-0.295996,0.196,1.5418e-06,143.0434,-1.231955e-06,9.268261e-07
-0.295996,0.1959,1.798516e-06,81.1701,2.760719e-07,1.777175e-06
-0.295996,0.1958,1.030974e-06,102.2995,-2.195835e-07,1.007303e-06
-0.295996,0.1957,1.561878e-06,104.7893,-3.9866e-07,1.510027e-06
-0.295996,0.1956,1.223785e-06,131.7436,-8.147768e-07,9.131021e-07
-0.295996,0.1955,9.57638e-07,118.2725,-4.535559e-07,8.432865e-07
-0.295996,0.1954,9.62371e-07,83.00854,1.171175e-07,9.550731e-07
-0.295996,0.1953,9.405445e-07,32.91165,7.894523e-07,5.109775e-07
-0.295996,0.1952,2.407712e-06,108.3783,-7.590819e-07,2.284822e-06
-0.295996,0.1951,1.027017e-06,102.6737,-2.253167e-07,1.001972e-06
-0.295996,0.195,1.671424e-06,104.6948,-4.23979e-07,1.616751e-06
-0.295996,0.1949,1.473376e-06,108.8469,-4.759412e-07,1.394368e-06
-0.295996,0.1948,1.686081e-06,105.3985,-4.476942e-07,1.625547e-06
-0.295996,0.1947,1.648547e-06,106.965,-4.810038e-07,1.576781e-06
-0.295996,0.1946,1.314232e-06,106.4625,-3.724135e-07,1.26033e-06
-0.295996,0.1945,2.050783e-06,130.1316,-1.321759e-06,1.567851e-06
-0.295996,0.1944,1.929424e-06,126.4739,-1.146946e-06,1.551462e-06
-0.295996,0.1943,1.541605e-06,96.53159,-1.753494e-07,1.531479e-06
-0.295996,0.1942,1.184552e-06,141.1411,-9.222999e-07,7.430836e-07
-0.295996,0.1941,1.2791e-06,116.351,-5.677454e-07,1.146141e-06
-0.295996,0.194,1.300765e-06,93.90666,-8.860789e-08,1.297635e-06
-0.295996,0.1939,1.724945e-06,116.1377,-7.598809e-07,1.548534e-06
-0.295996,0.1938,1.785557e-06,115.6429,-7.726717e-07,1.609554e-06
-0.295996,0.1937,1.354565e-06,97.60342,-1.792106e-07,1.34254e-06
-0.295996,0.1936,1.348692e-06,110.8418,-4.79808e-07,1.26033e-06
-0.295996,0.1935,1.463877e-06,120.1616,-7.354952e-07,1.265661e-06
-0.295996,0.1934,1.558698e-06,83.75253,1.696161e-07,1.549333e-06
-0.295996,0.1933,2.243382e-06,103.3122,-5.165822e-07,2.183027e-06
-0.295996,0.1932,9.001102e-07,72.06624,2.771392e-07,8.563399e-07
-0.295996,0.1931,1.317959e-06,113.8604,-5.331002e-07,1.2053e-06
-0.295996,0.193,1.46852e-06,113.9163,-5.953274e-07,1.342406e-06
-0.295996,0.1929,1.555038e-06,108.3149,-4.885978e-07,1.476181e-06
-0.295996,0.1928,1.146342e-06,71.99367,3.542862e-07,1.090049e-06
-0.295996,0.1927,1.388942e-06,125.6496,-8.094459e-07,1.128556e-06
-0.295996,0.1926,1.037808e-06,117.5801,-4.80473e-07,9.198971e-07
-0.295996,0.1925,1.734254e-06,89.45896,1.638382e-08,1.734137e-06
-0.295996,0.1924,2.927167e-06,95.8546,-2.985969e-07,2.911861e-06
-0.295996,0.1923,9.614098e-07,94.21352,-7.062032e-08,9.588059e-07
-0.295996,0.1922,2.587158e-06,84.03829,2.687461e-07,2.57316e-06
-0.295996,0.1921,1.645216e-06,88.45106,4.450231e-08,1.644602e-06
-0.295996,0.192,1.658331e-06,97.95737,-2.295803e-07,1.642199e-06
-0.295996,0.1919,1.914488e-06,75.50093,4.79266e-07,1.853389e-06
-0.295996,0.1918,1.198047e-06,129.739,-7.658768e-07,9.212326e-07
-0.295996,0.1917,1.663422e-06,110.7404,-5.890633e-07,1.555591e-06
-0.295996,0.1916,2.267511e-06,104.8068,-5.794689e-07,2.192225e-06
-0.295996,0.1915,1.185754e-06,167.2536,-1.156406e-06,2.615489e-07
-0.295996,0.1914,1.339539e-06,110.6722,-4.72879e-07,1.253267e-06
-0.295996,0.1913,1.850819e-06,93.20114,-1.033991e-07,1.84779e-06
-0.295996,0.1912,1.579418e-06,92.83832,-7.821433e-08,1.577446e-06
-0.295996,0.1911,2.101108e-06,129.8335,-1.345876e-06,1.613421e-06
-0.295996,0.191,1.752527e-06,105.6547,-4.72879e-07,1.6875e-06
-0.295996,0.1909,2.210469e-06,119.9899,-1.104841e-06,1.914415e-06
-0.295996,0.1908,1.304576e-06,111.7703,-4.838034e-07,1.211564e-06
-0.295996,0.1907,1.464424e-06,97.45567,-1.900065e-07,1.45193e-06
-0.295996,0.1906,1.664226e-06,95.7204,-1.65889e-07,1.655789e-06
-0.295996,0.1905,1.061584e-06,101.7619,-2.163872e-07,1.039149e-06
-0.295996,0.1904,1.277877e-06,134.3251,-8.92857e-07,9.141694e-07
-0.295996,0.1903,1.627396e-06,104.1327,-3.973301e-07,1.578111e-06
-0.295996,0.1902,7.755551e-07,86.74989,4.396587e-08,7.742643e-07
-0.295996,0.1901,8.981544e-07,101.1814,-1.74148e-07,8.809939e-07
-0.295996,0.19,1.60106e-06,121.5883,-8.386261e-07,1.363858e-06
-0.295996,0.1899,1.61788e-06,128.8527,-1.014903e-06,1.259928e-06
-0.295996,0.1898,1.390328e-06,132.4377,-9.381584e-07,1.02609e-06
-0.295996,0.1897,7.945932e-07,116.2374,-3.512296e-07,7.125735e-07
-0.295996,0.1896,1.095335e-06,129.7233,-6.999224e-07,8.423533e-07
-0.295996,0.1895,1.096012e-06,126.87,-6.575491e-07,8.767247e-07
-0.295996,0.1894,1.694636e-06,96.36986,-1.88006e-07,1.684036e-06
-0.295996,0.1893,7.354337e-07,104.1074,-1.792106e-07,7.132384e-07
-0.295996,0.1892,1.65499e-06,87.30592,7.7812e-08,1.653129e-06
-0.295996,0.1891,1.034528e-06,133.2664,-7.089804e-07,7.532145e-07
-0.295996,0.189,1.679146e-06,118.6458,-8.049141e-07,1.473516e-06
-0.295996,0.1889,1.994904e-06,105.4807,-5.324352e-07,1.922406e-06
-0.295996,0.1888,1.460591e-06,122.411,-7.827971e-07,1.233017e-06
-0.295996,0.1887,1.17631e-06,82.75589,1.482926e-07,1.166794e-06
-0.295996,0.1886,1.000022e-06,112.8726,-3.886688e-07,9.213611e-07
-0.295996,0.1885,9.37527e-07,88.26397,2.837553e-08,9.369514e-07
-0.295996,0.1884,1.018652e-06,123.8138,-5.668122e-07,8.462145e-07
-0.295996,0.1883,1.919779e-06,121.4397,-1.001313e-06,1.637801e-06
-0.295996,0.1882,1.085367e-06,99.25564,-1.745503e-07,1.071128e-06
-0.295996,0.1881,1.031527e-06,106.1556,-2.870075e-07,9.9078e-07
-0.295996,0.188,1.617388e-06,121.0349,-8.338317e-07,1.385841e-06
-0.295996,0.1879,1.781377e-06,121.3584,-9.269658e-07,1.521086e-06
-0.295996,0.1878,1.563727e-06,130.7357,-1.020368e-06,1.184782e-06
-0.295996,0.1877,1.880893e-06,122.5549,-1.012109e-06,1.585308e-06
-0.295996,0.1876,5.484558e-07,120.8732,-2.814084e-07,4.707388e-07
-0.295996,0.1875,8.779596e-07,105.4212,-2.334415e-07,8.462145e-07
-0.295996,0.1874,1.276127e-06,117.9438,-5.979929e-07,1.127354e-06
-0.295996,0.1873,1.459037e-06,110.938,-5.213767e-07,1.362657e-06
-0.295996,0.1872,1.36896e-06,85.44496,1.087244e-07,1.364523e-06
-0.295996,0.1871,1.343037e-06,95.97394,-1.39771e-07,1.335611e-06
-0.295996,0.187,1.417675e-06,115.9996,-6.214398e-07,1.274188e-06
-0.295996,0.1869,1.231323e-06,91.4886,-3.197975e-08,1.230882e-06
-0.295996,0.1868,1.276468e-06,84.4422,1.236442e-07,1.270456e-06
-0.295996,0.1867,9.818729e-07,77.9627,2.047922e-07,9.602699e-07
-0.295996,0.1866,1.046922e-06,82.37908,1.388322e-07,1.037551e-06
-0.295996,0.1865,1.80008e-06,85.27973,1.481641e-07,1.793961e-06
-0.295996,0.1864,1.105092e-06,130.4874,-7.175076e-07,8.404869e-07
-0.295996,0.1863,1.827808e-06,142.1518,-1.443274e-06,1.121493e-06
-0.295996,0.1862,1.257916e-06,101.08,-2.417005e-07,1.234481e-06
-0.295996,0.1861,1.087065e-06,99.14111,-1.726839e-07,1.073123e-06
-0.295996,0.186,1.418849e-06,88.34265,4.103779e-08,1.418223e-06
-0.295996,0.1859,9.184107e-07,79.08777,1.738797e-07,9.017754e-07
-0.295996,0.1858,2.083925e-06,100.0572,-3.638863e-07,2.051783e-06
-0.295996,0.1857,1.286851e-06,92.17838,-4.890002e-08,1.285778e-06
-0.295996,0.1856,1.277843e-06,91.45188,-3.238208e-08,1.277385e-06
-0.295996,0.1855,8.220635e-07,144.6335,-6.703399e-07,4.758015e-07
-0.295996,0.1854,1.736266e-06,95.57965,-1.688227e-07,1.728007e-06
-0.295996,0.1853,1.403292e-06,103.3345,-3.236476e-07,1.365322e-06
-0.295996,0.1852,1.044156e-06,109.4781,-3.481619e-07,9.842533e-07
-0.295996,0.1851,8.720029e-07,45.90475,6.067771e-07,6.262343e-07
-0.295996,0.185,1.231167e-06,72.63187,3.674793e-07,1.174924e-06
-0.295996,0.1849,9.842198e-07,124.4677,-5.569551e-07,8.113067e-07
-0.295996,0.1848,9.798109e-07,145.506,-8.074454e-07,5.548149e-07
-0.295996,0.1847,1.116346e-06,120.6128,-5.684103e-07,9.606722e-07
-0.295996,0.1846,1.041853e-06,113.4234,-4.141163e-07,9.558722e-07
-0.295996,0.1845,1.790832e-06,74.00519,4.933923e-07,1.721346e-06
-0.295996,0.1844,1.374525e-06,94.70278,-1.127254e-07,1.36972e-06
-0.295996,0.1843,1.911778e-06,66.65,7.577408e-07,1.755187e-06
-0.295996,0.1842,1.175405e-06,110.7973,-4.173181e-07,1.098705e-06
-0.295996,0.1841,7.765945e-07,49.57897,5.035176e-07,5.911923e-07
-0.295996,0.184,1.430466e-06,103.8678,-3.42831e-07,1.388775e-06
-0.295996,0.1839,1.405823e-06,133.2603,-9.633377e-07,1.023693e-06
-0.295996,0.1838,1.100504e-06,119.7665,-5.462933e-07,9.552072e-07
-0.295996,0.1837,1.470509e-06,107.5525,-4.434306e-07,1.401968e-06
-0.295996,0.1836,1.902194e-06,97.12258,-2.358388e-07,1.887364e-06
-0.295996,0.1835,1.451019e-06,118.2314,-6.863325e-07,1.278318e-06
-0.295996,0.1834,1.165945e-06,71.74451,3.652106e-07,1.107238e-06
-0.295996,0.1833,1.095671e-06,84.6765,1.016613e-07,1.090848e-06
-0.295996,0.1832,1.975977e-06,89.98876,3.967434e-10,1.975838e-06
-0.295996,0.1831,1.378448e-06,80.29411,2.323687e-07,1.358661e-06
-0.295996,0.183,1.574853e-06,101.2864,-3.081914e-07,1.544399e-06
-0.295996,0.1829,1.190135e-06,126.0543,-7.004532e-07,9.621363e-07
-0.295996,0.1828,1.594198e-06,80.9262,2.514235e-07,1.574249e-06
-0.295996,0.1827,1.141402e-06,99.92957,-1.968014e-07,1.124292e-06
-0.295996,0.1826,6.673056e-07,114.7783,-2.796761e-07,6.058495e-07
-0.295996,0.1825,9.656902e-07,102.0827,-2.021323e-07,9.441487e-07
-0.295996,0.1824,6.111524e-07,120.8994,-3.137849e-07,5.243048e-07
-0.295996,0.1823,1.190794e-06,103.776,-2.83543e-07,1.1564e-06
-0.295996,0.1822,2.006655e-06,104.541,-5.037914e-07,1.942394e-06
-0.295996,0.1821,2.21347e-06,112.783,-8.571445e-07,2.040725e-06
-0.295996,0.182,1.347932e-06,141.7959,-1.059142e-06,8.335579e-07
-0.295996,0.1819,2.22891e-06,83.21617,2.632811e-07,2.213275e-06
-0.295996,0.1818,2.472605e-06,96.86469,-2.955347e-07,2.454841e-06
-0.295996,0.1817,1.908056e-06,113.6217,-7.645413e-07,1.748129e-06
-0.295996,0.1816,1.593785e-06,119.7822,-7.915925e-07,1.383181e-06
-0.295996,0.1815,1.272607e-06,104.7342,-3.236476e-07,1.230748e-06
-0.295996,0.1814,1.355381e-06,136.8479,-9.887907e-07,9.269602e-07
-0.295996,0.1813,1.203076e-06,110.5542,-4.223808e-07,1.126421e-06
-0.295996,0.1812,1.633727e-06,109.0602,-5.335025e-07,1.544136e-06
-0.295996,0.1811,1.516046e-06,139.1838,-1.147348e-06,9.909141e-07
-0.295996,0.181,1.96745e-06,104.2752,-4.851333e-07,1.906687e-06
-0.295996,0.1809,8.437e-07,85.6868,6.341747e-08,8.411519e-07
-0.295996,0.1808,1.834128e-06,112.8088,-7.109809e-07,1.690568e-06
-0.295996,0.1807,1.478159e-06,119.1064,-7.196422e-07,1.293774e-06
-0.295996,0.1806,1.104768e-06,146.722,-9.235013e-07,6.061121e-07
-0.295996,0.1805,2.58423e-06,68.70525,9.384211e-07,2.407673e-06
-0.295996,0.1804,1.526674e-06,108.9938,-4.968624e-07,1.443402e-06
-0.295996,0.1803,8.962824e-07,88.35489,2.571009e-08,8.957795e-07
-0.295996,0.1802,7.659774e-07,93.96174,-5.290098e-08,7.641389e-07
-0.295996,0.1801,6.758831e-07,110.7002,-2.389065e-07,6.322301e-07
-0.295996,0.18,1.168638e-06,119.895,-5.824025e-07,1.013031e-06
-0.295996,0.1799,9.515639e-07,73.86183,2.644825e-07,9.140353e-07
-0.295996,0.1798,9.970664e-07,176.6449,-9.953174e-07,5.83548e-08
-0.295996,0.1797,4.154127e-07,-137.9634,-3.084596e-07,-2.78078e-07
-0.295996,0.1796,8.900631e-07,134.1651,-6.201099e-07,6.384886e-07
-0.295996,0.1795,1.059835e-06,105.9528,-2.912711e-07,1.019027e-06
-0.295996,0.1794,8.689127e-07,132.2673,-5.84403e-07,6.430204e-07
-0.295996,0.1793,1.14765e-06,-164.2963,-1.104706e-06,-3.105886e-07
-0.295996,0.1792,1.108635e-06,-172.3878,-1.098711e-06,-1.468341e-07
-0.295996,0.1791,1.835362e-06,162.5121,-1.750398e-06,5.514845e-07
-0.295996,0.179,1.472175e-06,-174.2446,-1.464726e-06,-1.476332e-07
-0.295996,0.1789,1.647228e-06,-150.8786,-1.438882e-06,-8.015837e-07
-0.295996,0.1788,5.992837e-07,177.7202,-5.987919e-07,2.38493e-08
-0.295996,0.1787,1.217661e-06,-142.5092,-9.661372e-07,-7.410943e-07
-0.295996,0.1786,1.321166e-06,-155.1289,-1.198645e-06,-5.556195e-07
-0.295996,0.1785,6.941668e-07,176.4579,-6.927251e-07,4.289858e-08
-0.295996,0.1784,1.062797e-06,-158.9631,-9.918529e-07,-3.814715e-07
-0.295996,0.1783,1.744486e-06,-169.5616,-1.71549e-06,-3.160536e-07
-0.295996,0.1782,9.867511e-07,-173.5803,-9.805262e-07,-1.103281e-07
-0.295996,0.1781,1.428365e-06,-163.3355,-1.368395e-06,-4.0959e-07
-0.295996,0.178,1.131428e-06,179.3732,-1.131355e-06,1.238845e-08
-0.295996,0.1779,1.986918e-06,-166.3017,-1.930408e-06,-4.704818e-07
-0.295996,0.1778,2.036863e-06,-153.9584,-1.829942e-06,-8.94187e-07
-0.295996,0.1777,2.101309e-06,-138.015,-1.561861e-06,-1.405566e-06
-0.295996,0.1776,2.287181e-06,-144.724,-1.867119e-06,-1.320825e-06
-0.295996,0.1775,1.993596e-06,-155.9105,-1.819951e-06,-8.137095e-07
-0.295996,0.1774,1.995015e-06,-145.0138,-1.634476e-06,-1.143883e-06
-0.295996,0.1773,2.629224e-06,-153.7315,-2.357583e-06,-1.163603e-06
-0.295996,0.1772,2.061165e-06,-148.1755,-1.751331e-06,-1.086853e-06
-0.295996,0.1771,2.662695e-06,-148.8404,-2.27857e-06,-1.377722e-06
-0.295996,0.177,2.735015e-06,-130.2496,-1.767056e-06,-2.087367e-06
-0.295996,0.1769,3.919461e-06,-110.0515,-1.343876e-06,-3.681868e-06
-0.295996,0.1768,4.651296e-06,-122.4952,-2.498818e-06,-3.923038e-06
-0.295996,0.1767,4.056444e-06,-132.2253,-2.72613e-06,-3.003805e-06
-0.295996,0.1766,4.945077e-06,-130.6203,-3.219388e-06,-3.753421e-06
-0.295996,0.1765,4.997838e-06,-130.6415,-3.255229e-06,-3.792325e-06
-0.295996,0.1764,4.892712e-06,-129.3505,-3.10227e-06,-3.783401e-06
-0.295996,0.1763,5.986405e-06,-128.0556,-3.690132e-06,-4.713691e-06
-0.295996,0.1762,5.020167e-06,-136.5119,-3.642166e-06,-3.454824e-06
-0.295996,0.1761,5.315696e-06,-130.141,-3.426846e-06,-4.063608e-06
-0.295996,0.176,5.334779e-06,-135.5561,-3.808714e-06,-3.735434e-06
-0.295996,0.1759,5.694905e-06,-133.5296,-3.922238e-06,-4.128897e-06
-0.295996,0.1758,5.232749e-06,-126.5295,-3.114659e-06,-4.204709e-06
-0.295996,0.1757,5.897115e-06,-128.8763,-3.701191e-06,-4.590846e-06
-0.295996,0.1756,5.908437e-06,-131.3245,-3.901451e-06,-4.437083e-06
-0.295996,0.1755,4.862481e-06,-136.5484,-3.529977e-06,-3.344099e-06
-0.295996,0.1754,5.298804e-06,-135.8933,-3.804719e-06,-3.687864e-06
-0.295996,0.1753,5.022525e-06,-122.3139,-2.684824e-06,-4.244685e-06
-0.295996,0.1752,4.777863e-06,-127.6881,-2.920925e-06,-3.780869e-06
-0.295996,0.1751,5.438223e-06,-132.9409,-3.704655e-06,-3.980996e-06
-0.295996,0.175,4.924211e-06,-136.7564,-3.587001e-06,-3.373548e-06
-0.295996,0.1749,4.742391e-06,-138.271,-3.539169e-06,-3.156496e-06
-0.295996,0.1748,4.877954e-06,-130.3314,-3.157032e-06,-3.718513e-06
-0.295996,0.1747,4.711188e-06,-129.6097,-3.003671e-06,-3.629503e-06
-0.295996,0.1746,4.613913e-06,-134.5124,-3.234576e-06,-3.290137e-06
-0.295996,0.1745,3.629727e-06,-122.9982,-1.976776e-06,-3.044173e-06
-0.295996,0.1744,4.230776e-06,-135.524,-3.018859e-06,-2.964098e-06
-0.295996,0.1743,4.488363e-06,-127.6371,-2.740781e-06,-3.554223e-06
-0.295996,0.1742,3.222165e-06,-130.0866,-2.074839e-06,-2.465106e-06
-0.295996,0.1741,3.037987e-06,-148.6712,-2.59502e-06,-1.57958e-06
-0.295996,0.174,2.848137e-06,-133.5575,-1.962522e-06,-2.063915e-06
-0.295996,0.1739,1.375732e-06,176.7848,-1.373458e-06,7.714144e-08
-0.295996,0.1738,1.612924e-06,-174.339,-1.605033e-06,-1.590941e-07
-0.295996,0.1737,1.460211e-06,-157.4464,-1.348407e-06,-5.600173e-07
-0.295996,0.1736,1.234721e-06,151.2728,-1.082723e-06,5.934555e-07
-0.295996,0.1735,1.009924e-06,161.7235,-9.589456e-07,3.16713e-07
-0.295996,0.1734,1.060584e-06,148.6004,-9.052455e-07,5.525518e-07
-0.295996,0.1733,1.008784e-06,143.0154,-8.057132e-07,6.067771e-07
-0.295996,0.1732,8.966401e-07,151.4127,-7.873289e-07,4.29036e-07
-0.295996,0.1731,1.13948e-06,147.1329,-9.570792e-07,6.183721e-07
-0.295996,0.173,1.169515e-06,-164.2123,-1.125359e-06,-3.181826e-07
-0.295996,0.1729,1.947686e-06,112.2292,-7.368307e-07,1.802891e-06
-0.295996,0.1728,9.865052e-07,141.9349,-7.766671e-07,6.082467e-07
-0.295996,0.1727,9.324587e-07,146.235,-7.750689e-07,5.181748e-07
-0.295996,0.1726,1.321965e-06,121.618,-6.929934e-07,1.125622e-06
-0.295996,0.1725,6.687305e-07,128.593,-4.170499e-07,5.225725e-07
-0.295996,0.1724,1.253597e-06,86.97108,6.621703e-08,1.251803e-06
-0.295996,0.1723,1.134339e-06,97.32191,-1.44571e-07,1.124957e-06
-0.295996,0.1722,3.119576e-07,100.2128,-5.52982e-08,3.068502e-07
-0.295996,0.1721,1.419447e-06,119.6214,-7.015205e-07,1.233816e-06
-0.295996,0.172,1.931129e-06,125.5587,-1.122962e-06,1.570913e-06
-0.295996,0.1719,1.776583e-06,115.4051,-7.621441e-07,1.604625e-06
-0.295996,0.1718,1.475544e-06,124.3662,-8.328985e-07,1.217957e-06
-0.295996,0.1717,2.015965e-06,86.97545,1.063216e-07,2.013014e-06
-0.295996,0.1716,8.705835e-07,112.8481,-3.380365e-07,8.022431e-07
-0.295996,0.1715,1.712713e-06,103.1764,-3.904011e-07,1.667518e-06
-0.295996,0.1714,6.184894e-07,88.39511,1.731701e-08,6.181038e-07
-0.295996,0.1713,1.640863e-06,136.7073,-1.194247e-06,1.125091e-06
-0.295996,0.1712,1.030638e-06,167.1444,-1.004777e-06,2.293065e-07
-0.295996,0.1711,1.251339e-06,100.6787,-2.318434e-07,1.229552e-06
-0.295996,0.171,1.045307e-06,111.7973,-3.881379e-07,9.703952e-07
-0.295996,0.1709,1.264829e-06,136.0533,-9.105764e-07,8.776579e-07
-0.295996,0.1708,1.034561e-06,105.5331,-2.770107e-07,9.966474e-07
-0.295996,0.1707,9.179748e-07,129.191,-5.800053e-07,7.113721e-07
-0.295996,0.1706,1.900009e-06,117.3126,-8.718017e-07,1.688171e-06
-0.295996,0.1705,1.2158e-06,117.1954,-5.556195e-07,1.081254e-06
-0.295996,0.1704,1.025766e-06,148.2263,-8.719358e-07,5.400236e-07
-0.295996,0.1703,1.61441e-06,148.7622,-1.380253e-06,8.371565e-07
-0.295996,0.1702,1.387858e-06,126.9215,-8.336976e-07,1.109501e-06
-0.295996,0.1701,9.102635e-07,139.4461,-6.915293e-07,5.917232e-07
-0.295996,0.17,1.102712e-06,144.6257,-8.991155e-07,6.383601e-07
-0.295996,0.1699,1.839945e-06,107.869,-5.645491e-07,1.751191e-06
-0.295996,0.1698,1.994937e-06,111.536,-7.322989e-07,1.855652e-06
-0.295996,0.1697,5.334075e-07,107.2675,-1.58295e-07,5.092453e-07
-0.295996,0.1696,4.424918e-07,71.3104,1.417659e-07,4.190448e-07
-0.295996,0.1695,8.294619e-07,87.46841,3.664009e-08,8.286293e-07
-0.295996,0.1694,1.133669e-06,99.61496,-1.893416e-07,1.117626e-06
-0.295996,0.1693,1.129103e-06,136.2526,-8.155759e-07,7.806625e-07
-0.295996,0.1692,1.47303e-06,133.7875,-1.0193e-06,1.0634e-06
-0.295996,0.1691,1.611197e-06,129.0564,-1.015171e-06,1.251138e-06
-0.295996,0.169,1.420039e-06,90.46234,-1.146085e-08,1.419955e-06
-0.295996,0.1689,1.787977e-06,100.6674,-3.309734e-07,1.756919e-06
-0.295996,0.1688,1.535709e-06,153.2817,-1.371726e-06,6.904564e-07
-0.295996,0.1687,9.903442e-07,138.3429,-7.398929e-07,6.582085e-07
-0.295996,0.1686,2.058763e-06,148.9099,-1.76292e-06,1.062998e-06
-0.295996,0.1685,1.281067e-06,109.5481,-4.286393e-07,1.207167e-06
-0.295996,0.1684,1.706091e-06,134.8235,-1.202641e-06,1.2101e-06
-0.295996,0.1683,8.508134e-07,136.2561,-6.146449e-07,5.882587e-07
-0.295996,0.1682,7.844455e-07,123.083,-4.281084e-07,6.571467e-07
-0.295996,0.1681,1.617986e-06,125.3716,-9.365603e-07,1.319222e-06
-0.295996,0.168,2.140006e-06,139.2467,-1.62102e-06,1.396905e-06
-0.295996,0.1679,1.883553e-06,102.004,-3.91731e-07,1.842331e-06
-0.295996,0.1678,1.723017e-06,113.4129,-6.846003e-07,1.581044e-06
-0.295996,0.1677,1.815397e-06,92.65036,-8.394755e-08,1.813419e-06
-0.295996,0.1676,1.742698e-06,122.3961,-9.336266e-07,1.471387e-06
-0.295996,0.1675,1.806445e-06,93.47216,-1.09395e-07,1.803025e-06
-0.295996,0.1674,1.374671e-06,130.4804,-8.923206e-07,1.045547e-06
-0.295996,0.1673,1.723939e-06,90.43787,-1.319311e-08,1.723743e-06
-0.295996,0.1672,1.261258e-06,84.99384,1.100543e-07,1.256335e-06
-0.295996,0.1671,1.677788e-06,137.5368,-1.237682e-06,1.132685e-06
-0.295996,0.167,1.047715e-06,101.6141,-2.109222e-07,1.026224e-06
-0.295996,0.1669,1.350861e-06,83.15803,1.609548e-07,1.34121e-06
-0.295996,0.1668,1.587929e-06,83.33201,1.844018e-07,1.577178e-06
-0.295996,0.1667,7.908828e-07,70.73165,2.61018e-07,7.465481e-07
-0.295996,0.1666,1.999419e-06,137.5657,-1.475656e-06,1.349067e-06
-0.295996,0.1665,1.790313e-06,114.1026,-7.310975e-07,1.634208e-06
-0.295996,0.1664,1.784211e-06,134.979,-1.261135e-06,1.262063e-06
-0.295996,0.1663,1.788798e-06,97.80101,-2.427678e-07,1.772247e-06
-0.295996,0.1662,1.835592e-06,88.11536,6.035529e-08,1.834468e-06
-0.295996,0.1661,9.501054e-07,138.5072,-7.116459e-07,6.294306e-07
-0.295996,0.166,1.156082e-06,86.49723,7.061474e-08,1.153869e-06
-0.295996,0.1659,1.939779e-06,121.2823,-1.007175e-06,1.657655e-06
-0.295996,0.1658,2.220762e-06,105.4326,-5.909297e-07,2.140659e-06
-0.295996,0.1657,1.385025e-06,104.2297,-3.41501e-07,1.342674e-06
-0.295996,0.1656,1.569723e-06,107.8655,-4.815403e-07,1.494035e-06
-0.295996,0.1655,1.462139e-06,97.04129,-1.792106e-07,1.450996e-06
-0.295996,0.1654,7.051695e-07,122.5059,-3.789402e-07,5.946569e-07
-0.295996,0.1653,2.00865e-06,85.98318,1.406986e-07,2.003688e-06
-0.295996,0.1652,2.441849e-06,105.8951,-6.687417e-07,2.34838e-06
-0.295996,0.1651,6.320178e-07,80.41301,1.052599e-07,6.231665e-07
-0.295996,0.165,1.065647e-06,75.9398,2.588834e-07,1.033684e-06
-0.295996,0.1649,1.63176e-06,98.3438,-2.36772e-07,1.614354e-06
-0.295996,0.1648,1.513173e-06,95.25531,-1.385752e-07,1.506691e-06
-0.295996,0.1647,1.37134e-06,107.7012,-4.169158e-07,1.306297e-06
-0.295996,0.1646,1.747185e-06,93.92764,-1.196544e-07,1.743067e-06
-0.295996,0.1645,8.557252e-07,110.3855,-2.98066e-07,8.021146e-07
-0.295996,0.1644,1.384455e-06,139.4539,-1.051945e-06,8.99909e-07
-0.295996,0.1643,1.296585e-06,78.18651,2.654157e-07,1.268992e-06
-0.295996,0.1642,2.08996e-06,84.2621,2.089217e-07,2.079365e-06
-0.295996,0.1641,1.263348e-06,126.724,-7.553491e-07,1.0125e-06
-0.295996,0.164,1.265147e-06,98.44259,-1.857429e-07,1.251401e-06
-0.295996,0.1639,1.013735e-06,95.94596,-1.049973e-07,1.008236e-06
-0.295996,0.1638,1.11814e-06,111.4844,-4.094559e-07,1.04035e-06
-0.295996,0.1637,6.837453e-07,109.2298,-2.251826e-07,6.455518e-07
-0.295996,0.1636,1.816995e-06,89.88647,3.593042e-09,1.816878e-06
-0.295996,0.1635,1.100197e-06,91.31812,-2.531893e-08,1.099772e-06
-0.295996,0.1634,7.662512e-07,137.7396,-5.670804e-07,5.152411e-07
-0.295996,0.1633,1.697614e-06,120.7543,-8.680745e-07,1.458859e-06
-0.295996,0.1632,9.719599e-07,96.47914,-1.096632e-07,9.656008e-07
-0.295996,0.1631,1.167068e-06,131.7506,-7.770694e-07,8.706003e-07
-0.295996,0.163,1.680113e-06,91.15813,-3.398023e-08,1.679643e-06
-0.295996,0.1629,1.067278e-06,80.94281,1.680124e-07,1.05394e-06
-0.295996,0.1628,1.664986e-06,121.5061,-8.700694e-07,1.419553e-06
-0.295996,0.1627,1.286694e-06,142.5818,-1.021832e-06,7.817242e-07
-0.295996,0.1626,8.459072e-07,89.19668,1.185759e-08,8.456837e-07
-0.295996,0.1625,2.936795e-07,90.1581,-8.046627e-10,2.936627e-07
-0.295996,0.1624,1.473365e-06,129.0887,-9.289663e-07,1.14361e-06
-0.295996,0.1623,1.529658e-06,106.4415,-4.329029e-07,1.467123e-06
-0.295996,0.1622,2.045849e-06,111.0586,-7.350984e-07,1.909084e-06
-0.295996,0.1621,1.303542e-06,104.4737,-3.257766e-07,1.262063e-06
-0.295996,0.162,1.044111e-06,117.657,-4.846025e-07,9.246971e-07
-0.295996,0.1619,1.257073e-06,125.1408,-7.235035e-07,1.027822e-06
-0.295996,0.1618,1.492828e-06,93.32616,-8.660741e-08,1.490173e-06
-0.295996,0.1617,1.042474e-06,103.7087,-2.470314e-07,1.012768e-06
-0.295996,0.1616,1.569634e-06,140.6279,-1.213302e-06,9.955801e-07
-0.295996,0.1615,2.319043e-06,88.70547,5.235895e-08,2.3184e-06
-0.295996,0.1614,1.493951e-06,106.8882,-4.339702e-07,1.429544e-06
-0.295996,0.1613,1.018663e-06,111.4626,-3.726817e-07,9.478759e-07
-0.295996,0.1612,1.156132e-06,98.91118,-1.790821e-07,1.142146e-06
-0.295996,0.1611,7.235035e-07,96.14355,-7.741525e-08,7.192343e-07
-0.295996,0.161,9.154099e-07,98.31058,-1.323111e-07,9.057763e-07
-0.295996,0.1609,1.579027e-06,129.0441,-9.946525e-07,1.226356e-06
-0.295996,0.1608,1.188794e-06,105.8995,-3.256481e-07,1.143213e-06
-0.295996,0.1607,9.849462e-07,116.3178,-4.366356e-07,8.827205e-07
-0.295996,0.1606,1.331236e-06,95.44414,-1.263152e-07,1.325083e-06
-0.295996,0.1605,7.346626e-07,113.5649,-2.936683e-07,6.732679e-07
-0.295996,0.1604,1.29307e-06,107.841,-3.961287e-07,1.230748e-06
-0.295996,0.1603,1.672536e-06,139.4268,-1.270327e-06,1.087781e-06
-0.295996,0.1602,2.156272e-06,88.88557,4.197098e-08,2.155847e-06
-0.295996,0.1601,1.492543e-06,97.28781,-1.893416e-07,1.480445e-06
-0.295996,0.16,1.26104e-06,146.9746,-1.057276e-06,6.872601e-07
-0.295996,0.1599,1.852322e-06,111.0044,-6.639473e-07,1.729208e-06
-0.295996,0.1598,1.844376e-06,110.8174,-6.554201e-07,1.723878e-06
-0.295996,0.1597,2.031153e-06,121.7667,-1.069268e-06,1.726811e-06
-0.295996,0.1596,1.482663e-06,91.46762,-3.79756e-08,1.482043e-06
-0.295996,0.1595,9.868126e-07,88.95464,1.798756e-08,9.865164e-07
-0.295996,0.1594,1.485178e-06,83.41594,1.702811e-07,1.475248e-06
-0.295996,0.1593,1.568119e-06,93.95299,-1.080594e-07,1.564387e-06
-0.295996,0.1592,1.23899e-06,82.68595,1.57753e-07,1.228887e-06
-0.295996,0.1591,1.337679e-06,125.1129,-7.693413e-07,1.094179e-06
-0.295996,0.159,1.799795e-06,92.61027,-8.194707e-08,1.797828e-06
-0.295996,0.1589,1.406472e-06,117.3108,-6.452947e-07,1.249669e-06
-0.295996,0.1588,1.73488e-06,117.7882,-8.08781e-07,1.53481e-06
-0.295996,0.1587,1.403968e-06,118.4788,-6.694067e-07,1.23395e-06
-0.295996,0.1586,1.043887e-06,108.1033,-3.243125e-07,9.921155e-07
-0.295996,0.1585,1.037489e-06,112.105,-3.904011e-07,9.61069e-07
-0.295996,0.1584,1.479417e-06,96.34538,-1.634918e-07,1.470319e-06
-0.295996,0.1583,1.371469e-06,108.3665,-4.321038e-07,1.301502e-06
-0.295996,0.1582,2.519337e-06,113.9063,-1.020899e-06,2.303078e-06
-0.295996,0.1581,1.767123e-06,121.2369,-9.16304e-07,1.510826e-06
-0.295996,0.158,2.212224e-06,112.9508,-8.626095e-07,2.036998e-06
-0.295996,0.1579,1.689707e-06,108.321,-5.311053e-07,1.60396e-06
-0.295996,0.1578,9.159855e-07,110.1145,-3.149863e-07,8.600726e-07
-0.295996,0.1577,1.140313e-06,116.6902,-5.121845e-07,1.018764e-06
-0.295996,0.1576,1.692378e-06,113.3394,-6.70474e-07,1.553859e-06
-0.295996,0.1575,1.031829e-06,137.2238,-7.573496e-07,7.007159e-07
-0.295996,0.1574,8.239969e-07,135.6494,-5.891975e-07,5.759987e-07
-0.295996,0.1573,1.623742e-06,94.37788,-1.23918e-07,1.618886e-06
-0.295996,0.1572,1.981174e-06,91.34522,-4.650279e-08,1.980504e-06
-0.295996,0.1571,2.288231e-06,104.2018,-5.613472e-07,2.218203e-06
-0.295996,0.157,1.54902e-06,143.3904,-1.243416e-06,9.237639e-07
-0.295996,0.1569,1.737104e-06,126.1977,-1.025833e-06,1.4017e-06
-0.295996,0.1568,1.296697e-06,111.2178,-4.692804e-07,1.208765e-06
-0.295996,0.1567,2.004632e-06,130.1683,-1.292981e-06,1.531742e-06
-0.295996,0.1566,1.131009e-06,127.8245,-6.935242e-07,8.932482e-07
-0.295996,0.1565,1.66193e-06,122.6817,-8.973833e-07,1.398766e-06
-0.295996,0.1564,1.683941e-06,109.569,-5.640126e-07,1.586638e-06
-0.295996,0.1563,1.56461e-06,92.54907,-6.955303e-08,1.563057e-06
-0.295996,0.1562,1.742681e-06,111.4188,-6.363652e-07,1.622216e-06
-0.295996,0.1561,1.004928e-06,157.4036,-9.277649e-07,3.861319e-07
-0.295996,0.156,1.348223e-06,169.8116,-1.326955e-06,2.384986e-07
-0.295996,0.1559,1.855211e-06,105.7316,-5.029924e-07,1.785703e-06
-0.295996,0.1558,6.584264e-07,161.4135,-6.239712e-07,2.098549e-07
-0.295996,0.1557,6.537605e-07,103.6423,-1.541655e-07,6.352923e-07
-0.295996,0.1556,7.561314e-07,80.62983,1.231133e-07,7.460173e-07
-0.295996,0.1555,1.013008e-06,157.9334,-9.386893e-07,3.805328e-07
-0.295996,0.1554,6.286147e-07,132.04,-4.209112e-07,4.668775e-07
-0.295996,0.1553,9.102076e-07,91.12404,-1.785904e-08,9.099058e-07
-0.295996,0.1552,1.322982e-06,121.4336,-6.899256e-07,1.128818e-06
-0.295996,0.1551,1.85891e-06,93.92152,-1.271143e-07,1.854456e-06
-0.295996,0.155,1.511296e-06,121.2972,-7.850602e-07,1.291377e-06
-0.295996,0.1549,1.686025e-06,168.0273,-1.649267e-06,3.497544e-07
-0.295996,0.1548,2.530742e-06,141.5345,-1.981437e-06,1.574115e-06
-0.295996,0.1547,1.677637e-06,139.5772,-1.277122e-06,1.087781e-06
-0.295996,0.1546,1.431746e-06,125.5281,-8.319653e-07,1.165196e-06
-0.295996,0.1545,9.209699e-07,133.4518,-6.33303e-07,6.684679e-07
-0.295996,0.1544,1.964589e-06,109.4029,-6.526205e-07,1.852987e-06
-0.295996,0.1543,1.273943e-06,115.5537,-5.494896e-07,1.149209e-06
-0.295996,0.1542,1.856077e-06,118.1693,-8.761994e-07,1.636203e-06
-0.295996,0.1541,1.632347e-06,100.6691,-3.021955e-07,1.604095e-06
-0.295996,0.154,1.003028e-06,130.1167,-6.462223e-07,7.669385e-07
-0.295996,0.1539,9.604375e-07,141.9874,-7.566846e-07,5.91455e-07
-0.295996,0.1538,1.3558e-06,105.4457,-3.610868e-07,1.306699e-06
-0.295996,0.1537,1.374006e-06,103.2192,-3.141872e-07,1.337477e-06
-0.295996,0.1536,1.688657e-06,90.84952,-2.505071e-08,1.688305e-06
-0.295996,0.1535,1.722475e-06,105.0341,-4.46761e-07,1.663517e-06
-0.295996,0.1534,1.903675e-06,90.8068,-2.678297e-08,1.903485e-06
-0.295996,0.1533,1.945255e-06,116.3458,-8.632745e-07,1.743195e-06
-0.295996,0.1532,1.862235e-06,108.2817,-5.841348e-07,1.768246e-06
-0.295996,0.1531,1.821035e-06,128.5545,-1.134954e-06,1.424085e-06
-0.295996,0.153,1.828338e-06,116.4192,-8.134413e-07,1.63727e-06
-0.295996,0.1529,1.52859e-06,120.5795,-7.776003e-07,1.316025e-06
-0.295996,0.1528,1.918628e-06,121.8724,-1.013036e-06,1.629274e-06
-0.295996,0.1527,1.829043e-06,111.8279,-6.800685e-07,1.69776e-06
-0.295996,0.1526,1.745341e-06,88.25785,5.30295e-08,1.744396e-06
-0.295996,0.1525,1.697095e-06,126.2536,-1.003576e-06,1.368524e-06
-0.295996,0.1524,2.255642e-06,98.46882,-3.321748e-07,2.230994e-06
-0.295996,0.1523,1.850869e-06,108.0806,-5.744062e-07,1.75945e-06
-0.295996,0.1522,2.120761e-06,100.4471,-3.845393e-07,2.085495e-06
-0.295996,0.1521,1.950608e-06,109.722,-6.58214e-07,1.836067e-06
-0.295996,0.152,1.840816e-06,116.2033,-8.127763e-07,1.651525e-06
-0.295996,0.1519,1.250021e-06,97.06575,-1.537632e-07,1.240476e-06
-0.295996,0.1518,2.047441e-06,125.4354,-1.18705e-06,1.668183e-06
-0.295996,0.1517,1.10132e-06,143.2086,-8.81927e-07,6.59544e-07
-0.295996,0.1516,8.944217e-07,134.2211,-6.237085e-07,6.408914e-07
-0.295996,0.1515,1.843482e-06,132.1921,-1.238085e-06,1.365859e-06
-0.295996,0.1514,9.177681e-07,76.41364,2.155825e-07,8.920524e-07
-0.295996,0.1513,1.227898e-06,91.31113,-2.811849e-08,1.227417e-06
-0.295996,0.1512,9.818449e-07,134.0672,-6.82868e-07,7.055103e-07
-0.295996,0.1511,1.16956e-06,121.2159,-6.061177e-07,1.00024e-06
-0.295996,0.151,1.485027e-06,97.02031,-1.814793e-07,1.473784e-06
-0.295996,0.1509,9.959824e-07,116.0643,-4.375688e-07,8.945837e-07
-0.295996,0.1508,1.795755e-06,103.3546,-4.147868e-07,1.747062e-06
-0.295996,0.1507,1.593181e-06,133.9676,-1.106042e-06,1.146677e-06
-0.295996,0.1506,1.177288e-06,102.5382,-2.555586e-07,1.149075e-06
-0.295996,0.1505,8.695889e-07,167.0709,-8.474215e-07,1.945327e-07
-0.295996,0.1504,1.146381e-06,54.30922,6.687361e-07,9.309556e-07
-0.295996,0.1503,1.581385e-06,101.1605,-3.060568e-07,1.551462e-06
-0.295996,0.1502,1.107858e-06,59.82343,5.568154e-07,9.576044e-07
-0.295996,0.1501,6.674509e-07,60.98881,3.23642e-07,5.835983e-07
-0.295996,0.15,1.789469e-06,106.7623,-5.160458e-07,1.71335e-06
-0.296282,0.2,1.998709e-06,89.53415,1.62553e-08,1.99862e-06
-0.296282,0.1999,1.797264e-06,71.04287,5.83861e-07,1.69976e-06
-0.296282,0.1998,1.770766e-06,78.8762,3.416296e-07,1.737467e-06
-0.296282,0.1997,1.258889e-06,96.0159,-1.319143e-07,1.251937e-06
-0.296282,0.1996,1.581262e-06,104.7438,-4.023928e-07,1.529077e-06
-0.296282,0.1995,1.268109e-06,135.3452,-9.020492e-07,8.912533e-07
-0.296282,0.1994,1.611767e-06,100.9664,-3.065932e-07,1.58224e-06
-0.296282,0.1993,1.358717e-06,106.4948,-3.857351e-07,1.302698e-06
-0.296282,0.1992,1.167716e-06,126.2449,-6.903279e-07,9.416174e-07
-0.296282,0.1991,1.574669e-06,84.5034,1.508295e-07,1.56732e-06
-0.296282,0.199,1.13197e-06,109.1162,-3.706812e-07,1.069396e-06
-0.296282,0.1989,1.506339e-06,74.08388,4.13049e-07,1.448465e-06
-0.296282,0.1988,1.973172e-06,68.5068,7.22967e-07,1.835932e-06
-0.296282,0.1987,1.149399e-06,96.88479,-1.377761e-07,1.140944e-06
-0.296282,0.1986,1.087227e-06,66.29168,4.371609e-07,9.954459e-07
-0.296282,0.1985,1.844516e-06,91.22545,-3.943964e-08,1.844063e-06
-0.296282,0.1984,1.385902e-06,129.9323,-8.895266e-07,1.062601e-06
-0.296282,0.1983,1.409076e-06,115.0721,-5.970597e-07,1.276183e-06
-0.296282,0.1982,1.570936e-06,100.3894,-2.832747e-07,1.545069e-06
-0.296282,0.1981,2.441933e-06,108.5457,-7.766671e-07,2.31507e-06
-0.296282,0.198,1.107556e-06,80.69627,1.790765e-07,1.092977e-06
-0.296282,0.1979,1.695429e-06,115.8405,-7.389597e-07,1.52588e-06
-0.296282,0.1978,1.100666e-06,112.411,-4.195813e-07,1.017428e-06
-0.296282,0.1977,1.450208e-06,103.7664,-3.450997e-07,1.408495e-06
-0.296282,0.1976,1.692239e-06,110.3855,-5.894657e-07,1.586241e-06
-0.296282,0.1975,1.44509e-06,89.39776,1.5188e-08,1.444872e-06
-0.296282,0.1974,1.084445e-06,90.16247,-3.067776e-09,1.084316e-06
-0.296282,0.1973,1.505373e-06,89.26837,1.918338e-08,1.505093e-06
-0.296282,0.1972,1.897277e-06,71.08134,6.151758e-07,1.794761e-06
-0.296282,0.1971,2.069352e-06,81.27327,3.139134e-07,2.045257e-06
-0.296282,0.197,2.04567e-06,65.80035,8.384864e-07,1.865778e-06
-0.296282,0.1969,1.533508e-06,71.10669,4.965886e-07,1.450868e-06
-0.296282,0.1968,1.491151e-06,105.4282,-3.966651e-07,1.437406e-06
-0.296282,0.1967,1.650463e-06,94.05615,-1.167207e-07,1.6462e-06
-0.296282,0.1966,1.607185e-06,84.73856,1.47365e-07,1.600362e-06
-0.296282,0.1965,1.381874e-06,89.15909,2.025067e-08,1.381577e-06
-0.296282,0.1964,1.306481e-06,66.98572,5.107149e-07,1.202372e-06
-0.296282,0.1963,1.258743e-06,102.4394,-2.711489e-07,1.22915e-06
-0.296282,0.1962,1.562274e-06,88.65127,3.67742e-08,1.561721e-06
-0.296282,0.1961,7.165074e-07,96.57706,-8.208118e-08,7.116403e-07
-0.296282,0.196,1.349089e-06,97.30268,-1.714825e-07,1.338008e-06
-0.296282,0.1959,1.237453e-06,94.78059,-1.031309e-07,1.233017e-06
-0.296282,0.1958,1.379705e-06,105.6555,-3.722794e-07,1.328414e-06
-0.296282,0.1957,1.426801e-06,75.95291,3.462899e-07,1.384109e-06
-0.296282,0.1956,1.606481e-06,99.98727,-2.786088e-07,1.582106e-06
-0.296282,0.1955,1.340389e-06,114.5161,-5.56156e-07,1.219427e-06
-0.296282,0.1954,1.065244e-06,102.5277,-2.310443e-07,1.039814e-06
-0.296282,0.1953,6.575156e-07,127.3832,-3.991965e-07,5.224384e-07
-0.296282,0.1952,6.969887e-07,120.2228,-3.508273e-07,6.022509e-07
-0.296282,0.1951,1.052744e-06,78.41382,2.11453e-07,1.031287e-06
-0.296282,0.195,1.054432e-06,81.80482,1.502931e-07,1.043546e-06
-0.296282,0.1949,2.136088e-06,109.0965,-6.988551e-07,2.018474e-06
-0.296282,0.1948,1.987081e-06,87.98247,6.994977e-08,1.985829e-06
-0.296282,0.1947,1.496186e-06,86.64585,8.7535e-08,1.493504e-06
-0.296282,0.1946,1.36373e-06,63.89895,5.999822e-07,1.224623e-06
-0.296282,0.1945,7.775276e-07,133.9448,-5.394984e-07,5.597434e-07
-0.296282,0.1944,1.357633e-06,155.8143,-1.238353e-06,5.561504e-07
-0.296282,0.1943,1.272333e-06,81.13952,1.959968e-07,1.257134e-06
-0.296282,0.1942,2.179384e-06,104.2035,-5.347039e-07,2.112675e-06
-0.296282,0.1941,1.965438e-06,121.3322,-1.021966e-06,1.67871e-06
-0.296282,0.194,1.40175e-06,94.56902,-1.116581e-07,1.397168e-06
-0.296282,0.1939,1.203009e-06,91.33298,-2.798438e-08,1.202635e-06
-0.296282,0.1938,8.614361e-07,102.581,-1.876093e-07,8.40621e-07
-0.296282,0.1937,1.152506e-06,123.8427,-6.418302e-07,9.572077e-07
-0.296282,0.1936,1.922395e-06,123.6827,-1.066071e-06,1.599563e-06
-0.296282,0.1935,2.409936e-06,105.3342,-6.372984e-07,2.324e-06
-0.296282,0.1934,1.648982e-06,98.80366,-2.523623e-07,1.629542e-06
-0.296282,0.1933,1.741167e-06,119.0758,-8.46086e-07,1.521617e-06
-0.296282,0.1932,1.522036e-06,73.6625,4.281029e-07,1.460457e-06
-0.296282,0.1931,1.367753e-06,89.80517,4.660338e-09,1.367725e-06
-0.296282,0.193,1.723162e-06,83.29529,2.011936e-07,1.711355e-06
-0.296282,0.1929,1.601278e-06,91.90736,-5.329772e-08,1.600362e-06
-0.296282,0.1928,1.919254e-06,95.40567,-1.808144e-07,1.910682e-06
-0.296282,0.1927,1.275597e-06,109.0847,-4.170499e-07,1.2053e-06
-0.296282,0.1926,1.595517e-06,106.5263,-4.538241e-07,1.529479e-06
-0.296282,0.1925,1.048464e-06,113.266,-4.141163e-07,9.632036e-07
-0.296282,0.1924,1.963801e-06,80.18582,3.347005e-07,1.934934e-06
-0.296282,0.1923,1.941656e-06,71.74801,6.081126e-07,1.843929e-06
-0.296282,0.1922,1.441016e-06,72.00329,4.451572e-07,1.370385e-06
-0.296282,0.1921,1.851422e-06,113.322,-7.329639e-07,1.700162e-06
-0.296282,0.192,1.927239e-06,107.2702,-5.721431e-07,1.84033e-06
-0.296282,0.1919,1.828445e-06,87.23073,8.833408e-08,1.826209e-06
-0.296282,0.1918,1.21048e-06,104.8627,-3.104545e-07,1.169856e-06
-0.296282,0.1917,7.854737e-07,111.8602,-2.924669e-07,7.289629e-07
-0.296282,0.1916,1.410925e-06,92.74478,-6.755813e-08,1.409294e-06
-0.296282,0.1915,1.72105e-06,78.5772,3.408305e-07,1.686835e-06
-0.296282,0.1914,2.288555e-06,79.84967,4.033204e-07,2.252714e-06
-0.296282,0.1913,2.044066e-06,86.23759,1.341719e-07,2.039663e-06
-0.296282,0.1912,1.835485e-06,116.3458,-8.145086e-07,1.64473e-06
-0.296282,0.1911,1.098353e-06,112.0683,-4.126522e-07,1.017831e-06
-0.296282,0.191,1.631744e-06,98.03606,-2.281107e-07,1.615684e-06
-0.296282,0.1909,1.863967e-06,88.88207,3.637187e-08,1.863515e-06
-0.296282,0.1908,1.875277e-06,101.2059,-3.644172e-07,1.839397e-06
-0.296282,0.1907,1.487173e-06,122.2965,-7.945206e-07,1.257e-06
-0.296282,0.1906,1.752622e-06,101.5739,-3.516264e-07,1.716949e-06
-0.296282,0.1905,1.581609e-06,104.0724,-3.845393e-07,1.534139e-06
-0.296282,0.1904,1.59322e-06,78.61567,3.144498e-07,1.561721e-06
-0.296282,0.1903,1.722928e-06,100.0668,-3.011282e-07,1.696296e-06
-0.296282,0.1902,1.330582e-06,111.8401,-4.94996e-07,1.235011e-06
-0.296282,0.1901,2.338204e-06,68.5645,8.544735e-07,2.176366e-06
-0.296282,0.19,1.42708e-06,80.75309,2.293065e-07,1.408495e-06
-0.296282,0.1899,1.652788e-06,103.2551,-3.789402e-07,1.608621e-06
-0.296282,0.1898,4.105567e-07,79.66127,7.368251e-08,4.038512e-07
-0.296282,0.1897,7.097292e-07,101.2619,-1.385752e-07,6.9605e-07
-0.296282,0.1896,1.002665e-06,105.0515,-2.603586e-07,9.682662e-07
-0.296282,0.1895,1.607704e-06,82.69207,2.04524e-07,1.594634e-06
-0.296282,0.1894,7.61535e-07,101.5249,-1.52165e-07,7.460173e-07
-0.296282,0.1893,7.181726e-07,113.259,-2.83543e-07,6.596781e-07
-0.296282,0.1892,1.327849e-06,97.51425,-1.736171e-07,1.316294e-06
-0.296282,0.1891,2.164274e-06,86.82027,1.200456e-07,2.16091e-06
-0.296282,0.189,1.819733e-06,86.11519,1.232475e-07,1.815414e-06
-0.296282,0.1889,1.845711e-06,72.1729,5.650743e-07,1.757053e-06
-0.296282,0.1888,1.646501e-06,89.24914,2.15806e-08,1.646328e-06
-0.296282,0.1887,1.790262e-06,67.48578,6.855279e-07,1.653794e-06
-0.296282,0.1886,7.885191e-07,58.19308,4.155803e-07,6.700716e-07
-0.296282,0.1885,1.382108e-06,57.77693,7.369592e-07,1.169191e-06
-0.296282,0.1884,8.76462e-07,75.04981,2.261102e-07,8.467454e-07
-0.296282,0.1883,1.210715e-06,94.53754,-9.580515e-08,1.206764e-06
-0.296282,0.1882,2.217845e-06,48.41154,1.472052e-06,1.658722e-06
-0.296282,0.1881,1.064909e-06,91.58477,-2.944841e-08,1.064462e-06
-0.296282,0.188,9.699929e-07,118.6292,-4.647485e-07,8.514113e-07
-0.296282,0.1879,8.678622e-07,99.23378,-1.392401e-07,8.566081e-07
-0.296282,0.1878,1.544902e-06,105.548,-4.141163e-07,1.488307e-06
-0.296282,0.1877,1.851215e-06,95.22034,-1.684203e-07,1.843526e-06
-0.296282,0.1876,7.194019e-07,97.06313,-8.847378e-08,7.139034e-07
-0.296282,0.1875,1.769861e-06,85.68593,1.331046e-07,1.764781e-06
-0.296282,0.1874,1.494415e-06,95.76237,-1.500304e-07,1.486843e-06
-0.296282,0.1873,1.288762e-06,81.10193,1.993272e-07,1.273121e-06
-0.296282,0.1872,1.167682e-06,104.4125,-2.906005e-07,1.130819e-06
-0.296282,0.1871,1.053437e-06,68.36429,3.88395e-07,9.791906e-07
-0.296282,0.187,9.077992e-07,109.7299,-3.064591e-07,8.544735e-07
-0.296282,0.1869,4.475489e-07,114.0212,-1.821443e-07,4.086513e-07
-0.296282,0.1868,1.093279e-06,124.2762,-6.157122e-07,9.033735e-07
-0.296282,0.1867,1.708226e-06,79.96026,2.977922e-07,1.682041e-06
-0.296282,0.1866,1.610537e-06,87.77178,6.26184e-08,1.609291e-06
-0.296282,0.1865,1.421565e-06,107.5289,-4.281084e-07,1.355465e-06
-0.296282,0.1864,1.600518e-06,130.7593,-1.044882e-06,1.212229e-06
-0.296282,0.1863,1.38303e-06,78.59556,2.734065e-07,1.355599e-06
-0.296282,0.1862,2.094492e-06,95.68893,-2.075918e-07,2.084165e-06
-0.296282,0.1861,1.282403e-06,115.7635,-5.573518e-07,1.154802e-06
-0.296282,0.186,3.790911e-07,110.3715,-1.319143e-07,3.552194e-07
-0.296282,0.1859,1.117067e-06,87.42207,5.022995e-08,1.115893e-06
-0.296282,0.1858,1.618254e-06,100.2932,-2.891365e-07,1.592103e-06
-0.296282,0.1857,1.314193e-06,89.93543,1.464039e-09,1.314159e-06
-0.296282,0.1856,1.656599e-06,72.46401,4.991199e-07,1.579575e-06
-0.296282,0.1855,1.016736e-06,59.58826,5.145762e-07,8.767247e-07
-0.296282,0.1854,6.864555e-07,89.75621,2.928078e-09,6.863269e-07
-0.296282,0.1853,9.875167e-07,113.0877,-3.872048e-07,9.083077e-07
-0.296282,0.1852,1.08331e-06,134.1791,-7.549524e-07,7.769297e-07
-0.296282,0.1851,1.140771e-06,107.0061,-3.336388e-07,1.090848e-06
-0.296282,0.185,1.697726e-06,144.3844,-1.380119e-06,9.88651e-07
-0.296282,0.1849,6.922557e-07,154.8841,-6.267707e-07,2.937968e-07
-0.296282,0.1848,1.426097e-06,145.9999,-1.182256e-06,7.974486e-07
-0.296282,0.1847,6.805825e-07,72.01553,2.101175e-07,6.47284e-07
-0.296282,0.1846,1.708064e-06,67.71484,6.476864e-07,1.580374e-06
-0.296282,0.1845,1.162128e-06,115.8387,-5.064569e-07,1.04581e-06
-0.296282,0.1844,8.703377e-07,125.9679,-5.111172e-07,7.043145e-07
-0.296282,0.1843,1.555362e-06,112.8245,-6.033238e-07,1.433545e-06
-0.296282,0.1842,1.904334e-06,82.37209,2.52759e-07,1.887364e-06
-0.296282,0.1841,1.182725e-06,75.64256,2.932604e-07,1.145744e-06
-0.296282,0.184,4.25186e-07,143.5784,-3.420319e-07,2.523567e-07
-0.296282,0.1839,8.469019e-07,111.0989,-3.048609e-07,7.901228e-07
-0.296282,0.1838,1.230267e-06,54.75422,7.09908e-07,1.004638e-06
-0.296282,0.1837,1.731013e-06,93.59192,-1.084618e-07,1.727476e-06
-0.296282,0.1836,1.914493e-06,93.13645,-1.04729e-07,1.911615e-06
-0.296282,0.1835,1.641154e-06,90.6984,-1.998804e-08,1.641003e-06
-0.296282,0.1834,1.311521e-06,81.33971,1.974608e-07,1.29644e-06
-0.296282,0.1833,1.624016e-06,108.8469,-5.24573e-07,1.536805e-06
-0.296282,0.1832,1.055711e-06,118.1186,-4.975274e-07,9.310897e-07
-0.296282,0.1831,1.352341e-06,92.31564,-5.463324e-08,1.351201e-06
-0.296282,0.183,1.160323e-06,97.97486,-1.609604e-07,1.14894e-06
-0.296282,0.1829,1.329084e-06,123.0524,-7.24839e-07,1.113899e-06
-0.296282,0.1828,1.046972e-06,113.5388,-4.181172e-07,9.598676e-07
-0.296282,0.1827,1.564644e-06,132.9177,-1.065401e-06,1.145873e-06
-0.296282,0.1826,1.0567e-06,70.33474,3.556217e-07,9.950436e-07
-0.296282,0.1825,6.73525e-07,162.5785,-6.424952e-07,2.015903e-07
-0.296282,0.1824,1.520298e-06,155.2766,-1.380918e-06,6.358288e-07
-0.296282,0.1823,1.581916e-06,141.7653,-1.242483e-06,9.789224e-07
-0.296282,0.1822,1.378213e-06,137.8166,-1.021167e-06,9.253621e-07
-0.296282,0.1821,1.127835e-06,135.0418,-7.979851e-07,7.967837e-07
-0.296282,0.182,1.138765e-06,169.8492,-1.120833e-06,2.006571e-07
-0.296282,0.1819,6.47569e-07,95.69243,-6.422773e-08,6.44356e-07
-0.296282,0.1818,1.373788e-06,140.4295,-1.058874e-06,8.74998e-07
-0.296282,0.1817,1.062054e-06,160.659,-1.002112e-06,3.517549e-07
-0.296282,0.1816,9.595714e-07,108.735,-3.081914e-07,9.087044e-07
-0.296282,0.1815,1.188933e-06,120.1599,-5.973279e-07,1.027956e-06
-0.296282,0.1814,1.430612e-06,144.1675,-1.159736e-06,8.374191e-07
-0.296282,0.1813,1.014696e-06,111.8725,-3.78007e-07,9.416174e-07
-0.296282,0.1812,1.055158e-06,160.0742,-9.91987e-07,3.596171e-07
-0.296282,0.1811,1.269221e-06,161.243,-1.201707e-06,4.081148e-07
-0.296282,0.181,1.379096e-06,167.4442,-1.34601e-06,2.997927e-07
-0.296282,0.1809,1.921461e-06,152.4198,-1.703096e-06,8.896496e-07
-0.296282,0.1808,1.89569e-06,142.3991,-1.501902e-06,1.156669e-06
-0.296282,0.1807,2.25039e-06,145.3565,-1.851394e-06,1.279251e-06
-0.296282,0.1806,1.668758e-06,157.1553,-1.537743e-06,6.478205e-07
-0.296282,0.1805,1.522053e-06,124.6154,-8.6461e-07,1.252602e-06
-0.296282,0.1804,1.295791e-06,158.7647,-1.207703e-06,4.692748e-07
-0.296282,0.1803,1.473572e-06,109.9868,-5.036573e-07,1.384645e-06
-0.296282,0.1802,9.303856e-07,139.8867,-7.115118e-07,5.994513e-07
-0.296282,0.1801,8.439123e-07,165.0742,-8.153077e-07,2.173148e-07
-0.296282,0.18,8.267741e-07,139.4041,-6.277039e-07,5.378946e-07
-0.296282,0.1799,1.789335e-06,135.6599,-1.279653e-06,1.250468e-06
-0.296282,0.1798,1.270305e-06,141.5197,-9.943842e-07,7.903855e-07
-0.296282,0.1797,8.400287e-07,-164.9379,-8.111782e-07,-2.182535e-07
-0.296282,0.1796,1.264577e-06,172.991,-1.255005e-06,1.542884e-07
-0.296282,0.1795,1.933582e-06,-171.4358,-1.911889e-06,-2.879407e-07
-0.296282,0.1794,9.597167e-07,-172.421,-9.512174e-07,-1.265835e-07
-0.296282,0.1793,1.300329e-06,176.5278,-1.297909e-06,7.874518e-08
-0.296282,0.1792,1.481993e-06,-156.9026,-1.363199e-06,-5.813352e-07
-0.296282,0.1791,2.38721e-06,-149.3592,-2.053923e-06,-1.216633e-06
-0.296282,0.179,1.92791e-06,-161.4083,-1.827277e-06,-6.146449e-07
-0.296282,0.1789,1.893036e-06,179.6696,-1.892969e-06,1.092441e-08
-0.296282,0.1788,2.006214e-06,-146.2683,-1.668456e-06,-1.114038e-06
-0.296282,0.1787,1.820784e-06,-154.5502,-1.644071e-06,-7.824003e-07
-0.296282,0.1786,2.49309e-06,-152.1763,-2.204753e-06,-1.163603e-06
-0.296282,0.1785,2.333549e-06,-154.8098,-2.111619e-06,-9.931884e-07
-0.296282,0.1784,1.893857e-06,-146.8995,-1.586509e-06,-1.034226e-06
-0.296282,0.1783,9.367e-07,-131.977,-6.265025e-07,-6.963238e-07
-0.296282,0.1782,2.131065e-06,-158.0431,-1.976374e-06,-7.967893e-07
-0.296282,0.1781,2.226859e-06,-157.5399,-2.057919e-06,-8.507519e-07
-0.296282,0.178,1.903882e-06,-150.6426,-1.659393e-06,-9.333584e-07
-0.296282,0.1779,1.517219e-06,-155.3544,-1.378923e-06,-6.326325e-07
-0.296282,0.1778,1.943701e-06,-145.9098,-1.60956e-06,-1.089384e-06
-0.296282,0.1777,2.107512e-06,-151.2151,-1.846997e-06,-1.014769e-06
-0.296282,0.1776,1.378448e-06,-154.7363,-1.246612e-06,-5.882643e-07
-0.296282,0.1775,1.995462e-06,-171.4865,-1.973446e-06,-2.954006e-07
-0.296282,0.1774,2.806629e-06,-162.5138,-2.676827e-06,-8.432921e-07
-0.296282,0.1773,2.834999e-06,-142.191,-2.239795e-06,-1.737875e-06
-0.296282,0.1772,2.256419e-06,-142.2823,-1.784909e-06,-1.380387e-06
-0.296282,0.1771,3.147399e-06,-154.9881,-2.852171e-06,-1.330688e-06
-0.296282,0.177,4.395017e-06,-131.0836,-2.888146e-06,-3.312656e-06
-0.296282,0.1769,4.165358e-06,-125.6085,-2.42527e-06,-3.386473e-06
-0.296282,0.1768,4.831977e-06,-126.5942,-2.880552e-06,-3.879468e-06
-0.296282,0.1767,5.119012e-06,-124.2064,-2.877758e-06,-4.233492e-06
-0.296282,0.1766,4.799623e-06,-126.9198,-2.883084e-06,-3.837095e-06
-0.296282,0.1765,4.880854e-06,-128.5515,-3.041775e-06,-3.816979e-06
-0.296282,0.1764,4.931945e-06,-125.0099,-2.829523e-06,-4.03949e-06
-0.296282,0.1763,5.093012e-06,-133.5892,-3.511453e-06,-3.688797e-06
-0.296282,0.1762,4.488531e-06,-122.6334,-2.42047e-06,-3.779936e-06
-0.296282,0.1761,4.472471e-06,-118.1573,-2.110552e-06,-3.943154e-06
-0.296282,0.176,5.019245e-06,-131.7467,-3.34197e-06,-3.74476e-06
-0.296282,0.1759,5.669938e-06,-130.2817,-3.665881e-06,-4.325425e-06
-0.296282,0.1758,4.882084e-06,-128.9405,-3.068424e-06,-3.797259e-06
-0.296282,0.1757,3.494448e-06,-130.0407,-2.248054e-06,-2.675229e-06
-0.296282,0.1756,4.483144e-06,-134.571,-3.146236e-06,-3.193672e-06
-0.296282,0.1755,4.571842e-06,-136.9766,-3.342367e-06,-3.119325e-06
-0.296282,0.1754,5.106685e-06,-128.7635,-3.197271e-06,-3.981795e-06
-0.296282,0.1753,3.424314e-06,-119.1458,-1.667786e-06,-2.990746e-06
-0.296282,0.1752,4.213532e-06,-123.8173,-2.345055e-06,-3.500662e-06
-0.296282,0.1751,4.804288e-06,-120.9307,-2.46937e-06,-4.121035e-06
-0.296282,0.175,5.144353e-06,-128.8284,-3.225384e-06,-4.00751e-06
-0.296282,0.1749,3.60899e-06,-117.6981,-1.677514e-06,-3.195405e-06
-0.296282,0.1748,3.833809e-06,-130.1377,-2.47137e-06,-2.930922e-06
-0.296282,0.1747,3.947826e-06,-130.0603,-2.540789e-06,-3.021525e-06
-0.296282,0.1746,3.828708e-06,-121.9511,-2.026073e-06,-3.248568e-06
-0.296282,0.1745,2.908889e-06,-119.4762,-1.431282e-06,-2.532262e-06
-0.296282,0.1744,3.702867e-06,-127.8945,-2.274306e-06,-2.921992e-06
-0.296282,0.1743,2.447823e-06,-119.8242,-1.217432e-06,-2.123611e-06
-0.296282,0.1742,1.354224e-06,-120.728,-6.919261e-07,-1.164e-06
-0.296282,0.1741,1.205429e-06,-160.4239,-1.135619e-06,-4.038568e-07
-0.296282,0.174,1.499516e-06,-109.8261,-5.085859e-07,-1.410635e-06
-0.296282,0.1739,8.579827e-07,-126.0263,-5.045905e-07,-6.937924e-07
-0.296282,0.1738,3.331806e-07,-129.0756,-2.09989e-07,-2.586264e-07
-0.296282,0.1737,1.134574e-06,-177.8452,-1.133758e-06,-4.264153e-08
-0.296282,0.1736,1.296641e-06,164.5271,-1.24954e-06,3.458932e-07
-0.296282,0.1735,9.32062e-07,103.4254,-2.163872e-07,9.064413e-07
-0.296282,0.1734,9.534135e-08,-49.24677,6.222166e-08,-7.221847e-08
-0.296282,0.1733,9.743683e-08,35.25102,7.954426e-08,5.62258e-08
-0.296282,0.1732,8.820667e-07,112.2099,-3.333762e-07,8.165035e-07
-0.296282,0.1731,9.08453e-07,177.0558,-9.071119e-07,4.663132e-08
-0.296282,0.173,9.529888e-07,130.4629,-6.183777e-07,7.249675e-07
-0.296282,0.1729,1.053404e-06,141.1971,-8.209068e-07,6.600748e-07
-0.296282,0.1728,8.027348e-07,124.7859,-4.579536e-07,6.592757e-07
-0.296282,0.1727,7.614232e-07,81.92372,1.055225e-07,7.521472e-07
-0.296282,0.1726,1.186486e-06,97.51162,-1.550987e-07,1.176254e-06
-0.296282,0.1725,1.062272e-06,99.37104,-1.729521e-07,1.048078e-06
-0.296282,0.1724,8.401237e-07,98.9785,-1.311153e-07,8.29691e-07
-0.296282,0.1723,1.80673e-06,90.00013,0.0,1.806618e-06
-0.296282,0.1722,2.061439e-06,116.525,-9.205676e-07,1.844326e-06
-0.296282,0.1721,1.481942e-06,83.74466,1.614857e-07,1.473119e-06
-0.296282,0.172,1.420313e-06,120.3828,-7.183067e-07,1.225154e-06
-0.296282,0.1719,1.385595e-06,95.72303,-1.381728e-07,1.378649e-06
-0.296282,0.1718,1.688601e-06,129.9288,-1.083791e-06,1.294841e-06
-0.296282,0.1717,1.246897e-06,95.98793,-1.30048e-07,1.24008e-06
-0.296282,0.1716,1.024106e-06,72.19388,3.131143e-07,9.74927e-07
-0.296282,0.1715,1.421162e-06,99.78182,-2.414379e-07,1.400364e-06
-0.296282,0.1714,1.140022e-06,63.52565,5.081836e-07,1.020362e-06
-0.296282,0.1713,1.381348e-06,95.86378,-1.411065e-07,1.374118e-06
-0.296282,0.1712,1.243399e-06,114.6184,-5.179122e-07,1.130288e-06
-0.296282,0.1711,1.268533e-06,93.49315,-7.728114e-08,1.266058e-06
-0.296282,0.171,1.205876e-06,104.2735,-2.972669e-07,1.168526e-06
-0.296282,0.1709,1.71259e-06,47.06475,1.166526e-06,1.253804e-06
-0.296282,0.1708,1.699548e-06,79.31508,3.151148e-07,1.670049e-06
-0.296282,0.1707,1.743894e-06,63.78704,7.702689e-07,1.564521e-06
-0.296282,0.1706,1.780433e-06,82.52945,2.314355e-07,1.765184e-06
-0.296282,0.1705,9.665731e-07,109.4799,-3.223121e-07,9.111016e-07
-0.296282,0.1704,1.359349e-06,114.2512,-5.58285e-07,1.239275e-06
-0.296282,0.1703,5.544405e-07,70.97468,1.806747e-07,5.240365e-07
-0.296282,0.1702,8.402187e-07,74.04716,2.309046e-07,8.078422e-07
-0.296282,0.1701,1.683259e-06,76.25278,3.9999e-07,1.635007e-06
-0.296282,0.17,1.102471e-06,96.24484,-1.199226e-07,1.095777e-06
-0.296282,0.1699,1.692702e-06,100.1009,-2.968646e-07,1.666316e-06
-0.296282,0.1698,2.168582e-06,94.53885,-1.716166e-07,2.161709e-06
-0.296282,0.1697,2.378912e-06,74.34659,6.418246e-07,2.290556e-06
-0.296282,0.1696,1.806339e-06,104.242,-4.443638e-07,1.750795e-06
-0.296282,0.1695,1.719569e-06,84.92478,1.521594e-07,1.712819e-06
-0.296282,0.1694,2.285432e-06,90.83915,-3.344379e-08,2.285091e-06
-0.296282,0.1693,2.115502e-06,86.65722,1.233816e-07,2.111876e-06
-0.296282,0.1692,1.678749e-06,67.66588,6.379578e-07,1.552797e-06
-0.296282,0.1691,2.454629e-06,96.38559,-2.730153e-07,2.439251e-06
-0.296282,0.169,1.540593e-06,82.26193,2.074521e-07,1.526545e-06
-0.296282,0.1689,1.215348e-06,98.50641,-1.797471e-07,1.20197e-06
-0.296282,0.1688,2.348536e-06,89.40825,2.424605e-08,2.34838e-06
-0.296282,0.1687,2.720201e-06,75.49525,6.812643e-07,2.633387e-06
-0.296282,0.1686,2.204893e-06,88.43795,6.008706e-08,2.203948e-06
-0.296282,0.1685,2.336964e-06,75.75053,5.751997e-07,2.264974e-06
-0.296282,0.1684,1.373101e-06,57.85736,7.304269e-07,1.16253e-06
-0.296282,0.1683,1.810474e-06,76.27726,4.294328e-07,1.758651e-06
-0.296282,0.1682,1.160686e-06,61.48177,5.541499e-07,1.019831e-06
-0.296282,0.1681,2.153445e-06,79.90737,3.773365e-07,2.120006e-06
-0.296282,0.168,1.467442e-06,56.86803,8.019804e-07,1.228753e-06
-0.296282,0.1679,1.276882e-06,84.53924,1.215152e-07,1.270987e-06
-0.296282,0.1678,2.609839e-06,79.77274,4.63413e-07,2.568366e-06
-0.296282,0.1677,2.023676e-06,70.4921,6.757993e-07,1.907486e-06
-0.296282,0.1676,1.276541e-06,62.86396,5.822628e-07,1.136016e-06
-0.296282,0.1675,1.393044e-06,103.9369,-3.355052e-07,1.352e-06
-0.296282,0.1674,1.791363e-06,69.70539,6.213057e-07,1.68004e-06
-0.296282,0.1673,1.434981e-06,70.98517,4.675425e-07,1.356661e-06
-0.296282,0.1672,1.797789e-06,82.82146,2.246405e-07,1.783568e-06
-0.296282,0.1671,1.842767e-06,115.9008,-8.049141e-07,1.657655e-06
-0.296282,0.167,1.78658e-06,97.62878,-2.371743e-07,1.770643e-06
-0.296282,0.1669,9.025465e-07,78.68211,1.77076e-07,8.848551e-07
-0.296282,0.1668,2.395151e-06,67.49671,9.167008e-07,2.212744e-06
-0.296282,0.1667,3.229619e-06,74.57215,8.591394e-07,3.113189e-06
-0.296282,0.1666,2.205625e-06,70.7522,7.270965e-07,2.082299e-06
-0.296282,0.1665,7.561314e-07,101.9393,-1.564286e-07,7.396191e-07
-0.296282,0.1664,1.168057e-06,85.05329,1.007281e-07,1.163598e-06
-0.296282,0.1663,1.629374e-06,64.02746,7.135067e-07,1.46472e-06
-0.296282,0.1662,1.614857e-06,109.1817,-5.305688e-07,1.525081e-06
-0.296282,0.1661,1.242605e-06,66.79163,4.896596e-07,1.142011e-06
-0.296282,0.166,2.043977e-06,68.35992,7.537454e-07,1.899892e-06
-0.296282,0.1659,1.229798e-06,77.82281,2.594199e-07,1.202104e-06
-0.296282,0.1658,1.577619e-06,86.34512,1.00594e-07,1.574378e-06
-0.296282,0.1657,1.599557e-06,84.60831,1.502931e-07,1.592366e-06
-0.296282,0.1656,9.408798e-07,84.35302,9.259767e-08,9.362865e-07
-0.296282,0.1655,1.662656e-06,49.87622,1.071391e-06,1.271255e-06
-0.296282,0.1654,2.426672e-06,64.68961,1.037416e-06,2.193689e-06
-0.296282,0.1653,1.421777e-06,107.4406,-4.26108e-07,1.356398e-06
-0.296282,0.1652,1.460596e-06,62.62179,6.716698e-07,1.29697e-06
-0.296282,0.1651,1.810122e-06,69.54628,6.324928e-07,1.695899e-06
-0.296282,0.165,1.730404e-06,62.68736,7.939841e-07,1.537475e-06
-0.296282,0.1649,1.594109e-06,76.47484,3.728047e-07,1.549864e-06
-0.296282,0.1648,1.331957e-06,68.93955,4.78601e-07,1.242874e-06
-0.296282,0.1647,2.419436e-06,49.94354,1.556927e-06,1.851791e-06
-0.296282,0.1646,2.075102e-06,67.55048,7.92386e-07,1.917745e-06
-0.296282,0.1645,1.695033e-06,83.24721,1.993272e-07,1.683237e-06
-0.296282,0.1644,1.527708e-06,73.81462,4.258397e-07,1.467123e-06
-0.296282,0.1643,1.082841e-06,91.2272,-2.318434e-08,1.08245e-06
-0.296282,0.1642,1.21547e-06,77.91461,2.544913e-07,1.188514e-06
-0.296282,0.1641,1.870639e-06,89.58486,1.358985e-08,1.870578e-06
-0.296282,0.164,1.864705e-06,78.29492,3.782697e-07,1.825807e-06
-0.296282,0.1639,2.057556e-06,98.54313,-3.0566e-07,2.034595e-06
-0.296282,0.1638,1.76743e-06,95.04636,-1.554954e-07,1.760518e-06
-0.296282,0.1637,1.182161e-06,77.89888,2.478249e-07,1.15587e-06
-0.296282,0.1636,1.279894e-06,101.0512,-2.452991e-07,1.256067e-06
-0.296282,0.1635,1.178339e-06,128.1716,-7.281694e-07,9.262952e-07
-0.296282,0.1634,1.640953e-06,97.75642,-2.214498e-07,1.625809e-06
-0.296282,0.1633,1.15435e-06,86.16852,7.714144e-08,1.15174e-06
-0.296282,0.1632,1.79932e-06,87.01566,9.366497e-08,1.796761e-06
-0.296282,0.1631,1.456003e-06,99.80018,-2.478305e-07,1.434613e-06
-0.296282,0.163,2.168532e-06,78.12924,4.460904e-07,2.122135e-06
-0.296282,0.1629,2.045173e-06,92.49836,-8.913874e-08,2.043122e-06
-0.296282,0.1628,2.124169e-06,87.25696,1.016613e-07,2.121604e-06
-0.296282,0.1627,1.540755e-06,88.7658,3.317557e-08,1.540269e-06
-0.296282,0.1626,2.783909e-07,54.21392,1.626871e-07,2.257078e-07
-0.296282,0.1625,1.526501e-06,66.95337,5.975849e-07,1.404633e-06
-0.296282,0.1624,1.282017e-06,78.54922,2.544913e-07,1.256464e-06
-0.296282,0.1623,1.901032e-06,79.60182,3.430936e-07,1.869779e-06
-0.296282,0.1622,1.065468e-06,70.24206,3.60148e-07,1.002643e-06
-0.296282,0.1621,1.135546e-06,97.93914,-1.568309e-07,1.124555e-06
-0.296282,0.162,2.30652e-06,63.27824,1.037148e-06,2.060182e-06
-0.296282,0.1619,1.888336e-06,90.76484,-2.518482e-08,1.888163e-06
-0.296282,0.1618,2.06092e-06,81.71826,2.96859e-07,2.039395e-06
-0.296282,0.1617,1.45607e-06,92.91089,-7.395073e-08,1.454064e-06
-0.296282,0.1616,1.595187e-06,94.00894,-1.11524e-07,1.59117e-06
-0.296282,0.1615,1.207608e-06,117.2942,-5.537532e-07,1.073123e-06
-0.296282,0.1614,1.648927e-06,104.0776,-4.010628e-07,1.599295e-06
-0.296282,0.1613,1.258693e-06,53.09762,7.557459e-07,1.006504e-06
-0.296282,0.1612,2.740195e-06,90.63239,-3.024749e-08,2.739977e-06
-0.296282,0.1611,1.854294e-06,77.33324,4.066508e-07,1.809155e-06
-0.296282,0.161,1.83928e-06,69.7902,6.354264e-07,1.726012e-06
-0.296282,0.1609,1.517057e-06,74.21152,4.127807e-07,1.459792e-06
-0.296282,0.1608,2.975871e-06,82.91194,3.672111e-07,2.953033e-06
-0.296282,0.1607,2.24341e-06,71.30471,7.191002e-07,2.124935e-06
-0.296282,0.1606,1.974273e-06,67.07839,7.689334e-07,1.818347e-06
-0.296282,0.1605,2.126052e-06,56.30108,1.179585e-06,1.768782e-06
-0.296282,0.1604,1.192297e-06,47.5456,8.047744e-07,8.796583e-07
-0.296282,0.1603,2.077169e-06,98.60433,-3.107227e-07,2.053784e-06
-0.296282,0.1602,1.080634e-06,69.4877,3.78672e-07,1.012103e-06
-0.296282,0.1601,1.15801e-06,82.72354,1.466944e-07,1.148672e-06
-0.296282,0.16,1.605246e-06,94.29483,-1.201853e-07,1.60063e-06
-0.296282,0.1599,2.625983e-06,66.52936,1.04581e-06,2.408606e-06
-0.296282,0.1598,1.68227e-06,92.58754,-7.595121e-08,1.680443e-06
-0.296282,0.1597,1.745749e-06,53.09762,1.048207e-06,1.395972e-06
-0.296282,0.1596,1.530747e-06,93.90403,-1.041982e-07,1.527082e-06
-0.296282,0.1595,1.915007e-06,90.30323,-1.013092e-08,1.914946e-06
-0.296282,0.1594,1.734361e-06,68.98327,6.219707e-07,1.618886e-06
-0.296282,0.1593,1.079734e-06,80.70501,1.744106e-07,1.065529e-06
-0.296282,0.1592,6.653554e-07,101.7995,-1.360438e-07,6.511509e-07
-0.296282,0.1591,1.919696e-06,103.3511,-4.432965e-07,1.867778e-06
-0.296282,0.159,1.816129e-06,109.6442,-6.105154e-07,1.710288e-06
-0.296282,0.1589,1.705387e-06,89.28411,2.131797e-08,1.705225e-06
-0.296282,0.1588,1.389825e-06,65.96209,5.661416e-07,1.269254e-06
-0.296282,0.1587,1.709869e-06,125.8271,-1.000782e-06,1.386243e-06
-0.296282,0.1586,1.618707e-06,101.5573,-3.243125e-07,1.585839e-06
-0.296282,0.1585,1.570131e-06,77.87003,3.299061e-07,1.534938e-06
-0.296282,0.1584,1.157009e-06,31.14599,9.902492e-07,5.98384e-07
-0.296282,0.1583,1.220488e-06,81.61947,1.778751e-07,1.207435e-06
-0.296282,0.1582,1.253167e-06,52.32129,7.658712e-07,9.917132e-07
-0.296282,0.1581,1.689964e-06,97.56146,-2.22383e-07,1.675246e-06
-0.296282,0.158,2.041378e-06,85.83018,1.484267e-07,2.03593e-06
-0.296282,0.1579,1.964941e-06,112.8988,-7.645413e-07,1.809954e-06
-0.296282,0.1578,1.617098e-06,99.12625,-2.564918e-07,1.596501e-06
-0.296282,0.1577,2.061747e-06,104.8059,-5.268417e-07,1.993294e-06
-0.296282,0.1576,2.064943e-06,111.9031,-7.702745e-07,1.915745e-06
-0.296282,0.1575,1.397721e-06,60.15828,6.955191e-07,1.212364e-06
-0.296282,0.1574,1.53134e-06,104.617,-3.864057e-07,1.481775e-06
-0.296282,0.1573,1.644087e-06,104.1109,-4.007946e-07,1.594366e-06
-0.296282,0.1572,1.665065e-06,93.35851,-9.753741e-08,1.662187e-06
-0.296282,0.1571,1.888828e-06,67.80751,7.133726e-07,1.748794e-06
-0.296282,0.157,1.666557e-06,95.35846,-1.556295e-07,1.659253e-06
-0.296282,0.1569,1.632811e-06,83.10558,1.959968e-07,1.620881e-06
-0.296282,0.1568,1.456294e-06,79.59045,2.63147e-07,1.43221e-06
-0.296282,0.1567,1.85273e-06,85.1888,1.553557e-07,1.846058e-06
-0.296282,0.1566,1.198679e-06,108.7796,-3.858692e-07,1.134814e-06
-0.296282,0.1565,2.694837e-06,72.44522,8.127707e-07,2.569299e-06
-0.296282,0.1564,1.548349e-06,81.91322,2.178456e-07,1.532943e-06
-0.296282,0.1563,1.718066e-06,64.96806,7.269624e-07,1.556659e-06
-0.296282,0.1562,1.249283e-06,91.51658,-3.304705e-08,1.248735e-06
-0.296282,0.1561,2.097805e-06,98.95489,-3.265757e-07,2.072174e-06
-0.296282,0.156,1.655749e-06,91.88113,-5.436502e-08,1.654727e-06
-0.296282,0.1559,1.959554e-06,80.47246,3.24307e-07,1.932403e-06
-0.296282,0.1558,8.020307e-07,97.33065,-1.023318e-07,7.954481e-07
-0.296282,0.1557,1.664003e-06,69.29099,5.883928e-07,1.55639e-06
-0.296282,0.1556,1.89108e-06,97.12345,-2.345088e-07,1.876439e-06
-0.296282,0.1555,2.099968e-06,93.6164,-1.324452e-07,2.095755e-06
-0.296282,0.1554,1.567315e-06,110.4729,-5.481597e-07,1.468185e-06
-0.296282,0.1553,9.199976e-07,96.42843,-1.029968e-07,9.141694e-07
-0.296282,0.1552,1.351961e-06,84.26473,1.351051e-07,1.345071e-06
-0.296282,0.1551,1.504965e-06,94.67655,-1.227166e-07,1.499896e-06
-0.296282,0.155,2.761809e-06,77.70435,5.881246e-07,2.698408e-06
-0.296282,0.1549,1.742195e-06,81.07395,2.703443e-07,1.721078e-06
-0.296282,0.1548,2.573193e-06,82.71218,3.264416e-07,2.552373e-06
-0.296282,0.1547,2.346692e-06,74.60975,6.227698e-07,2.262443e-06
-0.296282,0.1546,1.541996e-06,88.35664,4.423409e-08,1.541336e-06
-0.296282,0.1545,2.282464e-06,84.78183,2.075862e-07,2.272965e-06
-0.296282,0.1544,3.648027e-07,61.7694,1.725442e-07,3.213789e-07
-0.296282,0.1543,1.957582e-06,81.12466,3.020558e-07,1.934135e-06
-0.296282,0.1542,1.994881e-06,80.56251,3.271065e-07,1.967841e-06
-0.296282,0.1541,7.913354e-07,0.2909957,7.913187e-07,3.995373e-09
-0.296282,0.154,1.451248e-06,75.80166,3.558844e-07,1.406762e-06
-0.296282,0.1539,1.346876e-06,114.8212,-5.653481e-07,1.222355e-06
-0.296282,0.1538,8.129607e-07,81.4691,1.20582e-07,8.038468e-07
-0.296282,0.1537,1.872824e-06,118.1772,-8.843299e-07,1.65086e-06
-0.296282,0.1536,2.346117e-06,105.5331,-6.282348e-07,2.260308e-06
-0.296282,0.1535,1.478713e-06,81.60548,2.158507e-07,1.462725e-06
-0.296282,0.1534,1.567265e-06,97.86745,-2.145208e-07,1.552395e-06
-0.296282,0.1533,1.369211e-06,121.1355,-7.079131e-07,1.171857e-06
-0.296282,0.1532,2.268383e-06,110.8274,-8.065123e-07,2.12014e-06
-0.296282,0.1531,1.147052e-06,56.64948,6.30632e-07,9.581409e-07
-0.296282,0.153,6.216242e-07,87.55583,2.651475e-08,6.209034e-07
-0.296282,0.1529,2.238214e-06,86.68869,1.292433e-07,2.234324e-06
-0.296282,0.1528,1.43502e-06,104.2018,-3.520287e-07,1.391172e-06
-0.296282,0.1527,2.407992e-06,83.22798,2.839341e-07,2.39115e-06
-0.296282,0.1526,1.685768e-06,86.08809,1.149829e-07,1.681772e-06
-0.296282,0.1525,8.245334e-07,78.88494,1.589544e-07,8.09038e-07
-0.296282,0.1524,7.868595e-07,45.97292,5.468185e-07,5.657393e-07
-0.296282,0.1523,2.097643e-06,90.18083,-6.666406e-09,2.097487e-06
-0.296282,0.1522,5.47897e-07,61.18889,2.639517e-07,4.79931e-07
-0.296282,0.1521,1.73573e-06,82.73228,2.195779e-07,1.721743e-06
-0.296282,0.152,9.279996e-07,87.50687,4.036724e-08,9.270943e-07
-0.296282,0.1519,2.255827e-06,102.3393,-4.820711e-07,2.20368e-06
-0.296282,0.1518,1.976458e-06,94.26161,-1.468341e-07,1.970909e-06
-0.296282,0.1517,1.785513e-06,86.20524,1.181848e-07,1.781573e-06
-0.296282,0.1516,1.20487e-06,67.31007,4.64743e-07,1.111501e-06
-0.296282,0.1515,1.898618e-06,91.82605,-6.049498e-08,1.897623e-06
-0.296282,0.1514,1.723626e-06,100.6831,-3.195181e-07,1.69363e-06
-0.296282,0.1513,1.157904e-06,88.41784,3.197416e-08,1.157334e-06
-0.296282,0.1512,1.036908e-06,79.59832,1.872014e-07,1.019831e-06
-0.296282,0.1511,1.531016e-06,90.49382,-1.319311e-08,1.530943e-06
-0.296282,0.151,1.127153e-06,79.85623,1.985281e-07,1.109501e-06
-0.296282,0.1509,1.73611e-06,95.39868,-1.633577e-07,1.728275e-06
-0.296282,0.1508,1.607224e-06,80.69714,2.598166e-07,1.585973e-06
-0.296282,0.1507,1.561084e-06,91.03661,-2.82526e-08,1.560788e-06
-0.296282,0.1506,2.049196e-06,100.5625,-3.756098e-07,2.014478e-06
-0.296282,0.1505,2.037059e-06,72.75689,6.03849e-07,1.945456e-06
-0.296282,0.1504,1.519203e-06,88.50701,3.956817e-08,1.518554e-06
-0.296282,0.1503,2.349475e-06,85.46332,1.858714e-07,2.342121e-06
-0.296282,0.1502,2.202194e-06,73.21094,6.360914e-07,2.108277e-06
-0.296282,0.1501,1.862486e-06,95.7851,-1.877378e-07,1.852858e-06
-0.296282,0.15,1.181032e-06,86.81808,6.555207e-08,1.179188e-06
-0.296568,0.2,1.706192e-06,76.52817,3.974586e-07,1.659125e-06
-0.296568,0.1999,1.807473e-06,80.41301,3.009885e-07,1.782104e-06
-0.296568,0.1998,5.442537e-07,98.26337,-7.821433e-08,5.385596e-07
-0.296568,0.1997,1.387389e-06,64.15598,6.047822e-07,1.248607e-06
-0.296568,0.1996,2.116039e-06,82.60114,2.724789e-07,2.098286e-06
-0.296568,0.1995,2.007432e-06,88.26572,6.075762e-08,2.006482e-06
-0.296568,0.1994,1.58713e-06,120.4755,-8.049141e-07,1.367853e-06
-0.296568,0.1993,8.398219e-07,120.9239,-4.31573e-07,7.204357e-07
-0.296568,0.1992,1.768749e-06,96.04213,-1.861397e-07,1.75892e-06
-0.296568,0.1991,1.097839e-06,112.0403,-4.119873e-07,1.017563e-06
-0.296568,0.199,1.55468e-06,107.5796,-4.695486e-07,1.482043e-06
-0.296568,0.1989,2.467012e-06,77.42548,5.370955e-07,2.407807e-06
-0.296568,0.1988,1.484144e-06,104.6398,-3.750789e-07,1.435942e-06
-0.296568,0.1987,1.087831e-06,101.8615,-2.235844e-07,1.064462e-06
-0.296568,0.1986,1.299837e-06,78.98898,2.482272e-07,1.275787e-06
-0.296568,0.1985,1.36849e-06,87.7403,5.396269e-08,1.367323e-06
-0.296568,0.1984,1.304643e-06,80.88511,2.06653e-07,1.288047e-06
-0.296568,0.1983,1.131886e-06,125.8332,-6.626117e-07,9.176339e-07
-0.296568,0.1982,1.326771e-06,97.83335,-1.808144e-07,1.314293e-06
-0.296568,0.1981,8.917059e-07,79.76443,1.584235e-07,8.773952e-07
-0.296568,0.198,1.973027e-06,117.8214,-9.208358e-07,1.744927e-06
-0.296568,0.1979,1.281347e-06,98.66028,-1.929346e-07,1.266723e-06
-0.296568,0.1978,1.032683e-06,111.7038,-3.818739e-07,9.594708e-07
-0.296568,0.1977,1.792123e-06,84.96324,1.573562e-07,1.785166e-06
-0.296568,0.1976,1.16495e-06,123.9458,-6.504859e-07,9.663999e-07
-0.296568,0.1975,1.839291e-06,114.5624,-7.645413e-07,1.672849e-06
-0.296568,0.1974,1.834256e-06,102.6685,-4.022587e-07,1.789564e-06
-0.296568,0.1973,1.213951e-06,81.1299,1.872014e-07,1.199439e-06
-0.296568,0.1972,1.598931e-06,89.19231,2.251379e-08,1.59863e-06
-0.296568,0.1971,1.638198e-06,98.26774,-2.355761e-07,1.621149e-06
-0.296568,0.197,1.224283e-06,90.9282,-1.985393e-08,1.224087e-06
-0.296568,0.1969,9.371861e-07,59.62323,4.739351e-07,8.085072e-07
-0.296568,0.1968,1.31868e-06,67.29346,5.089826e-07,1.216359e-06
-0.296568,0.1967,1.548428e-06,90.51393,-1.385807e-08,1.548266e-06
-0.296568,0.1966,8.093621e-07,103.4324,-1.88006e-07,7.871892e-07
-0.296568,0.1965,7.63379e-07,76.63046,1.765396e-07,7.426869e-07
-0.296568,0.1964,2.011109e-06,105.8654,-5.497578e-07,1.934397e-06
-0.296568,0.1963,1.542991e-06,103.9675,-3.724135e-07,1.497365e-06
-0.296568,0.1962,1.351945e-06,67.3494,5.20572e-07,1.24754e-06
-0.296568,0.1961,1.491732e-06,66.45067,5.959868e-07,1.367457e-06
-0.296568,0.196,1.052644e-06,72.94923,3.085825e-07,1.006236e-06
-0.296568,0.1959,1.786228e-06,97.2476,-2.253167e-07,1.771844e-06
-0.296568,0.1958,1.201948e-06,96.64612,-1.39106e-07,1.19384e-06
-0.296568,0.1957,2.153595e-06,51.42486,1.342808e-06,1.683639e-06
-0.296568,0.1956,1.39163e-06,104.0024,-3.367066e-07,1.350268e-06
-0.296568,0.1955,1.018518e-06,87.39847,4.623457e-08,1.017428e-06
-0.296568,0.1954,2.178724e-06,80.20156,3.708098e-07,2.146918e-06
-0.296568,0.1953,1.196343e-06,73.65725,3.365669e-07,1.147873e-06
-0.296568,0.1952,6.852764e-07,79.25213,1.277737e-07,6.731338e-07
-0.296568,0.1951,1.049632e-06,127.8167,-6.435625e-07,8.291602e-07
-0.296568,0.195,1.807289e-06,89.70026,9.454786e-09,1.807155e-06
-0.296568,0.1949,1.478997e-06,116.9831,-6.710104e-07,1.317892e-06
-0.296568,0.1948,1.638622e-06,109.0611,-5.351006e-07,1.548662e-06
-0.296568,0.1947,1.816805e-06,95.55954,-1.760143e-07,1.808222e-06
-0.296568,0.1946,2.27335e-06,91.32992,-5.276687e-08,2.272702e-06
-0.296568,0.1945,1.663209e-06,96.00192,-1.738853e-07,1.654056e-06
-0.296568,0.1944,2.618942e-06,80.13687,4.486218e-07,2.580223e-06
-0.296568,0.1943,2.018222e-06,97.4854,-2.626217e-07,2.000888e-06
-0.296568,0.1942,1.420838e-06,113.2835,-5.616154e-07,1.305101e-06
-0.296568,0.1941,1.596719e-06,91.88463,-5.249865e-08,1.59583e-06
-0.296568,0.194,1.909509e-06,125.6033,-1.111635e-06,1.552529e-06
-0.296568,0.1939,1.219354e-06,83.9972,1.27511e-07,1.212632e-06
-0.296568,0.1938,1.457976e-06,74.97026,3.780014e-07,1.407964e-06
-0.296568,0.1937,1.337081e-06,93.62864,-8.461251e-08,1.334281e-06
-0.296568,0.1936,1.298613e-06,97.25634,-1.640226e-07,1.288175e-06
-0.296568,0.1935,1.387607e-06,66.99621,5.422923e-07,1.277251e-06
-0.296568,0.1934,2.082176e-06,95.54468,-2.011992e-07,2.072302e-06
-0.296568,0.1933,1.744017e-06,79.6263,3.140475e-07,1.715485e-06
-0.296568,0.1932,1.634202e-06,95.3095,-1.512318e-07,1.627145e-06
-0.296568,0.1931,1.82503e-06,59.77185,9.187012e-07,1.576781e-06
-0.296568,0.193,1.067781e-06,67.87483,4.02119e-07,9.890478e-07
-0.296568,0.1929,1.117268e-06,90.11701,-2.268701e-09,1.117229e-06
-0.296568,0.1928,6.861761e-07,85.22028,5.715899e-08,6.836615e-07
-0.296568,0.1927,9.561963e-07,74.02443,2.63147e-07,9.192321e-07
-0.296568,0.1926,1.91964e-06,75.67404,4.750024e-07,1.859916e-06
-0.296568,0.1925,1.465374e-06,95.66795,-1.447051e-07,1.458194e-06
-0.296568,0.1924,1.330962e-06,94.05878,-9.4207e-08,1.327615e-06
-0.296568,0.1923,1.565923e-06,117.2724,-7.175076e-07,1.391708e-06
-0.296568,0.1922,1.237358e-06,99.61583,-2.066586e-07,1.219958e-06
-0.296568,0.1921,1.602698e-06,94.8549,-1.356415e-07,1.596897e-06
-0.296568,0.192,1.690825e-06,52.80213,1.022228e-06,1.346804e-06
-0.296568,0.1919,1.554049e-06,105.5725,-4.17184e-07,1.496968e-06
-0.296568,0.1918,1.130422e-06,122.4885,-6.07185e-07,9.53475e-07
-0.296568,0.1917,1.725448e-06,65.2181,7.232353e-07,1.566521e-06
-0.296568,0.1916,1.514252e-06,98.68913,-2.287812e-07,1.496834e-06
-0.296568,0.1915,1.161916e-06,86.62749,6.835162e-08,1.159865e-06
-0.296568,0.1914,1.921802e-06,61.84634,9.067095e-07,1.694301e-06
-0.296568,0.1913,4.89179e-07,113.8464,-1.977346e-07,4.472918e-07
-0.296568,0.1912,1.880479e-06,103.9203,-4.523601e-07,1.825142e-06
-0.296568,0.1911,1.800807e-06,87.67298,7.314607e-08,1.799292e-06
-0.296568,0.191,1.475712e-06,99.03445,-2.317093e-07,1.457395e-06
-0.296568,0.1909,5.511548e-07,116.713,-2.476964e-07,4.921909e-07
-0.296568,0.1908,1.148935e-07,84.40198,1.118704e-08,1.141838e-07
-0.296568,0.1907,1.67519e-06,99.5931,-2.791453e-07,1.651659e-06
-0.296568,0.1906,1.619987e-06,113.0964,-6.35432e-07,1.490039e-06
-0.296568,0.1905,1.649737e-06,83.80149,1.781433e-07,1.64007e-06
-0.296568,0.1904,2.32011e-06,89.26968,2.957694e-08,2.31987e-06
-0.296568,0.1903,1.015366e-06,79.39025,1.869332e-07,9.979773e-07
-0.296568,0.1902,1.458428e-06,90.58649,-1.492537e-08,1.458328e-06
-0.296568,0.1901,1.466173e-06,91.83742,-4.703924e-08,1.465391e-06
-0.296568,0.19,1.842644e-06,95.85591,-1.88006e-07,1.833004e-06
-0.296568,0.1899,6.978325e-07,122.223,-3.720112e-07,5.902592e-07
-0.296568,0.1898,1.323206e-06,90.29012,-6.666406e-09,1.323089e-06
-0.296568,0.1897,1.375967e-06,104.36,-3.412328e-07,1.332946e-06
-0.296568,0.1896,1.790145e-06,87.17128,8.833408e-08,1.787832e-06
-0.296568,0.1895,1.177037e-06,97.71008,-1.578927e-07,1.166263e-06
-0.296568,0.1894,1.132551e-06,77.41455,2.467632e-07,1.105237e-06
-0.296568,0.1893,1.36521e-06,121.3531,-7.10316e-07,1.165861e-06
-0.296568,0.1892,1.890862e-06,116.5687,-8.456893e-07,1.691099e-06
-0.296568,0.1891,6.319731e-07,126.5736,-3.76543e-07,5.07513e-07
-0.296568,0.189,1.280888e-06,79.01957,2.439636e-07,1.257397e-06
-0.296568,0.1889,1.643685e-06,92.08571,-5.983002e-08,1.642467e-06
-0.296568,0.1888,7.418543e-07,102.7751,-1.640226e-07,7.233638e-07
-0.296568,0.1887,1.503545e-06,72.56368,4.504881e-07,1.434344e-06
-0.296568,0.1886,2.206681e-06,96.25008,-2.402365e-07,2.193421e-06
-0.296568,0.1885,1.42988e-06,96.26932,-1.561604e-07,1.421151e-06
-0.296568,0.1884,1.615181e-06,122.2702,-8.623413e-07,1.365724e-06
-0.296568,0.1883,2.252809e-06,79.40336,4.142448e-07,2.214342e-06
-0.296568,0.1882,1.887358e-06,58.13188,9.963791e-07,1.602759e-06
-0.296568,0.1881,1.469079e-06,91.7771,-4.556961e-08,1.468319e-06
-0.296568,0.188,1.163654e-06,131.1038,-7.649436e-07,8.767247e-07
-0.296568,0.1879,1.753147e-06,102.0862,-3.670826e-07,1.714149e-06
-0.296568,0.1878,1.192728e-06,112.1872,-4.503596e-07,1.104304e-06
-0.296568,0.1877,7.854457e-07,78.38409,1.581553e-07,7.693357e-07
-0.296568,0.1876,1.378269e-06,84.09075,1.419e-07,1.370921e-06
-0.296568,0.1875,1.736909e-06,121.6617,-9.116437e-07,1.478316e-06
-0.296568,0.1874,1.048469e-06,122.3909,-5.616154e-07,8.85386e-07
-0.296568,0.1873,1.130511e-06,74.14333,3.088507e-07,1.087384e-06
-0.296568,0.1872,8.644871e-07,90.10565,-1.603737e-09,8.643362e-07
-0.296568,0.1871,1.297144e-06,96.79649,-1.534949e-07,1.287912e-06
-0.296568,0.187,1.335896e-06,119.7569,-6.630141e-07,1.159731e-06
-0.296568,0.1869,6.851535e-07,129.83,-4.387702e-07,5.26037e-07
-0.296568,0.1868,9.739603e-07,112.7292,-3.762748e-07,8.981768e-07
-0.296568,0.1867,7.896255e-07,164.1957,-7.597468e-07,2.150516e-07
-0.296568,0.1866,1.744832e-06,88.07864,5.848892e-08,1.743732e-06
-0.296568,0.1865,1.128651e-06,103.5391,-2.642199e-07,1.097241e-06
-0.296568,0.1864,1.092955e-06,101.2278,-2.127885e-07,1.071928e-06
-0.296568,0.1863,9.521674e-07,91.35309,-2.251937e-08,9.517427e-07
-0.296568,0.1862,1.233173e-06,118.3827,-5.861353e-07,1.084852e-06
-0.296568,0.1861,1.987025e-06,103.6458,-4.687495e-07,1.930804e-06
-0.296568,0.186,1.086099e-06,85.14509,9.193271e-08,1.082187e-06
-0.296568,0.1859,9.378232e-07,92.23958,-3.664568e-08,9.370855e-07
-0.296568,0.1858,2.110099e-06,96.92414,-2.543628e-07,2.094687e-06
-0.296568,0.1857,8.73506e-07,144.714,-7.129814e-07,5.045849e-07
-0.296568,0.1856,1.32196e-06,97.21613,-1.660231e-07,1.311359e-06
-0.296568,0.1855,1.412596e-06,65.42967,5.873255e-07,1.284582e-06
-0.296568,0.1854,1.587007e-06,96.27543,-1.73483e-07,1.577446e-06
-0.296568,0.1853,6.614327e-07,-176.1396,-6.598178e-07,-4.45079e-08
-0.296568,0.1852,1.564253e-06,87.19664,7.647648e-08,1.562258e-06
-0.296568,0.1851,4.123784e-07,90.39241,-2.799555e-09,4.122443e-07
-0.296568,0.185,1.347865e-06,112.1994,-5.092509e-07,1.247936e-06
-0.296568,0.1849,5.189795e-07,106.7921,-1.499019e-07,4.967227e-07
-0.296568,0.1848,2.291612e-07,172.7235,-2.273116e-07,2.904608e-08
-0.296568,0.1847,1.585509e-06,135.6914,-1.134557e-06,1.1075e-06
-0.296568,0.1846,1.063786e-06,82.2698,1.431014e-07,1.054074e-06
-0.296568,0.1845,1.764267e-06,112.2379,-6.676744e-07,1.633007e-06
-0.296568,0.1844,1.579686e-06,123.6783,-8.759312e-07,1.314427e-06
-0.296568,0.1843,1.099627e-06,85.64834,8.340552e-08,1.096308e-06
-0.296568,0.1842,6.521176e-07,142.9227,-5.201809e-07,3.930609e-07
-0.296568,0.1841,1.169219e-06,103.6047,-2.750158e-07,1.136284e-06
-0.296568,0.184,1.066194e-06,114.301,-4.387702e-07,9.717307e-07
-0.296568,0.1839,1.231815e-06,119.3434,-6.035864e-07,1.07366e-06
-0.296568,0.1838,1.398498e-06,129.5704,-8.908566e-07,1.078058e-06
-0.296568,0.1837,2.970714e-07,62.47928,1.372341e-07,2.634152e-07
-0.296568,0.1836,1.57825e-06,106.5053,-4.483591e-07,1.513089e-06
-0.296568,0.1835,1.393441e-06,121.3024,-7.239058e-07,1.190509e-06
-0.296568,0.1834,1.13378e-06,113.1349,-4.45431e-07,1.042479e-06
-0.296568,0.1833,1.030225e-06,123.2683,-5.650799e-07,8.61274e-07
-0.296568,0.1832,1.775633e-06,125.4459,-1.029694e-06,1.44647e-06
-0.296568,0.1831,1.288332e-06,106.7483,-3.712121e-07,1.233682e-06
-0.296568,0.183,1.02837e-06,116.6693,-4.615522e-07,9.189639e-07
-0.296568,0.1829,1.373553e-06,110.3584,-4.778075e-07,1.287644e-06
-0.296568,0.1828,1.837955e-06,105.0393,-4.768744e-07,1.774907e-06
-0.296568,0.1827,1.485932e-06,114.7346,-6.217081e-07,1.349469e-06
-0.296568,0.1826,1.966087e-06,122.5409,-1.057544e-06,1.657392e-06
-0.296568,0.1825,1.591823e-06,109.7351,-5.374979e-07,1.498298e-06
-0.296568,0.1824,1.646719e-06,144.3179,-1.337483e-06,9.60404e-07
-0.296568,0.1823,1.233799e-06,33.82961,1.024894e-06,6.868578e-07
-0.296568,0.1822,1.600988e-06,140.1122,-1.228356e-06,1.026626e-06
-0.296568,0.1821,1.700347e-06,122.8242,-9.216349e-07,1.428745e-06
-0.296568,0.182,1.790788e-06,113.8114,-7.229726e-07,1.638203e-06
-0.296568,0.1819,1.554228e-06,149.6896,-1.341747e-06,7.843896e-07
-0.296568,0.1818,6.108954e-07,142.0976,-4.81937e-07,3.752075e-07
-0.296568,0.1817,1.181261e-06,156.1238,-1.080058e-06,4.780702e-07
-0.296568,0.1816,1.953039e-06,146.4553,-1.627681e-06,1.079119e-06
-0.296568,0.1815,1.993725e-06,115.2732,-8.511487e-07,1.802891e-06
-0.296568,0.1814,1.008214e-06,106.9528,-2.939365e-07,9.642653e-07
-0.296568,0.1813,7.527004e-07,149.3871,-6.47692e-07,3.831982e-07
-0.296568,0.1812,1.501629e-06,114.9803,-6.341021e-07,1.361059e-06
-0.296568,0.1811,7.667262e-07,57.77343,4.087854e-07,6.484854e-07
-0.296568,0.181,5.16219e-07,93.52462,-3.171153e-08,5.152411e-07
-0.296568,0.1809,1.260956e-06,143.3948,-1.012237e-06,7.51879e-07
-0.296568,0.1808,1.535313e-06,145.853,-1.270595e-06,8.618049e-07
-0.296568,0.1807,6.820969e-07,138.46,-5.104523e-07,4.522204e-07
-0.296568,0.1806,1.745067e-06,132.7044,-1.183457e-06,1.282313e-06
-0.296568,0.1805,8.064452e-07,178.0594,-8.059814e-07,2.731382e-08
-0.296568,0.1804,2.156054e-06,139.9085,-1.649402e-06,1.388506e-06
-0.296568,0.1803,1.474125e-06,146.1861,-1.224758e-06,8.203648e-07
-0.296568,0.1802,2.391468e-07,139.5684,-1.820102e-07,1.550931e-07
-0.296568,0.1801,4.617981e-07,88.13634,1.505389e-08,4.615467e-07
-0.296568,0.18,8.711926e-07,110.4572,-3.044586e-07,8.161012e-07
-0.296568,0.1799,9.381808e-07,105.5629,-2.516973e-07,9.036418e-07
-0.296568,0.1798,7.3421e-07,169.3203,-7.213745e-07,1.360382e-07
-0.296568,0.1797,1.537665e-06,146.9309,-1.288583e-06,8.390173e-07
-0.296568,0.1796,1.483524e-06,167.1251,-1.446207e-06,3.30571e-07
-0.296568,0.1795,1.712316e-06,179.6609,-1.71216e-06,1.012533e-08
-0.296568,0.1794,1.522796e-06,171.6378,-1.506568e-06,2.214442e-07
-0.296568,0.1793,8.771941e-07,-174.2376,-8.727349e-07,-8.807703e-08
-0.296568,0.1792,1.255357e-06,-174.054,-1.248478e-06,-1.30048e-07
-0.296568,0.1791,1.873467e-06,-176.832,-1.870583e-06,-1.035332e-07
-0.296568,0.179,2.017971e-06,-176.3774,-2.013819e-06,-1.275166e-07
-0.296568,0.1789,1.641953e-06,-133.9081,-1.138687e-06,-1.182921e-06
-0.296568,0.1788,2.72005e-06,-142.7999,-2.166515e-06,-1.644473e-06
-0.296568,0.1787,1.18287e-06,-134.5848,-8.30233e-07,-8.423589e-07
-0.296568,0.1786,1.825528e-06,-160.2036,-1.717619e-06,-6.182435e-07
-0.296568,0.1785,2.179998e-06,-152.1693,-1.927742e-06,-1.017702e-06
-0.296568,0.1784,1.658426e-06,-135.3347,-1.179456e-06,-1.165732e-06
-0.296568,0.1783,2.6482e-06,-148.4138,-2.255916e-06,-1.387048e-06
-0.296568,0.1782,2.307107e-06,-143.7568,-1.860721e-06,-1.363998e-06
-0.296568,0.1781,1.605072e-06,-156.6771,-1.473924e-06,-6.35432e-07
-0.296568,0.178,2.914365e-06,-147.1827,-2.449253e-06,-1.579452e-06
-0.296568,0.1779,2.978933e-06,-152.6996,-2.646982e-06,-1.366261e-06
-0.296568,0.1778,2.048799e-06,-144.3765,-1.665389e-06,-1.193314e-06
-0.296568,0.1777,3.139089e-06,-142.4952,-2.490157e-06,-1.91109e-06
-0.296568,0.1776,2.770163e-06,-144.1265,-2.244723e-06,-1.623284e-06
-0.296568,0.1775,2.858279e-06,-130.0433,-1.838872e-06,-2.188095e-06
-0.296568,0.1774,3.317171e-06,-140.433,-2.557178e-06,-2.112949e-06
-0.296568,0.1773,3.334611e-06,-127.1121,-2.011952e-06,-2.659108e-06
-0.296568,0.1772,3.82498e-06,-142.5818,-3.037914e-06,-2.324139e-06
-0.296568,0.1771,3.691921e-06,-128.2573,-2.285895e-06,-2.898942e-06
-0.296568,0.177,4.189107e-06,-125.1408,-2.411143e-06,-3.42551e-06
-0.296568,0.1769,5.553497e-06,-131.6299,-3.689199e-06,-4.15088e-06
-0.296568,0.1768,5.238605e-06,-127.9804,-3.223786e-06,-4.12916e-06
-0.296568,0.1767,4.526657e-06,-126.8236,-2.713071e-06,-3.623507e-06
-0.296568,0.1766,5.251659e-06,-126.049,-3.090541e-06,-4.246015e-06
-0.296568,0.1765,5.525652e-06,-121.328,-2.872958e-06,-4.719955e-06
-0.296568,0.1764,6.618971e-06,-128.169,-4.090391e-06,-5.203759e-06
-0.296568,0.1763,5.703521e-06,-133.1332,-3.899451e-06,-4.162207e-06
-0.296568,0.1762,6.342301e-06,-131.572,-4.208441e-06,-4.744738e-06
-0.296568,0.1761,6.340149e-06,-130.2852,-4.099449e-06,-4.836408e-06
-0.296568,0.176,4.701878e-06,-139.3278,-3.56608e-06,-3.064295e-06
-0.296568,0.1759,5.467375e-06,-126.7257,-3.269355e-06,-4.382053e-06
-0.296568,0.1758,5.121454e-06,-130.6395,-3.335572e-06,-3.886263e-06
-0.296568,0.1757,4.886409e-06,-128.1943,-3.021391e-06,-3.840291e-06
-0.296568,0.1756,4.698302e-06,-132.6495,-3.183145e-06,-3.455623e-06
-0.296568,0.1755,4.113664e-06,-128.1839,-2.542918e-06,-3.23338e-06
-0.296568,0.1754,4.324905e-06,-128.4706,-2.690551e-06,-3.38607e-06
-0.296568,0.1753,5.549468e-06,-132.3617,-3.739295e-06,-4.100516e-06
-0.296568,0.1752,3.067418e-06,-121.8711,-1.619556e-06,-2.604877e-06
-0.296568,0.1751,5.070358e-06,-127.5716,-3.091609e-06,-4.018703e-06
-0.296568,0.175,5.162961e-06,-135.1721,-3.661751e-06,-3.639763e-06
-0.296568,0.1749,3.876602e-06,-129.3584,-2.458311e-06,-2.997273e-06
-0.296568,0.1748,3.86314e-06,-126.2903,-2.286432e-06,-3.113726e-06
-0.296568,0.1747,3.682957e-06,-134.9257,-2.600748e-06,-2.607543e-06
-0.296568,0.1746,4.182061e-06,-128.9917,-2.631392e-06,-3.250434e-06
-0.296568,0.1745,2.910034e-06,-139.8526,-2.224339e-06,-1.876177e-06
-0.296568,0.1744,2.633878e-06,-138.9827,-1.987304e-06,-1.728549e-06
-0.296568,0.1743,2.725671e-06,-142.9752,-2.176104e-06,-1.641271e-06
-0.296568,0.1742,2.663824e-06,-143.0451,-2.128673e-06,-1.601435e-06
-0.296568,0.1741,2.423616e-06,-141.0874,-1.885771e-06,-1.522287e-06
-0.296568,0.174,1.589493e-06,-165.111,-1.536011e-06,-4.083886e-07
-0.296568,0.1739,1.532569e-06,-142.5538,-1.216633e-06,-9.317602e-07
-0.296568,0.1738,7.984936e-07,-133.179,-5.464274e-07,-5.822684e-07
-0.296568,0.1737,1.605464e-06,179.2491,-1.605296e-06,2.104975e-08
-0.296568,0.1736,1.39614e-06,117.0006,-6.338339e-07,1.243941e-06
-0.296568,0.1735,1.140346e-06,-176.0312,-1.137619e-06,-7.887929e-08
-0.296568,0.1734,1.122599e-06,174.1134,-1.11657e-06,1.15117e-07
-0.296568,0.1733,1.568326e-06,166.4792,-1.524819e-06,3.666803e-07
-0.296568,0.1732,1.053314e-06,179.646,-1.053275e-06,6.526708e-09
-0.296568,0.1731,1.64197e-06,164.7937,-1.58438e-06,4.306342e-07
-0.296568,0.173,1.482758e-06,141.1464,-1.154674e-06,9.301565e-07
-0.296568,0.1729,7.022023e-07,130.7287,-4.580877e-07,5.320329e-07
-0.296568,0.1728,1.532899e-06,83.91589,1.624189e-07,1.524148e-06
-0.296568,0.1727,1.555161e-06,82.54694,2.017244e-07,1.542001e-06
-0.296568,0.1726,1.322256e-06,81.28376,2.003945e-07,1.306962e-06
-0.296568,0.1725,1.201199e-06,102.8835,-2.678185e-07,1.170923e-06
-0.296568,0.1724,8.909124e-07,67.33018,3.433618e-07,8.219629e-07
-0.296568,0.1723,2.00955e-06,107.0551,-5.893316e-07,1.921076e-06
-0.296568,0.1722,8.691865e-07,103.2507,-1.991987e-07,8.459463e-07
-0.296568,0.1721,2.081114e-06,101.4411,-4.127863e-07,2.039663e-06
-0.296568,0.172,1.437468e-06,112.3664,-5.469582e-07,1.329218e-06
-0.296568,0.1719,1.327911e-06,96.6435,-1.536291e-07,1.318953e-06
-0.296568,0.1718,2.049665e-06,84.72371,1.885369e-07,2.040993e-06
-0.296568,0.1717,1.61265e-06,92.58579,-7.275491e-08,1.61089e-06
-0.296568,0.1716,1.410417e-06,101.7138,-2.863369e-07,1.380912e-06
-0.296568,0.1715,8.92667e-07,115.1403,-3.792084e-07,8.081104e-07
-0.296568,0.1714,1.786161e-06,105.9432,-4.905983e-07,1.717351e-06
-0.296568,0.1713,2.094816e-06,116.615,-9.384267e-07,1.872841e-06
-0.296568,0.1712,1.55092e-06,119.6493,-7.672067e-07,1.347871e-06
-0.296568,0.1711,1.291237e-06,95.56653,-1.252479e-07,1.285113e-06
-0.296568,0.171,1.153048e-06,106.0813,-3.19384e-07,1.107903e-06
-0.296568,0.1709,8.459351e-07,127.1436,-5.107205e-07,6.742011e-07
-0.296568,0.1708,1.825394e-06,104.5261,-4.578195e-07,1.76705e-06
-0.296568,0.1707,1.443324e-06,62.7267,6.614103e-07,1.28285e-06
-0.296568,0.1706,1.70185e-06,108.9999,-5.546864e-07,1.607956e-06
-0.296568,0.1705,1.91727e-06,138.9075,-1.444878e-06,1.260062e-06
-0.296568,0.1704,1.307861e-06,73.81899,3.644116e-07,1.255933e-06
-0.296568,0.1703,1.629078e-06,141.0152,-1.266198e-06,1.02476e-06
-0.296568,0.1702,1.143492e-06,84.45794,1.104567e-07,1.138145e-06
-0.296568,0.1701,6.496366e-07,100.4104,-1.173913e-07,6.38891e-07
-0.296568,0.17,1.34962e-06,108.4876,-4.279743e-07,1.279916e-06
-0.296568,0.1699,1.053186e-06,108.9676,-3.423001e-07,9.959768e-07
-0.296568,0.1698,1.458635e-06,111.7187,-5.397666e-07,1.355063e-06
-0.296568,0.1697,1.270266e-06,97.55271,-1.669563e-07,1.259129e-06
-0.296568,0.1696,1.184172e-06,70.27878,3.995876e-07,1.114698e-06
-0.296568,0.1695,1.224288e-06,62.3193,5.68673e-07,1.084053e-06
-0.296568,0.1694,2.059092e-06,95.07084,-1.820102e-07,2.050984e-06
-0.296568,0.1693,5.559381e-07,97.86745,-7.608532e-08,5.506854e-07
-0.296568,0.1692,1.058148e-06,112.0421,-3.970619e-07,9.806547e-07
-0.296568,0.1691,1.509865e-06,106.737,-4.347693e-07,1.4458e-06
-0.296568,0.169,1.594377e-06,116.323,-7.069855e-07,1.429013e-06
-0.296568,0.1689,8.045788e-07,138.4443,-6.019882e-07,5.33631e-07
-0.296568,0.1688,1.200098e-06,80.61321,1.957286e-07,1.183982e-06
-0.296568,0.1687,1.346156e-06,79.49953,2.452936e-07,1.323485e-06
-0.296568,0.1686,1.791665e-06,54.33632,1.04448e-06,1.455528e-06
-0.296568,0.1685,1.505563e-06,96.03601,-1.58295e-07,1.497102e-06
-0.296568,0.1684,2.260236e-06,102.9618,-5.069877e-07,2.202613e-06
-0.296568,0.1683,1.468755e-06,80.40077,2.448968e-07,1.448068e-06
-0.296568,0.1682,1.444917e-06,92.86018,-7.208436e-08,1.443006e-06
-0.296568,0.1681,1.821141e-06,87.14331,9.073689e-08,1.818744e-06
-0.296568,0.168,1.978011e-06,113.4234,-7.862616e-07,1.814883e-06
-0.296568,0.1679,2.207776e-06,90.76834,-2.958253e-08,2.207547e-06
-0.296568,0.1678,8.073002e-07,92.02451,-2.851523e-08,8.066408e-07
-0.296568,0.1677,1.7862e-06,100.4086,-3.227144e-07,1.756656e-06
-0.296568,0.1676,1.287164e-06,118.9517,-6.230436e-07,1.126153e-06
-0.296568,0.1675,1.391418e-06,74.62942,3.688093e-07,1.341607e-06
-0.296568,0.1674,1.504685e-06,102.2191,-3.184508e-07,1.470588e-06
-0.296568,0.1673,1.645093e-06,74.04279,4.522204e-07,1.581575e-06
-0.296568,0.1672,1.707823e-06,94.77447,-1.421738e-07,1.701761e-06
-0.296568,0.1671,1.688349e-06,93.47916,-1.024659e-07,1.685103e-06
-0.296568,0.167,1.316506e-06,103.7061,-3.119241e-07,1.278983e-06
-0.296568,0.1669,6.977431e-07,87.86532,2.597831e-08,6.971172e-07
-0.296568,0.1668,1.29896e-06,114.1751,-5.319043e-07,1.184916e-06
-0.296568,0.1667,1.311343e-06,91.57341,-3.598071e-08,1.310829e-06
-0.296568,0.1666,1.541744e-06,110.8121,-5.477573e-07,1.441139e-06
-0.296568,0.1665,2.123432e-06,92.85231,-1.056622e-07,2.120671e-06
-0.296568,0.1664,9.436067e-07,65.70767,3.881324e-07,8.599385e-07
-0.296568,0.1663,1.16847e-06,120.8775,-5.99591e-07,1.002771e-06
-0.296568,0.1662,1.243108e-06,123.5664,-6.872657e-07,1.035684e-06
-0.296568,0.1661,1.355845e-06,98.17419,-1.928061e-07,1.342009e-06
-0.296568,0.166,1.093855e-06,90.66343,-1.266226e-08,1.093642e-06
-0.296568,0.1659,1.293919e-06,105.7753,-3.517605e-07,1.245142e-06
-0.296568,0.1658,1.583738e-06,125.0385,-9.092465e-07,1.296702e-06
-0.296568,0.1657,8.369218e-07,83.76739,9.086541e-08,8.319597e-07
-0.296568,0.1656,1.983756e-06,92.63824,-9.127333e-08,1.981565e-06
-0.296568,0.1655,1.489492e-06,77.6025,3.197751e-07,1.454729e-06
-0.296568,0.1654,1.072201e-06,84.89593,9.539723e-08,1.067927e-06
-0.296568,0.1653,9.339954e-07,111.9424,-3.489609e-07,8.662026e-07
-0.296568,0.1652,5.84403e-07,131.4035,-3.864057e-07,4.382282e-07
-0.296568,0.1651,7.48258e-07,144.7454,-6.109178e-07,4.318356e-07
-0.296568,0.165,7.685814e-07,122.6074,-4.141163e-07,6.47284e-07
-0.296568,0.1649,9.638518e-07,120.8382,-4.940629e-07,8.27562e-07
-0.296568,0.1648,8.387379e-07,96.83409,-9.980052e-08,8.326247e-07
-0.296568,0.1647,1.354364e-06,103.6868,-3.204513e-07,1.315891e-06
-0.296568,0.1646,1.004777e-06,82.3039,1.345686e-07,9.957142e-07
-0.296568,0.1645,1.611739e-06,116.6203,-7.221736e-07,1.440871e-06
-0.296568,0.1644,9.519327e-07,97.57719,-1.255162e-07,9.436123e-07
-0.296568,0.1643,9.469762e-07,60.95209,4.598144e-07,8.278302e-07
-0.296568,0.1642,1.427281e-06,116.4787,-6.363652e-07,1.277519e-06
-0.296568,0.1641,8.893087e-07,72.48762,2.675447e-07,8.479468e-07
-0.296568,0.164,2.168616e-06,95.49616,-2.077259e-07,2.158513e-06
-0.296568,0.1639,1.32491e-06,99.48294,-2.182535e-07,1.306699e-06
-0.296568,0.1638,1.313237e-06,112.4014,-5.00461e-07,1.214096e-06
-0.296568,0.1637,1.700162e-06,97.92428,-2.343747e-07,1.683907e-06
-0.296568,0.1636,1.93105e-06,121.2439,-1.001581e-06,1.650994e-06
-0.296568,0.1635,1.599367e-06,85.0157,1.389663e-07,1.593299e-06
-0.296568,0.1634,1.589935e-06,122.471,-8.535515e-07,1.34121e-06
-0.296568,0.1633,1.643646e-06,73.74818,4.599485e-07,1.577842e-06
-0.296568,0.1632,1.769235e-06,94.63022,-1.428388e-07,1.763317e-06
-0.296568,0.1631,1.417988e-06,91.12579,-2.785027e-08,1.417687e-06
-0.296568,0.163,1.472404e-06,65.06773,6.206352e-07,1.33508e-06
-0.296568,0.1629,1.080164e-06,116.9289,-4.891343e-07,9.629353e-07
-0.296568,0.1628,8.625257e-07,88.86022,1.71829e-08,8.623357e-07
-0.296568,0.1627,1.05494e-06,87.05238,5.422532e-08,1.053404e-06
-0.296568,0.1626,1.575054e-06,81.01712,2.459585e-07,1.555725e-06
-0.296568,0.1625,1.1257e-06,102.4403,-2.425052e-07,1.099241e-06
-0.296568,0.1624,1.534424e-06,89.33307,1.785345e-08,1.534273e-06
-0.296568,0.1623,1.059148e-06,73.78664,2.956632e-07,1.016898e-06
-0.296568,0.1622,1.697704e-06,83.70532,1.861341e-07,1.687372e-06
-0.296568,0.1621,1.263801e-06,109.6215,-4.243757e-07,1.190381e-06
-0.296568,0.162,1.421436e-06,87.91953,5.155988e-08,1.420352e-06
-0.296568,0.1619,1.896232e-06,85.90974,1.352392e-07,1.891365e-06
-0.296568,0.1618,1.819325e-06,92.62863,-8.341111e-08,1.817414e-06
-0.296568,0.1617,1.346044e-06,123.8978,-7.506888e-07,1.117229e-06
-0.296568,0.1616,1.927597e-06,101.5879,-3.872048e-07,1.888163e-06
-0.296568,0.1615,8.806865e-07,109.5183,-2.941992e-07,8.299592e-07
-0.296568,0.1614,1.568868e-07,107.6662,-4.757009e-08,1.49494e-07
-0.296568,0.1613,6.114095e-07,104.2192,-1.501645e-07,5.925223e-07
-0.296568,0.1612,1.586124e-06,115.7539,-6.891265e-07,1.428483e-06
-0.296568,0.1611,6.079003e-07,74.95364,1.57753e-07,5.869287e-07
-0.296568,0.161,4.274491e-07,132.7044,-2.898015e-07,3.140475e-07
-0.296568,0.1609,1.927843e-06,110.7422,-6.827339e-07,1.802757e-06
-0.296568,0.1608,2.264516e-06,92.37771,-9.393878e-08,2.262443e-06
-0.296568,0.1607,1.430461e-06,92.88379,-7.195584e-08,1.428617e-06
-0.296568,0.1606,1.129908e-06,69.83129,3.895964e-07,1.060601e-06
-0.296568,0.1605,1.094235e-06,76.44949,2.563521e-07,1.063663e-06
-0.296568,0.1604,1.07124e-06,112.7887,-4.149153e-07,9.875837e-07
-0.296568,0.1603,1.555329e-06,98.03693,-2.174545e-07,1.540007e-06
-0.296568,0.1602,2.019731e-06,91.52095,-5.356594e-08,2.01901e-06
-0.296568,0.1601,1.954447e-06,127.2573,-1.183189e-06,1.555591e-06
-0.296568,0.16,9.142812e-07,99.01347,-1.432355e-07,9.028427e-07
-0.296568,0.1599,1.920903e-06,72.78574,5.684047e-07,1.834737e-06
-0.296568,0.1598,1.230938e-06,68.79618,4.451572e-07,1.147476e-06
-0.296568,0.1597,1.052571e-06,122.1985,-5.608163e-07,8.905827e-07
-0.296568,0.1596,1.889219e-06,93.89879,-1.284498e-07,1.884698e-06
-0.296568,0.1595,1.225417e-06,98.8561,-1.88671e-07,1.210631e-06
-0.296568,0.1594,1.542136e-06,102.9771,-3.462955e-07,1.502696e-06
-0.296568,0.1593,1.526394e-06,87.40196,6.91507e-08,1.524679e-06
-0.296568,0.1592,1.408321e-06,99.75034,-2.385042e-07,1.387841e-06
-0.296568,0.1591,9.589064e-07,80.84314,1.525562e-07,9.465459e-07
-0.296568,0.159,2.01901e-06,122.9649,-1.098582e-06,1.693898e-06
-0.296568,0.1589,1.004034e-06,78.87969,1.935996e-07,9.850524e-07
-0.296568,0.1588,1.094112e-06,116.949,-4.957951e-07,9.751953e-07
-0.296568,0.1587,1.60809e-06,91.92834,-5.40968e-08,1.607157e-06
-0.296568,0.1586,2.07147e-06,54.90807,1.190777e-06,1.694831e-06
-0.296568,0.1585,1.236079e-06,47.12245,8.410178e-07,9.057763e-07
-0.296568,0.1584,1.386377e-06,103.4893,-3.233794e-07,1.348005e-06
-0.296568,0.1583,1.839347e-06,91.90037,-6.102584e-08,1.838201e-06
-0.296568,0.1582,1.889208e-06,104.7595,-4.812721e-07,1.826874e-06
-0.296568,0.1581,1.697804e-06,101.5529,-3.40037e-07,1.663254e-06
-0.296568,0.158,1.609297e-06,79.19967,3.015249e-07,1.580642e-06
-0.296568,0.1579,1.268947e-06,102.6038,-2.768766e-07,1.238347e-06
-0.296568,0.1578,1.695312e-06,103.3188,-3.905352e-07,1.649664e-06
-0.296568,0.1577,1.624194e-06,87.82336,6.16908e-08,1.622881e-06
-0.296568,0.1576,1.532753e-06,115.6805,-6.642099e-07,1.381315e-06
-0.296568,0.1575,1.710657e-06,86.75863,9.673275e-08,1.707891e-06
-0.296568,0.1574,1.641176e-06,87.69659,6.59544e-08,1.639802e-06
-0.296568,0.1573,1.855099e-06,77.53957,4.002526e-07,1.811284e-06
-0.296568,0.1572,1.70679e-06,91.16775,-3.477931e-08,1.706421e-06
-0.296568,0.1571,8.541606e-07,80.10189,1.468285e-07,8.414201e-07
-0.296568,0.157,1.680985e-06,86.62837,9.886175e-08,1.67804e-06
-0.296568,0.1569,3.849081e-07,139.2292,-2.913996e-07,2.512894e-07
-0.296568,0.1568,2.377398e-06,110.7693,-8.430238e-07,2.222869e-06
-0.296568,0.1567,1.334482e-06,81.7104,1.923982e-07,1.320423e-06
-0.296568,0.1566,1.844214e-06,125.814,-1.079125e-06,1.495499e-06
-0.296568,0.1565,1.755869e-06,107.8629,-5.385652e-07,1.671116e-06
-0.296568,0.1564,9.814761e-07,73.76042,2.744738e-07,9.422823e-07
-0.296568,0.1563,1.653838e-06,115.4768,-7.113777e-07,1.492967e-06
-0.296568,0.1562,2.345055e-06,99.70938,-3.954637e-07,2.311343e-06
-0.296568,0.1561,1.564661e-06,96.03164,-1.64425e-07,1.55586e-06
-0.296568,0.156,9.981617e-07,86.43342,6.208755e-08,9.961109e-07
-0.296568,0.1559,1.232743e-06,74.32692,3.329683e-07,1.186782e-06
-0.296568,0.1558,1.523304e-06,81.26103,2.314355e-07,1.505495e-06
-0.296568,0.1557,1.96398e-06,55.8539,1.102304e-06,1.625278e-06
-0.296568,0.1556,1.454578e-06,75.29111,3.693457e-07,1.406896e-06
-0.296568,0.1555,5.333404e-07,130.6238,-3.472287e-07,4.047844e-07
-0.296568,0.1554,1.305151e-06,82.79873,1.636203e-07,1.294841e-06
-0.296568,0.1553,3.163274e-07,144.8468,-2.586264e-07,1.821387e-07
-0.296568,0.1552,1.602988e-06,117.1204,-7.307007e-07,1.42675e-06
-0.296568,0.1551,1.415541e-06,75.66005,3.505535e-07,1.371318e-06
-0.296568,0.155,1.820951e-06,86.77,1.025944e-07,1.817945e-06
-0.296568,0.1549,1.700442e-06,120.8819,-8.727349e-07,1.459261e-06
-0.296568,0.1548,1.295138e-06,92.24045,-5.063228e-08,1.294042e-06
-0.296568,0.1547,2.154339e-06,92.64118,-9.926967e-08,2.15198e-06
-0.296568,0.1546,1.083098e-06,85.00346,9.432993e-08,1.078857e-06
-0.296568,0.1545,1.904916e-06,80.10364,3.273747e-07,1.876439e-06
-0.296568,0.1544,8.397661e-07,94.14183,-6.062909e-08,8.375532e-07
-0.296568,0.1543,1.901809e-06,110.1083,-6.538219e-07,1.785837e-06
-0.296568,0.1542,1.89693e-06,110.618,-6.679426e-07,1.775309e-06
-0.296568,0.1541,1.798007e-06,124.4493,-1.017037e-06,1.482579e-06
-0.296568,0.154,1.065362e-06,82.17975,1.449622e-07,1.055404e-06
-0.296568,0.1539,2.396782e-06,66.59886,9.518768e-07,2.199551e-06
-0.296568,0.1538,1.848349e-06,82.21122,2.504903e-07,1.831272e-06
-0.296568,0.1537,1.814916e-06,74.38987,4.883296e-07,1.747861e-06
-0.296568,0.1536,2.543466e-06,111.0005,-9.115096e-07,2.374498e-06
-0.296568,0.1535,9.729769e-07,71.80571,3.037881e-07,9.242948e-07
-0.296568,0.1534,6.823036e-07,73.83036,1.900009e-07,6.552804e-07
-0.296568,0.1533,1.306274e-06,123.3138,-7.173735e-07,1.091513e-06
-0.296568,0.1532,1.262739e-06,90.18695,-4.135072e-09,1.262594e-06
-0.296568,0.1531,1.621708e-06,101.1377,-3.13254e-07,1.591036e-06
-0.296568,0.153,1.285856e-06,99.47158,-2.115927e-07,1.268193e-06
-0.296568,0.1529,1.304559e-06,94.25374,-9.673833e-08,1.300966e-06
-0.296568,0.1528,1.962628e-06,87.5331,8.447282e-08,1.960784e-06
-0.296568,0.1527,1.235056e-06,75.47121,3.097839e-07,1.195443e-06
-0.296568,0.1526,1.91494e-06,75.73523,4.718061e-07,1.855786e-06
-0.296568,0.1525,1.970808e-06,61.72306,9.33621e-07,1.735601e-06
-0.296568,0.1524,1.305425e-06,93.71082,-8.44784e-08,1.30257e-06
-0.296568,0.1523,1.697089e-06,61.61728,8.066408e-07,1.492967e-06
-0.296568,0.1522,2.024168e-06,97.04478,-2.482328e-07,2.008879e-06
-0.296568,0.1521,1.47332e-06,83.40457,1.692138e-07,1.463524e-06
-0.296568,0.152,8.332561e-07,129.0948,-5.253721e-07,6.466191e-07
-0.296568,0.1519,9.517651e-07,114.8885,-4.005264e-07,8.63403e-07
-0.296568,0.1518,1.173002e-06,85.0734,1.007281e-07,1.168526e-06
-0.296568,0.1517,2.351207e-06,90.29536,-1.212581e-08,2.351045e-06
-0.296568,0.1516,2.292204e-06,104.7338,-5.829334e-07,2.216739e-06
-0.296568,0.1515,2.017004e-06,89.36017,2.251379e-08,2.016741e-06
-0.296568,0.1514,1.803539e-06,86.07322,1.235101e-07,1.799292e-06
-0.296568,0.1513,1.847466e-06,89.08752,2.944283e-08,1.847125e-06
-0.296568,0.1512,2.101359e-06,60.2894,1.041412e-06,1.825008e-06
-0.296568,0.1511,8.883085e-07,93.28507,-5.09005e-08,8.867215e-07
-0.296568,0.151,1.931592e-06,92.20636,-7.435306e-08,1.929072e-06
-0.296568,0.1509,1.788619e-06,115.4724,-7.692072e-07,1.614617e-06
-0.296568,0.1508,1.081192e-06,97.3359,-1.380387e-07,1.07219e-06
-0.296568,0.1507,2.03355e-06,99.90421,-3.4976e-07,2.003151e-06
-0.296568,0.1506,8.98987e-07,109.5708,-3.011282e-07,8.470136e-07
-0.296568,0.1505,1.810144e-06,65.3947,7.536113e-07,1.645663e-06
-0.296568,0.1504,1.307509e-06,59.43876,6.647408e-07,1.125756e-06
-0.296568,0.1503,1.375442e-06,119.2017,-6.710104e-07,1.200506e-06
-0.296568,0.1502,9.262785e-07,126.1837,-5.468241e-07,7.476154e-07
-0.296568,0.1501,1.765754e-06,91.76835,-5.449913e-08,1.764781e-06
-0.296568,0.15,1.842543e-06,95.62424,-1.805461e-07,1.833535e-06
-0.296854,0.2,1.897679e-06,86.03476,1.312382e-07,1.893097e-06
-0.296854,0.1999,1.035355e-06,82.90539,1.279078e-07,1.027425e-06
-0.296854,0.1998,1.448621e-06,102.602,-3.160536e-07,1.413691e-06
-0.296854,0.1997,1.802427e-06,87.26221,8.607096e-08,1.800226e-06
-0.296854,0.1996,1.038081e-06,113.9548,-4.214476e-07,9.485464e-07
-0.296854,0.1995,1.42732e-06,95.65746,-1.407042e-07,1.420218e-06
-0.296854,0.1994,1.519108e-06,108.1488,-4.731416e-07,1.443536e-06
-0.296854,0.1993,1.771112e-06,102.699,-3.893338e-07,1.727739e-06
-0.296854,0.1992,1.111753e-06,109.1415,-3.645513e-07,1.050207e-06
-0.296854,0.1991,1.07894e-06,75.61721,2.672821e-07,1.042345e-06
-0.296854,0.199,7.857363e-07,121.4414,-4.098527e-07,6.703343e-07
-0.296854,0.1989,1.825746e-06,73.29181,5.248356e-07,1.748526e-06
-0.296854,0.1988,1.214263e-06,104.6975,-3.080572e-07,1.174522e-06
-0.296854,0.1987,1.766648e-06,107.932,-5.438961e-07,1.680705e-06
-0.296854,0.1986,1.230424e-06,169.0361,-1.207837e-06,2.339668e-07
-0.296854,0.1985,3.685466e-07,86.62225,2.171471e-08,3.678761e-07
-0.296854,0.1984,1.846985e-06,141.8283,-1.451935e-06,1.141346e-06
-0.296854,0.1983,2.580273e-06,120.735,-1.318696e-06,2.217806e-06
-0.296854,0.1982,9.948983e-07,126.7747,-5.955956e-07,7.969178e-07
-0.296854,0.1981,1.286739e-06,62.5536,5.930531e-07,1.141877e-06
-0.296854,0.198,1.172125e-06,96.44854,-1.316461e-07,1.164665e-06
-0.296854,0.1979,1.70855e-06,118.5741,-8.17174e-07,1.500433e-06
-0.296854,0.1978,7.474869e-07,74.20103,2.034567e-07,7.191002e-07
-0.296854,0.1977,1.40655e-06,126.1312,-8.292999e-07,1.135881e-06
-0.296854,0.1976,1.172119e-06,97.16979,-1.463033e-07,1.162799e-06
-0.296854,0.1975,1.496521e-06,122.2746,-7.990524e-07,1.265259e-06
-0.296854,0.1974,1.431874e-06,127.9356,-8.801948e-07,1.129221e-06
-0.296854,0.1973,1.62263e-06,83.18514,1.925323e-07,1.611158e-06
-0.296854,0.1972,1.630928e-06,101.9909,-3.388356e-07,1.595299e-06
-0.296854,0.1971,2.116603e-06,94.08763,-1.508351e-07,2.111211e-06
-0.296854,0.197,1.251915e-06,105.4326,-3.33108e-07,1.206764e-06
-0.296854,0.1969,2.114687e-06,111.6339,-7.796008e-07,1.965712e-06
-0.296854,0.1968,1.027867e-06,93.24835,-5.823187e-08,1.02609e-06
-0.296854,0.1967,1.829959e-06,103.7961,-4.363674e-07,1.777041e-06
-0.296854,0.1966,1.254994e-06,98.98462,-1.960024e-07,1.239543e-06
-0.296854,0.1965,1.116693e-06,107.7519,-3.404337e-07,1.063534e-06
-0.296854,0.1964,9.941551e-07,59.89949,4.985891e-07,8.600726e-07
-0.296854,0.1963,1.321652e-06,96.19238,-1.425705e-07,1.313891e-06
-0.296854,0.1962,1.228943e-06,105.9161,-3.369692e-07,1.181719e-06
-0.296854,0.1961,1.580508e-06,94.97118,-1.36977e-07,1.574512e-06
-0.296854,0.196,1.615041e-06,73.23411,4.658102e-07,1.546265e-06
-0.296854,0.1959,1.285934e-06,65.46727,5.338992e-07,1.169728e-06
-0.296854,0.1958,2.362322e-06,85.22814,1.965276e-07,2.354113e-06
-0.296854,0.1957,2.154171e-06,58.79849,1.115893e-06,1.842465e-06
-0.296854,0.1956,1.338008e-06,87.60829,5.582347e-08,1.336812e-06
-0.296854,0.1955,2.157283e-06,63.00896,9.790565e-07,1.922277e-06
-0.296854,0.1954,1.897942e-06,98.62444,-2.846047e-07,1.876439e-06
-0.296854,0.1953,1.582525e-06,116.0293,-6.944574e-07,1.42195e-06
-0.296854,0.1952,1.651234e-06,109.7177,-5.570836e-07,1.554396e-06
-0.296854,0.1951,1.733215e-06,90.07417,-2.268701e-09,1.73307e-06
-0.296854,0.195,2.134775e-06,82.02513,2.961941e-07,2.11401e-06
-0.296854,0.1949,1.286979e-06,89.69239,6.923452e-09,1.286845e-06
-0.296854,0.1948,2.261985e-06,87.04233,1.167152e-07,2.258844e-06
-0.296854,0.1947,1.526825e-06,95.86028,-1.558978e-07,1.518817e-06
-0.296854,0.1946,2.102365e-06,76.61298,4.867315e-07,2.045122e-06
-0.296854,0.1945,1.52901e-06,72.58204,4.576798e-07,1.458859e-06
-0.296854,0.1944,1.015976e-06,89.84189,2.793967e-09,1.01583e-06
-0.296854,0.1943,1.693541e-06,47.82185,1.137083e-06,1.255e-06
-0.296854,0.1942,1.655621e-06,58.09778,8.748639e-07,1.405432e-06
-0.296854,0.1941,1.330152e-06,72.55756,3.986544e-07,1.268858e-06
-0.296854,0.194,2.21195e-06,66.23442,8.913818e-07,2.024335e-06
-0.296854,0.1939,9.989272e-07,114.7976,-4.189163e-07,9.067095e-07
-0.296854,0.1938,1.669205e-06,55.16948,9.533409e-07,1.370122e-06
-0.296854,0.1937,6.253626e-07,164.3251,-6.019882e-07,1.689456e-07
-0.296854,0.1936,5.734618e-07,76.51156,1.337695e-07,5.576144e-07
-0.296854,0.1935,3.104852e-06,92.86543,-1.552272e-07,3.100929e-06
-0.296854,0.1934,2.29278e-06,63.18906,1.034086e-06,2.04619e-06
-0.296854,0.1933,1.830535e-06,73.09435,5.322955e-07,1.751326e-06
-0.296854,0.1932,1.640573e-06,60.66009,8.038468e-07,1.430081e-06
-0.296854,0.1931,1.465486e-06,77.15052,3.259051e-07,1.428745e-06
-0.296854,0.193,1.124164e-06,70.12054,3.82265e-07,1.057136e-06
-0.296854,0.1929,1.81652e-06,93.68022,-1.165866e-07,1.812748e-06
-0.296854,0.1928,2.269802e-06,80.97253,3.561526e-07,2.241656e-06
-0.296854,0.1927,1.487961e-06,61.946,6.997827e-07,1.313092e-06
-0.296854,0.1926,8.926279e-07,102.317,-1.904033e-07,8.719302e-07
-0.296854,0.1925,8.537303e-07,72.84257,2.518258e-07,8.157044e-07
-0.296854,0.1924,1.146979e-06,103.394,-2.656839e-07,1.115631e-06
-0.296854,0.1923,1.688947e-06,84.76216,1.541599e-07,1.681772e-06
-0.296854,0.1922,1.232597e-06,46.61988,8.464828e-07,8.957795e-07
-0.296854,0.1921,1.147264e-06,85.87739,8.247233e-08,1.144275e-06
-0.296854,0.192,2.123013e-06,82.49536,2.772733e-07,2.104818e-06
-0.296854,0.1919,2.476651e-06,99.5848,-4.12384e-07,2.44205e-06
-0.296854,0.1918,1.591684e-06,96.58055,-1.824125e-07,1.581178e-06
-0.296854,0.1917,1.516325e-06,66.05563,6.153099e-07,1.385712e-06
-0.296854,0.1916,1.718368e-06,104.7438,-4.373006e-07,1.661784e-06
-0.296854,0.1915,1.782299e-06,83.74641,1.941304e-07,1.771576e-06
-0.296854,0.1914,1.102969e-06,137.0463,-8.071828e-07,7.514823e-07
-0.296854,0.1913,8.114241e-07,81.63346,1.180507e-07,8.027795e-07
-0.296854,0.1912,2.019831e-06,72.44565,6.091799e-07,1.925736e-06
-0.296854,0.1911,6.676129e-07,68.78743,2.415664e-07,6.223674e-07
-0.296854,0.191,1.358047e-06,72.56892,4.067849e-07,1.295641e-06
-0.296854,0.1909,1.432059e-06,133.9448,-9.937193e-07,1.031018e-06
-0.296854,0.1908,1.55406e-06,86.69569,8.953548e-08,1.551328e-06
-0.296854,0.1907,1.373771e-06,58.95804,7.083099e-07,1.176919e-06
-0.296854,0.1906,1.573367e-06,64.34307,6.812643e-07,1.418223e-06
-0.296854,0.1905,1.819621e-06,117.2741,-8.338317e-07,1.617282e-06
-0.296854,0.1904,1.458372e-06,132.3197,-9.818617e-07,1.07832e-06
-0.296854,0.1903,1.484781e-06,97.81499,-2.018641e-07,1.470984e-06
-0.296854,0.1902,6.51665e-07,128.9584,-4.097186e-07,5.067139e-07
-0.296854,0.1901,1.596339e-06,107.1661,-4.711467e-07,1.525215e-06
-0.296854,0.19,1.542074e-06,105.1878,-4.039909e-07,1.488173e-06
-0.296854,0.1899,1.452712e-06,91.84529,-4.677101e-08,1.45193e-06
-0.296854,0.1898,1.3088e-06,98.21703,-1.870729e-07,1.295238e-06
-0.296854,0.1897,1.450622e-06,78.42256,2.911314e-07,1.421017e-06
-0.296854,0.1896,1.705672e-06,145.117,-1.399174e-06,9.754579e-07
-0.296854,0.1895,6.622709e-07,96.11032,-7.048621e-08,6.584767e-07
-0.296854,0.1894,1.286007e-06,100.3754,-2.315752e-07,1.264862e-06
-0.296854,0.1893,1.663947e-06,77.08146,3.720056e-07,1.621814e-06
-0.296854,0.1892,1.573495e-06,58.02172,8.332896e-07,1.334678e-06
-0.296854,0.1891,7.322095e-07,123.2666,-4.015937e-07,6.12108e-07
-0.296854,0.189,1.22145e-06,73.46229,3.476254e-07,1.170789e-06
-0.296854,0.1889,8.636992e-07,87.91253,3.144331e-08,8.630063e-07
-0.296854,0.1888,2.390116e-06,87.78926,9.220093e-08,2.388222e-06
-0.296854,0.1887,2.143157e-06,73.89418,5.945228e-07,2.05898e-06
-0.296854,0.1886,1.710807e-06,61.60242,8.135698e-07,1.504831e-06
-0.296854,0.1885,1.580631e-06,57.51848,8.4888e-07,1.333348e-06
-0.296854,0.1884,1.606553e-06,102.0643,-3.357734e-07,1.571048e-06
-0.296854,0.1883,2.029616e-06,52.57133,1.233547e-06,1.611689e-06
-0.296854,0.1882,4.920903e-07,83.99982,5.142576e-08,4.892628e-07
-0.296854,0.1881,5.615539e-07,108.0544,-1.740138e-07,5.338992e-07
-0.296854,0.188,2.528306e-06,107.5547,-7.625464e-07,2.410473e-06
-0.296854,0.1879,1.293623e-06,104.7456,-3.292411e-07,1.251004e-06
-0.296854,0.1878,1.574903e-06,75.98089,3.81466e-07,1.527881e-06
-0.296854,0.1877,1.686997e-06,92.30078,-6.769225e-08,1.685639e-06
-0.296854,0.1876,1.302547e-06,117.5801,-6.030555e-07,1.154534e-06
-0.296854,0.1875,1.766502e-06,112.7415,-6.82868e-07,1.629145e-06
-0.296854,0.1874,1.580072e-06,59.50083,8.018463e-07,1.361327e-06
-0.296854,0.1873,1.429941e-06,80.60272,2.33436e-07,1.410629e-06
-0.296854,0.1872,1.392083e-06,90.82866,-2.012215e-08,1.391837e-06
-0.296854,0.1871,1.664277e-06,90.88449,-2.571567e-08,1.663919e-06
-0.296854,0.187,1.698536e-06,123.1564,-9.289663e-07,1.42195e-06
-0.296854,0.1869,1.167571e-06,95.54118,-1.127254e-07,1.162e-06
-0.296854,0.1868,1.228535e-06,138.5894,-9.213667e-07,8.126366e-07
-0.296854,0.1867,8.852016e-07,134.5568,-6.210431e-07,6.307605e-07
-0.296854,0.1866,8.123684e-07,120.1704,-4.082545e-07,7.02314e-07
-0.296854,0.1865,1.162474e-06,100.3273,-2.083908e-07,1.14361e-06
-0.296854,0.1864,1.052051e-06,112.1505,-3.966651e-07,9.743962e-07
-0.296854,0.1863,7.461514e-07,160.9344,-7.051192e-07,2.436954e-07
-0.296854,0.1862,1.389484e-06,103.5933,-3.265757e-07,1.350536e-06
-0.296854,0.1861,1.17146e-06,110.0139,-4.009287e-07,1.100571e-06
-0.296854,0.186,9.397063e-07,145.1406,-7.710736e-07,5.370955e-07
-0.296854,0.1859,7.52069e-07,-179.5638,-7.520187e-07,-5.733221e-09
-0.296854,0.1858,7.143057e-07,81.9482,1.000631e-07,7.072426e-07
-0.296854,0.1857,3.884453e-07,87.38448,1.771934e-08,3.879982e-07
-0.296854,0.1856,8.25623e-07,149.7718,-7.13244e-07,4.155803e-07
-0.296854,0.1855,1.619953e-06,92.83395,-8.00807e-08,1.617953e-06
-0.296854,0.1854,9.975917e-07,53.77429,5.894601e-07,8.046459e-07
-0.296854,0.1853,1.017769e-06,95.73264,-1.016668e-07,1.012634e-06
-0.296854,0.1852,1.209329e-06,63.93567,5.313623e-07,1.086317e-06
-0.296854,0.1851,1.74638e-06,58.59872,9.099058e-07,1.49057e-06
-0.296854,0.185,1.454293e-06,84.35827,1.429673e-07,1.447135e-06
-0.296854,0.1849,6.04866e-07,58.95367,3.119185e-07,5.181748e-07
-0.296854,0.1848,1.121157e-06,89.48432,1.012533e-08,1.12109e-06
-0.296854,0.1847,1.583157e-06,106.1101,-4.393011e-07,1.520952e-06
-0.296854,0.1846,1.667976e-06,68.86349,6.014518e-07,1.555725e-06
-0.296854,0.1845,1.913806e-06,50.81245,1.209167e-06,1.482445e-06
-0.296854,0.1844,1.325463e-06,55.43875,7.51879e-07,1.091513e-06
-0.296854,0.1843,1.447699e-06,101.4035,-2.862084e-07,1.419022e-06
-0.296854,0.1842,3.238599e-07,156.0975,-2.960655e-07,1.312382e-07
-0.296854,0.1841,8.411519e-07,67.7061,3.191102e-07,7.782597e-07
-0.296854,0.184,1.916136e-06,121.4921,-1.000916e-06,1.63394e-06
-0.296854,0.1839,1.186268e-06,109.8506,-4.027951e-07,1.115765e-06
-0.296854,0.1838,1.534067e-06,91.12928,-3.024749e-08,1.533608e-06
-0.296854,0.1837,1.182647e-06,108.3219,-3.717485e-07,1.122688e-06
-0.296854,0.1836,1.946898e-06,76.286,4.615467e-07,1.891365e-06
-0.296854,0.1835,1.1227e-06,74.69586,2.963282e-07,1.082852e-06
-0.296854,0.1834,2.297211e-06,61.97921,1.079119e-06,2.0278e-06
-0.296854,0.1833,2.230899e-06,111.945,-8.336976e-07,2.069106e-06
-0.296854,0.1832,1.049811e-06,105.3985,-2.787429e-07,1.012103e-06
-0.296854,0.1831,1.935996e-06,122.119,-1.029292e-06,1.639667e-06
-0.296854,0.183,1.138256e-06,78.90505,2.19047e-07,1.116961e-06
-0.296854,0.1829,9.078774e-07,146.5795,-7.577463e-07,5.000531e-07
-0.296854,0.1828,2.397643e-06,107.8546,-7.350984e-07,2.282163e-06
-0.296854,0.1827,8.015111e-07,118.6974,-3.848019e-07,7.02979e-07
-0.296854,0.1826,1.68265e-06,83.10121,2.021268e-07,1.670446e-06
-0.296854,0.1825,1.678576e-06,82.80834,2.101175e-07,1.665249e-06
-0.296854,0.1824,1.645116e-06,98.24238,-2.358388e-07,1.628078e-06
-0.296854,0.1823,2.044642e-06,102.0862,-4.281084e-07,1.99929e-06
-0.296854,0.1822,2.014232e-06,101.7365,-4.097186e-07,1.972105e-06
-0.296854,0.1821,1.523857e-06,107.9529,-4.696771e-07,1.449666e-06
-0.296854,0.182,2.300765e-06,121.2718,-1.194247e-06,1.966377e-06
-0.296854,0.1819,1.688372e-06,119.415,-8.291658e-07,1.470588e-06
-0.296854,0.1818,1.211799e-06,107.5351,-3.650877e-07,1.155467e-06
-0.296854,0.1817,1.608973e-06,80.97079,2.524908e-07,1.588901e-06
-0.296854,0.1816,1.433607e-06,137.9949,-1.065272e-06,9.593367e-07
-0.296854,0.1815,9.069778e-07,102.2051,-1.917388e-07,8.864533e-07
-0.296854,0.1814,1.642746e-06,101.4682,-3.265757e-07,1.609956e-06
-0.296854,0.1813,1.153891e-06,116.2802,-5.10849e-07,1.034483e-06
-0.296854,0.1812,2.199634e-06,105.5764,-5.906615e-07,2.118805e-06
-0.296854,0.1811,9.35208e-07,113.3534,-3.706812e-07,8.584745e-07
-0.296854,0.181,8.198954e-07,63.98637,3.596171e-07,7.368251e-07
-0.296854,0.1809,1.09809e-06,81.69641,1.58552e-07,1.086451e-06
-0.296854,0.1808,1.637941e-06,133.0558,-1.118168e-06,1.196773e-06
-0.296854,0.1807,3.805216e-07,135.6949,-2.722162e-07,2.656783e-07
-0.296854,0.1806,8.822064e-07,123.5481,-4.875361e-07,7.35227e-07
-0.296854,0.1805,1.488223e-06,96.38035,-1.653581e-07,1.478981e-06
-0.296854,0.1804,1.106841e-06,119.3652,-5.426947e-07,9.645335e-07
-0.296854,0.1803,6.651766e-07,129.5459,-4.234425e-07,5.128439e-07
-0.296854,0.1802,6.51285e-07,130.7269,-4.249121e-07,4.935264e-07
-0.296854,0.1801,1.465642e-06,142.4908,-1.162536e-06,8.92315e-07
-0.296854,0.18,9.460039e-07,139.7415,-7.219053e-07,6.113089e-07
-0.296854,0.1799,8.410122e-07,158.9115,-7.846634e-07,3.025867e-07
-0.296854,0.1798,3.295317e-07,-103.4779,-7.675029e-08,-3.203172e-07
-0.296854,0.1797,7.306169e-07,157.8354,-6.790012e-07,2.766083e-07
-0.296854,0.1796,5.167219e-07,93.1959,-2.878345e-08,5.159117e-07
-0.296854,0.1795,1.017384e-06,159.3486,-9.520165e-07,3.58818e-07
-0.296854,0.1794,5.45673e-07,76.38567,1.284442e-07,5.303006e-07
-0.296854,0.1793,9.336154e-07,150.0149,-8.086469e-07,4.666093e-07
-0.296854,0.1792,7.189773e-07,170.9568,-7.099136e-07,1.12988e-07
-0.296854,0.1791,1.381929e-06,-160.7395,-1.304436e-06,-4.558246e-07
-0.296854,0.179,1.000966e-06,139.7031,-7.633455e-07,6.47284e-07
-0.296854,0.1789,1.677263e-06,-175.7672,-1.672586e-06,-1.237839e-07
-0.296854,0.1788,1.13344e-06,-155.7461,-1.033293e-06,-4.655476e-07
-0.296854,0.1787,1.531647e-06,-147.2037,-1.287382e-06,-8.295681e-07
-0.296854,0.1786,1.707695e-06,-178.1625,-1.706695e-06,-5.476735e-08
-0.296854,0.1785,1.239191e-06,-173.8216,-1.231955e-06,-1.333784e-07
-0.296854,0.1784,2.018742e-06,-159.6686,-1.892834e-06,-7.013864e-07
-0.296854,0.1783,1.326212e-06,-165.1722,-1.282056e-06,-3.39372e-07
-0.296854,0.1782,1.763619e-06,-157.4674,-1.628883e-06,-6.758049e-07
-0.296854,0.1781,1.6933e-06,-162.9973,-1.619154e-06,-4.951301e-07
-0.296854,0.178,1.219315e-06,-150.8069,-1.064339e-06,-5.946625e-07
-0.296854,0.1779,2.048257e-06,-161.3497,-1.940667e-06,-6.550177e-07
-0.296854,0.1778,9.005013e-07,-166.6724,-8.761994e-07,-2.075918e-07
-0.296854,0.1777,1.900378e-06,-160.1231,-1.787038e-06,-6.460938e-07
-0.296854,0.1776,2.128634e-06,-138.0447,-1.582911e-06,-1.423023e-06
-0.296854,0.1775,2.867002e-06,-148.6922,-2.449516e-06,-1.489777e-06
-0.296854,0.1774,3.34919e-06,-146.1231,-2.780623e-06,-1.866851e-06
-0.296854,0.1773,3.972759e-06,-134.0205,-2.760635e-06,-2.856703e-06
-0.296854,0.1772,3.188459e-06,-127.9509,-1.960789e-06,-2.51414e-06
-0.296854,0.1771,4.524165e-06,-121.2196,-2.344921e-06,-3.868941e-06
-0.296854,0.177,4.687193e-06,-137.071,-3.431908e-06,-3.192342e-06
-0.296854,0.1769,5.094727e-06,-127.5075,-3.102002e-06,-4.041491e-06
-0.296854,0.1768,5.193086e-06,-127.9677,-3.194874e-06,-4.093984e-06
-0.296854,0.1767,4.197226e-06,-137.8179,-3.110127e-06,-2.818331e-06
-0.296854,0.1766,4.19018e-06,-128.9335,-2.633124e-06,-3.259358e-06
-0.296854,0.1765,3.944188e-06,-120.9978,-2.03127e-06,-3.380879e-06
-0.296854,0.1764,5.145387e-06,-133.8749,-3.566214e-06,-3.709053e-06
-0.296854,0.1763,4.738636e-06,-139.2485,-3.589667e-06,-3.093207e-06
-0.296854,0.1762,3.813676e-06,-130.7112,-2.487357e-06,-2.890683e-06
-0.296854,0.1761,4.536699e-06,-132.2456,-3.05004e-06,-3.35836e-06
-0.296854,0.176,3.561403e-06,-134.4134,-2.492286e-06,-2.543851e-06
-0.296854,0.1759,5.173992e-06,-133.0757,-3.53357e-06,-3.779271e-06
-0.296854,0.1758,4.971776e-06,-136.0358,-3.578474e-06,-3.45136e-06
-0.296854,0.1757,4.990842e-06,-127.5678,-3.042843e-06,-3.955816e-06
-0.296854,0.1756,4.830708e-06,-123.9443,-2.697346e-06,-4.007382e-06
-0.296854,0.1755,5.112122e-06,-136.8361,-3.728773e-06,-3.497064e-06
-0.296854,0.1754,4.820633e-06,-131.8874,-3.218589e-06,-3.588734e-06
-0.296854,0.1753,5.279839e-06,-136.2194,-3.812044e-06,-3.65309e-06
-0.296854,0.1752,4.331337e-06,-121.7304,-2.277905e-06,-3.683868e-06
-0.296854,0.1751,3.809351e-06,-134.9798,-2.692686e-06,-2.694547e-06
-0.296854,0.175,4.272412e-06,-125.0121,-2.451248e-06,-3.499193e-06
-0.296854,0.1749,2.97795e-06,-133.1934,-2.038333e-06,-2.171041e-06
-0.296854,0.1748,4.133787e-06,-142.65,-3.286141e-06,-2.507876e-06
-0.296854,0.1747,3.126936e-06,-139.6156,-2.381829e-06,-2.025945e-06
-0.296854,0.1746,2.191219e-06,-126.7454,-1.310834e-06,-1.755729e-06
-0.296854,0.1745,2.240728e-06,-116.7991,-1.010242e-06,-1.999961e-06
-0.296854,0.1744,1.435272e-06,-140.1,-1.100979e-06,-9.205676e-07
-0.296854,0.1743,1.011461e-06,-144.6021,-8.244998e-07,-5.85867e-07
-0.296854,0.1742,1.033226e-06,-165.2508,-9.991843e-07,-2.630241e-07
-0.296854,0.1741,1.405829e-06,-165.9625,-1.363864e-06,-3.409702e-07
-0.296854,0.174,5.718134e-07,-146.0689,-4.74343e-07,-3.191158e-07
-0.296854,0.1739,8.175317e-07,-140.1262,-6.273072e-07,-5.240421e-07
-0.296854,0.1738,9.882375e-07,164.8112,-9.536147e-07,2.588834e-07
-0.296854,0.1737,1.03854e-06,-170.5773,-1.024497e-06,-1.700185e-07
-0.296854,0.1736,9.675174e-07,-161.0586,-9.151082e-07,-3.140531e-07
-0.296854,0.1735,1.024514e-06,148.6022,-8.744671e-07,5.337651e-07
-0.296854,0.1734,8.938014e-07,152.2624,-7.91056e-07,4.15977e-07
-0.296854,0.1733,1.834692e-06,177.9562,-1.833407e-06,6.541796e-08
-0.296854,0.1732,9.795986e-07,166.0534,-9.50681e-07,2.361014e-07
-0.296854,0.1731,7.722135e-07,99.50655,-1.275166e-07,7.616076e-07
-0.296854,0.173,1.378213e-06,139.7888,-1.052476e-06,8.897837e-07
-0.296854,0.1729,1.53923e-06,104.3661,-3.818739e-07,1.490972e-06
-0.296854,0.1728,1.215739e-06,169.5992,-1.195712e-06,2.194438e-07
-0.296854,0.1727,1.049973e-06,133.5881,-7.239058e-07,7.605403e-07
-0.296854,0.1726,1.279972e-06,82.00765,1.780092e-07,1.267522e-06
-0.296854,0.1725,6.090011e-07,91.46675,-1.559033e-08,6.086435e-07
-0.296854,0.1724,1.630084e-06,89.76583,6.660819e-09,1.629944e-06
-0.296854,0.1723,2.119733e-06,120.1704,-1.065272e-06,1.832468e-06
-0.296854,0.1722,1.937415e-06,121.8226,-1.021564e-06,1.6462e-06
-0.296854,0.1721,1.984583e-06,65.75488,8.149053e-07,1.809418e-06
-0.296854,0.172,2.13867e-06,76.17716,5.109775e-07,2.0767e-06
-0.296854,0.1719,1.262309e-06,76.81306,2.879351e-07,1.228887e-06
-0.296854,0.1718,1.626837e-06,106.7274,-4.682131e-07,1.557994e-06
-0.296854,0.1717,1.467671e-06,125.2195,-8.463542e-07,1.198908e-06
-0.296854,0.1716,1.374252e-06,128.8894,-8.627437e-07,1.069659e-06
-0.296854,0.1715,1.643523e-06,136.9318,-1.200646e-06,1.122292e-06
-0.296854,0.1714,1.414423e-06,124.1915,-7.947888e-07,1.169856e-06
-0.296854,0.1713,1.585721e-06,111.6059,-5.838666e-07,1.474181e-06
-0.296854,0.1712,1.556614e-06,100.8755,-2.936683e-07,1.528546e-06
-0.296854,0.1711,1.183468e-06,125.1242,-6.808675e-07,9.67998e-07
-0.296854,0.171,1.699442e-06,127.4251,-1.032756e-06,1.349603e-06
-0.296854,0.1709,1.798236e-06,97.54922,-2.362411e-07,1.782506e-06
-0.296854,0.1708,8.591786e-07,146.0462,-7.125791e-07,4.798024e-07
-0.296854,0.1707,2.123616e-06,101.9791,-4.407651e-07,2.077236e-06
-0.296854,0.1706,1.742396e-06,96.1679,-1.87207e-07,1.732271e-06
-0.296854,0.1705,1.254552e-06,104.6441,-3.171153e-07,1.213693e-06
-0.296854,0.1704,1.550311e-06,114.6245,-6.459597e-07,1.409294e-06
-0.296854,0.1703,1.895187e-06,113.8814,-7.672067e-07,1.732807e-06
-0.296854,0.1702,4.888549e-07,131.3687,-3.229826e-07,3.668088e-07
-0.296854,0.1701,1.174142e-06,43.50688,8.515454e-07,8.082389e-07
-0.296854,0.17,1.244584e-06,76.68642,2.865996e-07,1.211028e-06
-0.296854,0.1699,2.028945e-06,71.1845,6.543472e-07,1.920411e-06
-0.296854,0.1698,1.365367e-06,109.6276,-4.586186e-07,1.285912e-06
-0.296854,0.1697,1.015707e-06,114.294,-4.17849e-07,9.256247e-07
-0.296854,0.1696,4.168376e-07,59.74562,2.099834e-07,3.600139e-07
-0.296854,0.1695,1.308839e-06,84.14583,1.335069e-07,1.301899e-06
-0.296854,0.1694,1.918802e-06,121.4991,-1.002514e-06,1.63594e-06
-0.296854,0.1693,9.097941e-07,125.0517,-5.22444e-07,7.446873e-07
-0.296854,0.1692,2.286119e-06,105.694,-6.183777e-07,2.200881e-06
-0.296854,0.1691,1.852696e-06,93.41009,-1.10194e-07,1.849394e-06
-0.296854,0.169,7.298905e-07,124.7474,-4.159826e-07,5.997195e-07
-0.296854,0.1689,1.285638e-06,97.69609,-1.721531e-07,1.27392e-06
-0.296854,0.1688,1.4814e-06,125.5517,-8.612796e-07,1.205166e-06
-0.296854,0.1687,1.767843e-06,113.301,-6.992574e-07,1.623546e-06
-0.296854,0.1686,1.224372e-06,95.21335,-1.112613e-07,1.219158e-06
-0.296854,0.1685,1.703945e-06,109.896,-5.798712e-07,1.602228e-06
-0.296854,0.1684,1.846449e-06,130.5302,-1.199841e-06,1.403298e-06
-0.296854,0.1683,1.336997e-06,115.6149,-5.780048e-07,1.205569e-06
-0.296854,0.1682,1.375481e-06,114.6734,-5.741436e-07,1.249803e-06
-0.296854,0.1681,5.779378e-07,70.48336,1.930631e-07,5.446895e-07
-0.296854,0.168,1.282626e-06,92.36372,-5.290098e-08,1.281514e-06
-0.296854,0.1679,1.191526e-06,108.2406,-3.729443e-07,1.131618e-06
-0.296854,0.1678,1.588415e-06,134.3575,-1.11044e-06,1.135613e-06
-0.296854,0.1677,1.358823e-06,104.7779,-3.465637e-07,1.313762e-06
-0.296854,0.1676,1.576943e-06,68.80841,5.700029e-07,1.470185e-06
-0.296854,0.1675,1.228949e-06,137.8874,-9.116437e-07,8.240975e-07
-0.296854,0.1674,1.011192e-06,124.8086,-5.772057e-07,8.302275e-07
-0.296854,0.1673,1.436104e-06,110.4816,-5.024559e-07,1.345206e-06
-0.296854,0.1672,1.207502e-06,87.35138,5.582347e-08,1.206099e-06
-0.296854,0.1671,1.672273e-06,86.13967,1.125857e-07,1.668451e-06
-0.296854,0.167,1.32995e-06,90.70626,-1.638941e-08,1.329749e-06
-0.296854,0.1669,1.514347e-06,89.75883,6.392598e-09,1.514291e-06
-0.296854,0.1668,1.82393e-06,94.32892,-1.37642e-07,1.81861e-06
-0.296854,0.1667,1.305386e-06,84.7377,1.197829e-07,1.299904e-06
-0.296854,0.1666,1.927128e-06,83.83209,2.070553e-07,1.915879e-06
-0.296854,0.1665,9.619183e-07,98.76519,-1.465659e-07,9.506754e-07
-0.296854,0.1664,2.0038e-06,69.74736,6.936527e-07,1.879904e-06
-0.296854,0.1663,1.344149e-06,118.7708,-6.468929e-07,1.178121e-06
-0.296854,0.1662,2.011897e-06,100.6254,-3.709495e-07,1.977302e-06
-0.296854,0.1661,9.952113e-07,73.3023,2.859346e-07,9.532067e-07
-0.296854,0.166,2.384589e-06,105.2792,-6.283689e-07,2.300279e-06
-0.296854,0.1659,1.32439e-06,125.2326,-7.640104e-07,1.081785e-06
-0.296854,0.1658,1.590924e-06,96.83059,-1.892074e-07,1.579575e-06
-0.296854,0.1657,1.413462e-06,92.28591,-5.63655e-08,1.412227e-06
-0.296854,0.1656,1.103002e-06,87.64588,4.530139e-08,1.102041e-06
-0.296854,0.1655,1.433322e-06,86.8513,7.874518e-08,1.431148e-06
-0.296854,0.1654,1.614606e-06,64.83693,6.864611e-07,1.461256e-06
-0.296854,0.1653,1.69615e-06,66.39572,6.791297e-07,1.554127e-06
-0.296854,0.1652,2.52925e-06,92.16483,-9.553693e-08,2.527328e-06
-0.296854,0.1651,1.589354e-06,69.27963,5.622748e-07,1.486441e-06
-0.296854,0.165,1.654626e-06,84.1808,1.677498e-07,1.646066e-06
-0.296854,0.1649,1.774225e-06,96.81048,-2.103913e-07,1.761585e-06
-0.296854,0.1648,1.597244e-06,80.76446,2.563521e-07,1.576513e-06
-0.296854,0.1647,1.302659e-06,91.06634,-2.425163e-08,1.302301e-06
-0.296854,0.1646,1.912733e-06,59.52619,9.699985e-07,1.648463e-06
-0.296854,0.1645,1.442704e-06,68.95179,5.181748e-07,1.346401e-06
-0.296854,0.1644,2.57796e-06,88.70023,5.848892e-08,2.577289e-06
-0.296854,0.1643,2.600753e-06,82.73316,3.289729e-07,2.579821e-06
-0.296854,0.1642,1.387506e-06,99.52404,-2.295803e-07,1.368256e-06
-0.296854,0.1641,1.612421e-06,108.1225,-5.015227e-07,1.532407e-06
-0.296854,0.164,1.387998e-06,78.35349,2.80207e-07,1.359326e-06
-0.296854,0.1639,1.511564e-06,64.15511,6.58879e-07,1.360259e-06
-0.296854,0.1638,1.414474e-06,77.37608,3.09119e-07,1.380247e-06
-0.296854,0.1637,1.454126e-06,81.33534,2.19047e-07,1.437406e-06
-0.296854,0.1636,1.427857e-06,48.4653,9.4668e-07,1.068726e-06
-0.296854,0.1635,1.499203e-06,70.75176,4.941914e-07,1.415289e-06
-0.296854,0.1634,2.19037e-06,73.71058,6.143767e-07,2.102416e-06
-0.296854,0.1633,1.495577e-06,67.06528,5.827937e-07,1.377314e-06
-0.296854,0.1632,1.917544e-06,82.10806,2.632811e-07,1.899356e-06
-0.296854,0.1631,2.049503e-06,86.43342,1.27511e-07,2.045525e-06
-0.296854,0.163,1.201076e-06,46.97295,8.194316e-07,8.779261e-07
-0.296854,0.1629,2.403549e-06,77.76468,5.093794e-07,2.348916e-06
-0.296854,0.1628,2.401554e-06,70.04885,8.194316e-07,2.257375e-06
-0.296854,0.1627,1.627139e-06,76.17585,3.899931e-07,1.579044e-06
-0.296854,0.1626,1.691244e-06,90.78582,-2.318434e-08,1.690965e-06
-0.296854,0.1625,1.093268e-06,89.98089,3.967434e-10,1.093246e-06
-0.296854,0.1624,1.221958e-06,91.4003,-2.985075e-08,1.221556e-06
-0.296854,0.1623,1.829657e-06,87.85483,6.848573e-08,1.828338e-06
-0.296854,0.1622,1.968601e-06,100.5896,-3.617517e-07,1.935068e-06
-0.296854,0.1621,1.295914e-06,128.9987,-8.154418e-07,1.007035e-06
-0.296854,0.162,9.569115e-07,95.10494,-8.514337e-08,9.530726e-07
-0.296854,0.1619,1.500075e-06,94.27472,-1.117922e-07,1.495901e-06
-0.296854,0.1618,1.136574e-06,71.01577,3.697425e-07,1.074722e-06
-0.296854,0.1617,1.049771e-06,136.1005,-7.564164e-07,7.278956e-07
-0.296854,0.1616,1.727253e-06,114.8002,-7.244367e-07,1.567851e-06
-0.296854,0.1615,9.871646e-07,96.22036,-1.069977e-07,9.811911e-07
-0.296854,0.1614,1.090575e-06,120.4703,-5.529541e-07,9.398851e-07
-0.296854,0.1613,1.177126e-06,71.07872,3.817342e-07,1.113496e-06
-0.296854,0.1612,1.0556e-06,80.82391,1.682806e-07,1.041948e-06
-0.296854,0.1611,1.592712e-06,91.08295,-3.011338e-08,1.592366e-06
-0.296854,0.161,1.418709e-06,90.52791,-1.3059e-08,1.41862e-06
-0.296854,0.1609,1.523969e-06,102.9185,-3.40702e-07,1.485239e-06
-0.296854,0.1608,1.182457e-06,56.25256,6.568785e-07,9.83186e-07
-0.296854,0.1607,1.778338e-06,63.00809,8.070431e-07,1.584509e-06
-0.296854,0.1606,1.710891e-06,102.4988,-3.702789e-07,1.670317e-06
-0.296854,0.1605,1.527059e-06,86.7936,8.5406e-08,1.52455e-06
-0.296854,0.1604,1.561202e-06,85.55075,1.211129e-07,1.55639e-06
-0.296854,0.1603,1.227434e-06,74.13721,3.354996e-07,1.180652e-06
-0.296854,0.1602,1.619115e-06,80.43924,2.688802e-07,1.596501e-06
-0.296854,0.1601,1.072498e-06,73.81025,2.989936e-07,1.029822e-06
-0.296854,0.16,7.81618e-07,76.585,1.813396e-07,7.602721e-07
-0.296854,0.1599,1.104662e-06,73.25859,3.18177e-07,1.057801e-06
-0.296854,0.1598,1.01298e-06,97.10859,-1.25382e-07,1.00504e-06
-0.296854,0.1597,2.064825e-06,86.56629,1.236442e-07,2.060981e-06
-0.296854,0.1596,2.10555e-06,67.41147,8.087754e-07,1.943992e-06
-0.296854,0.1595,1.692468e-06,67.49365,6.478205e-07,1.563454e-06
-0.296854,0.1594,1.686746e-06,72.70531,5.01383e-07,1.610353e-06
-0.296854,0.1593,1.646373e-06,100.5345,-3.009941e-07,1.618618e-06
-0.296854,0.1592,1.532569e-06,89.71599,7.594004e-09,1.532407e-06
-0.296854,0.1591,2.399308e-06,105.3675,-6.358344e-07,2.313472e-06
-0.296854,0.159,1.190163e-06,97.08061,-1.467e-07,1.181049e-06
-0.296854,0.1589,1.166721e-06,100.9419,-2.214498e-07,1.145476e-06
-0.296854,0.1588,1.745933e-06,90.18346,-5.599111e-09,1.745861e-06
-0.296854,0.1587,2.358974e-06,87.80806,9.020045e-08,2.357175e-06
-0.296854,0.1586,1.666892e-06,112.6068,-6.407629e-07,1.538805e-06
-0.296854,0.1585,2.035941e-06,95.20111,-1.845415e-07,2.027537e-06
-0.296854,0.1584,2.027576e-06,80.24265,3.4363e-07,1.998223e-06
-0.296854,0.1583,1.100946e-06,75.71338,2.716742e-07,1.066865e-06
-0.296854,0.1582,7.209666e-07,93.29731,-4.144012e-08,7.197707e-07
-0.296854,0.1581,1.505535e-06,76.80432,3.4363e-07,1.465654e-06
-0.296854,0.158,1.122359e-06,88.86459,2.225115e-08,1.122023e-06
-0.296854,0.1579,5.577821e-07,79.63504,1.003257e-07,5.485508e-07
-0.296854,0.1578,1.580536e-06,81.4726,2.343691e-07,1.563057e-06
-0.296854,0.1577,1.511508e-06,102.6912,-3.320407e-07,1.474449e-06
-0.296854,0.1576,1.28304e-06,77.90849,2.687461e-07,1.254469e-06
-0.296854,0.1575,1.755774e-06,62.97924,7.975827e-07,1.56399e-06
-0.296854,0.1574,2.015328e-06,57.38122,1.086317e-06,1.697363e-06
-0.296854,0.1573,1.447923e-06,94.88725,-1.233872e-07,1.442603e-06
-0.296854,0.1572,1.683499e-06,73.7849,4.700738e-07,1.616483e-06
-0.296854,0.1571,1.496639e-06,84.90817,1.328364e-07,1.490704e-06
-0.296854,0.157,2.157932e-06,131.0998,-1.418491e-06,1.626078e-06
-0.296854,0.1569,1.754058e-06,89.13998,2.638064e-08,1.753857e-06
-0.296854,0.1568,1.641819e-06,83.88267,1.749414e-07,1.632342e-06
-0.296854,0.1567,1.675866e-06,89.43973,1.638382e-08,1.675643e-06
-0.296854,0.1566,2.801209e-06,95.2234,-2.550277e-07,2.789547e-06
-0.296854,0.1565,1.819074e-06,85.4301,1.449622e-07,1.813285e-06
-0.296854,0.1564,1.394044e-06,87.67736,5.649402e-08,1.39277e-06
-0.296854,0.1563,2.477684e-06,98.29615,-3.574881e-07,2.451645e-06
-0.296854,0.1562,1.18168e-06,74.51839,3.153774e-07,1.138681e-06
-0.296854,0.1561,1.283761e-06,84.64678,1.197829e-07,1.27805e-06
-0.296854,0.156,1.432774e-06,62.80713,6.547495e-07,1.274323e-06
-0.296854,0.1559,1.445151e-06,100.8309,-2.715513e-07,1.419285e-06
-0.296854,0.1558,2.10949e-06,117.7445,-9.819958e-07,1.866979e-06
-0.296854,0.1557,8.604023e-07,84.32854,8.500367e-08,8.560772e-07
-0.296854,0.1556,1.14846e-06,82.28466,1.541599e-07,1.138016e-06
-0.296854,0.1555,1.23481e-06,69.86626,4.250407e-07,1.159334e-06
-0.296854,0.1554,1.255799e-06,112.1417,-4.732757e-07,1.163061e-06
-0.296854,0.1553,8.822623e-07,90.60747,-9.331852e-09,8.821897e-07
-0.296854,0.1552,1.858027e-06,123.9187,-1.036757e-06,1.541739e-06
-0.296854,0.1551,1.681772e-06,92.87417,-8.434429e-08,1.679509e-06
-0.296854,0.155,1.878747e-06,73.01567,5.48819e-07,1.796761e-06
-0.296854,0.1549,2.048218e-06,96.70295,-2.390407e-07,2.034198e-06
-0.296854,0.1548,1.595405e-06,83.54533,1.793392e-07,1.585174e-06
-0.296854,0.1547,1.773912e-06,134.4222,-1.241549e-06,1.266857e-06
-0.296854,0.1546,1.549221e-06,107.7702,-4.727449e-07,1.475248e-06
-0.296854,0.1545,1.33004e-06,121.7894,-7.005874e-07,1.130416e-06
-0.296854,0.1544,2.079896e-06,79.57384,3.764033e-07,2.045525e-06
-0.296854,0.1543,2.064535e-06,64.00561,9.048432e-07,1.855652e-06
-0.296854,0.1542,6.79437e-08,9.387654,6.70161e-08,1.105852e-08
-0.296854,0.1541,9.181704e-07,93.66099,-5.862861e-08,9.161643e-07
-0.296854,0.154,4.833787e-07,55.59524,2.731438e-07,3.987886e-07
-0.296854,0.1539,1.291254e-06,60.18449,6.419532e-07,1.120291e-06
-0.296854,0.1538,1.201858e-06,89.76495,4.928559e-09,1.201702e-06
-0.296854,0.1537,9.321626e-07,117.5434,-4.310421e-07,8.264947e-07
-0.296854,0.1536,1.146147e-06,51.27231,7.169712e-07,8.940473e-07
-0.296854,0.1535,1.757444e-06,53.71484,1.040082e-06,1.416625e-06
-0.296854,0.1534,2.016166e-06,62.63315,9.268261e-07,1.790497e-06
-0.296854,0.1533,1.533435e-06,86.57679,9.153597e-08,1.530546e-06
-0.296854,0.1532,1.482227e-06,103.936,-3.569573e-07,1.438474e-06
-0.296854,0.1531,1.534536e-06,98.24151,-2.199858e-07,1.518554e-06
-0.296854,0.153,1.822499e-06,87.13544,9.113363e-08,1.820214e-06
-0.296854,0.1529,1.61731e-06,109.0366,-5.275066e-07,1.528814e-06
-0.296854,0.1528,1.641171e-06,94.5629,-1.305788e-07,1.635806e-06
-0.296854,0.1527,2.206295e-06,71.50098,7.000509e-07,2.09229e-06
-0.296854,0.1526,1.317573e-06,54.94479,7.566791e-07,1.078454e-06
-0.296854,0.1525,2.228876e-06,75.46815,5.592126e-07,2.157445e-06
-0.296854,0.1524,1.817028e-06,83.41856,2.082511e-07,1.80502e-06
-0.296854,0.1523,1.029303e-06,108.2432,-3.221835e-07,9.774584e-07
-0.296854,0.1522,1.486044e-06,74.66876,3.929268e-07,1.433143e-06
-0.296854,0.1521,1.679822e-06,79.54237,3.048554e-07,1.651793e-06
-0.296854,0.152,1.956e-06,44.27184,1.400498e-06,1.365322e-06
-0.296854,0.1519,1.614477e-06,74.87421,4.213079e-07,1.558525e-06
-0.296854,0.1518,1.118319e-06,114.162,-4.576854e-07,1.020228e-06
-0.296854,0.1517,1.299971e-06,88.64865,3.064423e-08,1.299502e-06
-0.296854,0.1516,1.955559e-06,103.0785,-4.424974e-07,1.904821e-06
-0.296854,0.1515,1.880407e-06,83.8216,2.023894e-07,1.869376e-06
-0.296854,0.1514,1.683058e-06,109.0847,-5.502887e-07,1.590371e-06
-0.296854,0.1513,2.234961e-06,83.01028,2.719424e-07,2.218203e-06
-0.296854,0.1512,1.33137e-06,96.02115,-1.396425e-07,1.323888e-06
-0.296854,0.1511,2.059623e-06,107.0297,-6.031896e-07,1.969311e-06
-0.296854,0.151,2.641517e-06,70.0659,9.005796e-07,2.483222e-06
-0.296854,0.1509,1.874769e-06,52.76366,1.134417e-06,1.492571e-06
-0.296854,0.1508,9.287428e-07,95.24307,-8.487515e-08,9.248256e-07
-0.296854,0.1507,5.246736e-07,92.09445,-1.918897e-08,5.241706e-07
-0.296854,0.1506,1.712623e-06,107.0429,-5.019251e-07,1.637404e-06
-0.296854,0.1505,1.338187e-06,83.35649,1.548249e-07,1.329084e-06
-0.296854,0.1504,1.688076e-06,80.7426,2.715457e-07,1.666048e-06
-0.296854,0.1503,2.164687e-06,76.35638,5.105808e-07,2.103483e-06
-0.296854,0.1502,1.879848e-06,79.89994,3.296378e-07,1.85059e-06
-0.296854,0.1501,1.774186e-06,95.27803,-1.632235e-07,1.766514e-06
-0.296854,0.15,1.049369e-06,78.78003,2.041216e-07,1.029158e-06
-0.29714,0.2,2.295596e-06,84.3539,2.258419e-07,2.284426e-06
-0.29714,0.1999,2.0001e-06,74.18704,5.449578e-07,1.924272e-06
-0.29714,0.1998,1.748783e-06,93.4031,-1.037959e-07,1.745598e-06
-0.29714,0.1997,1.278961e-06,97.00807,-1.560263e-07,1.269388e-06
-0.29714,0.1996,1.972971e-06,75.24565,5.024503e-07,1.907883e-06
-0.29714,0.1995,1.9138e-06,107.4293,-5.732104e-07,1.825807e-06
-0.29714,0.1994,1.365328e-06,78.85871,2.638176e-07,1.339478e-06
-0.29714,0.1993,2.483692e-06,116.1871,-1.096051e-06,2.228731e-06
-0.29714,0.1992,2.049218e-06,90.43175,-1.545622e-08,2.049118e-06
-0.29714,0.1991,2.472879e-06,64.48383,1.065267e-06,2.231664e-06
-0.29714,0.199,1.750834e-06,90.06106,-1.86637e-09,1.750795e-06
-0.29714,0.1989,1.48572e-06,46.04549,1.031152e-06,1.06953e-06
-0.29714,0.1988,1.529954e-06,52.40959,9.332243e-07,1.212229e-06
-0.29714,0.1987,2.235542e-06,69.5148,7.823947e-07,2.094157e-06
-0.29714,0.1986,1.313075e-06,104.0077,-3.177858e-07,1.27392e-06
-0.29714,0.1985,2.21865e-06,62.27602,1.032086e-06,1.963846e-06
-0.29714,0.1984,1.185324e-06,86.57679,7.074885e-08,1.183049e-06
-0.29714,0.1983,1.318557e-06,97.90592,-1.813452e-07,1.306034e-06
-0.29714,0.1982,2.110339e-06,82.42454,2.782065e-07,2.091893e-06
-0.29714,0.1981,1.966629e-06,77.4976,4.257056e-07,1.919874e-06
-0.29714,0.198,1.696385e-06,95.77461,-1.706834e-07,1.687634e-06
-0.29714,0.1979,2.470929e-06,78.90024,4.756674e-07,2.424594e-06
-0.29714,0.1978,2.206463e-06,70.00614,7.544104e-07,2.073369e-06
-0.29714,0.1977,1.505853e-06,99.37104,-2.45165e-07,1.485642e-06
-0.29714,0.1976,1.022564e-06,98.40674,-1.494996e-07,1.011433e-06
-0.29714,0.1975,9.447801e-07,155.2233,-8.57681e-07,3.958605e-07
-0.29714,0.1974,2.190599e-06,107.7755,-6.687417e-07,2.086026e-06
-0.29714,0.1973,2.415765e-06,92.03544,-8.580833e-08,2.414206e-06
-0.29714,0.1972,1.785635e-06,106.0996,-4.951301e-07,1.715485e-06
-0.29714,0.1971,1.380454e-06,67.72096,5.233716e-07,1.277385e-06
-0.29714,0.197,1.960208e-06,85.01395,1.704152e-07,1.952787e-06
-0.29714,0.1969,2.295993e-06,86.25289,1.500248e-07,2.290952e-06
-0.29714,0.1968,1.291561e-06,74.95539,3.352314e-07,1.247271e-06
-0.29714,0.1967,1.485496e-06,54.85738,8.5501e-07,1.214627e-06
-0.29714,0.1966,1.341959e-06,68.7988,4.852619e-07,1.251004e-06
-0.29714,0.1965,1.394525e-06,115.9087,-6.093196e-07,1.254335e-06
-0.29714,0.1964,1.329191e-06,109.7631,-4.494264e-07,1.251803e-06
-0.29714,0.1963,5.78368e-07,104.3539,-1.433696e-07,5.602799e-07
-0.29714,0.1962,1.379912e-06,57.76119,7.36026e-07,1.167062e-06
-0.29714,0.1961,1.430556e-06,105.1117,-3.729443e-07,1.381047e-06
-0.29714,0.196,4.970133e-07,90.30498,-2.665445e-09,4.968568e-07
-0.29714,0.1959,1.159982e-06,103.4779,-2.703499e-07,1.127885e-06
-0.29714,0.1958,1.711674e-06,127.0116,-1.030359e-06,1.366792e-06
-0.29714,0.1957,3.475137e-07,85.77598,2.558156e-08,3.46424e-07
-0.29714,0.1956,1.363014e-06,116.129,-6.00256e-07,1.22369e-06
-0.29714,0.1955,8.994787e-07,82.75676,1.133847e-07,8.921809e-07
-0.29714,0.1954,1.4229e-06,106.7536,-4.101209e-07,1.362394e-06
-0.29714,0.1953,1.721464e-06,105.7727,-4.679448e-07,1.656593e-06
-0.29714,0.1952,6.266366e-07,126.5089,-3.728102e-07,5.036517e-07
-0.29714,0.1951,1.259576e-06,117.0496,-5.72808e-07,1.121761e-06
-0.29714,0.195,1.3932e-06,132.8766,-9.478814e-07,1.020893e-06
-0.29714,0.1949,1.506384e-06,91.58128,-4.157423e-08,1.505764e-06
-0.29714,0.1948,9.970329e-07,91.27966,-2.225674e-08,9.967759e-07
-0.29714,0.1947,9.35778e-07,88.23776,2.877786e-08,9.352192e-07
-0.29714,0.1946,8.465219e-07,122.7193,-4.575569e-07,7.121767e-07
-0.29714,0.1945,1.85758e-06,74.083,5.093794e-07,1.786233e-06
-0.29714,0.1944,1.078991e-06,108.8399,-3.484301e-07,1.021161e-06
-0.29714,0.1943,1.274937e-06,98.71011,-1.930687e-07,1.260196e-06
-0.29714,0.1942,1.997882e-06,97.93214,-2.756807e-07,1.978771e-06
-0.29714,0.1941,1.715658e-06,87.52961,7.394514e-08,1.71402e-06
-0.29714,0.194,1.550953e-06,112.0735,-5.827993e-07,1.437144e-06
-0.29714,0.1939,1.603983e-06,104.1764,-3.927983e-07,1.55506e-06
-0.29714,0.1938,1.447046e-06,101.8231,-2.964679e-07,1.416223e-06
-0.29714,0.1937,8.612964e-07,71.04987,2.796705e-07,8.14503e-07
-0.29714,0.1936,2.098683e-06,68.67116,7.633399e-07,1.954916e-06
-0.29714,0.1935,1.878507e-06,86.84956,1.032594e-07,1.87564e-06
-0.29714,0.1934,2.250602e-06,74.42965,6.041172e-07,2.167973e-06
-0.29714,0.1933,1.886978e-06,93.74579,-1.23253e-07,1.882838e-06
-0.29714,0.1932,2.634532e-06,107.1036,-7.748007e-07,2.517996e-06
-0.29714,0.1931,1.495935e-06,94.89512,-1.276507e-07,1.490436e-06
-0.29714,0.193,1.752706e-06,72.15104,5.372297e-07,1.668317e-06
-0.29714,0.1929,1.696173e-06,103.6781,-4.010628e-07,1.647932e-06
-0.29714,0.1928,2.237688e-06,102.2593,-4.751421e-07,2.186626e-06
-0.29714,0.1927,1.450264e-06,90.61622,-1.559033e-08,1.450069e-06
-0.29714,0.1926,1.715144e-06,78.0204,3.560185e-07,1.677777e-06
-0.29714,0.1925,1.161597e-06,53.05742,6.980504e-07,9.282901e-07
-0.29714,0.1924,2.006756e-06,51.50835,1.249004e-06,1.570651e-06
-0.29714,0.1923,1.810166e-06,89.36716,1.998245e-08,1.809954e-06
-0.29714,0.1922,1.396654e-06,66.80562,5.500204e-07,1.283649e-06
-0.29714,0.1921,2.029744e-06,76.98354,4.571489e-07,1.97757e-06
-0.29714,0.192,2.015685e-06,104.2394,-4.957951e-07,1.953721e-06
-0.29714,0.1919,1.485658e-06,78.57195,2.943277e-07,1.456065e-06
-0.29714,0.1918,1.705147e-06,71.01227,5.548149e-07,1.612354e-06
-0.29714,0.1917,1.822376e-06,64.2504,7.91721e-07,1.6414e-06
-0.29714,0.1916,2.124728e-06,94.44487,-1.646876e-07,2.118274e-06
-0.29714,0.1915,1.693049e-06,64.66907,7.24297e-07,1.530144e-06
-0.29714,0.1914,9.967423e-07,56.89251,5.444213e-07,8.348878e-07
-0.29714,0.1913,2.001151e-06,98.34205,-2.903379e-07,1.979833e-06
-0.29714,0.1912,1.640852e-06,98.73372,-2.49166e-07,1.62168e-06
-0.29714,0.1911,1.214588e-06,80.29848,2.046581e-07,1.197176e-06
-0.29714,0.191,2.180032e-06,102.4962,-4.716776e-07,2.128265e-06
-0.29714,0.1909,6.581079e-07,58.51304,3.4363e-07,5.61079e-07
-0.29714,0.1908,1.036545e-06,74.27097,2.81006e-07,9.977091e-07
-0.29714,0.1907,1.287102e-06,110.2412,-4.452969e-07,1.207564e-06
-0.29714,0.1906,1.706125e-06,102.0582,-3.564264e-07,1.668451e-06
-0.29714,0.1905,1.82859e-06,101.2969,-3.581587e-07,1.793162e-06
-0.29714,0.1904,1.007376e-06,77.55705,2.170465e-07,9.835883e-07
-0.29714,0.1903,1.025604e-06,73.52437,2.908632e-07,9.834542e-07
-0.29714,0.1902,9.74927e-07,86.2236,6.422214e-08,9.727925e-07
-0.29714,0.1901,6.949994e-07,141.1394,-5.410965e-07,4.359651e-07
-0.29714,0.19,9.168013e-07,117.0312,-4.166476e-07,8.166376e-07
-0.29714,0.1899,1.638215e-06,120.9029,-8.412916e-07,1.405561e-06
-0.29714,0.1898,6.722006e-07,111.0289,-2.411697e-07,6.273016e-07
-0.29714,0.1897,1.777321e-06,100.2259,-3.155171e-07,1.749062e-06
-0.29714,0.1896,1.338623e-06,72.55319,4.013199e-07,1.276982e-06
-0.29714,0.1895,1.642188e-06,98.6428,-2.467688e-07,1.623412e-06
-0.29714,0.1894,2.04553e-06,74.74132,5.382914e-07,1.973306e-06
-0.29714,0.1893,1.408349e-06,122.6362,-7.594786e-07,1.185849e-06
-0.29714,0.1892,1.085227e-06,143.6536,-8.740704e-07,6.431546e-07
-0.29714,0.1891,5.141012e-07,66.07661,2.083852e-07,4.698056e-07
-0.29714,0.189,8.695498e-07,80.67878,1.408327e-07,8.57938e-07
-0.29714,0.1889,2.103326e-06,84.76216,1.919958e-07,2.094425e-06
-0.29714,0.1888,1.761758e-06,86.68345,1.019295e-07,1.758785e-06
-0.29714,0.1887,1.00257e-06,111.9302,-3.74414e-07,9.298883e-07
-0.29714,0.1886,1.150812e-06,98.68476,-1.737512e-07,1.13748e-06
-0.29714,0.1885,1.319216e-06,111.5351,-4.842057e-07,1.227021e-06
-0.29714,0.1884,9.024068e-07,135.7001,-6.458256e-07,6.302297e-07
-0.29714,0.1883,1.348659e-06,139.1829,-1.020636e-06,8.815247e-07
-0.29714,0.1882,1.77166e-06,113.9163,-7.181782e-07,1.619417e-06
-0.29714,0.1881,1.658784e-06,107.0402,-4.860665e-07,1.585839e-06
-0.29714,0.188,1.541906e-06,131.1212,-1.01397e-06,1.161463e-06
-0.29714,0.1879,1.224825e-06,115.9017,-5.349665e-07,1.101639e-06
-0.29714,0.1878,7.771421e-07,59.08481,3.991909e-07,6.666071e-07
-0.29714,0.1877,1.457171e-06,105.5681,-3.91066e-07,1.403566e-06
-0.29714,0.1876,1.604441e-06,114.0545,-6.539504e-07,1.464989e-06
-0.29714,0.1875,1.308811e-06,121.2115,-6.782021e-07,1.119358e-06
-0.29714,0.1874,6.357561e-07,130.8791,-4.159826e-07,4.806015e-07
-0.29714,0.1873,1.42e-06,94.79633,-1.187212e-07,1.414893e-06
-0.29714,0.1872,1.810267e-06,99.6578,-3.036595e-07,1.784501e-06
-0.29714,0.1871,2.325514e-06,99.0362,-3.652162e-07,2.296552e-06
-0.29714,0.187,1.944394e-06,76.98179,4.3796e-07,1.894293e-06
-0.29714,0.1869,2.05351e-06,107.285,-6.101187e-07,1.96065e-06
-0.29714,0.1868,1.015115e-06,92.85319,-5.050376e-08,1.013835e-06
-0.29714,0.1867,9.359456e-07,121.1494,-4.840716e-07,8.009131e-07
-0.29714,0.1866,1.450337e-06,113.1725,-5.70679e-07,1.333214e-06
-0.29714,0.1865,2.023156e-06,110.91,-7.220394e-07,1.889761e-06
-0.29714,0.1864,1.39519e-06,60.22645,6.927195e-07,1.2109e-06
-0.29714,0.1863,8.135419e-07,108.2712,-2.550277e-07,7.72532e-07
-0.29714,0.1862,8.377209e-07,113.315,-3.315098e-07,7.692016e-07
-0.29714,0.1861,1.086322e-06,117.449,-5.007237e-07,9.640026e-07
-0.29714,0.186,1.117877e-06,122.5829,-6.019882e-07,9.4188e-07
-0.29714,0.1859,1.331554e-06,96.70644,-1.554954e-07,1.322418e-06
-0.29714,0.1858,1.699458e-06,98.49067,-2.508983e-07,1.680705e-06
-0.29714,0.1857,1.133194e-06,121.9948,-6.003901e-07,9.61069e-07
-0.29714,0.1856,2.256894e-06,109.5568,-7.554832e-07,2.126667e-06
-0.29714,0.1855,1.27069e-06,77.9933,2.643484e-07,1.242874e-06
-0.29714,0.1854,8.201077e-07,104.3959,-2.038646e-07,7.942523e-07
-0.29714,0.1853,8.437e-07,56.27005,4.684757e-07,7.016491e-07
-0.29714,0.1852,1.327928e-06,131.0085,-8.712708e-07,1.001972e-06
-0.29714,0.1851,1.643484e-06,108.9326,-5.332343e-07,1.55453e-06
-0.29714,0.185,2.158105e-06,112.7366,-8.340943e-07,1.990361e-06
-0.29714,0.1849,1.786435e-06,111.0342,-6.411597e-07,1.667384e-06
-0.29714,0.1848,8.36363e-07,64.00211,3.665462e-07,7.516108e-07
-0.29714,0.1847,1.318367e-06,114.6787,-5.504228e-07,1.197975e-06
-0.29714,0.1846,8.345805e-07,106.521,-2.373084e-07,8.001141e-07
-0.29714,0.1845,9.8617e-07,113.5056,-3.933347e-07,9.043067e-07
-0.29714,0.1844,1.476628e-06,123.1442,-8.073113e-07,1.236347e-06
-0.29714,0.1843,1.972429e-06,104.0916,-4.802048e-07,1.913079e-06
-0.29714,0.1842,1.913387e-06,116.2898,-8.474215e-07,1.71535e-06
-0.29714,0.1841,1.085512e-06,125.3419,-6.27838e-07,8.85386e-07
-0.29714,0.184,1.356225e-06,118.7131,-6.515532e-07,1.189447e-06
-0.29714,0.1839,1.561291e-06,109.6224,-5.243103e-07,1.470588e-06
-0.29714,0.1838,1.590566e-06,129.3903,-1.009309e-06,1.22915e-06
-0.29714,0.1837,1.528076e-06,120.9466,-7.857307e-07,1.310426e-06
-0.29714,0.1836,1.629436e-06,131.1256,-1.071665e-06,1.227417e-06
-0.29714,0.1835,1.150958e-06,109.006,-3.748107e-07,1.088183e-06
-0.29714,0.1834,1.679409e-06,113.5458,-6.708763e-07,1.539604e-06
-0.29714,0.1833,1.549422e-06,90.53229,-1.439452e-08,1.549333e-06
-0.29714,0.1832,7.409993e-07,97.30443,-9.4207e-08,7.348246e-07
-0.29714,0.1831,1.067977e-06,83.36611,1.233816e-07,1.060735e-06
-0.29714,0.183,1.084338e-06,109.7955,-3.672167e-07,1.020228e-06
-0.29714,0.1829,1.185385e-06,118.2585,-5.612187e-07,1.044077e-06
-0.29714,0.1828,1.534994e-06,94.40028,-1.17788e-07,1.530412e-06
-0.29714,0.1827,2.059796e-06,74.389,5.54284e-07,1.9837e-06
-0.29714,0.1826,1.279179e-06,105.5471,-3.42831e-07,1.232217e-06
-0.29714,0.1825,1.020077e-07,150.3226,-8.860789e-08,5.049817e-08
-0.29714,0.1824,1.001888e-06,109.8401,-3.40037e-07,9.424164e-07
-0.29714,0.1823,1.6203e-06,102.3118,-3.454964e-07,1.582905e-06
-0.29714,0.1822,2.14361e-06,122.6017,-1.154942e-06,1.805819e-06
-0.29714,0.1821,9.099561e-07,134.6687,-6.396956e-07,6.471499e-07
-0.29714,0.182,1.448867e-06,118.5033,-6.913952e-07,1.273255e-06
-0.29714,0.1819,8.058082e-07,171.1543,-7.961243e-07,1.239124e-07
-0.29714,0.1818,7.078964e-07,109.2665,-2.335757e-07,6.682053e-07
-0.29714,0.1817,1.402337e-06,115.454,-6.026532e-07,1.266058e-06
-0.29714,0.1816,1.190979e-06,104.2289,-2.927351e-07,1.1544e-06
-0.29714,0.1815,1.498231e-06,68.57237,5.47355e-07,1.394636e-06
-0.29714,0.1814,1.110875e-06,66.66224,4.400946e-07,1.01996e-06
-0.29714,0.1813,6.582811e-07,118.3582,-3.125891e-07,5.792006e-07
-0.29714,0.1812,7.109083e-07,101.9743,-1.474991e-07,6.95385e-07
-0.29714,0.1811,1.769252e-06,146.2429,-1.470856e-06,9.830519e-07
-0.29714,0.181,1.062914e-06,137.9879,-7.897261e-07,7.113721e-07
-0.29714,0.1809,9.224005e-07,122.6721,-4.979297e-07,7.763989e-07
-0.29714,0.1808,1.252043e-06,110.6005,-4.405025e-07,1.171857e-06
-0.29714,0.1807,1.007409e-06,120.7473,-5.149841e-07,8.656661e-07
-0.29714,0.1806,1.258363e-06,118.0435,-5.915947e-07,1.110568e-06
-0.29714,0.1805,1.299653e-06,145.0995,-1.065803e-06,7.434859e-07
-0.29714,0.1804,1.729583e-06,64.04145,7.570758e-07,1.55506e-06
-0.29714,0.1803,8.531883e-07,111.6689,-3.149863e-07,7.927827e-07
-0.29714,0.1802,7.687658e-07,153.4705,-6.877966e-07,3.433618e-07
-0.29714,0.1801,8.109938e-07,82.60989,1.043267e-07,8.042436e-07
-0.29714,0.18,6.691105e-07,72.52084,2.009253e-07,6.380919e-07
-0.29714,0.1799,1.42727e-07,93.647,-9.063631e-09,1.424308e-07
-0.29714,0.1798,1.597467e-06,110.3094,-5.544237e-07,1.498036e-06
-0.29714,0.1797,1.676173e-06,179.9905,-1.67605e-06,2.626329e-10
-0.29714,0.1796,7.08796e-07,160.8365,-6.694067e-07,2.326369e-07
-0.29714,0.1795,1.09885e-06,-128.0108,-6.766039e-07,-8.656717e-07
-0.29714,0.1794,1.369725e-06,-166.9686,-1.334415e-06,-3.088563e-07
-0.29714,0.1793,1.665942e-06,-175.9543,-1.661662e-06,-1.175198e-07
-0.29714,0.1792,3.143157e-07,163.5191,-3.012623e-07,8.913315e-08
-0.29714,0.1791,2.094095e-06,164.514,-2.017948e-06,5.590785e-07
-0.29714,0.179,1.158138e-06,122.5077,-6.222389e-07,9.763911e-07
-0.29714,0.1789,5.423482e-07,162.603,-5.175154e-07,1.621507e-07
-0.29714,0.1788,1.080382e-06,167.2003,-1.053409e-06,2.392977e-07
-0.29714,0.1787,1.461043e-06,142.1649,-1.153875e-06,8.961819e-07
-0.29714,0.1786,7.455646e-07,130.7042,-4.862006e-07,5.652084e-07
-0.29714,0.1785,9.651705e-07,177.902,-9.64405e-07,3.530457e-08
-0.29714,0.1784,7.165577e-07,155.0799,-6.49821e-07,3.019217e-07
-0.29714,0.1783,7.166136e-07,74.86722,1.870673e-07,6.916522e-07
-0.29714,0.1782,9.36577e-07,142.4629,-7.425583e-07,5.705393e-07
-0.29714,0.1781,1.493934e-06,153.1427,-1.332683e-06,6.748661e-07
-0.29714,0.178,7.148478e-07,-116.2216,-3.157854e-07,-6.411597e-07
-0.29714,0.1779,1.875227e-06,-169.9742,-1.846466e-06,-3.264471e-07
-0.29714,0.1778,1.105651e-06,175.727,-1.102443e-06,8.233822e-08
-0.29714,0.1777,1.061562e-06,148.4466,-9.045805e-07,5.554798e-07
-0.29714,0.1776,2.878407e-06,-131.6938,-1.914555e-06,-2.149326e-06
-0.29714,0.1775,2.26199e-06,-141.3488,-1.766519e-06,-1.412764e-06
-0.29714,0.1774,1.580866e-06,-123.5865,-8.744671e-07,-1.31683e-06
-0.29714,0.1773,3.665998e-06,-126.6418,-2.187833e-06,-2.941444e-06
-0.29714,0.1772,2.91608e-06,-126.8363,-1.748269e-06,-2.333862e-06
-0.29714,0.1771,3.316825e-06,-132.7533,-2.251518e-06,-2.435395e-06
-0.29714,0.177,3.070553e-06,-132.3726,-2.06938e-06,-2.268444e-06
-0.29714,0.1769,3.812301e-06,-126.0727,-2.244723e-06,-3.081349e-06
-0.29714,0.1768,3.310449e-06,-131.9569,-2.21328e-06,-2.461776e-06
-0.29714,0.1767,3.939963e-06,-139.1195,-2.978889e-06,-2.578631e-06
-0.29714,0.1766,3.243712e-06,-131.8393,-2.163715e-06,-2.416608e-06
-0.29714,0.1765,4.094844e-06,-138.5461,-3.068961e-06,-2.710802e-06
-0.29714,0.1764,3.270188e-06,-127.0422,-1.969981e-06,-2.610208e-06
-0.29714,0.1763,3.862872e-06,-140.3675,-2.974888e-06,-2.46391e-06
-0.29714,0.1762,3.128254e-06,-126.4071,-1.856591e-06,-2.517605e-06
-0.29714,0.1761,3.759071e-06,-119.2752,-1.838207e-06,-3.278944e-06
-0.29714,0.176,3.734037e-06,-134.5328,-2.618735e-06,-2.661773e-06
-0.29714,0.1759,3.112485e-06,-132.1423,-2.0883e-06,-2.30775e-06
-0.29714,0.1758,3.932498e-06,-133.2328,-2.693613e-06,-2.865096e-06
-0.29714,0.1757,3.507491e-06,-129.7688,-2.243662e-06,-2.695882e-06
-0.29714,0.1756,3.44019e-06,-132.5501,-2.326268e-06,-2.534257e-06
-0.29714,0.1755,3.230882e-06,-120.798,-1.654196e-06,-2.775158e-06
-0.29714,0.1754,3.690613e-06,-131.13,-2.427533e-06,-2.779824e-06
-0.29714,0.1753,4.065943e-06,-126.0028,-2.389959e-06,-3.289209e-06
-0.29714,0.1752,2.653419e-06,-131.0255,-1.741603e-06,-2.001693e-06
-0.29714,0.1751,2.344306e-06,-126.9989,-1.410763e-06,-1.872181e-06
-0.29714,0.175,2.996211e-06,-125.1666,-1.725615e-06,-2.449253e-06
-0.29714,0.1749,2.27753e-06,-141.6469,-1.785976e-06,-1.413166e-06
-0.29714,0.1748,1.704867e-06,-152.3997,-1.510832e-06,-7.898602e-07
-0.29714,0.1747,3.221925e-06,-160.0083,-3.027655e-06,-1.10151e-06
-0.29714,0.1746,1.179216e-06,-164.4851,-1.136155e-06,-3.15383e-07
-0.29714,0.1745,5.72199e-07,-140.0825,-4.387702e-07,-3.670826e-07
-0.29714,0.1744,1.157965e-06,-173.3967,-1.150276e-06,-1.331102e-07
-0.29714,0.1743,9.239986e-07,-149.0131,-7.921233e-07,-4.75673e-07
-0.29714,0.1742,2.086132e-06,171.4603,-2.062981e-06,3.097839e-07
-0.29714,0.1741,1.157434e-06,-176.4561,-1.155076e-06,-7.155351e-08
-0.29714,0.174,9.585376e-07,165.0113,-9.257644e-07,2.478249e-07
-0.29714,0.1739,3.083255e-07,-159.8207,-2.892706e-07,-1.063272e-07
-0.29714,0.1738,9.665004e-07,-117.0347,-4.393011e-07,-8.608773e-07
-0.29714,0.1737,3.773085e-07,170.5459,-3.721453e-07,6.195344e-08
-0.29714,0.1736,1.10636e-06,121.987,-5.860012e-07,9.38287e-07
-0.29714,0.1735,1.591393e-06,152.0771,-1.406103e-06,7.452182e-07
-0.29714,0.1734,9.74927e-07,136.6391,-7.087178e-07,6.692726e-07
-0.29714,0.1733,1.550473e-06,113.0824,-6.0785e-07,1.426348e-06
-0.29714,0.1732,1.341221e-06,111.0044,-4.807412e-07,1.252071e-06
-0.29714,0.1731,1.248976e-06,56.73864,6.849914e-07,1.044346e-06
-0.29714,0.173,5.065072e-07,139.7363,-3.864057e-07,3.272406e-07
-0.29714,0.1729,8.315574e-07,126.3271,-4.925988e-07,6.699375e-07
-0.29714,0.1728,1.620182e-06,103.6388,-3.82008e-07,1.574378e-06
-0.29714,0.1727,9.508822e-07,121.7579,-5.00461e-07,8.085072e-07
-0.29714,0.1726,1.828171e-06,111.0053,-6.55286e-07,1.706555e-06
-0.29714,0.1725,1.51837e-06,105.2901,-4.003923e-07,1.464592e-06
-0.29714,0.1724,1.600457e-06,95.98793,-1.669563e-07,1.591701e-06
-0.29714,0.1723,2.002833e-06,100.3911,-3.612209e-07,1.969976e-06
-0.29714,0.1722,1.685198e-06,113.6436,-6.758049e-07,1.5436e-06
-0.29714,0.1721,1.519309e-06,127.6699,-9.284298e-07,1.202635e-06
-0.29714,0.172,1.372972e-06,107.6793,-4.169158e-07,1.308029e-06
-0.29714,0.1719,1.753667e-06,114.2101,-7.191058e-07,1.599429e-06
-0.29714,0.1718,8.121114e-07,113.9828,-3.300402e-07,7.418878e-07
-0.29714,0.1717,1.206384e-06,86.6817,6.981566e-08,1.204233e-06
-0.29714,0.1716,1.46614e-06,90.94744,-2.425163e-08,1.465922e-06
-0.29714,0.1715,2.160659e-06,84.67563,2.005286e-07,2.151316e-06
-0.29714,0.1714,1.13306e-06,55.32859,6.444845e-07,9.317547e-07
-0.29714,0.1713,1.373838e-06,93.06388,-7.341988e-08,1.371854e-06
-0.29714,0.1712,1.465955e-06,82.15352,2.001263e-07,1.452198e-06
-0.29714,0.1711,1.997284e-06,95.08658,-1.770816e-07,1.989293e-06
-0.29714,0.171,1.340752e-06,72.50248,4.030521e-07,1.278586e-06
-0.29714,0.1709,2.011718e-06,94.13309,-1.449678e-07,2.006482e-06
-0.29714,0.1708,1.578317e-06,82.13516,2.159792e-07,1.563454e-06
-0.29714,0.1707,2.128176e-06,107.403,-6.364993e-07,2.030733e-06
-0.29714,0.1706,2.164246e-06,98.27648,-3.115218e-07,2.141593e-06
-0.29714,0.1705,4.521701e-07,98.62531,-6.782077e-08,4.470236e-07
-0.29714,0.1704,1.464525e-06,94.84266,-1.236498e-07,1.459261e-06
-0.29714,0.1703,1.739703e-06,104.2507,-4.282426e-07,1.686036e-06
-0.29714,0.1702,2.947004e-06,94.92309,-2.528931e-07,2.936113e-06
-0.29714,0.1701,1.682991e-06,109.0664,-5.497578e-07,1.590633e-06
-0.29714,0.17,1.701677e-06,77.57104,3.662779e-07,1.661784e-06
-0.29714,0.1699,1.883508e-06,98.04393,-2.635549e-07,1.86485e-06
-0.29714,0.1698,1.054605e-06,127.1436,-6.367675e-07,8.40621e-07
-0.29714,0.1697,1.172047e-06,77.3516,2.566203e-07,1.143475e-06
-0.29714,0.1696,8.536521e-07,69.24378,3.024581e-07,7.981136e-07
-0.29714,0.1695,1.560341e-06,87.06725,7.980689e-08,1.558257e-06
-0.29714,0.1694,1.402515e-06,84.35827,1.379046e-07,1.395704e-06
-0.29714,0.1693,1.823801e-06,104.3014,-4.504937e-07,1.767178e-06
-0.29714,0.1692,1.314723e-06,97.57719,-1.733489e-07,1.303235e-06
-0.29714,0.1691,1.393888e-06,85.48255,1.097861e-07,1.38944e-06
-0.29714,0.169,1.188464e-06,80.80817,1.898668e-07,1.173192e-06
-0.29714,0.1689,1.601569e-06,119.5934,-7.909275e-07,1.392642e-06
-0.29714,0.1688,1.227155e-06,90.21755,-4.665926e-09,1.227021e-06
-0.29714,0.1687,1.934789e-06,87.17391,9.539723e-08,1.932403e-06
-0.29714,0.1686,2.046257e-06,94.444,-1.585576e-07,2.04006e-06
-0.29714,0.1685,1.530278e-06,63.29397,6.876569e-07,1.366926e-06
-0.29714,0.1684,1.466112e-06,110.5647,-5.149841e-07,1.372653e-06
-0.29714,0.1683,2.03365e-06,88.72383,4.530139e-08,2.033131e-06
-0.29714,0.1682,2.049012e-06,117.7882,-9.552128e-07,1.812614e-06
-0.29714,0.1681,1.552401e-06,74.06115,4.262365e-07,1.492571e-06
-0.29714,0.168,1.476069e-06,99.2469,-2.371743e-07,1.456864e-06
-0.29714,0.1679,2.074342e-06,88.49827,5.435943e-08,2.073504e-06
-0.29714,0.1678,1.443391e-06,103.1703,-3.288444e-07,1.405298e-06
-0.29714,0.1677,1.900395e-06,107.1312,-5.59749e-07,1.81595e-06
-0.29714,0.1676,2.212934e-06,117.9875,-1.038489e-06,1.954117e-06
-0.29714,0.1675,1.121453e-06,95.35147,-1.045949e-07,1.11643e-06
-0.29714,0.1674,1.269729e-06,87.17828,6.248988e-08,1.268059e-06
-0.29714,0.1673,1.256838e-06,87.52086,5.435943e-08,1.25553e-06
-0.29714,0.1672,1.553161e-06,100.9839,-2.959314e-07,1.524679e-06
-0.29714,0.1671,1.683315e-06,87.35138,7.7812e-08,1.681504e-06
-0.29714,0.167,1.452377e-06,72.79973,4.294328e-07,1.387311e-06
-0.29714,0.1669,1.767028e-06,70.88727,5.785301e-07,1.669513e-06
-0.29714,0.1668,1.425281e-06,74.18704,3.88395e-07,1.371318e-06
-0.29714,0.1667,2.177853e-06,82.35635,2.896673e-07,2.158379e-06
-0.29714,0.1666,2.101868e-06,51.98482,1.294439e-06,1.655923e-06
-0.29714,0.1665,1.127712e-06,98.76082,-1.717507e-07,1.114429e-06
-0.29714,0.1664,2.220438e-06,83.18251,2.635493e-07,2.204613e-06
-0.29714,0.1663,2.003984e-06,79.30458,3.718771e-07,1.969043e-06
-0.29714,0.1662,1.777326e-06,74.32517,4.801992e-07,1.711221e-06
-0.29714,0.1661,1.231675e-06,68.41762,4.530195e-07,1.145208e-06
-0.29714,0.166,2.003537e-06,89.40476,2.078153e-08,2.003286e-06
-0.29714,0.1659,8.027125e-07,77.39269,1.752097e-07,7.833223e-07
-0.29714,0.1658,1.856289e-06,108.7883,-5.978588e-07,1.757321e-06
-0.29714,0.1657,1.558084e-06,69.77621,5.385596e-07,1.461926e-06
-0.29714,0.1656,2.553882e-06,84.37401,2.503562e-07,2.541448e-06
-0.29714,0.1655,1.976005e-06,85.4301,1.574903e-07,1.969708e-06
-0.29714,0.1654,1.487536e-06,85.57348,1.148488e-07,1.48311e-06
-0.29714,0.1653,1.907458e-06,81.78296,2.726074e-07,1.887766e-06
-0.29714,0.1652,1.952692e-06,90.4029,-1.372396e-08,1.952653e-06
-0.29714,0.1651,1.10645e-06,61.56395,5.268361e-07,9.729266e-07
-0.29714,0.165,1.262057e-06,90.3146,-6.929039e-09,1.261929e-06
-0.29714,0.1649,2.192191e-06,80.88598,3.472231e-07,2.164375e-06
-0.29714,0.1648,1.870214e-06,80.31596,3.145784e-07,1.843526e-06
-0.29714,0.1647,1.790815e-06,90.74648,-2.331845e-08,1.790631e-06
-0.29714,0.1646,1.606045e-06,87.26046,7.67447e-08,1.604095e-06
-0.29714,0.1645,1.998765e-06,77.50635,4.323665e-07,1.951323e-06
-0.29714,0.1644,1.358164e-06,71.27543,4.359651e-07,1.28618e-06
-0.29714,0.1643,1.563906e-06,66.11071,6.332974e-07,1.429812e-06
-0.29714,0.1642,2.189174e-06,89.81916,6.923452e-09,2.189157e-06
-0.29714,0.1641,2.403644e-06,77.45608,5.220361e-07,2.346251e-06
-0.29714,0.164,2.516571e-06,82.04568,3.482904e-07,2.49228e-06
-0.29714,0.1639,1.135278e-06,62.78353,5.192421e-07,1.009566e-06
-0.29714,0.1638,1.117e-06,87.83297,4.223361e-08,1.116162e-06
-0.29714,0.1637,1.842951e-06,78.39283,3.708098e-07,1.805154e-06
-0.29714,0.1636,1.98285e-06,75.23691,5.052499e-07,1.917343e-06
-0.29714,0.1635,2.086345e-06,59.46499,1.059936e-06,1.796895e-06
-0.29714,0.1634,1.932408e-06,50.73552,1.222891e-06,1.496035e-06
-0.29714,0.1633,2.43283e-06,77.28778,5.353633e-07,2.373162e-06
-0.29714,0.1632,1.173365e-06,97.84559,-1.601614e-07,1.162262e-06
-0.29714,0.1631,1.098426e-06,119.6249,-5.429629e-07,9.548049e-07
-0.29714,0.163,1.565717e-06,80.6543,2.542231e-07,1.544801e-06
-0.29714,0.1629,1.547215e-06,68.34069,5.710702e-07,1.437943e-06
-0.29714,0.1628,1.094615e-06,79.87022,1.925323e-07,1.077521e-06
-0.29714,0.1627,1.331984e-06,90.82079,-1.905485e-08,1.33175e-06
-0.29714,0.1626,2.104505e-06,80.0678,3.629475e-07,2.072839e-06
-0.29714,0.1625,1.927563e-06,95.904,-1.982655e-07,1.917209e-06
-0.29714,0.1624,1.997189e-06,105.6564,-5.389675e-07,1.923076e-06
-0.29714,0.1623,1.913392e-06,79.7723,3.397632e-07,1.882966e-06
-0.29714,0.1622,1.842459e-06,70.0576,6.283633e-07,1.731874e-06
-0.29714,0.1621,1.47389e-06,63.50292,6.575435e-07,1.318953e-06
-0.29714,0.162,2.19736e-06,107.1508,-6.479546e-07,2.099622e-06
-0.29714,0.1619,2.420358e-06,94.08238,-1.722816e-07,2.414206e-06
-0.29714,0.1618,1.678749e-06,89.68102,9.326264e-09,1.678576e-06
-0.29714,0.1617,1.861609e-06,103.0689,-4.209112e-07,1.813285e-06
-0.29714,0.1616,1.496264e-06,58.94143,7.718671e-07,1.281648e-06
-0.29714,0.1615,1.318188e-06,105.3338,-3.485642e-07,1.271121e-06
-0.29714,0.1614,1.766145e-06,82.06435,2.438295e-07,1.749191e-06
-0.29714,0.1613,1.330124e-06,110.7221,-4.706103e-07,1.243941e-06
-0.29714,0.1612,2.039859e-06,69.95193,6.992518e-07,1.916147e-06
-0.29714,0.1611,1.728381e-06,108.4491,-5.469582e-07,1.639405e-06
-0.29714,0.161,1.41639e-06,71.01664,4.607476e-07,1.339344e-06
-0.29714,0.1609,1.145699e-06,46.61638,7.86921e-07,8.326247e-07
-0.29714,0.1608,1.795286e-06,70.41255,6.018485e-07,1.691367e-06
-0.29714,0.1607,1.404125e-06,58.51566,7.332265e-07,1.197304e-06
-0.29714,0.1606,1.982493e-06,82.71392,2.514235e-07,1.966377e-06
-0.29714,0.1605,1.637382e-06,89.45896,1.545064e-08,1.63727e-06
-0.29714,0.1604,1.506088e-06,93.98272,-1.045949e-07,1.502299e-06
-0.29714,0.1603,1.44162e-06,100.4261,-2.608895e-07,1.417687e-06
-0.29714,0.1602,1.96474e-06,92.25881,-7.741525e-08,1.963181e-06
-0.29714,0.1601,1.604497e-06,95.05948,-1.415032e-07,1.598099e-06
-0.29714,0.16,1.348692e-06,108.3411,-4.243757e-07,1.280184e-06
-0.29714,0.1599,2.119749e-06,103.9308,-5.103182e-07,2.057382e-06
-0.29714,0.1598,1.297434e-06,84.39499,1.26712e-07,1.291109e-06
-0.29714,0.1597,1.611029e-06,92.0997,-5.903095e-08,1.609822e-06
-0.29714,0.1596,1.908794e-06,85.69205,1.43364e-07,1.903356e-06
-0.29714,0.1595,2.195829e-06,103.071,-4.965942e-07,2.138927e-06
-0.29714,0.1594,2.135915e-06,111.0171,-7.660109e-07,1.993691e-06
-0.29714,0.1593,1.747772e-06,106.8095,-5.053896e-07,1.672977e-06
-0.29714,0.1592,1.067144e-06,82.26543,1.436322e-07,1.057405e-06
-0.29714,0.1591,4.307627e-07,77.07446,9.633041e-08,4.197098e-07
-0.29714,0.159,1.570679e-06,129.844,-1.006241e-06,1.205831e-06
-0.29714,0.1589,1.23856e-06,92.01664,-4.357472e-08,1.237677e-06
-0.29714,0.1588,1.877116e-06,89.89085,3.593042e-09,1.877104e-06
-0.29714,0.1587,2.181909e-06,92.35935,-8.980929e-08,2.179965e-06
-0.29714,0.1586,1.913135e-06,74.30594,5.175098e-07,1.841794e-06
-0.29714,0.1585,1.824969e-06,84.56285,1.729466e-07,1.816749e-06
-0.29714,0.1584,1.336896e-06,92.63475,-6.142817e-08,1.335477e-06
-0.29714,0.1583,1.073827e-06,71.89663,3.336332e-07,1.02063e-06
-0.29714,0.1582,1.727622e-06,88.21415,5.382858e-08,1.726677e-06
-0.29714,0.1581,2.574183e-06,79.64728,4.626139e-07,2.532256e-06
-0.29714,0.158,1.853099e-06,87.27619,8.807145e-08,1.850992e-06
-0.29714,0.1579,1.230396e-06,57.35062,6.638076e-07,1.035952e-06
-0.29714,0.1578,1.662377e-06,72.31976,5.048476e-07,1.583838e-06
-0.29714,0.1577,2.381622e-06,97.82374,-3.241784e-07,2.359438e-06
-0.29714,0.1576,1.913661e-06,92.04724,-6.835721e-08,1.912415e-06
-0.29714,0.1575,1.81562e-06,81.55565,2.666115e-07,1.795828e-06
-0.29714,0.1574,1.44666e-06,114.1209,-5.911979e-07,1.320289e-06
-0.29714,0.1573,1.398369e-06,81.92721,1.963935e-07,1.384511e-06
-0.29714,0.1572,1.901177e-06,111.7633,-7.04851e-07,1.76558e-06
-0.29714,0.1571,1.711271e-06,109.3854,-5.680136e-07,1.61422e-06
-0.29714,0.157,2.025738e-06,80.23129,3.437586e-07,1.996356e-06
-0.29714,0.1569,1.570735e-06,108.9448,-5.099214e-07,1.485507e-06
-0.29714,0.1568,1.850277e-06,88.66263,4.31668e-08,1.849656e-06
-0.29714,0.1567,1.559754e-06,104.3548,-3.866683e-07,1.510955e-06
-0.29714,0.1566,5.372241e-07,93.9967,-3.744475e-08,5.358941e-07
-0.29714,0.1565,8.021257e-07,85.09438,6.861425e-08,7.991809e-07
-0.29714,0.1564,1.396005e-06,78.61392,2.75541e-07,1.36839e-06
-0.29714,0.1563,1.644825e-06,117.9893,-7.718726e-07,1.452332e-06
-0.29714,0.1562,1.643691e-06,93.216,-9.220652e-08,1.641003e-06
-0.29714,0.1561,1.992713e-06,102.2296,-4.221126e-07,1.947456e-06
-0.29714,0.156,1.137966e-06,99.74073,-1.925379e-07,1.121493e-06
-0.29714,0.1559,1.003537e-06,76.18634,2.395659e-07,9.743962e-07
-0.29714,0.1558,2.061115e-06,70.08382,7.020458e-07,1.937728e-06
-0.29714,0.1557,4.912801e-07,85.52102,3.837235e-08,4.896596e-07
-0.29714,0.1556,1.388596e-06,81.12378,2.142526e-07,1.371854e-06
-0.29714,0.1555,1.004632e-06,87.71845,3.99705e-08,1.003704e-06
-0.29714,0.1554,2.103611e-06,120.3549,-1.063004e-06,1.815151e-06
-0.29714,0.1553,9.63103e-07,102.0827,-2.015959e-07,9.416174e-07
-0.29714,0.1552,1.170979e-06,120.5437,-5.950592e-07,1.008505e-06
-0.29714,0.1551,1.558681e-06,93.58842,-9.753741e-08,1.555591e-06
-0.29714,0.155,1.020329e-06,70.01663,3.486927e-07,9.588059e-07
-0.29714,0.1549,1.493677e-06,96.73704,-1.752153e-07,1.483244e-06
-0.29714,0.1548,1.907441e-06,105.5891,-5.125813e-07,1.837268e-06
-0.29714,0.1547,2.11391e-06,65.96646,8.608717e-07,1.930536e-06
-0.29714,0.1546,1.035232e-06,97.50026,-1.351106e-07,1.026224e-06
-0.29714,0.1545,9.246356e-07,143.1255,-7.396247e-07,5.548149e-07
-0.29714,0.1544,1.61484e-06,91.97118,-5.556643e-08,1.613818e-06
-0.29714,0.1543,1.282224e-06,66.63689,5.084462e-07,1.177053e-06
-0.29714,0.1542,1.660661e-06,100.5695,-3.045927e-07,1.632476e-06
-0.29714,0.1541,2.453746e-06,114.6822,-1.024631e-06,2.22953e-06
-0.29714,0.154,2.129757e-06,98.55974,-3.169868e-07,2.106014e-06
-0.29714,0.1539,1.492185e-06,125.167,-8.594132e-07,1.219823e-06
-0.29714,0.1538,1.252155e-06,113.6514,-5.023218e-07,1.14694e-06
-0.29714,0.1537,1.330509e-06,80.37279,2.225115e-07,1.311762e-06
-0.29714,0.1536,1.300591e-06,71.01315,4.231743e-07,1.229815e-06
-0.29714,0.1535,1.429812e-06,104.8452,-3.662835e-07,1.38198e-06
-0.29714,0.1534,1.302614e-06,94.05353,-9.207241e-08,1.299234e-06
-0.29714,0.1533,1.804003e-06,93.81573,-1.200512e-07,1.799957e-06
-0.29714,0.1532,1.483289e-06,103.359,-3.427024e-07,1.443006e-06
-0.29714,0.1531,1.425599e-06,108.6371,-4.555564e-07,1.350665e-06
-0.29714,0.153,1.138234e-06,98.35342,-1.653581e-07,1.126024e-06
-0.29714,0.1529,1.334806e-06,89.30247,1.62553e-08,1.334678e-06
-0.29714,0.1528,2.317601e-06,87.85833,8.660182e-08,2.315869e-06
-0.29714,0.1527,1.825388e-06,67.54523,6.972514e-07,1.686969e-06
-0.29714,0.1526,2.039752e-06,96.34188,-2.253167e-07,2.027135e-06
-0.29714,0.1525,9.87824e-07,99.81766,-1.684203e-07,9.733289e-07
-0.29714,0.1524,1.286923e-06,100.0239,-2.239812e-07,1.267259e-06
-0.29714,0.1523,1.254374e-06,92.07697,-4.54355e-08,1.253535e-06
-0.29714,0.1522,1.089256e-06,101.0669,-2.090614e-07,1.068994e-06
-0.29714,0.1521,1.441737e-06,109.2429,-4.751421e-07,1.361059e-06
-0.29714,0.152,1.879256e-06,79.57209,3.401655e-07,1.848192e-06
-0.29714,0.1519,2.603592e-06,84.61487,2.443604e-07,2.592081e-06
-0.29714,0.1518,1.839732e-06,86.26731,1.197829e-07,1.835798e-06
-0.29714,0.1517,1.74125e-06,87.84259,6.555207e-08,1.739865e-06
-0.29714,0.1516,2.481037e-06,98.57679,-3.700163e-07,2.453243e-06
-0.29714,0.1515,1.342931e-06,112.8761,-5.220416e-07,1.23728e-06
-0.29714,0.1514,1.217566e-06,89.09277,1.931749e-08,1.217426e-06
-0.29714,0.1513,2.185234e-06,93.98927,-1.520309e-07,2.179831e-06
-0.29714,0.1512,1.723291e-06,88.3479,4.969909e-08,1.722548e-06
-0.29714,0.1511,1.718318e-06,90.23504,-7.06315e-09,1.71815e-06
-0.29714,0.151,2.196036e-06,90.45885,-1.759082e-08,2.195818e-06
-0.29714,0.1509,1.332778e-06,87.354,6.155669e-08,1.331347e-06
-0.29714,0.1508,1.032616e-06,102.7786,-2.283789e-07,1.006906e-06
-0.29714,0.1507,1.654503e-06,86.20961,1.093894e-07,1.65086e-06
-0.29714,0.1506,1.913806e-06,93.73268,-1.24583e-07,1.909615e-06
-0.29714,0.1505,1.684924e-06,90.58474,-1.718848e-08,1.684706e-06
-0.29714,0.1504,1.764345e-06,112.6304,-6.788671e-07,1.628475e-06
-0.29714,0.1503,1.987371e-06,118.4316,-9.461492e-07,1.747593e-06
-0.29714,0.1502,2.727951e-06,94.98779,-2.371743e-07,2.717591e-06
-0.29714,0.1501,2.192443e-06,110.6071,-7.716044e-07,2.052051e-06
-0.29714,0.15,1.978805e-06,93.9967,-1.379102e-07,1.973971e-06
-0.297426,0.2,2.540325e-06,69.21056,9.016413e-07,2.374894e-06
-0.297426,0.1999,2.479383e-06,78.97892,4.739351e-07,2.433523e-06
-0.297426,0.1998,1.803969e-06,83.96748,1.895986e-07,1.793961e-06
-0.297426,0.1997,1.644909e-06,86.71142,9.432993e-08,1.642065e-06
-0.297426,0.1996,1.461334e-06,89.62857,9.454786e-09,1.461256e-06
-0.297426,0.1995,1.568187e-06,106.2596,-4.390329e-07,1.505361e-06
-0.297426,0.1994,1.848293e-06,125.5115,-1.073531e-06,1.504428e-06
-0.297426,0.1993,1.835145e-06,111.1758,-6.6288e-07,1.711221e-06
-0.297426,0.1992,1.020597e-06,87.29193,4.822947e-08,1.019429e-06
-0.297426,0.1991,1.213649e-06,80.66829,1.967959e-07,1.197572e-06
-0.297426,0.199,1.632934e-06,44.22026,1.170258e-06,1.138815e-06
-0.297426,0.1989,1.054381e-06,68.24714,3.906637e-07,9.791906e-07
-0.297426,0.1988,1.494588e-06,81.56702,2.191811e-07,1.478316e-06
-0.297426,0.1987,2.917572e-07,158.7122,-2.718139e-07,1.059249e-07
-0.297426,0.1986,1.992389e-06,91.21059,-4.210509e-08,1.991825e-06
-0.297426,0.1985,2.008108e-06,84.95275,1.766737e-07,2.000223e-06
-0.297426,0.1984,2.208083e-06,76.4696,5.165766e-07,2.146655e-06
-0.297426,0.1983,1.928402e-06,84.8627,1.726783e-07,1.920545e-06
-0.297426,0.1982,2.742139e-06,73.60961,7.737334e-07,2.630587e-06
-0.297426,0.1981,2.475762e-06,68.14191,9.217634e-07,2.297747e-06
-0.297426,0.198,2.302709e-06,74.65215,6.094425e-07,2.220472e-06
-0.297426,0.1979,1.935208e-06,68.10826,7.21503e-07,1.79556e-06
-0.297426,0.1978,2.004979e-06,45.57602,1.403298e-06,1.431813e-06
-0.297426,0.1977,1.920182e-06,85.29197,1.576244e-07,1.913616e-06
-0.297426,0.1976,2.865901e-06,69.02523,1.025827e-06,2.675889e-06
-0.297426,0.1975,2.282666e-06,83.42774,2.612862e-07,2.26764e-06
-0.297426,0.1974,1.239242e-06,83.39845,1.424308e-07,1.230882e-06
-0.297426,0.1973,1.3902e-06,61.86994,6.554145e-07,1.225953e-06
-0.297426,0.1972,1.500036e-06,66.97086,5.867946e-07,1.380382e-06
-0.297426,0.1971,2.503886e-06,65.58965,1.034751e-06,2.280028e-06
-0.297426,0.197,1.788446e-06,67.7061,6.784647e-07,1.654727e-06
-0.297426,0.1969,2.241482e-06,92.32001,-9.074248e-08,2.239521e-06
-0.297426,0.1968,2.074392e-06,73.71758,5.815979e-07,1.99116e-06
-0.297426,0.1967,1.185122e-06,86.14404,7.967837e-08,1.182384e-06
-0.297426,0.1966,1.842113e-06,87.46666,8.141063e-08,1.840196e-06
-0.297426,0.1965,1.680823e-06,101.8012,-3.437642e-07,1.645132e-06
-0.297426,0.1964,1.378331e-06,103.2052,-3.148522e-07,1.341875e-06
-0.297426,0.1963,1.397609e-06,122.5881,-7.526837e-07,1.177456e-06
-0.297426,0.1962,2.061383e-06,103.929,-4.961974e-07,2.000754e-06
-0.297426,0.1961,8.722543e-07,81.4691,1.293774e-07,8.624698e-07
-0.297426,0.196,1.237593e-06,63.71362,5.4802e-07,1.109501e-06
-0.297426,0.1959,1.345245e-06,75.01572,3.477595e-07,1.299368e-06
-0.297426,0.1958,1.583196e-06,64.59136,6.792638e-07,1.429947e-06
-0.297426,0.1957,1.849019e-06,77.74238,3.925245e-07,1.806752e-06
-0.297426,0.1956,1.359947e-06,93.45031,-8.181296e-08,1.357465e-06
-0.297426,0.1955,2.253228e-06,74.51795,6.014518e-07,2.171438e-06
-0.297426,0.1954,7.175914e-07,89.27537,9.058043e-09,7.173679e-07
-0.297426,0.1953,2.08516e-06,103.6239,-4.911292e-07,2.02647e-06
-0.297426,0.1952,1.610862e-06,71.71479,5.05384e-07,1.529479e-06
-0.297426,0.1951,1.880077e-06,105.2822,-4.955269e-07,1.813547e-06
-0.297426,0.195,2.453265e-06,100.8545,-4.61949e-07,2.409271e-06
-0.297426,0.1949,1.338528e-06,75.66704,3.313701e-07,1.296836e-06
-0.297426,0.1948,1.019027e-06,65.38946,4.243701e-07,9.264294e-07
-0.297426,0.1947,2.244299e-06,93.41796,-1.337751e-07,2.240192e-06
-0.297426,0.1946,2.430282e-06,83.08154,2.927295e-07,2.412473e-06
-0.297426,0.1945,2.174299e-06,94.14402,-1.570936e-07,2.168504e-06
-0.297426,0.1944,1.499639e-06,71.29728,4.808641e-07,1.420352e-06
-0.297426,0.1943,1.324189e-06,62.07713,6.201043e-07,1.16999e-06
-0.297426,0.1942,1.511799e-06,81.24966,2.299714e-07,1.494169e-06
-0.297426,0.1941,1.370698e-06,86.70618,7.874518e-08,1.36839e-06
-0.297426,0.194,1.461043e-06,83.13793,1.745447e-07,1.450465e-06
-0.297426,0.1939,1.707946e-06,60.91275,8.302275e-07,1.492436e-06
-0.297426,0.1938,2.71758e-06,84.14976,2.770051e-07,2.703336e-06
-0.297426,0.1937,1.051219e-06,85.04368,9.086541e-08,1.047274e-06
-0.297426,0.1936,2.041703e-06,96.36636,-2.263784e-07,2.029001e-06
-0.297426,0.1935,2.627285e-06,80.40164,4.380941e-07,2.590483e-06
-0.297426,0.1934,2.203557e-06,88.8742,4.330091e-08,2.203015e-06
-0.297426,0.1933,1.558251e-06,70.90825,5.096476e-07,1.472448e-06
-0.297426,0.1932,1.758674e-06,73.52,4.988517e-07,1.686304e-06
-0.297426,0.1931,1.322122e-06,61.3314,6.34225e-07,1.159999e-06
-0.297426,0.193,2.66535e-06,59.00918,1.372385e-06,2.284822e-06
-0.297426,0.1929,1.378711e-06,74.75444,3.625452e-07,1.330146e-06
-0.297426,0.1928,1.447599e-06,58.87324,7.482804e-07,1.239147e-06
-0.297426,0.1927,1.881977e-06,87.77615,7.301196e-08,1.880435e-06
-0.297426,0.1926,1.754477e-06,66.7995,6.911214e-07,1.612488e-06
-0.297426,0.1925,2.176746e-06,62.85391,9.931828e-07,1.936929e-06
-0.297426,0.1924,1.560207e-06,64.42875,6.734021e-07,1.407293e-06
-0.297426,0.1923,2.266243e-06,78.39633,4.55819e-07,2.219801e-06
-0.297426,0.1922,1.688115e-06,83.19126,2.001263e-07,1.676179e-06
-0.297426,0.1921,7.987786e-07,31.08479,6.840582e-07,4.123784e-07
-0.297426,0.192,1.630676e-06,80.48645,2.695452e-07,1.608224e-06
-0.297426,0.1919,1.696463e-06,90.37492,-1.106411e-08,1.69643e-06
-0.297426,0.1918,2.288231e-06,95.41266,-2.158563e-07,2.277899e-06
-0.297426,0.1917,1.194722e-06,77.5317,2.579558e-07,1.166526e-06
-0.297426,0.1916,1.682929e-06,104.2507,-4.142504e-07,1.631006e-06
-0.297426,0.1915,1.801108e-06,92.49836,-7.848255e-08,1.799292e-06
-0.297426,0.1914,1.471756e-06,70.32337,4.955213e-07,1.385712e-06
-0.297426,0.1913,1.560604e-06,75.70376,3.853328e-07,1.512156e-06
-0.297426,0.1912,1.265214e-06,70.15726,4.294328e-07,1.189978e-06
-0.297426,0.1911,1.701358e-06,53.13783,1.02063e-06,1.361193e-06
-0.297426,0.191,1.687193e-06,61.52985,8.042436e-07,1.48311e-06
-0.297426,0.1909,1.934895e-06,71.27543,6.211716e-07,1.831535e-06
-0.297426,0.1908,1.529658e-06,109.0873,-5.001928e-07,1.445403e-06
-0.297426,0.1907,1.626189e-06,69.5253,5.688071e-07,1.523349e-06
-0.297426,0.1906,1.807322e-06,88.72908,4.010461e-08,1.806752e-06
-0.297426,0.1905,1.621121e-06,83.44479,1.850724e-07,1.610487e-06
-0.297426,0.1904,1.701397e-06,103.5977,-3.999955e-07,1.65366e-06
-0.297426,0.1903,1.284303e-06,135.9571,-9.230989e-07,8.927173e-07
-0.297426,0.1902,1.517191e-06,99.51879,-2.508983e-07,1.496169e-06
-0.297426,0.1901,1.239532e-06,98.88582,-1.914706e-07,1.224623e-06
-0.297426,0.19,1.773225e-06,71.72528,5.560163e-07,1.683773e-06
-0.297426,0.1899,1.840665e-06,61.02028,8.917842e-07,1.61009e-06
-0.297426,0.1898,1.605844e-06,95.05948,-1.416373e-07,1.599429e-06
-0.297426,0.1897,1.422045e-06,96.77988,-1.678895e-07,1.411959e-06
-0.297426,0.1896,1.322725e-06,100.8545,-2.490319e-07,1.298971e-06
-0.297426,0.1895,2.168532e-06,80.4541,3.596171e-07,2.138391e-06
-0.297426,0.1894,2.038389e-06,86.15366,1.367032e-07,2.033667e-06
-0.297426,0.1893,1.191778e-06,118.8618,-5.752053e-07,1.043681e-06
-0.297426,0.1892,1.358091e-06,94.39012,-1.0393e-07,1.354001e-06
-0.297426,0.1891,1.517057e-06,91.6757,-4.437379e-08,1.516286e-06
-0.297426,0.189,1.319976e-06,105.2053,-3.46167e-07,1.273652e-06
-0.297426,0.1889,1.105813e-06,97.28956,-1.403074e-07,1.096844e-06
-0.297426,0.1888,9.168684e-07,104.4326,-2.28513e-07,8.877888e-07
-0.297426,0.1887,9.544081e-07,79.77492,1.69482e-07,9.396169e-07
-0.297426,0.1886,1.29236e-06,82.66059,1.650843e-07,1.281648e-06
-0.297426,0.1885,1.334683e-06,97.34202,-1.705493e-07,1.323619e-06
-0.297426,0.1884,8.661355e-07,12.06002,8.468795e-07,1.809373e-07
-0.297426,0.1883,1.172957e-06,123.6302,-6.495583e-07,9.765252e-07
-0.297426,0.1882,1.954112e-06,87.02266,1.015271e-07,1.951452e-06
-0.297426,0.1881,5.159508e-07,123.8698,-2.875383e-07,4.283711e-07
-0.297426,0.188,2.197545e-06,101.7055,-4.458278e-07,2.151718e-06
-0.297426,0.1879,1.935906e-06,123.7421,-1.075264e-06,1.609688e-06
-0.297426,0.1878,2.392703e-06,102.1221,-5.024559e-07,2.339322e-06
-0.297426,0.1877,1.599971e-06,83.87131,1.70812e-07,1.590767e-06
-0.297426,0.1876,1.309264e-06,105.3863,-3.473628e-07,1.262197e-06
-0.297426,0.1875,1.685628e-06,87.13631,8.420459e-08,1.683371e-06
-0.297426,0.1874,1.506233e-06,89.61458,1.012533e-08,1.50616e-06
-0.297426,0.1873,1.865789e-06,100.281,-3.329738e-07,1.835798e-06
-0.297426,0.1872,1.074638e-06,100.705,-1.99601e-07,1.055806e-06
-0.297426,0.1871,1.304017e-06,75.51405,3.261733e-07,1.262459e-06
-0.297426,0.187,9.545702e-07,102.3327,-2.038646e-07,9.324252e-07
-0.297426,0.1869,1.163458e-06,66.95599,4.554167e-07,1.070592e-06
-0.297426,0.1868,9.385999e-07,78.17776,1.92264e-07,9.185671e-07
-0.297426,0.1867,6.632488e-07,122.7193,-3.584213e-07,5.578827e-07
-0.297426,0.1866,2.362433e-06,125.4682,-1.370793e-06,1.924004e-06
-0.297426,0.1865,1.75607e-06,105.8759,-4.803389e-07,1.689104e-06
-0.297426,0.1864,1.559911e-06,83.46228,1.776069e-07,1.54973e-06
-0.297426,0.1863,9.140297e-07,117.7724,-4.258453e-07,8.086413e-07
-0.297426,0.1862,9.558442e-07,124.5306,-5.417615e-07,7.873233e-07
-0.297426,0.1861,2.001553e-06,97.3971,-2.576932e-07,1.984767e-06
-0.297426,0.186,1.338489e-06,83.4955,1.516286e-07,1.329749e-06
-0.297426,0.1859,1.826707e-06,104.277,-4.504937e-07,1.770246e-06
-0.297426,0.1858,1.504339e-06,120.5402,-7.644128e-07,1.295641e-06
-0.297426,0.1857,2.604592e-07,79.67526,4.663132e-08,2.560894e-07
-0.297426,0.1856,9.127669e-07,137.7169,-6.75274e-07,6.141085e-07
-0.297426,0.1855,2.316819e-06,127.718,-1.417296e-06,1.832602e-06
-0.297426,0.1854,1.69401e-06,117.8896,-7.923915e-07,1.497231e-06
-0.297426,0.1853,1.551076e-06,103.4473,-3.6069e-07,1.508424e-06
-0.297426,0.1852,1.381292e-06,134.8917,-9.747985e-07,9.785257e-07
-0.297426,0.1851,1.601474e-06,110.8008,-5.686786e-07,1.496968e-06
-0.297426,0.185,1.234866e-06,147.1941,-1.037824e-06,6.690043e-07
-0.297426,0.1849,1.970462e-06,84.24549,1.975949e-07,1.960515e-06
-0.297426,0.1848,1.567555e-06,115.2382,-6.68345e-07,1.417955e-06
-0.297426,0.1847,2.170342e-06,98.38139,-3.163162e-07,2.147052e-06
-0.297426,0.1846,1.311762e-06,107.1941,-3.877356e-07,1.253133e-06
-0.297426,0.1845,1.15027e-06,111.4739,-4.210453e-07,1.070329e-06
-0.297426,0.1844,1.015232e-06,60.17226,5.049817e-07,8.807256e-07
-0.297426,0.1843,1.370625e-06,95.15914,-1.23253e-07,1.364925e-06
-0.297426,0.1842,1.7872e-06,97.27645,-2.263784e-07,1.772643e-06
-0.297426,0.1841,1.704812e-06,79.48292,3.111138e-07,1.676045e-06
-0.297426,0.184,2.100147e-06,106.3584,-5.914606e-07,2.015143e-06
-0.297426,0.1839,1.356504e-06,95.88127,-1.389719e-07,1.349335e-06
-0.297426,0.1838,1.428896e-06,105.5017,-3.818739e-07,1.376917e-06
-0.297426,0.1837,1.176835e-06,74.64952,3.115162e-07,1.134814e-06
-0.297426,0.1836,1.289041e-06,116.3108,-5.71344e-07,1.155467e-06
-0.297426,0.1835,1.391289e-06,126.3052,-8.237008e-07,1.12109e-06
-0.297426,0.1834,1.124516e-06,107.8367,-3.444347e-07,1.070458e-06
-0.297426,0.1833,1.699067e-06,117.8756,-7.94392e-07,1.501897e-06
-0.297426,0.1832,6.527658e-07,151.4896,-5.73473e-07,3.115162e-07
-0.297426,0.1831,1.550685e-06,83.14492,1.850724e-07,1.53947e-06
-0.297426,0.183,1.013372e-06,106.7221,-2.915337e-07,9.705293e-07
-0.297426,0.1829,5.851238e-07,95.4861,-5.596317e-08,5.822628e-07
-0.297426,0.1828,1.442508e-06,112.084,-5.422979e-07,1.336544e-06
-0.297426,0.1827,1.251233e-06,119.3879,-6.139799e-07,1.090178e-06
-0.297426,0.1826,1.834435e-06,122.7752,-9.930543e-07,1.542404e-06
-0.297426,0.1825,1.534665e-06,80.41825,2.554189e-07,1.513224e-06
-0.297426,0.1824,1.082047e-06,90.02784,-5.364418e-10,1.081919e-06
-0.297426,0.1823,1.309191e-06,96.10683,-1.392401e-07,1.301636e-06
-0.297426,0.1822,1.981051e-06,104.3347,-4.904642e-07,1.919344e-06
-0.297426,0.1821,1.47023e-06,65.05899,6.199702e-07,1.33308e-06
-0.297426,0.182,1.248545e-06,124.0612,-6.992574e-07,1.034354e-06
-0.297426,0.1819,9.869914e-07,112.7135,-3.810748e-07,9.104367e-07
-0.297426,0.1818,1.084048e-06,63.40675,4.852619e-07,9.693279e-07
-0.297426,0.1817,2.44219e-06,102.5513,-5.307029e-07,2.38369e-06
-0.297426,0.1816,1.62434e-06,82.91326,2.003945e-07,1.611823e-06
-0.297426,0.1815,1.321418e-06,70.21584,4.472918e-07,1.24341e-06
-0.297426,0.1814,8.619055e-07,96.42668,-9.647011e-08,8.563399e-07
-0.297426,0.1813,1.18429e-06,91.95457,-4.037283e-08,1.183452e-06
-0.297426,0.1812,2.344748e-06,68.25239,8.687339e-07,2.17783e-06
-0.297426,0.1811,1.094866e-06,58.54801,5.712043e-07,9.338892e-07
-0.297426,0.181,1.680862e-06,90.13712,-4.000961e-09,1.680839e-06
-0.297426,0.1809,1.396492e-06,73.34165,4.002526e-07,1.337746e-06
-0.297426,0.1808,1.288281e-06,74.65127,3.409646e-07,1.242209e-06
-0.297426,0.1807,3.480836e-07,119.9291,-1.736171e-07,3.015249e-07
-0.297426,0.1806,1.374313e-06,76.55615,3.195125e-07,1.336544e-06
-0.297426,0.1805,1.165553e-06,108.1042,-3.62154e-07,1.107769e-06
-0.297426,0.1804,1.918209e-06,112.4355,-7.320307e-07,1.772912e-06
-0.297426,0.1803,4.877876e-07,98.43647,-7.155351e-08,4.824679e-07
-0.297426,0.1802,5.173422e-07,70.41167,1.734774e-07,4.873964e-07
-0.297426,0.1801,1.423442e-06,109.6477,-4.786066e-07,1.340406e-06
-0.297426,0.18,1.474376e-06,121.02,-7.597468e-07,1.263393e-06
-0.297426,0.1799,1.29606e-06,165.611,-1.255273e-06,3.220438e-07
-0.297426,0.1798,8.028242e-07,51.06424,5.044508e-07,6.243679e-07
-0.297426,0.1797,9.751506e-07,53.47355,5.803965e-07,7.835905e-07
-0.297426,0.1796,1.088926e-06,150.3322,-9.461492e-07,5.389619e-07
-0.297426,0.1795,1.366937e-06,132.3765,-9.212382e-07,1.0097e-06
-0.297426,0.1794,4.617758e-07,102.4674,-9.966641e-08,4.507564e-07
-0.297426,0.1793,3.494527e-07,70.23332,1.181848e-07,3.288388e-07
-0.297426,0.1792,9.958595e-07,88.97387,1.785345e-08,9.955801e-07
-0.297426,0.1791,5.636829e-07,150.9993,-4.929956e-07,2.732779e-07
-0.297426,0.179,1.017803e-06,170.8326,-1.004777e-06,1.621507e-07
-0.297426,0.1789,1.003464e-06,152.2205,-8.877944e-07,4.676766e-07
-0.297426,0.1788,8.070487e-07,105.9073,-2.211816e-07,7.761307e-07
-0.297426,0.1787,2.965461e-07,-153.5317,-2.654213e-07,-1.32177e-07
-0.297426,0.1786,9.952057e-07,146.84,-8.33027e-07,5.442872e-07
-0.297426,0.1785,1.582469e-06,134.7797,-1.114569e-06,1.123225e-06
-0.297426,0.1784,1.005738e-06,-153.836,-9.0258e-07,-4.434306e-07
-0.297426,0.1783,7.910169e-07,-149.2316,-6.796661e-07,-4.046559e-07
-0.297426,0.1782,6.546601e-07,172.4665,-6.488878e-07,8.580274e-08
-0.297426,0.1781,4.63441e-07,-168.703,-4.54355e-07,-9.074248e-08
-0.297426,0.178,1.417418e-06,-160.1493,-1.333085e-06,-4.812721e-07
-0.297426,0.1779,7.531754e-07,-176.1641,-7.514879e-07,-5.036965e-08
-0.297426,0.1778,1.913677e-06,-172.1273,-1.895634e-06,-2.620909e-07
-0.297426,0.1777,1.202685e-06,-162.4194,-1.146415e-06,-3.632213e-07
-0.297426,0.1776,2.289293e-06,-120.7962,-1.171996e-06,-1.966383e-06
-0.297426,0.1775,3.572294e-06,-137.4197,-2.630325e-06,-2.417005e-06
-0.297426,0.1774,3.214985e-06,-135.2866,-2.2847e-06,-2.261912e-06
-0.297426,0.1773,4.005225e-06,-129.9375,-2.571165e-06,-3.070956e-06
-0.297426,0.1772,4.436362e-06,-118.9244,-2.145728e-06,-3.882933e-06
-0.297426,0.1771,4.485597e-06,-120.5277,-2.278435e-06,-3.863744e-06
-0.297426,0.177,4.169616e-06,-128.0982,-2.572635e-06,-3.281213e-06
-0.297426,0.1769,3.714915e-06,-139.0282,-2.804875e-06,-2.435792e-06
-0.297426,0.1768,3.989003e-06,-133.4439,-2.742916e-06,-2.896143e-06
-0.297426,0.1767,3.705393e-06,-139.0929,-2.800343e-06,-2.426331e-06
-0.297426,0.1766,3.954391e-06,-145.5856,-3.262158e-06,-2.234866e-06
-0.297426,0.1765,3.932828e-06,-129.4297,-2.497751e-06,-3.037646e-06
-0.297426,0.1764,3.503166e-06,-126.3188,-2.074839e-06,-2.822594e-06
-0.297426,0.1763,3.515526e-06,-132.0321,-2.353716e-06,-2.611141e-06
-0.297426,0.1762,3.851998e-06,-132.325,-2.593684e-06,-2.847908e-06
-0.297426,0.1761,4.15568e-06,-126.0246,-2.444056e-06,-3.360891e-06
-0.297426,0.176,4.329621e-06,-137.9112,-3.21299e-06,-2.902004e-06
-0.297426,0.1759,3.297546e-06,-133.8399,-2.2839e-06,-2.378365e-06
-0.297426,0.1758,3.587214e-06,-128.7259,-2.244058e-06,-2.798477e-06
-0.297426,0.1757,4.347765e-06,-129.5289,-2.767167e-06,-3.353431e-06
-0.297426,0.1756,3.109255e-06,-131.5482,-2.062182e-06,-2.326933e-06
-0.297426,0.1755,3.208693e-06,-137.0359,-2.347989e-06,-2.186765e-06
-0.297426,0.1754,3.622613e-06,-139.2887,-2.74585e-06,-2.36278e-06
-0.297426,0.1753,3.792375e-06,-134.7282,-2.668831e-06,-2.694284e-06
-0.297426,0.1752,2.981778e-06,-136.2238,-2.152919e-06,-2.062847e-06
-0.297426,0.1751,3.376068e-06,-132.5461,-2.282833e-06,-2.487223e-06
-0.297426,0.175,2.393787e-06,-137.7558,-1.772118e-06,-1.609297e-06
-0.297426,0.1749,1.665176e-06,-140.4164,-1.283386e-06,-1.061003e-06
-0.297426,0.1748,2.012914e-06,-173.7726,-2.000894e-06,-2.183876e-07
-0.297426,0.1747,2.034768e-06,-165.8506,-1.97291e-06,-4.973933e-07
-0.297426,0.1746,9.391363e-07,-172.5556,-9.312294e-07,-1.216549e-07
-0.297426,0.1745,1.982079e-06,155.3597,-1.801561e-06,8.263606e-07
-0.297426,0.1744,1.015646e-06,135.3172,-7.220394e-07,7.140375e-07
-0.297426,0.1743,3.518164e-07,119.5549,-1.73483e-07,3.059227e-07
-0.297426,0.1742,8.048191e-07,-167.6287,-7.861275e-07,-1.724157e-07
-0.297426,0.1741,7.723253e-07,85.0734,6.635114e-08,7.694698e-07
-0.297426,0.174,1.268316e-06,115.9104,-5.541555e-07,1.140682e-06
-0.297426,0.1739,8.816532e-07,124.8191,-5.033891e-07,7.237661e-07
-0.297426,0.1738,7.427372e-07,107.6172,-2.247802e-07,7.079076e-07
-0.297426,0.1737,1.210106e-06,101.5224,-2.417005e-07,1.185715e-06
-0.297426,0.1736,6.678979e-07,103.4989,-1.558978e-07,6.494186e-07
-0.297426,0.1735,5.528815e-07,133.9658,-3.837402e-07,3.978554e-07
-0.297426,0.1734,1.076253e-06,105.9388,-2.955347e-07,1.034885e-06
-0.297426,0.1733,4.470068e-07,86.66771,2.597831e-08,4.462245e-07
-0.297426,0.1732,1.37443e-06,89.5971,9.723007e-09,1.374386e-06
-0.297426,0.1731,1.004179e-06,118.5033,-4.791375e-07,8.823238e-07
-0.297426,0.173,1.194354e-06,55.3522,6.789956e-07,9.825211e-07
-0.297426,0.1729,1.187838e-06,123.5856,-6.570182e-07,9.894501e-07
-0.297426,0.1728,1.841425e-06,119.5812,-9.089782e-07,1.601295e-06
-0.297426,0.1727,1.626547e-06,120.8198,-8.332952e-07,1.396771e-06
-0.297426,0.1726,2.611789e-06,83.06099,3.155115e-07,2.592612e-06
-0.297426,0.1725,1.113289e-06,88.60144,2.717971e-08,1.112831e-06
-0.297426,0.1724,1.774616e-06,77.06572,3.971904e-07,1.729471e-06
-0.297426,0.1723,1.799684e-06,68.31883,6.648749e-07,1.672312e-06
-0.297426,0.1722,1.692485e-06,75.93018,4.114452e-07,1.641668e-06
-0.297426,0.1721,1.702498e-06,65.44279,7.075108e-07,1.5484e-06
-0.297426,0.172,9.182039e-07,59.02011,4.726052e-07,7.871892e-07
-0.297426,0.1719,1.35171e-06,107.5219,-4.069246e-07,1.288974e-06
-0.297426,0.1718,2.090888e-06,99.80717,-3.561582e-07,2.060182e-06
-0.297426,0.1717,1.093793e-06,144.4648,-8.900575e-07,6.356947e-07
-0.297426,0.1716,2.528993e-06,96.71694,-2.957973e-07,2.511469e-06
-0.297426,0.1715,1.718066e-06,88.89868,3.304146e-08,1.717748e-06
-0.297426,0.1714,1.673078e-06,48.00807,1.119229e-06,1.24341e-06
-0.297426,0.1713,1.8054e-06,71.32089,5.782674e-07,1.710288e-06
-0.297426,0.1712,1.107987e-06,96.85857,-1.323111e-07,1.099906e-06
-0.297426,0.1711,1.672804e-06,86.55143,1.00594e-07,1.669647e-06
-0.297426,0.171,2.128673e-06,80.35356,3.566835e-07,2.098554e-06
-0.297426,0.1709,1.77104e-06,74.09699,4.852619e-07,1.703225e-06
-0.297426,0.1708,9.732618e-07,122.0709,-5.167163e-07,8.246283e-07
-0.297426,0.1707,1.577217e-06,81.65444,2.289041e-07,1.560391e-06
-0.297426,0.1706,2.07846e-06,83.37835,2.397e-07,2.064574e-06
-0.297426,0.1705,1.48967e-06,95.99142,-1.554954e-07,1.481378e-06
-0.297426,0.1704,2.215582e-06,87.18046,1.08987e-07,2.212872e-06
-0.297426,0.1703,2.022424e-06,67.56621,7.71733e-07,1.869242e-06
-0.297426,0.1702,1.126404e-06,93.9425,-7.741525e-08,1.123622e-06
-0.297426,0.1701,8.14855e-07,78.35786,1.644194e-07,7.979795e-07
-0.297426,0.17,1.645708e-06,102.4612,-3.550909e-07,1.606894e-06
-0.297426,0.1699,1.619316e-06,74.02618,4.455596e-07,1.556659e-06
-0.297426,0.1698,2.181753e-06,65.16565,9.162984e-07,1.979967e-06
-0.297426,0.1697,1.666221e-06,88.76317,3.597512e-08,1.665785e-06
-0.297426,0.1696,1.920634e-06,88.00083,6.70161e-08,1.919344e-06
-0.297426,0.1695,9.765867e-07,66.00842,3.970563e-07,8.921809e-07
-0.297426,0.1694,1.008376e-06,45.44314,7.073767e-07,7.184352e-07
-0.297426,0.1693,1.674223e-06,83.48413,1.900009e-07,1.663388e-06
-0.297426,0.1692,1.08792e-06,100.6018,-2.001319e-07,1.069262e-06
-0.297426,0.1691,1.767084e-06,90.34694,-1.066178e-08,1.76705e-06
-0.297426,0.169,1.344323e-06,98.05092,-1.882743e-07,1.330945e-06
-0.297426,0.1689,1.700956e-06,87.11708,8.554011e-08,1.698693e-06
-0.297426,0.1688,2.250647e-06,59.61405,1.138413e-06,1.941461e-06
-0.297426,0.1687,2.304609e-06,86.13049,1.554898e-07,2.299217e-06
-0.297426,0.1686,1.833681e-06,112.0762,-6.891265e-07,1.699229e-06
-0.297426,0.1685,1.971127e-06,62.75905,9.021777e-07,1.752393e-06
-0.297426,0.1684,2.086473e-06,73.66075,5.869287e-07,2.002084e-06
-0.297426,0.1683,1.67752e-06,95.59801,-1.636259e-07,1.669513e-06
-0.297426,0.1682,1.049358e-06,68.92906,3.772024e-07,9.790565e-07
-0.297426,0.1681,2.14637e-06,76.88519,4.869941e-07,2.09029e-06
-0.297426,0.168,1.941455e-06,50.11402,1.244874e-06,1.489637e-06
-0.297426,0.1679,1.852087e-06,82.10194,2.544913e-07,1.834468e-06
-0.297426,0.1678,1.428622e-06,86.58728,8.500367e-08,1.425951e-06
-0.297426,0.1677,1.306738e-06,74.13896,3.570858e-07,1.256866e-06
-0.297426,0.1676,1.524601e-06,83.92551,1.613516e-07,1.516023e-06
-0.297426,0.1675,1.112233e-06,95.34097,-1.035332e-07,1.107366e-06
-0.297426,0.1674,7.568635e-07,89.34531,8.655712e-09,7.568076e-07
-0.297426,0.1673,9.005907e-07,97.63664,-1.196544e-07,8.925832e-07
-0.297426,0.1672,9.776707e-07,94.94058,-8.421018e-08,9.739939e-07
-0.297426,0.1671,1.555284e-06,75.95816,3.773365e-07,1.508692e-06
-0.297426,0.167,2.314729e-06,55.5712,1.308694e-06,1.909218e-06
-0.297426,0.1669,1.674486e-06,67.50064,6.407573e-07,1.54693e-06
-0.297426,0.1668,1.41054e-06,80.10539,2.423655e-07,1.38944e-06
-0.297426,0.1667,1.375224e-06,90.13362,-3.201887e-09,1.375185e-06
-0.297426,0.1666,1.899931e-06,86.14666,1.276452e-07,1.895494e-06
-0.297426,0.1665,2.189191e-06,69.33558,7.72532e-07,2.048319e-06
-0.297426,0.1664,1.825114e-06,70.07945,6.218366e-07,1.715881e-06
-0.297426,0.1663,2.159368e-06,86.60389,1.279078e-07,2.155445e-06
-0.297426,0.1662,1.479875e-06,94.65295,-1.200512e-07,1.474851e-06
-0.297426,0.1661,1.47945e-06,101.0451,-2.834089e-07,1.45193e-06
-0.297426,0.166,1.681398e-06,74.8541,4.392955e-07,1.622881e-06
-0.297426,0.1659,1.358689e-06,86.77262,7.647648e-08,1.356398e-06
-0.297426,0.1658,1.735808e-06,96.01066,-1.81742e-07,1.726141e-06
-0.297426,0.1657,1.880675e-06,85.52627,1.466944e-07,1.874841e-06
-0.297426,0.1656,2.062322e-06,99.2434,-3.312416e-07,2.035528e-06
-0.297426,0.1655,1.172902e-06,90.80156,-1.638941e-08,1.17279e-06
-0.297426,0.1654,2.571193e-06,65.78461,1.054605e-06,2.344915e-06
-0.297426,0.1653,1.836474e-06,72.90726,5.39761e-07,1.755321e-06
-0.297426,0.1652,1.480652e-06,102.4464,-3.191158e-07,1.4458e-06
-0.297426,0.1651,1.647518e-06,92.05249,-5.903095e-08,1.646328e-06
-0.297426,0.165,1.954045e-06,90.82167,-2.798438e-08,1.953855e-06
-0.297426,0.1649,2.038372e-06,71.65621,6.414223e-07,1.934666e-06
-0.297426,0.1648,1.603368e-06,114.0247,-6.527546e-07,1.464324e-06
-0.297426,0.1647,3.021564e-06,90.39153,-2.0653e-08,3.021385e-06
-0.297426,0.1646,1.392882e-06,97.84647,-1.901406e-07,1.379717e-06
-0.297426,0.1645,1.823795e-06,96.74316,-2.14124e-07,1.81115e-06
-0.297426,0.1644,9.131804e-07,129.9908,-5.868002e-07,6.995145e-07
-0.297426,0.1643,1.903161e-06,113.8097,-7.68274e-07,1.741066e-06
-0.297426,0.1642,1.59407e-06,83.09596,1.915991e-07,1.582374e-06
-0.297426,0.1641,1.798275e-06,91.24031,-3.890879e-08,1.797828e-06
-0.297426,0.164,2.358231e-06,89.39776,2.478249e-08,2.357974e-06
-0.297426,0.1639,2.095034e-06,65.18838,8.791275e-07,1.901624e-06
-0.297426,0.1638,1.320775e-06,94.91959,-1.132562e-07,1.315757e-06
-0.297426,0.1637,1.924389e-06,104.0497,-4.671458e-07,1.866711e-06
-0.297426,0.1636,1.609453e-06,52.97873,9.690653e-07,1.284979e-06
-0.297426,0.1635,2.182513e-06,63.88321,9.606722e-07,1.959582e-06
-0.297426,0.1634,1.835687e-06,84.381,1.797415e-07,1.82674e-06
-0.297426,0.1633,1.094402e-06,99.59572,-1.824125e-07,1.076454e-06
-0.297426,0.1632,7.613953e-07,83.54009,8.567422e-08,7.565449e-07
-0.297426,0.1631,6.386395e-07,123.7159,-3.544259e-07,5.310997e-07
-0.297426,0.163,1.562766e-06,131.1352,-1.027962e-06,1.176919e-06
-0.297426,0.1629,7.937997e-07,162.2603,-7.560141e-07,2.41829e-07
-0.297426,0.1628,2.067055e-06,124.4152,-1.168264e-06,1.705225e-06
-0.297426,0.1627,1.482982e-06,73.6013,4.186425e-07,1.422621e-06
-0.297426,0.1626,1.255078e-06,65.34487,5.235057e-07,1.140547e-06
-0.297426,0.1625,1.748912e-06,104.5847,-4.403684e-07,1.692434e-06
-0.297426,0.1624,2.041233e-06,106.0996,-5.660131e-07,1.96118e-06
-0.297426,0.1623,1.645294e-06,127.8779,-1.010108e-06,1.298569e-06
-0.297426,0.1622,1.829836e-06,117.9001,-8.562114e-07,1.617154e-06
-0.297426,0.1621,1.878317e-06,112.7004,-7.24839e-07,1.732673e-06
-0.297426,0.162,1.197611e-06,99.19444,-1.913364e-07,1.182116e-06
-0.297426,0.1619,1.942176e-06,88.16432,6.222166e-08,1.941064e-06
-0.297426,0.1618,1.625156e-06,83.15891,1.935996e-07,1.613555e-06
-0.297426,0.1617,1.676559e-06,132.4404,-1.131355e-06,1.23728e-06
-0.297426,0.1616,1.610778e-06,112.1207,-6.065201e-07,1.492168e-06
-0.297426,0.1615,2.70741e-07,138.0718,-2.013333e-07,1.808088e-07
-0.297426,0.1614,1.506507e-06,112.3638,-5.732104e-07,1.393172e-06
-0.297426,0.1613,1.172756e-06,106.7615,-3.381706e-07,1.122822e-06
-0.297426,0.1612,1.926753e-06,73.55409,5.454886e-07,1.847924e-06
-0.297426,0.1611,1.713059e-06,89.50093,1.491978e-08,1.712953e-06
-0.297426,0.161,1.262934e-06,123.5183,-6.973911e-07,1.052873e-06
-0.297426,0.1609,1.200584e-06,94.95369,-1.036673e-07,1.195974e-06
-0.297426,0.1608,1.152724e-06,78.05974,2.384986e-07,1.127757e-06
-0.297426,0.1607,1.72623e-06,69.34345,6.089117e-07,1.615153e-06
-0.297426,0.1606,1.669999e-06,62.08412,7.818583e-07,1.47565e-06
-0.297426,0.1605,2.009527e-06,105.2744,-5.29373e-07,1.938398e-06
-0.297426,0.1604,2.025956e-06,90.37667,-1.332722e-08,2.025805e-06
-0.297426,0.1603,1.56418e-06,89.53765,1.265667e-08,1.564119e-06
-0.297426,0.1602,1.763764e-06,109.1302,-5.780048e-07,1.666316e-06
-0.297426,0.1601,1.830657e-06,66.29168,7.36026e-07,1.676045e-06
-0.297426,0.16,2.631118e-06,83.86606,2.811346e-07,2.61593e-06
-0.297426,0.1599,2.263555e-06,76.76191,5.183089e-07,2.203283e-06
-0.297426,0.1598,2.117721e-06,91.68881,-6.236135e-08,2.11681e-06
-0.297426,0.1597,9.380076e-07,99.72512,-1.584291e-07,9.244289e-07
-0.297426,0.1596,1.852467e-06,106.4633,-5.249753e-07,1.77651e-06
-0.297426,0.1595,1.616416e-06,90.55764,-1.572445e-08,1.61622e-06
-0.297426,0.1594,1.682376e-06,105.6931,-4.550255e-07,1.619551e-06
-0.297426,0.1593,1.164894e-06,105.7849,-3.168527e-07,1.120828e-06
-0.297426,0.1592,1.38578e-06,88.51751,3.584101e-08,1.385176e-06
-0.297426,0.1591,1.163927e-06,84.99647,1.015271e-07,1.159468e-06
-0.297426,0.159,1.435345e-06,77.62348,3.076549e-07,1.401968e-06
-0.297426,0.1589,1.517901e-06,91.32774,-3.517605e-08,1.517353e-06
-0.297426,0.1588,1.852774e-06,63.97238,8.13039e-07,1.664852e-06
-0.297426,0.1587,1.534178e-06,109.5402,-5.131177e-07,1.445671e-06
-0.297426,0.1586,1.82864e-06,99.82116,-3.119241e-07,1.80169e-06
-0.297426,0.1585,1.06601e-06,44.11885,7.652062e-07,7.420219e-07
-0.297426,0.1584,1.303285e-06,60.11981,6.492845e-07,1.13002e-06
-0.297426,0.1583,1.163223e-06,98.94965,-1.809429e-07,1.14894e-06
-0.297426,0.1582,2.809267e-06,84.03829,2.917964e-07,2.794073e-06
-0.297426,0.1581,1.387283e-06,137.32,-1.019837e-06,9.40416e-07
-0.297426,0.158,4.851836e-07,75.93455,1.179166e-07,4.706047e-07
-0.297426,0.1579,1.88861e-06,91.37058,-4.517287e-08,1.888029e-06
-0.297426,0.1578,9.579453e-07,73.42995,2.731438e-07,9.180307e-07
-0.297426,0.1577,1.957157e-06,62.15231,9.141694e-07,1.730404e-06
-0.297426,0.1576,1.484613e-06,73.29881,4.266388e-07,1.42195e-06
-0.297426,0.1575,1.675978e-06,81.96655,2.34235e-07,1.659521e-06
-0.297426,0.1574,6.287042e-07,98.38751,-9.167566e-08,6.219707e-07
-0.297426,0.1573,9.165611e-07,69.68441,3.18177e-07,8.594077e-07
-0.297426,0.1572,1.385813e-06,93.45118,-8.341111e-08,1.383181e-06
-0.297426,0.1571,1.652967e-06,41.69031,1.234347e-06,1.099376e-06
-0.297426,0.157,1.74904e-06,95.56479,-1.696217e-07,1.740664e-06
-0.297426,0.1569,7.943753e-07,79.33955,1.469627e-07,7.806625e-07
-0.297426,0.1568,1.189313e-06,79.7723,2.111848e-07,1.170393e-06
-0.297426,0.1567,1.201311e-06,44.49391,8.568763e-07,8.418168e-07
-0.297426,0.1566,1.698302e-06,103.693,-4.019904e-07,1.649927e-06
-0.297426,0.1565,1.726135e-06,83.7569,1.877322e-07,1.715881e-06
-0.297426,0.1564,5.929861e-07,100.9087,-1.121945e-07,5.822628e-07
-0.297426,0.1563,1.50972e-06,109.7518,-5.10184e-07,1.420889e-06
-0.297426,0.1562,6.699934e-07,91.22021,-1.426041e-08,6.698034e-07
-0.297426,0.1561,7.640104e-07,53.57496,4.535503e-07,6.146393e-07
-0.297426,0.156,1.786898e-06,74.05415,4.90861e-07,1.718016e-06
-0.297426,0.1559,1.64197e-06,77.3009,3.609471e-07,1.601697e-06
-0.297426,0.1558,9.986869e-07,97.4513,-1.295115e-07,9.901151e-07
-0.297426,0.1557,1.462636e-06,88.37675,4.143454e-08,1.461926e-06
-0.297426,0.1556,1.886263e-06,79.11574,3.561526e-07,1.852188e-06
-0.297426,0.1555,1.783842e-06,74.11623,4.881955e-07,1.715619e-06
-0.297426,0.1554,2.36635e-06,70.2849,7.982477e-07,2.227529e-06
-0.297426,0.1553,1.889688e-06,93.68372,-1.213867e-07,1.885766e-06
-0.297426,0.1552,1.799421e-06,78.09034,3.713406e-07,1.760652e-06
-0.297426,0.1551,2.026313e-06,73.54797,5.738697e-07,1.943327e-06
-0.297426,0.155,2.061372e-06,97.60342,-2.727471e-07,2.043122e-06
-0.297426,0.1549,1.327514e-06,95.96345,-1.379102e-07,1.320289e-06
-0.297426,0.1548,2.032019e-06,78.22585,4.146471e-07,1.989159e-06
-0.297426,0.1547,1.647546e-06,133.5427,-1.134954e-06,1.194242e-06
-0.297426,0.1546,1.323061e-06,116.0197,-5.80402e-07,1.188911e-06
-0.297426,0.1545,1.284593e-06,128.218,-7.946547e-07,1.009169e-06
-0.297426,0.1544,1.535296e-06,106.0516,-4.245098e-07,1.475382e-06
-0.297426,0.1543,2.071922e-06,93.75016,-1.355074e-07,2.067374e-06
-0.297426,0.1542,1.109858e-06,29.17205,9.690653e-07,5.409568e-07
-0.297426,0.1541,2.204317e-06,77.58633,4.738066e-07,2.152651e-06
-0.297426,0.154,1.640181e-06,125.6881,-9.56811e-07,1.332147e-06
-0.297426,0.1539,1.268466e-06,59.82606,6.37561e-07,1.096576e-06
-0.297426,0.1538,3.169588e-07,95.40217,-2.985075e-08,3.153774e-07
-0.297426,0.1537,1.883424e-06,93.36288,-1.104623e-07,1.880172e-06
-0.297426,0.1536,1.045234e-06,101.2934,-2.046637e-07,1.024894e-06
-0.297426,0.1535,1.280101e-06,112.7493,-4.94996e-07,1.180384e-06
-0.297426,0.1534,2.331001e-06,98.16414,-3.309734e-07,2.306945e-06
-0.297426,0.1533,2.032779e-06,72.6004,6.078444e-07,1.939728e-06
-0.297426,0.1532,1.642243e-06,86.96845,8.687004e-08,1.639936e-06
-0.297426,0.1531,1.540185e-06,84.84872,1.383014e-07,1.533877e-06
-0.297426,0.153,7.648654e-07,57.60208,4.09713e-07,6.456859e-07
-0.297426,0.1529,1.320317e-06,98.71361,-1.999977e-07,1.304967e-06
-0.297426,0.1528,1.921394e-06,93.11546,-1.044664e-07,1.91841e-06
-0.297426,0.1527,1.704828e-06,107.6487,-5.168449e-07,1.624479e-06
-0.297426,0.1526,1.30576e-06,85.23601,1.084562e-07,1.301234e-06
-0.297426,0.1525,1.588633e-06,79.41473,2.917964e-07,1.561459e-06
-0.297426,0.1524,1.824935e-06,97.72932,-2.454333e-07,1.808222e-06
-0.297426,0.1523,1.45849e-06,98.95052,-2.269148e-07,1.440608e-06
-0.297426,0.1522,1.847511e-06,76.24229,4.392955e-07,1.794364e-06
-0.297426,0.1521,1.078991e-06,103.1134,-2.447683e-07,1.050738e-06
-0.297426,0.152,1.271624e-06,89.45984,1.19917e-08,1.271523e-06
-0.297426,0.1519,1.210184e-06,109.945,-4.127863e-07,1.13748e-06
-0.297426,0.1518,1.603413e-06,103.0933,-3.632213e-07,1.561587e-06
-0.297426,0.1517,2.419665e-06,109.5376,-8.091777e-07,2.280296e-06
-0.297426,0.1516,1.452153e-06,132.4797,-9.806603e-07,1.070994e-06
-0.297426,0.1515,1.870997e-06,96.34625,-2.067927e-07,1.859519e-06
-0.297426,0.1514,1.535246e-06,108.2965,-4.81937e-07,1.457529e-06
-0.297426,0.1513,2.15345e-06,82.37384,2.858005e-07,2.134395e-06
-0.297426,0.1512,1.381622e-06,93.02454,-7.288344e-08,1.379583e-06
-0.297426,0.1511,1.405773e-06,106.4249,-3.974642e-07,1.348402e-06
-0.297426,0.151,2.112971e-06,109.8401,-7.171109e-07,1.987427e-06
-0.297426,0.1509,2.439765e-06,98.55887,-3.630872e-07,2.412473e-06
-0.297426,0.1508,1.96788e-06,90.74561,-2.558715e-08,1.967707e-06
-0.297426,0.1507,1.041697e-06,107.9879,-3.216471e-07,9.9078e-07
-0.297426,0.1506,1.619825e-06,94.21265,-1.189894e-07,1.615421e-06
-0.297426,0.1505,1.190112e-06,76.57801,2.76206e-07,1.157468e-06
-0.297426,0.1504,1.167414e-06,66.39747,4.674084e-07,1.069659e-06
-0.297426,0.1503,1.333024e-06,64.39115,5.761329e-07,1.20197e-06
-0.297426,0.1502,9.537376e-07,66.5381,3.797337e-07,8.748639e-07
-0.297426,0.1501,1.4324e-06,81.85727,2.029258e-07,1.417955e-06
-0.297426,0.15,1.565678e-06,71.86516,4.872623e-07,1.487776e-06
-0.297712,0.2,1.825539e-06,69.75785,6.315652e-07,1.712685e-06
-0.297712,0.1999,1.209111e-06,65.43317,5.027186e-07,1.099638e-06
-0.297712,0.1998,1.905139e-06,72.74989,5.649402e-07,1.819415e-06
-0.297712,0.1997,1.266248e-06,59.2719,6.470214e-07,1.088446e-06
-0.297712,0.1996,1.399174e-06,86.48936,8.567422e-08,1.396503e-06
-0.297712,0.1995,1.987628e-06,83.47889,2.257078e-07,1.974636e-06
-0.297712,0.1994,3.819074e-07,102.4149,-8.208118e-08,3.728047e-07
-0.297712,0.1993,1.02752e-06,152.6576,-9.12711e-07,4.719402e-07
-0.297712,0.1992,8.582007e-07,117.9858,-4.02661e-07,7.577408e-07
-0.297712,0.1991,1.741407e-06,71.15216,5.62543e-07,1.647932e-06
-0.297712,0.199,1.234514e-06,107.41,-3.693513e-07,1.177852e-06
-0.297712,0.1989,1.338461e-06,106.4188,-3.782752e-07,1.283783e-06
-0.297712,0.1988,7.940679e-07,51.71992,4.919227e-07,6.233006e-07
-0.297712,0.1987,1.856423e-06,93.28769,-1.064613e-07,1.853255e-06
-0.297712,0.1986,8.330382e-07,145.1825,-6.838012e-07,4.755388e-07
-0.297712,0.1985,1.508172e-06,124.9572,-8.640736e-07,1.235945e-06
-0.297712,0.1984,2.052158e-06,83.21661,2.423655e-07,2.037663e-06
-0.297712,0.1983,2.162804e-06,63.88496,9.520109e-07,1.941991e-06
-0.297712,0.1982,2.115665e-06,75.73873,5.21237e-07,2.048721e-06
-0.297712,0.1981,1.870404e-06,92.51147,-8.194707e-08,1.868577e-06
-0.297712,0.198,1.629592e-06,95.14166,-1.460351e-07,1.623015e-06
-0.297712,0.1979,1.966366e-06,100.0414,-3.42831e-07,1.93613e-06
-0.297712,0.1978,1.713942e-06,105.8863,-4.691462e-07,1.648463e-06
-0.297712,0.1977,1.224478e-06,79.7382,2.181138e-07,1.20477e-06
-0.297712,0.1976,2.177489e-06,64.62764,9.330902e-07,1.967445e-06
-0.297712,0.1975,1.80735e-06,96.20462,-1.953374e-07,1.796627e-06
-0.297712,0.1974,2.183396e-06,116.2951,-9.672045e-07,1.957319e-06
-0.297712,0.1973,1.82645e-06,116.3353,-8.10245e-07,1.636873e-06
-0.297712,0.1972,1.14247e-06,104.1581,-2.794079e-07,1.107769e-06
-0.297712,0.1971,1.693395e-06,85.66669,1.279078e-07,1.688433e-06
-0.297712,0.197,2.207709e-06,105.8527,-6.030555e-07,2.123733e-06
-0.297712,0.1969,1.874445e-06,121.5796,-9.815935e-07,1.596897e-06
-0.297712,0.1968,1.350084e-06,113.377,-5.356371e-07,1.239147e-06
-0.297712,0.1967,1.950021e-06,88.79027,4.116632e-08,1.949457e-06
-0.297712,0.1966,1.465173e-06,77.63397,3.137793e-07,1.431148e-06
-0.297712,0.1965,1.374889e-06,99.57911,-2.287812e-07,1.355599e-06
-0.297712,0.1964,1.507339e-06,114.7346,-6.306376e-07,1.368921e-06
-0.297712,0.1963,9.975358e-07,108.2082,-3.116559e-07,9.474791e-07
-0.297712,0.1962,1.68517e-06,70.52532,5.617439e-07,1.588638e-06
-0.297712,0.1961,1.12641e-06,78.5431,2.237074e-07,1.103902e-06
-0.297712,0.196,1.458562e-06,77.90762,3.055203e-07,1.42608e-06
-0.297712,0.1959,9.872373e-07,103.9517,-2.379734e-07,9.580068e-07
-0.297712,0.1958,1.640668e-06,119.8032,-8.154418e-07,1.423683e-06
-0.297712,0.1957,1.340422e-06,85.27273,1.104567e-07,1.335745e-06
-0.297712,0.1956,1.102164e-06,127.5746,-6.720721e-07,8.735284e-07
-0.297712,0.1955,1.29483e-06,74.50964,3.45759e-07,1.247674e-06
-0.297712,0.1954,1.190548e-06,107.2212,-3.524255e-07,1.137083e-06
-0.297712,0.1953,1.596076e-06,135.2595,-1.133624e-06,1.123359e-06
-0.297712,0.1952,7.228497e-07,175.8756,-7.20838e-07,5.196221e-08
-0.297712,0.1951,8.277464e-07,96.16091,-8.887611e-08,8.228961e-07
-0.297712,0.195,2.33474e-06,86.45091,1.445654e-07,2.330258e-06
-0.297712,0.1949,1.526825e-06,95.96607,-1.586917e-07,1.51842e-06
-0.297712,0.1948,2.122811e-06,89.11594,3.277324e-08,2.122538e-06
-0.297712,0.1947,1.654051e-06,114.1122,-6.756708e-07,1.509625e-06
-0.297712,0.1946,1.59203e-06,108.1365,-4.955269e-07,1.512821e-06
-0.297712,0.1945,1.401118e-06,129.6752,-8.944552e-07,1.07832e-06
-0.297712,0.1944,1.368613e-06,99.82116,-2.334415e-07,1.348536e-06
-0.297712,0.1943,1.091117e-06,86.92649,5.848892e-08,1.089513e-06
-0.297712,0.1942,1.399682e-06,99.0598,-2.203825e-07,1.382114e-06
-0.297712,0.1941,1.316729e-06,95.90138,-1.353789e-07,1.309627e-06
-0.297712,0.194,1.58162e-06,85.56124,1.224484e-07,1.576781e-06
-0.297712,0.1939,1.481775e-06,84.61355,1.391004e-07,1.475114e-06
-0.297712,0.1938,1.668378e-06,113.9469,-6.771348e-07,1.524679e-06
-0.297712,0.1937,1.159932e-06,80.25314,1.963935e-07,1.143079e-06
-0.297712,0.1936,2.015724e-06,91.32162,-4.650279e-08,2.015143e-06
-0.297712,0.1935,1.544874e-06,92.45202,-6.608851e-08,1.543337e-06
-0.297712,0.1934,1.430936e-06,99.96804,-2.476964e-07,1.409294e-06
-0.297712,0.1933,1.423006e-06,77.67856,3.03654e-07,1.390105e-06
-0.297712,0.1932,3.036087e-06,99.1057,-4.80473e-07,2.997804e-06
-0.297712,0.1931,2.232927e-06,96.08366,-2.366378e-07,2.220338e-06
-0.297712,0.193,1.033281e-06,85.12761,8.780322e-08,1.029554e-06
-0.297712,0.1929,2.105534e-06,94.38837,-1.610945e-07,2.099353e-06
-0.297712,0.1928,1.364232e-06,65.24783,5.712043e-07,1.238878e-06
-0.297712,0.1927,1.903563e-06,83.69221,2.091843e-07,1.89203e-06
-0.297712,0.1926,1.899931e-06,108.5532,-6.045196e-07,1.801025e-06
-0.297712,0.1925,1.56532e-06,103.5889,-3.677476e-07,1.521483e-06
-0.297712,0.1924,1.945199e-06,101.5293,-3.888029e-07,1.905888e-06
-0.297712,0.1923,1.711416e-06,91.77535,-5.303509e-08,1.710556e-06
-0.297712,0.1922,1.492001e-06,110.3015,-5.176439e-07,1.399168e-06
-0.297712,0.1921,1.12318e-06,83.13355,1.34306e-07,1.115094e-06
-0.297712,0.192,1.572757e-06,85.2229,1.309756e-07,1.567186e-06
-0.297712,0.1919,1.74305e-06,75.83663,4.265047e-07,1.690031e-06
-0.297712,0.1918,1.511452e-06,66.42632,6.04514e-07,1.38531e-06
-0.297712,0.1917,1.874305e-06,78.61217,3.700107e-07,1.837268e-06
-0.297712,0.1916,1.765407e-06,93.81748,-1.175198e-07,1.761451e-06
-0.297712,0.1915,1.281196e-06,48.93378,8.415542e-07,9.658634e-07
-0.297712,0.1914,1.319054e-06,59.33385,6.727371e-07,1.134552e-06
-0.297712,0.1913,1.72157e-06,100.2635,-3.067273e-07,1.693898e-06
-0.297712,0.1912,1.672569e-06,78.92428,3.212448e-07,1.641266e-06
-0.297712,0.1911,9.107105e-07,61.43194,4.354286e-07,7.997117e-07
-0.297712,0.191,1.325396e-06,72.07236,4.079807e-07,1.260995e-06
-0.297712,0.1909,1.13406e-06,90.38454,-7.599592e-09,1.134015e-06
-0.297712,0.1908,1.378448e-06,47.26059,9.354874e-07,1.012366e-06
-0.297712,0.1907,1.423532e-06,115.5528,-6.139799e-07,1.28418e-06
-0.297712,0.1906,1.871718e-06,104.4195,-4.660841e-07,1.812748e-06
-0.297712,0.1905,6.2396e-07,114.6262,-2.599563e-07,5.670748e-07
-0.297712,0.1904,1.384891e-06,85.82843,1.007281e-07,1.381181e-06
-0.297712,0.1903,1.787457e-06,95.73264,-1.785457e-07,1.778371e-06
-0.297712,0.1902,1.304794e-06,112.0045,-4.888661e-07,1.209698e-06
-0.297712,0.1901,9.944792e-07,59.28764,5.079153e-07,8.5501e-07
-0.297712,0.19,9.63578e-07,76.67418,2.221092e-07,9.376164e-07
-0.297712,0.1899,7.306504e-07,63.84649,3.244411e-07,6.563477e-07
-0.297712,0.1898,1.385567e-06,142.3798,-1.097381e-06,8.456837e-07
-0.297712,0.1897,1.261722e-06,131.7602,-8.402243e-07,9.410809e-07
-0.297712,0.1896,9.12873e-07,125.2195,-5.264393e-07,7.457491e-07
-0.297712,0.1895,1.59792e-06,91.76748,-4.930235e-08,1.597031e-06
-0.297712,0.1894,8.248575e-07,84.13271,8.43387e-08,8.204989e-07
-0.297712,0.1893,9.373929e-07,86.93698,5.009584e-08,9.360183e-07
-0.297712,0.1892,9.22691e-07,62.06139,4.322323e-07,8.150339e-07
-0.297712,0.1891,7.653348e-07,56.903,4.178434e-07,6.410256e-07
-0.297712,0.189,1.339595e-06,93.67235,-8.580833e-08,1.336812e-06
-0.297712,0.1889,5.879737e-07,145.3224,-4.834011e-07,3.344323e-07
-0.297712,0.1888,1.372849e-06,127.4041,-8.338317e-07,1.090446e-06
-0.297712,0.1887,1.148276e-06,58.708,5.963891e-07,9.811911e-07
-0.297712,0.1886,1.621054e-06,82.89402,2.005286e-07,1.608492e-06
-0.297712,0.1885,1.916734e-06,89.68977,1.038797e-08,1.916678e-06
-0.297712,0.1884,1.393033e-06,92.50011,-6.076321e-08,1.391708e-06
-0.297712,0.1883,1.564426e-06,56.64423,8.602067e-07,1.306699e-06
-0.297712,0.1882,1.200573e-06,127.0518,-7.233694e-07,9.581409e-07
-0.297712,0.1881,1.871952e-06,60.08309,9.33621e-07,1.622479e-06
-0.297712,0.188,1.420687e-06,51.69107,8.805915e-07,1.114698e-06
-0.297712,0.1879,2.296769e-06,104.6892,-5.824025e-07,2.221668e-06
-0.297712,0.1878,1.119341e-06,104.0698,-2.720821e-07,1.085652e-06
-0.297712,0.1877,1.692837e-06,105.4999,-4.523601e-07,1.63114e-06
-0.297712,0.1876,1.051504e-06,106.5665,-2.997983e-07,1.00784e-06
-0.297712,0.1875,1.975391e-06,91.5769,-5.436502e-08,1.974508e-06
-0.297712,0.1874,1.468107e-06,115.809,-6.391648e-07,1.321619e-06
-0.297712,0.1873,1.345295e-06,107.883,-4.130546e-07,1.280184e-06
-0.297712,0.1872,2.037405e-06,82.10107,2.799388e-07,2.017943e-06
-0.297712,0.1871,1.185793e-06,84.2621,1.185815e-07,1.179853e-06
-0.297712,0.187,1.658007e-06,57.77081,8.841902e-07,1.402499e-06
-0.297712,0.1869,1.579569e-06,110.2395,-5.464274e-07,1.481909e-06
-0.297712,0.1868,1.544237e-06,86.92736,8.274056e-08,1.541867e-06
-0.297712,0.1867,1.294959e-06,47.7152,8.712653e-07,9.580068e-07
-0.297712,0.1866,1.258363e-06,106.8305,-3.64283e-07,1.204367e-06
-0.297712,0.1865,1.685226e-06,72.16853,5.160402e-07,1.604229e-06
-0.297712,0.1864,1.826126e-06,86.74202,1.037903e-07,1.823142e-06
-0.297712,0.1863,7.158424e-07,79.69449,1.280419e-07,7.041804e-07
-0.297712,0.1862,1.300575e-06,114.9934,-5.494896e-07,1.178786e-06
-0.297712,0.1861,1.702822e-06,94.30444,-1.277793e-07,1.698028e-06
-0.297712,0.186,2.224864e-06,86.99905,1.164525e-07,2.221668e-06
-0.297712,0.1859,1.738172e-06,103.8521,-4.161167e-07,1.6875e-06
-0.297712,0.1858,1.116273e-06,101.5888,-2.242494e-07,1.09338e-06
-0.297712,0.1857,1.847337e-06,58.09778,9.76257e-07,1.568254e-06
-0.297712,0.1856,1.985946e-06,74.45894,5.320329e-07,1.913214e-06
-0.297712,0.1855,1.670435e-06,112.0823,-6.279721e-07,1.547863e-06
-0.297712,0.1854,1.355778e-06,105.3286,-3.584213e-07,1.307498e-06
-0.297712,0.1853,1.427588e-06,92.23084,-5.556643e-08,1.426482e-06
-0.297712,0.1852,1.32001e-06,89.75708,5.593523e-09,1.319887e-06
-0.297712,0.1851,2.177132e-06,91.47287,-5.596317e-08,2.176366e-06
-0.297712,0.185,1.581195e-06,86.50072,9.646452e-08,1.578111e-06
-0.297712,0.1849,1.630084e-06,80.7802,2.611521e-07,1.608889e-06
-0.297712,0.1848,7.31891e-07,115.0074,-3.093872e-07,6.632767e-07
-0.297712,0.1847,1.396704e-06,86.59777,8.287467e-08,1.394106e-06
-0.297712,0.1846,2.142084e-06,104.1353,-5.231089e-07,2.077236e-06
-0.297712,0.1845,6.220433e-07,98.33855,-9.020604e-08,6.153099e-07
-0.297712,0.1844,1.060623e-06,70.81383,3.482904e-07,1.00091e-06
-0.297712,0.1843,1.514006e-06,115.7644,-6.580855e-07,1.363461e-06
-0.297712,0.1842,1.288332e-06,86.37659,8.141063e-08,1.285644e-06
-0.297712,0.1841,1.959152e-06,110.25,-6.78068e-07,1.837933e-06
-0.297712,0.184,1.828249e-06,90.12488,-4.000961e-09,1.828204e-06
-0.297712,0.1839,1.731969e-06,98.42773,-2.538263e-07,1.713216e-06
-0.297712,0.1838,1.669339e-06,91.11967,-3.264471e-08,1.668982e-06
-0.297712,0.1837,1.929676e-06,78.3089,3.910604e-07,1.889633e-06
-0.297712,0.1836,2.021284e-06,92.30078,-8.114799e-08,2.019541e-06
-0.297712,0.1835,1.097202e-06,79.6228,1.975949e-07,1.079119e-06
-0.297712,0.1834,1.937733e-06,99.77482,-3.289785e-07,1.909481e-06
-0.297712,0.1833,1.292863e-06,87.40196,5.862303e-08,1.291511e-06
-0.297712,0.1832,2.057449e-06,100.2513,-3.661494e-07,2.024469e-06
-0.297712,0.1831,2.25001e-06,88.54417,5.715899e-08,2.24925e-06
-0.297712,0.183,1.670094e-06,83.82684,1.796074e-07,1.66032e-06
-0.297712,0.1829,2.146085e-06,97.26989,-2.715513e-07,2.128802e-06
-0.297712,0.1828,1.866096e-06,92.82434,-9.19383e-08,1.863783e-06
-0.297712,0.1827,8.167549e-07,76.89436,1.852009e-07,7.954481e-07
-0.297712,0.1826,1.514185e-06,80.04769,2.61683e-07,1.491369e-06
-0.297712,0.1825,2.60039e-06,91.32643,-6.022676e-08,2.599541e-06
-0.297712,0.1824,1.595607e-06,86.33725,1.019295e-07,1.592237e-06
-0.297712,0.1823,2.467945e-06,88.58657,6.088614e-08,2.467101e-06
-0.297712,0.1822,1.446504e-06,107.7816,-4.416983e-07,1.377314e-06
-0.297712,0.1821,1.752812e-06,73.22187,5.059149e-07,1.67804e-06
-0.297712,0.182,1.809261e-06,94.33067,-1.365747e-07,1.804087e-06
-0.297712,0.1819,2.173053e-06,92.82215,-1.069977e-07,2.17037e-06
-0.297712,0.1818,1.995747e-06,89.52628,1.651793e-08,1.995557e-06
-0.297712,0.1817,1.585297e-06,137.7658,-1.173729e-06,1.065529e-06
-0.297712,0.1816,1.030951e-06,139.467,-7.83462e-07,6.699375e-07
-0.297712,0.1815,1.713696e-06,115.0284,-7.249731e-07,1.552663e-06
-0.297712,0.1814,1.844264e-06,126.1216,-1.087121e-06,1.489637e-06
-0.297712,0.1813,1.529457e-06,106.6408,-4.379656e-07,1.465391e-06
-0.297712,0.1812,9.709093e-07,65.54506,4.018563e-07,8.836537e-07
-0.297712,0.1811,1.215381e-06,63.26075,5.468185e-07,1.085383e-06
-0.297712,0.181,1.205105e-06,100.6796,-2.233162e-07,1.184117e-06
-0.297712,0.1809,6.64819e-07,104.8907,-1.708175e-07,6.424896e-07
-0.297712,0.1808,1.045234e-06,92.96859,-5.40968e-08,1.043815e-06
-0.297712,0.1807,1.291986e-06,88.08039,4.330091e-08,1.291243e-06
-0.297712,0.1806,3.914237e-07,-122.4049,-2.097263e-07,-3.304425e-07
-0.297712,0.1805,1.157943e-06,86.17989,7.714144e-08,1.155333e-06
-0.297712,0.1804,8.299145e-07,80.55639,1.361723e-07,8.186325e-07
-0.297712,0.1803,1.693356e-06,112.0893,-6.367675e-07,1.569053e-06
-0.297712,0.1802,1.408992e-06,107.9005,-4.33037e-07,1.340674e-06
-0.297712,0.1801,4.181955e-07,-82.4193,5.515851e-08,-4.145186e-07
-0.297712,0.18,7.15496e-07,134.7964,-5.040541e-07,5.076471e-07
-0.297712,0.1799,7.233861e-07,150.5341,-6.297044e-07,3.557503e-07
-0.297712,0.1798,3.650765e-07,-68.83814,1.317746e-07,-3.404337e-07
-0.297712,0.1797,9.110514e-07,155.872,-8.314289e-07,3.724079e-07
-0.297712,0.1796,5.266349e-07,101.9883,-1.09395e-07,5.15107e-07
-0.297712,0.1795,6.355773e-07,160.9152,-6.006583e-07,2.078544e-07
-0.297712,0.1794,1.03222e-06,168.3281,-1.010773e-06,2.087876e-07
-0.297712,0.1793,1.419162e-06,178.2727,-1.418491e-06,4.277005e-08
-0.297712,0.1792,1.295808e-06,-179.994,-1.29578e-06,-1.341104e-10
-0.297712,0.1791,1.34306e-06,-161.4651,-1.273261e-06,-4.26907e-07
-0.297712,0.179,7.529743e-07,-161.5853,-7.144454e-07,-2.378392e-07
-0.297712,0.1789,1.247819e-06,-158.7437,-1.162938e-06,-4.523601e-07
-0.297712,0.1788,1.334153e-06,174.6948,-1.328419e-06,1.233816e-07
-0.297712,0.1787,6.397459e-07,123.4729,-3.528278e-07,5.33631e-07
-0.297712,0.1786,1.220528e-06,162.109,-1.161469e-06,3.749392e-07
-0.297712,0.1785,1.276815e-06,178.6442,-1.276457e-06,3.02419e-08
-0.297712,0.1784,8.450914e-07,137.4983,-6.230436e-07,5.709361e-07
-0.297712,0.1783,1.127567e-06,170.4025,-1.11177e-06,1.880005e-07
-0.297712,0.1782,2.014808e-06,166.9345,-1.962522e-06,4.554167e-07
-0.297712,0.1781,1.456255e-06,120.2928,-7.34562e-07,1.257397e-06
-0.297712,0.178,1.093709e-06,120.027,-5.472265e-07,9.468141e-07
-0.297712,0.1779,9.222943e-07,174.3949,-9.177736e-07,9.006634e-08
-0.297712,0.1778,8.518807e-07,163.7516,-8.17839e-07,2.383645e-07
-0.297712,0.1777,5.573239e-07,-145.8818,-4.614181e-07,-3.125891e-07
-0.297712,0.1776,1.185905e-06,-127.5834,-7.232408e-07,-9.397566e-07
-0.297712,0.1775,2.519851e-06,-129.0314,-1.586778e-06,-1.957325e-06
-0.297712,0.1774,2.197165e-06,-126.9985,-1.322161e-06,-1.754662e-06
-0.297712,0.1773,3.62035e-06,-148.1576,-3.075487e-06,-1.910023e-06
-0.297712,0.1772,3.404986e-06,-122.7547,-1.842202e-06,-2.863498e-06
-0.297712,0.1771,3.368826e-06,-132.777,-2.287896e-06,-2.4727e-06
-0.297712,0.177,3.729471e-06,-148.2534,-3.171421e-06,-1.962253e-06
-0.297712,0.1769,3.468694e-06,-137.0328,-2.538124e-06,-2.36411e-06
-0.297712,0.1768,2.501003e-06,-128.2114,-1.546936e-06,-1.965053e-06
-0.297712,0.1767,3.565505e-06,-127.2398,-2.157585e-06,-2.838447e-06
-0.297712,0.1766,3.717569e-06,-140.1717,-2.854971e-06,-2.38103e-06
-0.297712,0.1765,3.849796e-06,-137.1373,-2.821795e-06,-2.618735e-06
-0.297712,0.1764,4.405947e-06,-137.0654,-3.225786e-06,-3.00114e-06
-0.297712,0.1763,4.000928e-06,-132.2974,-2.692552e-06,-2.959297e-06
-0.297712,0.1762,4.083534e-06,-129.2574,-2.583956e-06,-3.161827e-06
-0.297712,0.1761,4.110943e-06,-135.6529,-2.939712e-06,-2.873495e-06
-0.297712,0.176,3.42632e-06,-128.4881,-2.1324e-06,-2.68189e-06
-0.297712,0.1759,4.725605e-06,-130.7818,-3.08668e-06,-3.578206e-06
-0.297712,0.1758,3.828266e-06,-136.2448,-2.765167e-06,-2.647513e-06
-0.297712,0.1757,4.067698e-06,-138.5492,-3.048839e-06,-2.692686e-06
-0.297712,0.1756,4.37233e-06,-123.5404,-2.415809e-06,-3.644295e-06
-0.297712,0.1755,4.045307e-06,-128.4951,-2.518001e-06,-3.16609e-06
-0.297712,0.1754,3.892673e-06,-130.0608,-2.505345e-06,-2.979286e-06
-0.297712,0.1753,3.678269e-06,-131.2537,-2.424336e-06,-2.763435e-06
-0.297712,0.1752,3.30994e-06,-133.8482,-2.292959e-06,-2.387026e-06
-0.297712,0.1751,3.109361e-06,-142.8607,-2.478562e-06,-1.877244e-06
-0.297712,0.175,2.802785e-06,-143.5579,-2.25472e-06,-1.664858e-06
-0.297712,0.1749,2.869723e-06,-156.7977,-2.637522e-06,-1.130556e-06
-0.297712,0.1748,1.76577e-06,-177.2534,-1.763725e-06,-8.461251e-08
-0.297712,0.1747,1.918662e-06,-148.2507,-1.631548e-06,-1.009572e-06
-0.297712,0.1746,1.41634e-06,-135.8916,-1.016903e-06,-9.857229e-07
-0.297712,0.1745,1.740988e-06,-178.3863,-1.740273e-06,-4.903413e-08
-0.297712,0.1744,1.474047e-06,-164.4318,-1.419827e-06,-3.955978e-07
-0.297712,0.1743,1.9463e-06,165.5341,-1.884575e-06,4.86195e-07
-0.297712,0.1742,1.341937e-06,-167.4285,-1.309633e-06,-2.920702e-07
-0.297712,0.1741,1.497298e-06,176.2445,-1.49404e-06,9.806267e-08
-0.297712,0.174,1.257631e-06,176.0933,-1.254608e-06,8.567422e-08
-0.297712,0.1739,1.041568e-06,-155.545,-9.481497e-07,-4.311706e-07
-0.297712,0.1738,1.564253e-06,139.8552,-1.195712e-06,1.008505e-06
-0.297712,0.1737,5.649738e-07,164.9169,-5.453601e-07,1.469627e-07
-0.297712,0.1736,1.921556e-06,150.9905,-1.680448e-06,9.318888e-07
-0.297712,0.1735,2.067312e-06,168.3683,-2.024743e-06,4.167761e-07
-0.297712,0.1734,1.647423e-06,150.7361,-1.437149e-06,8.053109e-07
-0.297712,0.1733,5.889683e-09,-152.196,-5.068257e-09,-2.665445e-09
-0.297712,0.1732,1.503411e-06,137.2011,-1.103108e-06,1.021429e-06
-0.297712,0.1731,1.419391e-06,125.4048,-8.210353e-07,1.156669e-06
-0.297712,0.173,1.822298e-06,118.3634,-8.656717e-07,1.603558e-06
-0.297712,0.1729,8.18571e-07,106.8445,-2.371743e-07,7.834564e-07
-0.297712,0.1728,1.722592e-06,135.4851,-1.228222e-06,1.207564e-06
-0.297712,0.1727,1.178395e-06,100.9777,-2.243835e-07,1.156803e-06
-0.297712,0.1726,1.531111e-06,113.9469,-6.214398e-07,1.399302e-06
-0.297712,0.1725,6.399974e-07,128.3552,-3.970619e-07,5.017854e-07
-0.297712,0.1724,2.166956e-06,116.3051,-9.602755e-07,1.942528e-06
-0.297712,0.1723,1.739228e-06,94.21352,-1.277793e-07,1.734405e-06
-0.297712,0.1722,1.181339e-06,40.70077,8.955169e-07,7.702689e-07
-0.297712,0.1721,6.967876e-07,121.5901,-3.649536e-07,5.934555e-07
-0.297712,0.172,9.989831e-07,127.2887,-6.051845e-07,7.947832e-07
-0.297712,0.1719,1.705678e-06,96.91365,-2.053286e-07,1.693233e-06
-0.297712,0.1718,1.916192e-06,112.0727,-7.20039e-07,1.775711e-06
-0.297712,0.1717,1.036427e-06,138.1156,-7.716044e-07,6.919205e-07
-0.297712,0.1716,1.33318e-06,101.1745,-2.583581e-07,1.307895e-06
-0.297712,0.1715,1.44395e-06,107.4424,-4.327744e-07,1.377448e-06
-0.297712,0.1714,1.336036e-06,86.54007,8.060596e-08,1.333482e-06
-0.297712,0.1713,4.712138e-07,67.99985,1.765396e-07,4.368983e-07
-0.297712,0.1712,1.480836e-06,97.12258,-1.836083e-07,1.469386e-06
-0.297712,0.1711,7.302872e-07,51.87729,4.507564e-07,5.744006e-07
-0.297712,0.171,6.285421e-07,55.42563,3.566835e-07,5.175098e-07
-0.297712,0.1709,5.992334e-07,92.5141,-2.625212e-08,5.986522e-07
-0.297712,0.1708,1.694004e-06,93.29644,-9.74033e-08,1.691099e-06
-0.297712,0.1707,1.359991e-06,98.83164,-2.087932e-07,1.343742e-06
-0.297712,0.1706,1.256503e-06,90.24203,-5.33089e-09,1.256335e-06
-0.297712,0.1705,1.502852e-06,84.3469,1.480299e-07,1.495499e-06
-0.297712,0.1704,1.547897e-06,86.38097,9.766593e-08,1.544667e-06
-0.297712,0.1703,1.859821e-06,71.52721,5.89326e-07,1.763982e-06
-0.297712,0.1702,1.756958e-06,101.2706,-3.433674e-07,1.723079e-06
-0.297712,0.1701,1.456422e-06,85.10313,1.243092e-07,1.450996e-06
-0.297712,0.17,1.569449e-06,84.0243,1.633521e-07,1.560788e-06
-0.297712,0.1699,1.893896e-06,83.95786,1.993272e-07,1.883234e-06
-0.297712,0.1698,1.394139e-06,60.88215,6.783306e-07,1.217823e-06
-0.297712,0.1697,8.027181e-07,62.48628,3.708098e-07,7.119085e-07
-0.297712,0.1696,1.378303e-06,81.24704,2.097208e-07,1.362126e-06
-0.297712,0.1695,1.603212e-06,83.59254,1.789424e-07,1.59317e-06
-0.297712,0.1694,1.903234e-06,103.0863,-4.30908e-07,1.853657e-06
-0.297712,0.1693,5.447622e-07,40.89485,4.117134e-07,3.565493e-07
-0.297712,0.1692,1.265136e-06,92.50011,-5.516409e-08,1.263929e-06
-0.297712,0.1691,1.80402e-06,83.67472,1.987963e-07,1.793028e-06
-0.297712,0.169,2.209531e-06,77.56886,4.756674e-07,2.157714e-06
-0.297712,0.1689,1.021211e-06,68.03132,3.820024e-07,9.469483e-07
-0.297712,0.1688,1.901641e-06,79.93141,3.324374e-07,1.87231e-06
-0.297712,0.1687,1.416759e-06,88.28583,4.236772e-08,1.416089e-06
-0.297712,0.1686,1.483261e-06,85.94034,1.049917e-07,1.479512e-06
-0.297712,0.1685,2.17165e-06,74.54592,5.786642e-07,2.093089e-06
-0.297712,0.1684,6.642602e-07,61.48964,3.169812e-07,5.835983e-07
-0.297712,0.1683,1.758327e-06,75.90745,4.281029e-07,1.705359e-06
-0.297712,0.1682,1.48772e-06,101.1133,-2.867393e-07,1.459792e-06
-0.297712,0.1681,1.654626e-06,104.3224,-4.093218e-07,1.603161e-06
-0.297712,0.168,1.809356e-06,83.53134,2.03859e-07,1.797828e-06
-0.297712,0.1679,7.591322e-07,29.90116,6.580799e-07,3.784038e-07
-0.297712,0.1678,1.775812e-06,73.27782,5.109775e-07,1.700693e-06
-0.297712,0.1677,8.772555e-07,62.20477,4.09048e-07,7.759965e-07
-0.297712,0.1676,1.22611e-06,102.0635,-2.562291e-07,1.198908e-06
-0.297712,0.1675,2.189269e-06,86.31846,1.405645e-07,2.184625e-06
-0.297712,0.1674,1.209659e-06,90.71413,-1.505948e-08,1.20943e-06
-0.297712,0.1673,1.307655e-06,94.36652,-9.95323e-08,1.303765e-06
-0.297712,0.1672,1.808378e-06,62.17329,8.440855e-07,1.599166e-06
-0.297712,0.1671,1.044653e-06,70.11792,3.552194e-07,9.822528e-07
-0.297712,0.167,1.474594e-06,89.30597,1.785345e-08,1.474449e-06
-0.297712,0.1669,1.470761e-06,78.30278,2.981945e-07,1.440206e-06
-0.297712,0.1668,1.264762e-06,101.0547,-2.425052e-07,1.241276e-06
-0.297712,0.1667,2.058969e-06,85.26399,1.700129e-07,2.051917e-06
-0.297712,0.1666,1.537559e-06,105.8689,-4.203803e-07,1.478847e-06
-0.297712,0.1665,2.258095e-06,84.45444,2.182479e-07,2.247517e-06
-0.297712,0.1664,1.619663e-06,110.4449,-5.657449e-07,1.517487e-06
-0.297712,0.1663,2.474304e-06,102.1238,-5.196444e-07,2.419e-06
-0.297712,0.1662,1.523025e-06,100.2137,-2.700816e-07,1.498835e-06
-0.297712,0.1661,1.653078e-06,97.8622,-2.261158e-07,1.637538e-06
-0.297712,0.166,1.748694e-06,102.3188,-3.730785e-07,1.708287e-06
-0.297712,0.1659,1.884844e-06,99.85438,-3.225803e-07,1.856988e-06
-0.297712,0.1658,1.624016e-06,123.0288,-8.851289e-07,1.361461e-06
-0.297712,0.1657,1.210447e-06,105.7849,-3.292411e-07,1.164665e-06
-0.297712,0.1656,1.601345e-06,116.205,-7.071141e-07,1.436742e-06
-0.297712,0.1655,1.706192e-06,104.7359,-4.339702e-07,1.650061e-06
-0.297712,0.1654,4.754159e-07,118.4579,-2.265125e-07,4.179775e-07
-0.297712,0.1653,1.001073e-06,142.8336,-7.977224e-07,6.047822e-07
-0.297712,0.1652,9.352192e-07,108.1488,-2.912711e-07,8.88722e-07
-0.297712,0.1651,1.893483e-06,97.32978,-2.41572e-07,1.877903e-06
-0.297712,0.165,1.526875e-06,107.9171,-4.696771e-07,1.452729e-06
-0.297712,0.1649,1.689054e-06,95.60937,-1.650899e-07,1.680839e-06
-0.297712,0.1648,1.533418e-06,69.61971,5.340278e-07,1.437406e-06
-0.297712,0.1647,1.629358e-06,95.55604,-1.577585e-07,1.621546e-06
-0.297712,0.1646,1.584934e-06,60.06473,7.909219e-07,1.373453e-06
-0.297712,0.1645,1.087535e-06,107.6234,-3.292411e-07,1.036483e-06
-0.297712,0.1644,1.040562e-06,88.84798,2.091564e-08,1.040216e-06
-0.297712,0.1643,1.78744e-06,105.958,-4.913974e-07,1.718547e-06
-0.297712,0.1642,1.588884e-06,100.656,-2.938024e-07,1.561459e-06
-0.297712,0.1641,2.028856e-06,97.19427,-2.540946e-07,2.012746e-06
-0.297712,0.164,2.61313e-06,77.74107,5.548149e-07,2.55344e-06
-0.297712,0.1639,1.371201e-06,104.5095,-3.435015e-07,1.327352e-06
-0.297712,0.1638,1.456489e-06,117.6693,-6.763357e-07,1.289907e-06
-0.297712,0.1637,1.694843e-06,79.01258,3.22977e-07,1.663651e-06
-0.297712,0.1636,1.65091e-06,87.22898,7.980689e-08,1.648865e-06
-0.297712,0.1635,2.054471e-06,97.61741,-2.723503e-07,2.036198e-06
-0.297712,0.1634,1.400224e-06,102.463,-3.021955e-07,1.367188e-06
-0.297712,0.1633,1.605089e-06,89.57262,1.19917e-08,1.605028e-06
-0.297712,0.1632,2.00922e-06,88.45281,5.422532e-08,2.008348e-06
-0.297712,0.1631,1.303754e-06,107.8979,-4.006605e-07,1.240611e-06
-0.297712,0.163,2.137916e-06,71.30909,6.851255e-07,2.025134e-06
-0.297712,0.1629,1.437675e-06,44.0463,1.033287e-06,9.994413e-07
-0.297712,0.1628,1.895036e-06,96.84458,-2.258475e-07,1.881502e-06
-0.297712,0.1627,2.59559e-06,75.10926,6.670039e-07,2.508407e-06
-0.297712,0.1626,1.699391e-06,52.70421,1.029688e-06,1.351866e-06
-0.297712,0.1625,2.399398e-06,94.82211,-2.0173e-07,2.390753e-06
-0.297712,0.1624,1.777159e-06,86.79885,9.926408e-08,1.774376e-06
-0.297712,0.1623,1.326385e-06,75.69152,3.277715e-07,1.285113e-06
-0.297712,0.1622,1.685589e-06,67.35289,6.490163e-07,1.555591e-06
-0.297712,0.1621,1.445364e-06,72.33025,4.386305e-07,1.377051e-06
-0.297712,0.162,5.857609e-07,112.6523,-2.255793e-07,5.405601e-07
-0.297712,0.1619,1.009594e-06,77.48536,2.187788e-07,9.855832e-07
-0.297712,0.1618,5.638673e-07,125.2527,-3.253798e-07,4.603452e-07
-0.297712,0.1617,1.833574e-06,90.30848,-9.862706e-09,1.833535e-06
-0.297712,0.1616,1.801002e-06,104.7228,-4.576854e-07,1.741865e-06
-0.297712,0.1615,1.148756e-06,116.8528,-5.188453e-07,1.02476e-06
-0.297712,0.1614,1.054538e-06,81.38867,1.578871e-07,1.042613e-06
-0.297712,0.1613,2.4717e-06,78.23984,5.037859e-07,2.419799e-06
-0.297712,0.1612,1.109333e-06,67.28297,4.283711e-07,1.023162e-06
-0.297712,0.1611,1.910168e-06,74.44233,5.12313e-07,1.840062e-06
-0.297712,0.161,1.139843e-06,109.6608,-3.83472e-07,1.073257e-06
-0.297712,0.1609,1.645781e-06,108.4885,-5.219131e-07,1.560788e-06
-0.297712,0.1608,1.319183e-06,98.7276,-2.001319e-07,1.3039e-06
-0.297712,0.1607,6.008259e-07,26.66231,5.368273e-07,2.695452e-07
-0.297712,0.1606,1.692311e-06,75.06992,4.359651e-07,1.635141e-06
-0.297712,0.1605,1.342037e-06,94.43438,-1.037959e-07,1.337874e-06
-0.297712,0.1604,2.163548e-06,76.0705,5.208402e-07,2.099884e-06
-0.297712,0.1603,1.928854e-06,81.49533,2.852696e-07,1.907749e-06
-0.297712,0.1602,1.178188e-06,35.68203,9.569395e-07,6.87126e-07
-0.297712,0.1601,1.957509e-06,95.76237,-1.965332e-07,1.947591e-06
-0.297712,0.16,1.309286e-06,79.66214,2.349e-07,1.287912e-06
-0.297712,0.1599,1.196069e-06,93.30868,-6.902217e-08,1.193974e-06
-0.297712,0.1598,1.39315e-06,89.29285,1.71829e-08,1.392904e-06
-0.297712,0.1597,2.120509e-06,58.41862,1.110434e-06,1.806356e-06
-0.297712,0.1596,7.376968e-07,127.4758,-4.487615e-07,5.853306e-07
-0.297712,0.1595,1.082349e-06,77.60775,2.322401e-07,1.057002e-06
-0.297712,0.1594,8.586868e-07,105.5471,-2.301111e-07,8.272938e-07
-0.297712,0.1593,9.700041e-07,81.66144,1.406986e-07,9.59739e-07
-0.297712,0.1592,1.534083e-06,72.86967,4.518181e-07,1.465922e-06
-0.297712,0.1591,1.416373e-06,107.8708,-4.346352e-07,1.348005e-06
-0.297712,0.159,1.138547e-06,82.70518,1.445654e-07,1.129221e-06
-0.297712,0.1589,1.803629e-06,81.24616,2.744738e-07,1.782506e-06
-0.297712,0.1588,1.259827e-06,85.56648,9.739771e-08,1.256067e-06
-0.297712,0.1587,1.49542e-06,100.1463,-2.634208e-07,1.471918e-06
-0.297712,0.1586,1.471845e-06,70.02612,5.027186e-07,1.383181e-06
-0.297712,0.1585,1.296535e-06,90.68266,-1.545622e-08,1.296306e-06
-0.297712,0.1584,1.613756e-06,110.5743,-5.670804e-07,1.510692e-06
-0.297712,0.1583,4.336182e-07,131.8861,-2.894047e-07,3.227088e-07
-0.297712,0.1582,8.76462e-07,147.2964,-7.374957e-07,4.735384e-07
-0.297712,0.1581,1.604016e-06,80.44186,2.663489e-07,1.581709e-06
-0.297712,0.158,8.959751e-07,130.4,-5.806703e-07,6.82326e-07
-0.297712,0.1579,1.638896e-06,103.9351,-3.946647e-07,1.590633e-06
-0.297712,0.1578,1.060673e-06,94.99391,-9.234063e-08,1.056605e-06
-0.297712,0.1577,1.849668e-06,76.94157,4.178434e-07,1.80169e-06
-0.297712,0.1576,1.48515e-06,100.489,-2.703499e-07,1.460328e-06
-0.297712,0.1575,1.686383e-06,81.14651,2.59554e-07,1.666182e-06
-0.297712,0.1574,1.598188e-06,94.94495,-1.377761e-07,1.592103e-06
-0.297712,0.1573,8.415877e-07,117.1692,-3.842711e-07,7.486827e-07
-0.297712,0.1572,1.644842e-06,95.34972,-1.533664e-07,1.637538e-06
-0.297712,0.1571,2.157546e-06,141.1245,-1.679649e-06,1.354129e-06
-0.297712,0.157,1.204255e-06,116.6824,-5.406998e-07,1.075923e-06
-0.297712,0.1569,1.386517e-06,124.1032,-7.773321e-07,1.148007e-06
-0.297712,0.1568,1.655464e-06,72.94223,4.855301e-07,1.582508e-06
-0.297712,0.1567,1.818459e-06,111.2632,-6.594154e-07,1.694563e-06
-0.297712,0.1566,1.296803e-06,113.4199,-5.153808e-07,1.189844e-06
-0.297712,0.1565,1.367468e-06,82.48574,1.788083e-07,1.355599e-06
-0.297712,0.1564,1.325771e-06,109.9999,-4.534218e-07,1.245673e-06
-0.297712,0.1563,1.42965e-06,107.4144,-4.278402e-07,1.364126e-06
-0.297712,0.1562,9.354874e-07,88.0734,3.144331e-08,9.348224e-07
-0.297712,0.1561,2.74224e-06,98.02688,-3.829412e-07,2.715328e-06
-0.297712,0.156,1.35722e-06,81.53292,1.99858e-07,1.342406e-06
-0.297712,0.1559,1.28718e-07,89.12249,1.994892e-09,1.287069e-07
-0.297712,0.1558,1.508848e-06,77.88926,3.165788e-07,1.475248e-06
-0.297712,0.1557,1.57958e-06,96.26232,-1.722816e-07,1.570114e-06
-0.297712,0.1556,2.096297e-06,71.34012,6.707366e-07,1.986097e-06
-0.297712,0.1555,1.950362e-06,114.7801,-8.174423e-07,1.770777e-06
-0.297712,0.1554,2.068391e-06,68.91158,7.441509e-07,1.929737e-06
-0.297712,0.1553,2.071117e-06,66.64826,8.209012e-07,1.901356e-06
-0.297712,0.1552,1.609353e-06,75.03757,4.154462e-07,1.554658e-06
-0.297712,0.1551,1.791754e-06,63.60171,7.966496e-07,1.604894e-06
-0.297712,0.155,2.222903e-06,77.64621,4.755388e-07,2.171304e-06
-0.297712,0.1549,1.87374e-06,116.1255,-8.250363e-07,1.682175e-06
-0.297712,0.1548,1.953162e-06,93.33578,-1.136586e-07,1.94972e-06
-0.297712,0.1547,1.569343e-06,75.59885,3.902614e-07,1.519884e-06
-0.297712,0.1546,1.593215e-06,76.35245,3.758724e-07,1.548131e-06
-0.297712,0.1545,1.523824e-06,72.52958,4.574172e-07,1.453399e-06
-0.297712,0.1544,1.846885e-06,106.3165,-5.188453e-07,1.772509e-06
-0.297712,0.1543,1.332102e-06,124.0446,-7.457546e-07,1.103773e-06
-0.297712,0.1542,1.697469e-06,100.1367,-2.98731e-07,1.670848e-06
-0.297712,0.1541,1.55952e-06,92.07085,-5.63655e-08,1.558391e-06
-0.297712,0.154,2.192124e-06,82.57535,2.832692e-07,2.173701e-06
-0.297712,0.1539,1.911487e-06,116.3091,-8.471533e-07,1.71335e-06
-0.297712,0.1538,1.691423e-06,82.10282,2.323687e-07,1.675246e-06
-0.297712,0.1537,2.146247e-06,92.4765,-9.273737e-08,2.144124e-06
-0.297712,0.1536,1.140514e-06,135.9982,-8.203703e-07,7.922518e-07
-0.297712,0.1535,1.861425e-06,94.1838,-1.357756e-07,1.856451e-06
-0.297712,0.1534,1.542985e-06,71.87915,4.798024e-07,1.466324e-06
-0.297712,0.1533,1.59008e-06,138.571,-1.192113e-06,1.052074e-06
-0.297712,0.1532,1.055208e-06,97.96961,-1.463033e-07,1.044876e-06
-0.297712,0.1531,1.391055e-06,105.9353,-3.818739e-07,1.337612e-06
-0.297712,0.153,1.225478e-06,83.76565,1.331046e-07,1.218225e-06
-0.297712,0.1529,1.577809e-06,126.5823,-9.402874e-07,1.266857e-06
-0.297712,0.1528,1.474427e-06,80.82741,2.350341e-07,1.455528e-06
-0.297712,0.1527,1.091782e-06,109.4318,-3.632213e-07,1.029554e-06
-0.297712,0.1526,1.823198e-06,94.35515,-1.384411e-07,1.817811e-06
-0.297712,0.1525,2.097113e-06,84.47717,2.018585e-07,2.087362e-06
-0.297712,0.1524,1.341763e-06,82.15702,1.830719e-07,1.329084e-06
-0.297712,0.1523,1.410814e-06,54.09153,8.274279e-07,1.142676e-06
-0.297712,0.1522,8.741151e-07,91.44052,-2.198852e-08,8.737966e-07
-0.297712,0.1521,1.923669e-06,108.0745,-5.967915e-07,1.828741e-06
-0.297712,0.152,1.473521e-06,98.0413,-2.061277e-07,1.458993e-06
-0.297712,0.1519,2.142464e-06,97.81762,-2.913996e-07,2.122538e-06
-0.297712,0.1518,1.561375e-06,69.33208,5.510821e-07,1.460859e-06
-0.297712,0.1517,2.16457e-06,99.32427,-3.506932e-07,2.135859e-06
-0.297712,0.1516,1.446431e-06,109.4353,-4.812721e-07,1.363858e-06
-0.297712,0.1515,2.187514e-06,81.89749,3.083199e-07,2.165576e-06
-0.297712,0.1514,1.931883e-06,99.28799,-3.1179e-07,1.906553e-06
-0.297712,0.1513,5.22539e-07,77.5081,1.12988e-07,5.100443e-07
-0.297712,0.1512,1.636454e-06,101.6875,-3.315098e-07,1.604491e-06
-0.297712,0.1511,1.143872e-06,96.46777,-1.288466e-07,1.136546e-06
-0.297712,0.151,1.720452e-06,71.12505,5.565471e-07,1.62781e-06
-0.297712,0.1509,1.818202e-06,109.785,-6.15444e-07,1.710819e-06
-0.297712,0.1508,1.765636e-06,92.92837,-9.020604e-08,1.763183e-06
-0.297712,0.1507,1.356052e-06,129.5188,-8.628778e-07,1.046078e-06
-0.297712,0.1506,1.868057e-06,96.27281,-2.041272e-07,1.85672e-06
-0.297712,0.1505,1.596109e-06,85.55337,1.237783e-07,1.591304e-06
-0.297712,0.1504,1.254435e-06,37.68657,9.926464e-07,7.668044e-07
-0.297712,0.1503,1.9809e-06,88.01919,6.848573e-08,1.979699e-06
-0.297712,0.1502,2.231603e-06,61.4162,1.067664e-06,1.959582e-06
-0.297712,0.1501,1.054499e-06,101.9393,-2.181194e-07,1.031689e-06
-0.297712,0.15,2.552289e-06,108.9518,-8.288975e-07,2.413803e-06
-0.297998,0.2,1.552579e-06,61.81661,7.332265e-07,1.36839e-06
-0.297998,0.1999,1.450806e-06,70.77274,4.77802e-07,1.369854e-06
-0.297998,0.1998,8.913148e-07,85.4913,7.008388e-08,8.884537e-07
-0.297998,0.1997,1.547975e-06,71.94734,4.796683e-07,1.471649e-06
-0.297998,0.1996,9.226351e-07,59.53056,4.678107e-07,7.951855e-07
-0.297998,0.1995,8.84436e-07,38.66999,6.904564e-07,5.525518e-07
-0.297998,0.1994,1.283582e-06,90.62933,-1.41263e-08,1.283381e-06
-0.297998,0.1993,2.228189e-06,86.44522,1.381672e-07,2.223802e-06
-0.297998,0.1992,1.514777e-06,86.24108,9.926408e-08,1.511357e-06
-0.297998,0.1991,1.704281e-06,79.58084,3.081858e-07,1.676045e-06
-0.297998,0.199,7.58484e-07,126.9705,-4.560872e-07,6.058495e-07
-0.297998,0.1989,1.250311e-06,88.85847,2.491101e-08,1.249937e-06
-0.297998,0.1988,1.582872e-06,100.2451,-2.815425e-07,1.557592e-06
-0.297998,0.1987,6.00228e-07,142.9595,-4.79009e-07,3.614835e-07
-0.297998,0.1986,1.071447e-06,119.7569,-5.317702e-07,9.301565e-07
-0.297998,0.1985,2.141794e-06,78.94133,4.107803e-07,2.101885e-06
-0.297998,0.1984,1.369284e-06,68.14148,5.097817e-07,1.270724e-06
-0.297998,0.1983,1.883385e-06,92.70893,-8.901022e-08,1.881234e-06
-0.297998,0.1982,1.183535e-06,111.8856,-4.411675e-07,1.098174e-06
-0.297998,0.1981,2.094604e-06,120.1984,-1.053543e-06,1.810351e-06
-0.297998,0.198,1.775253e-06,115.2251,-7.565505e-07,1.605961e-06
-0.297998,0.1979,1.623636e-06,98.42773,-2.379734e-07,1.605961e-06
-0.297998,0.1978,1.231027e-06,92.27018,-4.87715e-08,1.229949e-06
-0.297998,0.1977,1.29012e-06,69.00512,4.622116e-07,1.204367e-06
-0.297998,0.1976,1.831892e-06,83.97972,1.921299e-07,1.821678e-06
-0.297998,0.1975,2.16257e-06,74.92742,5.622748e-07,2.088027e-06
-0.297998,0.1974,2.715915e-06,60.87341,1.321887e-06,2.372363e-06
-0.297998,0.1973,2.00784e-06,109.4274,-6.678085e-07,1.893494e-06
-0.297998,0.1972,1.839213e-06,86.45003,1.139212e-07,1.83567e-06
-0.297998,0.1971,1.362483e-06,88.99223,2.398341e-08,1.36226e-06
-0.297998,0.197,1.956397e-06,70.88552,6.406232e-07,1.848461e-06
-0.297998,0.1969,1.826327e-06,76.18109,4.362277e-07,1.773443e-06
-0.297998,0.1968,1.290176e-06,95.63647,-1.267176e-07,1.283911e-06
-0.297998,0.1967,1.06102e-06,103.5601,-2.487637e-07,1.031421e-06
-0.297998,0.1966,1.544756e-06,107.2046,-4.568863e-07,1.475516e-06
-0.297998,0.1965,1.228345e-06,103.6597,-2.900697e-07,1.193577e-06
-0.297998,0.1964,1.927698e-06,80.1902,3.284364e-07,1.89949e-06
-0.297998,0.1963,1.383516e-06,86.57067,8.274056e-08,1.380912e-06
-0.297998,0.1962,1.797555e-06,77.28166,3.957264e-07,1.753326e-06
-0.297998,0.1961,2.687294e-06,64.88851,1.140413e-06,2.433255e-06
-0.297998,0.196,1.100309e-06,130.9254,-7.207095e-07,8.312948e-07
-0.297998,0.1959,1.434143e-06,93.69246,-9.234063e-08,1.431148e-06
-0.297998,0.1958,1.60158e-06,100.2215,-2.842079e-07,1.57611e-06
-0.297998,0.1957,1.833915e-06,94.90998,-1.569595e-07,1.827143e-06
-0.297998,0.1956,1.586794e-06,60.24394,7.874574e-07,1.377448e-06
-0.297998,0.1955,2.423873e-06,86.12918,1.636203e-07,2.418335e-06
-0.297998,0.1954,2.095067e-06,119.0548,-1.017434e-06,1.831406e-06
-0.297998,0.1953,2.011897e-06,81.16136,3.09119e-07,1.987963e-06
-0.297998,0.1952,1.425661e-06,88.97824,2.544745e-08,1.425415e-06
-0.297998,0.1951,1.646904e-06,79.95414,2.872645e-07,1.621546e-06
-0.297998,0.195,2.417447e-06,81.03898,3.765374e-07,2.387819e-06
-0.297998,0.1949,1.975039e-06,81.81706,2.811346e-07,1.954916e-06
-0.297998,0.1948,1.194678e-06,99.85176,-2.043955e-07,1.176919e-06
-0.297998,0.1947,1.780685e-06,125.7318,-1.039819e-06,1.445403e-06
-0.297998,0.1946,9.794142e-07,68.57936,3.576166e-07,9.116381e-07
-0.297998,0.1945,1.273646e-06,105.1423,-3.327056e-07,1.229284e-06
-0.297998,0.1944,1.250166e-06,69.58387,4.360992e-07,1.171588e-06
-0.297998,0.1943,1.881044e-06,93.00094,-9.847059e-08,1.87844e-06
-0.297998,0.1942,1.386389e-06,93.65837,-8.847378e-08,1.383444e-06
-0.297998,0.1941,1.779148e-06,80.58524,2.909973e-07,1.755058e-06
-0.297998,0.194,1.634437e-06,74.06115,4.487559e-07,1.57145e-06
-0.297998,0.1939,2.012422e-06,82.96744,2.463608e-07,1.997156e-06
-0.297998,0.1938,1.918857e-06,94.07364,-1.363065e-07,1.913879e-06
-0.297998,0.1937,1.063937e-06,68.81191,3.845337e-07,9.919814e-07
-0.297998,0.1936,1.051029e-06,132.1659,-7.055159e-07,7.790587e-07
-0.297998,0.1935,1.615639e-06,99.84389,-2.762116e-07,1.591835e-06
-0.297998,0.1934,1.20572e-06,89.22728,1.62553e-08,1.205569e-06
-0.297998,0.1933,1.751393e-06,78.27044,3.560185e-07,1.714685e-06
-0.297998,0.1932,1.337584e-06,119.6301,-6.612818e-07,1.162664e-06
-0.297998,0.1931,8.099265e-07,84.23413,8.141063e-08,8.058417e-07
-0.297998,0.193,1.303419e-06,125.2912,-7.529519e-07,1.063797e-06
-0.297998,0.1929,1.579072e-06,122.7201,-8.535515e-07,1.328414e-06
-0.297998,0.1928,1.173008e-06,119.2245,-5.726739e-07,1.023693e-06
-0.297998,0.1927,8.062887e-07,133.3329,-5.532223e-07,5.863923e-07
-0.297998,0.1926,1.43359e-06,70.10043,4.879273e-07,1.347871e-06
-0.297998,0.1925,1.777684e-06,63.69089,7.878541e-07,1.593433e-06
-0.297998,0.1924,1.132853e-06,97.57719,-1.493655e-07,1.122822e-06
-0.297998,0.1923,1.412563e-06,99.29323,-2.281107e-07,1.393971e-06
-0.297998,0.1922,1.640288e-06,56.28229,9.104367e-07,1.36426e-06
-0.297998,0.1921,1.175813e-06,78.52125,2.339668e-07,1.152271e-06
-0.297998,0.192,2.446342e-06,80.2326,4.150439e-07,2.41087e-06
-0.297998,0.1919,1.960236e-06,105.5104,-5.241762e-07,1.888833e-06
-0.297998,0.1918,9.485185e-07,86.60126,5.62258e-08,9.468141e-07
-0.297998,0.1917,1.660767e-06,93.7353,-1.081936e-07,1.657124e-06
-0.297998,0.1916,1.656258e-06,91.17999,-3.411434e-08,1.655789e-06
-0.297998,0.1915,1.54037e-06,87.75954,6.022118e-08,1.539073e-06
-0.297998,0.1914,1.498466e-06,125.2781,-8.654091e-07,1.223288e-06
-0.297998,0.1913,1.078024e-06,151.994,-9.517483e-07,5.061831e-07
-0.297998,0.1912,1.318931e-06,105.6669,-3.561582e-07,1.269791e-06
-0.297998,0.1911,1.753756e-06,87.24472,8.43387e-08,1.751728e-06
-0.297998,0.191,1.30809e-06,98.83076,-2.007968e-07,1.292573e-06
-0.297998,0.1909,1.776058e-06,112.9443,-6.923284e-07,1.635404e-06
-0.297998,0.1908,5.09575e-07,79.47942,9.3e-08,5.008522e-07
-0.297998,0.1907,2.413468e-06,77.75113,5.120448e-07,2.358505e-06
-0.297998,0.1906,1.047044e-06,70.42566,3.508217e-07,9.865164e-07
-0.297998,0.1905,9.426232e-07,95.37769,-8.833967e-08,9.384211e-07
-0.297998,0.1904,9.708087e-07,85.79521,7.114559e-08,9.681321e-07
-0.297998,0.1903,1.873925e-06,107.3121,-5.5762e-07,1.789033e-06
-0.297998,0.1902,1.416591e-06,97.15405,-1.764167e-07,1.405432e-06
-0.297998,0.1901,1.653805e-06,95.7239,-1.649558e-07,1.645401e-06
-0.297998,0.19,1.339143e-06,76.78246,3.061853e-07,1.303631e-06
-0.297998,0.1899,1.501182e-06,153.7617,-1.346407e-06,6.636735e-07
-0.297998,0.1898,9.323861e-07,153.7503,-8.362289e-07,4.123784e-07
-0.297998,0.1897,1.307928e-06,125.6566,-7.624123e-07,1.06273e-06
-0.297998,0.1896,7.856804e-07,113.523,-3.135222e-07,7.203016e-07
-0.297998,0.1895,2.085261e-06,72.74465,6.185062e-07,1.991294e-06
-0.297998,0.1894,1.640254e-06,94.62584,-1.323111e-07,1.634873e-06
-0.297998,0.1893,1.30851e-06,119.0758,-6.358344e-07,1.143475e-06
-0.297998,0.1892,2.159787e-06,114.3229,-8.895266e-07,1.967975e-06
-0.297998,0.1891,1.853479e-06,134.1118,-1.290047e-06,1.330683e-06
-0.297998,0.189,1.278072e-06,155.0616,-1.158803e-06,5.388278e-07
-0.297998,0.1889,1.830032e-06,109.8427,-6.211772e-07,1.721346e-06
-0.297998,0.1888,1.648401e-06,104.7132,-4.186481e-07,1.594232e-06
-0.297998,0.1887,1.959403e-06,74.48604,5.240365e-07,1.8879e-06
-0.297998,0.1886,1.442559e-06,82.62912,1.850724e-07,1.430612e-06
-0.297998,0.1885,1.099968e-06,94.81468,-9.234063e-08,1.095911e-06
-0.297998,0.1884,1.940891e-06,135.7727,-1.390781e-06,1.353733e-06
-0.297998,0.1883,8.189063e-07,98.59034,-1.223199e-07,8.095744e-07
-0.297998,0.1882,1.709768e-06,128.0816,-1.054476e-06,1.345736e-06
-0.297998,0.1881,1.506987e-06,115.1263,-6.398297e-07,1.36426e-06
-0.297998,0.188,7.813833e-07,101.3423,-1.536291e-07,7.672011e-07
-0.297998,0.1879,2.277279e-06,89.28935,2.824701e-08,2.277094e-06
-0.297998,0.1878,1.766592e-06,127.3692,-1.072196e-06,1.403963e-06
-0.297998,0.1877,1.033896e-06,98.03781,-1.44571e-07,1.023693e-06
-0.297998,0.1876,9.720716e-07,51.99793,5.98384e-07,7.658712e-07
-0.297998,0.1875,1.796593e-06,103.3135,-4.137195e-07,1.748263e-06
-0.297998,0.1874,1.984482e-06,99.58174,-3.303084e-07,1.956783e-06
-0.297998,0.1873,2.136183e-06,88.36976,6.075762e-08,2.135194e-06
-0.297998,0.1872,9.010881e-07,141.9192,-7.092487e-07,5.557481e-07
-0.297998,0.1871,1.403192e-06,122.1977,-7.47621e-07,1.187313e-06
-0.297998,0.187,9.35493e-07,108.7,-2.999324e-07,8.860565e-07
-0.297998,0.1869,7.75136e-07,82.43154,1.02058e-07,7.682684e-07
-0.297998,0.1868,1.231603e-06,114.2145,-5.051214e-07,1.123225e-06
-0.297998,0.1867,1.189844e-06,94.82955,-1.002028e-07,1.185446e-06
-0.297998,0.1866,8.979924e-07,64.753,3.829356e-07,8.121058e-07
-0.297998,0.1865,1.209385e-06,86.26032,7.88737e-08,1.206764e-06
-0.297998,0.1864,1.809624e-06,96.35324,-2.00266e-07,1.798359e-06
-0.297998,0.1863,2.228206e-06,108.4671,-7.057841e-07,2.113346e-06
-0.297998,0.1862,1.81443e-06,81.27676,2.751387e-07,1.793297e-06
-0.297998,0.1861,2.037333e-06,89.19319,2.864375e-08,2.036998e-06
-0.297998,0.186,1.632772e-06,108.3429,-5.137827e-07,1.54973e-06
-0.297998,0.1859,1.898596e-06,101.2225,-3.694798e-07,1.862185e-06
-0.297998,0.1858,1.062579e-06,89.30946,1.279078e-08,1.062467e-06
-0.297998,0.1857,1.650474e-06,70.13366,5.608107e-07,1.552127e-06
-0.297998,0.1856,1.197287e-06,66.63951,4.747398e-07,1.099107e-06
-0.297998,0.1855,1.053705e-06,101.4525,-2.091899e-07,1.032622e-06
-0.297998,0.1854,1.308526e-06,110.0576,-4.487615e-07,1.229016e-06
-0.297998,0.1853,1.534989e-06,87.46841,6.781518e-08,1.533474e-06
-0.297998,0.1852,7.607806e-07,114.5388,-3.159195e-07,6.919205e-07
-0.297998,0.1851,1.434423e-06,85.28585,1.179166e-07,1.429544e-06
-0.297998,0.185,1.204423e-06,112.0001,-4.511587e-07,1.116564e-06
-0.297998,0.1849,1.608414e-06,111.6479,-5.933269e-07,1.494968e-06
-0.297998,0.1848,9.12331e-07,170.5004,-8.997861e-07,1.505613e-07
-0.297998,0.1847,2.036701e-06,77.0631,4.559475e-07,1.984896e-06
-0.297998,0.1846,8.827317e-07,64.03183,3.865286e-07,7.935874e-07
-0.297998,0.1845,1.230932e-06,58.30236,6.467532e-07,1.047274e-06
-0.297998,0.1844,8.23114e-07,105.9073,-2.255793e-07,7.915869e-07
-0.297998,0.1843,1.308884e-06,109.0847,-4.279743e-07,1.236744e-06
-0.297998,0.1842,1.656442e-06,90.96667,-2.798438e-08,1.656057e-06
-0.297998,0.1841,9.302403e-07,82.76551,1.171175e-07,9.226966e-07
-0.297998,0.184,1.187408e-06,98.70137,-1.79613e-07,1.173723e-06
-0.297998,0.1839,1.427337e-06,94.25723,-1.059304e-07,1.423286e-06
-0.297998,0.1838,1.127019e-06,83.32677,1.309756e-07,1.119358e-06
-0.297998,0.1837,1.093441e-06,64.97768,4.624798e-07,9.9078e-07
-0.297998,0.1836,1.167984e-06,73.59868,3.29772e-07,1.120425e-06
-0.297998,0.1835,1.5159e-06,69.3452,5.346983e-07,1.418357e-06
-0.297998,0.1834,2.105025e-06,105.9257,-5.776081e-07,2.024207e-06
-0.297998,0.1833,1.134283e-06,163.9186,-1.089787e-06,3.141816e-07
-0.297998,0.1832,1.866376e-06,85.38639,1.50159e-07,1.860318e-06
-0.297998,0.1831,1.252407e-06,87.27969,5.94221e-08,1.25087e-06
-0.297998,0.183,1.379018e-06,91.03486,-2.49166e-08,1.378649e-06
-0.297998,0.1829,1.789374e-06,99.38153,-2.916678e-07,1.765318e-06
-0.297998,0.1828,6.209425e-07,136.6023,-4.511587e-07,4.266388e-07
-0.297998,0.1827,1.410048e-06,71.92111,4.375632e-07,1.340406e-06
-0.297998,0.1826,2.009533e-06,122.5269,-1.08046e-06,1.694167e-06
-0.297998,0.1825,1.180144e-06,109.9912,-4.034601e-07,1.10897e-06
-0.297998,0.1824,1.325083e-06,90.28924,-6.666406e-09,1.324949e-06
-0.297998,0.1823,2.083277e-06,86.1012,1.416318e-07,2.078298e-06
-0.297998,0.1822,1.484066e-06,97.44955,-1.924037e-07,1.471515e-06
-0.297998,0.1821,1.940477e-06,108.5628,-6.177127e-07,1.839397e-06
-0.297998,0.182,8.075907e-07,135.0986,-5.72009e-07,5.700029e-07
-0.297998,0.1819,1.873293e-06,112.5351,-7.1791e-07,1.730142e-06
-0.297998,0.1818,1.327559e-06,107.0184,-3.885347e-07,1.269388e-06
-0.297998,0.1817,1.662919e-06,94.14533,-1.201853e-07,1.658454e-06
-0.297998,0.1816,1.147538e-06,153.7582,-1.029163e-06,5.073789e-07
-0.297998,0.1815,1.317825e-06,99.66217,-2.211816e-07,1.299105e-06
-0.297998,0.1814,1.152992e-06,89.35143,1.305341e-08,1.152802e-06
-0.297998,0.1813,1.128377e-06,133.6572,-7.789358e-07,8.163694e-07
-0.297998,0.1812,8.451975e-07,80.17009,1.442972e-07,8.327588e-07
-0.297998,0.1811,1.169029e-06,63.91119,5.140453e-07,1.049811e-06
-0.297998,0.181,1.127768e-06,115.3239,-4.823394e-07,1.019295e-06
-0.297998,0.1809,1.06805e-06,95.33223,-9.926967e-08,1.063266e-06
-0.297998,0.1808,1.715496e-06,95.29376,-1.58295e-07,1.708025e-06
-0.297998,0.1807,1.338455e-06,120.3461,-6.762016e-07,1.15507e-06
-0.297998,0.1806,1.11035e-06,110.4913,-3.886688e-07,1.039948e-06
-0.297998,0.1805,1.18301e-06,113.2949,-4.678163e-07,1.086451e-06
-0.297998,0.1804,5.496684e-07,85.17656,4.623457e-08,5.476232e-07
-0.297998,0.1803,6.451942e-07,48.00369,4.315674e-07,4.794001e-07
-0.297998,0.1802,1.511855e-06,79.68312,2.707466e-07,1.487374e-06
-0.297998,0.1801,1.118224e-06,41.17811,8.415542e-07,7.361602e-07
-0.297998,0.18,2.441313e-07,65.8528,9.979493e-08,2.226456e-07
-0.297998,0.1799,1.374034e-06,93.61465,-8.660741e-08,1.371189e-06
-0.297998,0.1798,1.040792e-06,108.1645,-3.244467e-07,9.889192e-07
-0.297998,0.1797,5.187615e-07,114.1716,-2.123918e-07,4.732701e-07
-0.297998,0.1796,9.512286e-07,91.30763,-2.17203e-08,9.509436e-07
-0.297998,0.1795,1.571796e-06,86.96233,8.327141e-08,1.569449e-06
-0.297998,0.1794,1.417318e-06,98.79317,-2.166554e-07,1.400632e-06
-0.297998,0.1793,5.238968e-07,169.8291,-5.155149e-07,9.246915e-08
-0.297998,0.1792,1.01302e-06,140.9366,-7.865298e-07,6.383601e-07
-0.297998,0.1791,1.43007e-06,124.3724,-8.073113e-07,1.18025e-06
-0.297998,0.179,5.041155e-07,-159.5655,-4.723425e-07,-1.760143e-07
-0.297998,0.1789,9.109843e-07,131.7217,-6.062518e-07,6.799288e-07
-0.297998,0.1788,7.01515e-07,-170.8641,-6.92591e-07,-1.113954e-07
-0.297998,0.1787,5.001928e-07,-117.8284,-2.334415e-07,-4.422292e-07
-0.297998,0.1786,8.941646e-07,172.2811,-8.85928e-07,1.200456e-07
-0.297998,0.1785,9.765475e-07,172.8284,-9.688027e-07,1.219119e-07
-0.297998,0.1784,1.629017e-06,-135.8846,-1.169465e-06,-1.133887e-06
-0.297998,0.1783,1.350497e-06,-155.0633,-1.224495e-06,-5.693435e-07
-0.297998,0.1782,2.106344e-06,-146.235,-1.751063e-06,-1.170666e-06
-0.297998,0.1781,2.289002e-06,-119.231,-1.117765e-06,-1.997429e-06
-0.297998,0.178,2.525847e-06,-122.5046,-1.357337e-06,-2.130137e-06
-0.297998,0.1779,2.613237e-06,-117.2619,-1.197047e-06,-2.322938e-06
-0.297998,0.1778,3.484066e-06,-128.6769,-2.177171e-06,-2.719866e-06
-0.297998,0.1777,3.818532e-06,-136.1521,-2.75384e-06,-2.64525e-06
-0.297998,0.1776,2.796834e-06,-134.3841,-1.956257e-06,-1.998759e-06
-0.297998,0.1775,3.023352e-06,-132.8771,-2.05712e-06,-2.215543e-06
-0.297998,0.1774,3.676744e-06,-129.9318,-2.35998e-06,-2.819264e-06
-0.297998,0.1773,2.633918e-06,-120.9623,-1.355068e-06,-2.258582e-06
-0.297998,0.1772,2.874718e-06,-134.0012,-1.996893e-06,-2.067781e-06
-0.297998,0.1771,3.419609e-06,-147.9421,-2.898143e-06,-1.815022e-06
-0.297998,0.177,2.657594e-06,-129.6184,-1.694703e-06,-2.047128e-06
-0.297998,0.1769,2.893203e-06,-134.5446,-2.029409e-06,-2.06192e-06
-0.297998,0.1768,3.739239e-06,-125.3349,-2.162514e-06,-3.050303e-06
-0.297998,0.1767,3.795722e-06,-133.9291,-2.633258e-06,-2.73359e-06
-0.297998,0.1766,3.828087e-06,-128.4933,-2.382628e-06,-2.996077e-06
-0.297998,0.1765,3.752756e-06,-137.1591,-2.751711e-06,-2.551713e-06
-0.297998,0.1764,2.96032e-06,-122.2471,-1.579452e-06,-2.503613e-06
-0.297998,0.1763,2.454467e-06,-136.913,-1.792503e-06,-1.676581e-06
-0.297998,0.1762,3.131054e-06,-147.3838,-2.637254e-06,-1.68764e-06
-0.297998,0.1761,2.037942e-06,-153.1331,-1.81795e-06,-9.209699e-07
-0.297998,0.176,2.264924e-06,-129.4353,-1.438613e-06,-1.749197e-06
-0.297998,0.1759,2.046905e-06,-132.4622,-1.381851e-06,-1.510033e-06
-0.297998,0.1758,2.21946e-06,-109.7771,-7.509514e-07,-2.088434e-06
-0.297998,0.1757,1.85368e-06,-120.1931,-9.321626e-07,-1.6021e-06
-0.297998,0.1756,1.707052e-06,-150.1066,-1.479919e-06,-8.507519e-07
-0.297998,0.1755,1.49993e-06,-139.3586,-1.13815e-06,-9.769331e-07
-0.297998,0.1754,2.02324e-06,-179.396,-2.023011e-06,-2.132356e-08
-0.297998,0.1753,1.000463e-06,155.0834,-9.07246e-07,4.21442e-07
-0.297998,0.1752,9.240433e-07,140.9103,-7.171109e-07,5.82531e-07
-0.297998,0.1751,1.088814e-06,-178.8916,-1.088585e-06,-2.105534e-08
-0.297998,0.175,9.26854e-07,-170.4165,-9.139068e-07,-1.54294e-07
-0.297998,0.1749,1.720832e-06,147.0699,-1.444341e-06,9.354874e-07
-0.297998,0.1748,1.040535e-06,102.018,-2.166554e-07,1.017697e-06
-0.297998,0.1747,1.35637e-06,91.34522,-3.184564e-08,1.355862e-06
-0.297998,0.1746,1.559263e-06,99.98902,-2.70484e-07,1.535475e-06
-0.297998,0.1745,1.667037e-06,93.1854,-9.260326e-08,1.66445e-06
-0.297998,0.1744,1.141196e-06,84.27172,1.139212e-07,1.135485e-06
-0.297998,0.1743,9.687244e-07,65.69893,3.986544e-07,8.828546e-07
-0.297998,0.1742,9.955689e-07,84.87757,8.887052e-08,9.914506e-07
-0.297998,0.1741,1.588638e-06,91.02787,-2.851523e-08,1.588236e-06
-0.297998,0.174,7.624346e-07,114.5266,-3.164503e-07,6.935186e-07
-0.297998,0.1739,1.686125e-06,115.7836,-7.333662e-07,1.518152e-06
-0.297998,0.1738,1.460697e-06,81.45511,2.170465e-07,1.44447e-06
-0.297998,0.1737,1.420151e-06,94.43788,-1.099258e-07,1.41582e-06
-0.297998,0.1736,1.883441e-06,98.02732,-2.630241e-07,1.86485e-06
-0.297998,0.1735,1.424862e-06,60.50359,7.01515e-07,1.24008e-06
-0.297998,0.1734,1.466352e-06,90.80331,-2.052448e-08,1.46619e-06
-0.297998,0.1733,1.327134e-06,51.35448,8.287578e-07,1.036483e-06
-0.297998,0.1732,2.294294e-06,50.63454,1.455131e-06,1.773711e-06
-0.297998,0.1731,1.353247e-06,83.4072,1.553557e-07,1.344272e-06
-0.297998,0.173,6.059277e-07,121.3732,-3.15383e-07,5.172416e-07
-0.297998,0.1729,1.849299e-06,82.33537,2.466291e-07,1.832736e-06
-0.297998,0.1728,2.181088e-06,74.37064,5.875937e-07,2.100421e-06
-0.297998,0.1727,1.383388e-06,87.0961,7.008388e-08,1.381577e-06
-0.297998,0.1726,1.27425e-06,68.84513,4.598144e-07,1.188246e-06
-0.297998,0.1725,1.863766e-06,88.50527,4.86318e-08,1.863118e-06
-0.297998,0.1724,2.177741e-06,82.5111,2.838e-07,2.159044e-06
-0.297998,0.1723,1.304738e-06,105.5926,-3.506932e-07,1.256598e-06
-0.297998,0.1722,9.914673e-07,112.063,-3.724135e-07,9.188298e-07
-0.297998,0.1721,1.018429e-06,81.63346,1.481641e-07,1.007437e-06
-0.297998,0.172,1.818286e-06,74.18442,4.955213e-07,1.749325e-06
-0.297998,0.1719,1.662723e-06,63.78179,7.345564e-07,1.491637e-06
-0.297998,0.1718,1.549171e-06,82.0591,2.139844e-07,1.534273e-06
-0.297998,0.1717,1.274529e-06,86.65634,7.434748e-08,1.272322e-06
-0.297998,0.1716,1.956196e-06,123.5183,-1.080192e-06,1.630878e-06
-0.297998,0.1715,1.746822e-06,121.8034,-9.205676e-07,1.484574e-06
-0.297998,0.1714,1.708511e-06,96.06137,-1.80412e-07,1.698827e-06
-0.297998,0.1713,2.530887e-06,95.48348,-2.418346e-07,2.519197e-06
-0.297998,0.1712,1.918802e-06,89.84451,5.191192e-09,1.918679e-06
-0.297998,0.1711,1.575378e-06,74.0629,4.325006e-07,1.514688e-06
-0.297998,0.171,1.661706e-06,70.08907,5.658734e-07,1.562258e-06
-0.297998,0.1709,1.328861e-06,72.79273,3.930609e-07,1.269254e-06
-0.297998,0.1708,1.643138e-06,96.38297,-1.826751e-07,1.632872e-06
-0.297998,0.1707,1.62705e-06,120.3033,-8.209068e-07,1.404633e-06
-0.297998,0.1706,1.919478e-06,97.33765,-2.45165e-07,1.903619e-06
-0.297998,0.1705,1.609599e-06,64.9261,6.820634e-07,1.457791e-06
-0.297998,0.1704,1.254681e-06,95.55779,-1.215208e-07,1.248735e-06
-0.297998,0.1703,1.706762e-06,105.9554,-4.691462e-07,1.641003e-06
-0.297998,0.1702,1.684488e-06,73.58556,4.759356e-07,1.615684e-06
-0.297998,0.1701,1.60258e-06,82.80222,2.007912e-07,1.589834e-06
-0.297998,0.17,1.730181e-06,86.79011,9.686127e-08,1.727342e-06
-0.297998,0.1699,1.502819e-06,90.71064,-1.865811e-08,1.502562e-06
-0.297998,0.1698,1.600675e-06,84.35302,1.574903e-07,1.592768e-06
-0.297998,0.1697,1.132311e-06,78.23984,2.307705e-07,1.108434e-06
-0.297998,0.1696,1.897802e-06,85.13023,1.61089e-07,1.890828e-06
-0.297998,0.1695,1.875679e-06,82.07746,2.584867e-07,1.857653e-06
-0.297998,0.1694,9.041782e-07,80.31159,1.521594e-07,8.912533e-07
-0.297998,0.1693,7.887762e-07,82.63262,1.011248e-07,7.821265e-07
-0.297998,0.1692,1.045765e-06,117.3703,-4.807412e-07,9.285584e-07
-0.297998,0.1691,1.339573e-06,46.61988,9.200312e-07,9.735915e-07
-0.297998,0.169,1.564739e-06,68.28473,5.789324e-07,1.453662e-06
-0.297998,0.1689,1.575389e-06,77.81757,3.324374e-07,1.539872e-06
-0.297998,0.1688,2.17578e-06,65.81477,8.913818e-07,1.984767e-06
-0.297998,0.1687,1.206295e-06,88.48691,3.184005e-08,1.205831e-06
-0.297998,0.1686,1.104768e-06,96.18189,-1.189894e-07,1.098308e-06
-0.297998,0.1685,1.741256e-06,78.21448,3.556217e-07,1.704426e-06
-0.297998,0.1684,1.790173e-06,86.48411,1.097861e-07,1.78677e-06
-0.297998,0.1683,1.530725e-06,94.59787,-1.227166e-07,1.525746e-06
-0.297998,0.1682,1.358896e-06,83.24196,1.598875e-07,1.349335e-06
-0.297998,0.1681,1.536179e-06,81.86339,2.174489e-07,1.520683e-06
-0.297998,0.168,1.333214e-06,69.2193,4.730075e-07,1.246472e-06
-0.297998,0.1679,1.588996e-06,75.77195,3.905296e-07,1.540135e-06
-0.297998,0.1678,1.262504e-06,36.0386,1.020759e-06,7.426869e-07
-0.297998,0.1677,1.469548e-06,50.95845,9.256247e-07,1.141346e-06
-0.297998,0.1676,1.189665e-06,50.70492,7.533431e-07,9.20562e-07
-0.297998,0.1675,1.445241e-06,62.45481,6.683394e-07,1.28138e-06
-0.297998,0.1674,2.032158e-06,52.07137,1.249138e-06,1.602893e-06
-0.297998,0.1673,1.017713e-06,52.58706,6.18238e-07,8.082389e-07
-0.297998,0.1672,1.124471e-06,60.95821,5.45891e-07,9.830519e-07
-0.297998,0.1671,1.729695e-06,56.8383,9.461436e-07,1.447934e-06
-0.297998,0.167,1.411568e-06,89.78331,5.325302e-09,1.411428e-06
-0.297998,0.1669,1.367641e-06,89.51317,1.158937e-08,1.367457e-06
-0.297998,0.1668,1.214062e-06,43.10222,8.864533e-07,8.295625e-07
-0.297998,0.1667,1.647312e-06,96.6977,-1.921355e-07,1.63594e-06
-0.297998,0.1666,1.703917e-06,58.51304,8.899178e-07,1.452997e-06
-0.297998,0.1665,2.074196e-06,65.06249,8.744616e-07,1.880703e-06
-0.297998,0.1664,1.431243e-06,102.3756,-3.067273e-07,1.397967e-06
-0.297998,0.1663,8.855089e-07,87.05938,4.542991e-08,8.843243e-07
-0.297998,0.1662,1.862324e-06,73.67998,5.232375e-07,1.787167e-06
-0.297998,0.1661,1.812553e-06,89.21242,2.491101e-08,1.812351e-06
-0.297998,0.166,1.119973e-06,53.74457,6.623435e-07,9.031109e-07
-0.297998,0.1659,2.587325e-07,60.24569,1.283101e-07,2.24512e-07
-0.297998,0.1658,1.275407e-06,71.41181,4.065167e-07,1.208765e-06
-0.297998,0.1657,1.956587e-06,84.42297,1.90135e-07,1.947188e-06
-0.297998,0.1656,2.056332e-06,60.84018,1.001972e-06,1.795694e-06
-0.297998,0.1655,1.080913e-06,70.34872,3.634784e-07,1.017831e-06
-0.297998,0.1654,1.811536e-06,66.24272,7.29762e-07,1.657923e-06
-0.297998,0.1653,2.325631e-06,91.52969,-6.209313e-08,2.324664e-06
-0.297998,0.1652,1.643015e-06,75.07866,4.230402e-07,1.587571e-06
-0.297998,0.1651,7.457491e-07,73.20788,2.154484e-07,7.139034e-07
-0.297998,0.165,2.215806e-06,108.1566,-6.90462e-07,2.105483e-06
-0.297998,0.1649,1.90938e-06,84.45094,1.8467e-07,1.900423e-06
-0.297998,0.1648,1.389428e-06,85.1652,1.171175e-07,1.384377e-06
-0.297998,0.1647,1.755433e-06,54.06355,1.030219e-06,1.421285e-06
-0.297998,0.1646,2.22079e-06,101.2199,-4.321038e-07,2.178367e-06
-0.297998,0.1645,1.000151e-06,107.9739,-3.085881e-07,9.513404e-07
-0.297998,0.1644,1.516912e-06,85.74276,1.125857e-07,1.512687e-06
-0.297998,0.1643,8.051209e-07,68.97452,2.888627e-07,7.514823e-07
-0.297998,0.1642,9.084697e-07,62.57895,4.183743e-07,8.063782e-07
-0.297998,0.1641,1.789323e-06,74.07164,4.90861e-07,1.720016e-06
-0.297998,0.164,1.265287e-06,62.09723,5.921255e-07,1.118162e-06
-0.297998,0.1639,1.314952e-06,108.5829,-4.190504e-07,1.246338e-06
-0.297998,0.1638,1.2609e-06,99.87012,-2.161189e-07,1.242209e-06
-0.297998,0.1637,1.41862e-06,78.93477,2.723447e-07,1.393307e-06
-0.297998,0.1636,8.21935e-07,99.22679,-1.317802e-07,8.111726e-07
-0.297998,0.1635,2.165732e-06,104.8299,-5.542896e-07,2.093492e-06
-0.297998,0.1634,1.933928e-06,87.17653,9.526312e-08,1.931469e-06
-0.297998,0.1633,2.05071e-06,84.11872,2.101175e-07,2.039792e-06
-0.297998,0.1632,1.723051e-06,91.69318,-5.09005e-08,1.722279e-06
-0.297998,0.1631,2.001274e-06,63.93129,8.793901e-07,1.79756e-06
-0.297998,0.163,1.523248e-06,103.331,-3.512296e-07,1.482043e-06
-0.297998,0.1629,2.067821e-06,128.1576,-1.277524e-06,1.625943e-06
-0.297998,0.1628,1.387277e-06,62.93028,6.31297e-07,1.23528e-06
-0.297998,0.1627,1.939125e-06,101.2654,-3.788061e-07,1.901753e-06
-0.297998,0.1626,1.761797e-06,84.93352,1.55624e-07,1.754924e-06
-0.297998,0.1625,1.551171e-06,68.02782,5.803965e-07,1.438474e-06
-0.297998,0.1624,1.195309e-06,69.92833,4.102494e-07,1.122688e-06
-0.297998,0.1623,1.89783e-06,77.26855,4.182402e-07,1.851126e-06
-0.297998,0.1622,1.531127e-06,53.60294,9.084362e-07,1.232352e-06
-0.297998,0.1621,1.138368e-06,101.6963,-2.307761e-07,1.114698e-06
-0.297998,0.162,1.88509e-06,80.25926,3.189761e-07,1.857921e-06
-0.297998,0.1619,1.454444e-06,57.10583,7.898546e-07,1.221159e-06
-0.297998,0.1618,1.46823e-06,88.61717,3.543868e-08,1.467788e-06
-0.297998,0.1617,1.719173e-06,113.9478,-6.977878e-07,1.571182e-06
-0.297998,0.1616,2.472521e-06,92.35673,-1.016668e-07,2.470431e-06
-0.297998,0.1615,1.453131e-06,76.6392,3.357678e-07,1.413691e-06
-0.297998,0.1614,1.695832e-06,78.03613,3.514867e-07,1.658856e-06
-0.297998,0.1613,1.873718e-06,94.65732,-1.52165e-07,1.867381e-06
-0.297998,0.1612,1.274423e-06,78.57807,2.523567e-07,1.249138e-06
-0.297998,0.1611,9.934902e-07,127.607,-6.062518e-07,7.870551e-07
-0.297998,0.161,1.906452e-06,115.67,-8.258353e-07,1.718284e-06
-0.297998,0.1609,1.839855e-06,101.9708,-3.816056e-07,1.799695e-06
-0.297998,0.1608,1.879462e-06,85.07952,1.612175e-07,1.872444e-06
-0.297998,0.1607,2.458412e-06,84.0925,2.530217e-07,2.445247e-06
-0.297998,0.1606,2.739893e-06,90.01341,-6.705522e-10,2.739848e-06
-0.297998,0.1605,1.404074e-06,99.14723,-2.231821e-07,1.386109e-06
-0.297998,0.1604,1.724805e-06,78.38584,3.472231e-07,1.689366e-06
-0.297998,0.1603,1.451237e-06,60.69243,7.103104e-07,1.265393e-06
-0.297998,0.1602,1.424985e-06,80.28187,2.404991e-07,1.404499e-06
-0.297998,0.1601,1.821812e-06,51.44365,1.135485e-06,1.424616e-06
-0.297998,0.16,1.787262e-06,89.02633,3.037601e-08,1.786898e-06
-0.297998,0.1599,1.886397e-06,64.52142,8.114408e-07,1.702828e-06
-0.297998,0.1598,2.189034e-06,70.19311,7.417537e-07,2.059511e-06
-0.297998,0.1597,1.177808e-06,82.5041,1.536235e-07,1.167593e-06
-0.297998,0.1596,2.584973e-06,80.08354,4.451572e-07,2.546243e-06
-0.297998,0.1595,1.934068e-06,73.31279,5.553457e-07,1.85259e-06
-0.297998,0.1594,2.143839e-06,66.62946,8.50344e-07,1.967841e-06
-0.297998,0.1593,1.879105e-06,65.03975,7.929168e-07,1.703493e-06
-0.297998,0.1592,1.973692e-06,85.44409,1.568254e-07,1.967445e-06
-0.297998,0.1591,2.021094e-06,60.6155,9.917132e-07,1.761054e-06
-0.297998,0.159,1.301513e-06,60.84805,6.339624e-07,1.136546e-06
-0.297998,0.1589,1.956665e-06,90.74123,-2.531893e-08,1.956386e-06
-0.297998,0.1588,1.628715e-06,59.97993,8.147712e-07,1.410093e-06
-0.297998,0.1587,1.89764e-06,105.2709,-4.997905e-07,1.830602e-06
-0.297998,0.1586,1.386506e-06,73.65201,3.902614e-07,1.330414e-06
-0.297998,0.1585,8.625816e-07,52.13432,5.293674e-07,6.808619e-07
-0.297998,0.1584,1.697525e-06,96.18189,-1.828093e-07,1.6875e-06
-0.297998,0.1583,1.154752e-06,74.46331,3.092531e-07,1.112429e-06
-0.297998,0.1582,2.538386e-06,87.19052,1.244433e-07,2.535318e-06
-0.297998,0.1581,1.294892e-06,100.0869,-2.267807e-07,1.274853e-06
-0.297998,0.158,1.153333e-06,85.38201,9.286589e-08,1.149471e-06
-0.297998,0.1579,2.105511e-06,84.96499,1.848042e-07,2.097353e-06
-0.297998,0.1578,1.679001e-06,93.40572,-9.980052e-08,1.677241e-06
-0.297998,0.1577,1.054923e-06,75.66529,2.611521e-07,1.02196e-06
-0.297998,0.1576,1.46177e-06,104.7394,-3.718826e-07,1.413557e-06
-0.297998,0.1575,1.234956e-06,74.96676,3.203116e-07,1.192644e-06
-0.297998,0.1574,1.690434e-06,87.51037,7.341429e-08,1.688702e-06
-0.297998,0.1573,1.754701e-06,42.19388,1.300038e-06,1.178517e-06
-0.297998,0.1572,1.912649e-06,71.61512,6.031841e-07,1.814883e-06
-0.297998,0.1571,1.802779e-06,71.14166,5.826652e-07,1.70589e-06
-0.297998,0.157,1.673167e-06,89.15909,2.451427e-08,1.672849e-06
-0.297998,0.1569,2.851802e-06,84.10036,2.931263e-07,2.836581e-06
-0.297998,0.1568,2.264309e-06,70.53101,7.546786e-07,2.134798e-06
-0.297998,0.1567,1.602826e-06,69.63108,5.578827e-07,1.502562e-06
-0.297998,0.1566,1.421246e-06,93.38124,-8.381344e-08,1.418754e-06
-0.297998,0.1565,1.588918e-06,86.90988,8.567422e-08,1.586504e-06
-0.297998,0.1564,1.92777e-06,93.11022,-1.045949e-07,1.924809e-06
-0.297998,0.1563,1.456025e-06,83.8181,1.568254e-07,1.447532e-06
-0.297998,0.1562,1.984186e-06,62.83598,9.059049e-07,1.765318e-06
-0.297998,0.1561,2.403426e-06,65.28061,1.00504e-06,2.183161e-06
-0.297998,0.156,1.979453e-06,98.92604,-3.071241e-07,1.955453e-06
-0.297998,0.1559,1.806015e-06,81.89574,2.546198e-07,1.787966e-06
-0.297998,0.1558,2.12256e-06,101.2405,-4.137195e-07,2.081762e-06
-0.297998,0.1557,1.780265e-06,83.37835,2.053231e-07,1.76838e-06
-0.297998,0.1556,1.935761e-06,88.4703,5.169399e-08,1.935068e-06
-0.297998,0.1555,1.879641e-06,86.60651,1.112557e-07,1.876305e-06
-0.297998,0.1554,1.923685e-06,99.63856,-3.220494e-07,1.896427e-06
-0.297998,0.1553,1.793621e-06,82.26281,2.414323e-07,1.777175e-06
-0.297998,0.1552,1.871913e-06,92.57092,-8.394755e-08,1.869913e-06
-0.297998,0.1551,9.39466e-07,103.9115,-2.258475e-07,9.117722e-07
-0.297998,0.155,1.66968e-06,61.00105,8.094403e-07,1.460328e-06
-0.297998,0.1549,1.473303e-06,128.7705,-9.225681e-07,1.148672e-06
-0.297998,0.1548,9.462721e-07,109.0165,-3.083255e-07,8.945837e-07
-0.297998,0.1547,1.090301e-06,75.72299,2.688802e-07,1.056605e-06
-0.297998,0.1546,1.236336e-06,92.00091,-4.317238e-08,1.235548e-06
-0.297998,0.1545,1.081584e-06,99.15859,-1.721531e-07,1.067664e-06
-0.297998,0.1544,1.2512e-06,53.72883,7.401555e-07,1.008639e-06
-0.297998,0.1543,1.848472e-06,80.15785,3.159139e-07,1.821147e-06
-0.297998,0.1542,1.362841e-06,108.0745,-4.227776e-07,1.295506e-06
-0.297998,0.1541,1.09847e-06,88.92404,2.064742e-08,1.098174e-06
-0.297998,0.154,2.0902e-06,83.84258,2.242438e-07,2.078169e-06
-0.297998,0.1539,1.868885e-06,74.90044,4.8686e-07,1.804355e-06
-0.297998,0.1538,1.261347e-06,80.44098,2.094525e-07,1.243807e-06
-0.297998,0.1537,2.077247e-06,47.46167,1.404365e-06,1.530546e-06
-0.297998,0.1536,1.013193e-06,58.02172,5.365591e-07,8.594077e-07
-0.297998,0.1535,1.820996e-06,86.29179,1.177825e-07,1.817146e-06
-0.297998,0.1534,1.76087e-06,72.9265,5.169734e-07,1.683237e-06
-0.297998,0.1533,1.755276e-06,83.31802,2.042558e-07,1.743329e-06
-0.297998,0.1532,1.925909e-06,74.44407,5.164425e-07,1.855256e-06
-0.297998,0.1531,1.19494e-06,87.51999,5.169399e-08,1.193711e-06
-0.297998,0.153,1.067435e-06,97.07712,-1.31512e-07,1.059265e-06
-0.297998,0.1529,1.106232e-06,103.8477,-2.647563e-07,1.074057e-06
-0.297998,0.1528,1.076795e-06,103.1327,-2.446342e-07,1.048609e-06
-0.297998,0.1527,1.395173e-06,127.7023,-8.531492e-07,1.103773e-06
-0.297998,0.1526,1.504054e-06,79.27224,2.799388e-07,1.477645e-06
-0.297998,0.1525,1.182273e-06,80.67266,1.915991e-07,1.166526e-06
-0.297998,0.1524,1.104908e-06,65.49,4.583504e-07,1.005303e-06
-0.297998,0.1523,1.051073e-06,97.26945,-1.32976e-07,1.042613e-06
-0.297998,0.1522,1.737914e-06,59.50258,8.819214e-07,1.497365e-06
-0.297998,0.1521,1.10873e-06,90.10302,-2.00048e-09,1.108702e-06
-0.297998,0.152,1.277083e-06,84.97723,1.117866e-07,1.272054e-06
-0.297998,0.1519,1.430718e-06,91.7028,-4.250742e-08,1.429947e-06
-0.297998,0.1518,1.347508e-06,92.30165,-5.40968e-08,1.346401e-06
-0.297998,0.1517,1.726431e-06,84.80588,1.562889e-07,1.719212e-06
-0.297998,0.1516,1.113686e-06,67.16407,4.322323e-07,1.026358e-06
-0.297998,0.1515,1.463575e-06,84.73943,1.341719e-07,1.45726e-06
-0.297998,0.1514,1.411713e-06,97.39185,-1.816134e-07,1.399833e-06
-0.297998,0.1513,1.142263e-06,57.22123,6.183721e-07,9.602699e-07
-0.297998,0.1512,1.050151e-06,74.07514,2.880636e-07,1.0097e-06
-0.297998,0.1511,1.20116e-06,86.90988,6.475299e-08,1.199305e-06
-0.297998,0.151,1.422459e-06,73.01829,4.154462e-07,1.360259e-06
-0.297998,0.1509,1.436641e-06,121.7465,-7.558856e-07,1.22169e-06
-0.297998,0.1508,1.09357e-06,113.0702,-4.285108e-07,1.006107e-06
-0.297998,0.1507,1.370826e-06,95.01314,-1.197885e-07,1.365456e-06
-0.297998,0.1506,1.711053e-06,102.8634,-3.809407e-07,1.668049e-06
-0.297998,0.1505,1.778108e-06,106.9388,-5.180463e-07,1.700961e-06
-0.297998,0.1504,1.285387e-06,90.08816,-2.00048e-09,1.285247e-06
-0.297998,0.1503,1.410836e-06,80.76184,2.265069e-07,1.392507e-06
-0.297998,0.1502,1.917108e-06,61.64351,9.104367e-07,1.686969e-06
-0.297998,0.1501,1.359293e-06,107.2081,-4.021245e-07,1.298435e-06
-0.297998,0.15,1.427359e-06,133.756,-9.870585e-07,1.03089e-06
-0.298284,0.2,1.740982e-06,101.8449,-3.573596e-07,1.70389e-06
-0.298284,0.1999,1.571053e-06,89.27012,1.998245e-08,1.570785e-06
-0.298284,0.1998,1.82208e-06,111.543,-6.690099e-07,1.694697e-06
-0.298284,0.1997,5.922596e-07,98.76169,-9.020604e-08,5.853306e-07
-0.298284,0.1996,1.924663e-06,73.82336,5.361624e-07,1.848326e-06
-0.298284,0.1995,1.676347e-06,79.21454,3.136508e-07,1.646596e-06
-0.298284,0.1994,1.989824e-06,108.5339,-6.324984e-07,1.886565e-06
-0.298284,0.1993,1.537336e-06,102.2296,-3.256481e-07,1.502428e-06
-0.298284,0.1992,1.520214e-06,100.6289,-2.803411e-07,1.494035e-06
-0.298284,0.1991,1.583123e-06,114.8352,-6.648804e-07,1.436607e-06
-0.298284,0.199,1.792062e-06,86.59777,1.063216e-07,1.788765e-06
-0.298284,0.1989,2.02291e-06,88.01482,7.008388e-08,2.021675e-06
-0.298284,0.1988,1.505786e-06,108.9728,-4.89531e-07,1.423817e-06
-0.298284,0.1987,2.398872e-06,125.3489,-1.387847e-06,1.956649e-06
-0.298284,0.1986,1.619568e-06,119.9378,-8.082445e-07,1.403432e-06
-0.298284,0.1985,9.757932e-07,70.65297,3.232397e-07,9.20562e-07
-0.298284,0.1984,1.767765e-06,128.5003,-1.100443e-06,1.383444e-06
-0.298284,0.1983,1.675151e-06,98.75295,-2.548936e-07,1.655526e-06
-0.298284,0.1982,1.036372e-06,133.4797,-7.131099e-07,7.520131e-07
-0.298284,0.1981,2.360243e-06,128.9781,-1.48458e-06,1.834737e-06
-0.298284,0.198,1.50658e-06,138.3411,-1.125494e-06,1.001307e-06
-0.298284,0.1979,1.454472e-06,105.0865,-3.785435e-07,1.404365e-06
-0.298284,0.1978,1.711394e-06,92.035,-6.076321e-08,1.710288e-06
-0.298284,0.1977,2.057354e-06,69.71151,7.133726e-07,1.929603e-06
-0.298284,0.1976,1.301608e-06,70.84793,4.270356e-07,1.229552e-06
-0.298284,0.1975,1.666115e-06,82.08446,2.294406e-07,1.650195e-06
-0.298284,0.1974,2.159049e-06,79.35267,3.989227e-07,2.121873e-06
-0.298284,0.1973,1.759573e-06,99.46284,-2.892706e-07,1.735601e-06
-0.298284,0.1972,1.436183e-06,113.919,-5.822684e-07,1.312829e-06
-0.298284,0.1971,8.224938e-07,100.8702,-1.550987e-07,8.077081e-07
-0.298284,0.197,9.755585e-07,80.92532,1.538917e-07,9.633321e-07
-0.298284,0.1969,1.339461e-06,91.93359,-4.517287e-08,1.338673e-06
-0.298284,0.1968,1.319216e-06,95.91361,-1.359097e-07,1.312159e-06
-0.298284,0.1967,1.495057e-06,55.2298,8.526127e-07,1.228088e-06
-0.298284,0.1966,1.089418e-06,117.5801,-5.043223e-07,9.654667e-07
-0.298284,0.1965,1.362103e-06,96.23872,-1.480355e-07,1.354001e-06
-0.298284,0.1964,6.805323e-07,124.7352,-3.877356e-07,5.592126e-07
-0.298284,0.1963,2.012886e-06,55.4064,1.142811e-06,1.65699e-06
-0.298284,0.1962,2.480629e-06,88.24038,7.621385e-08,2.479355e-06
-0.298284,0.1961,1.233318e-06,76.91185,2.792738e-07,1.201171e-06
-0.298284,0.196,1.567281e-06,100.7059,-2.91137e-07,1.539872e-06
-0.298284,0.1959,1.689188e-06,77.45302,3.669429e-07,1.648731e-06
-0.298284,0.1958,1.559078e-06,79.23115,2.912655e-07,1.531479e-06
-0.298284,0.1957,2.616036e-06,109.1079,-8.563455e-07,2.471761e-06
-0.298284,0.1956,1.773443e-06,68.85475,6.3969e-07,1.653928e-06
-0.298284,0.1955,1.753382e-06,65.27318,7.333606e-07,1.5925e-06
-0.298284,0.1954,1.985153e-06,100.5983,-3.650877e-07,1.951189e-06
-0.298284,0.1953,1.286767e-06,60.60588,6.315652e-07,1.12109e-06
-0.298284,0.1952,2.079265e-06,81.4761,3.081858e-07,2.056181e-06
-0.298284,0.1951,1.001559e-06,53.0749,6.017144e-07,8.006449e-07
-0.298284,0.195,1.30257e-06,97.97836,-1.808144e-07,1.289907e-06
-0.298284,0.1949,1.346189e-06,73.27782,3.873333e-07,1.289242e-06
-0.298284,0.1948,1.567812e-06,73.72719,4.392955e-07,1.504959e-06
-0.298284,0.1947,1.314578e-06,112.133,-4.952643e-07,1.217694e-06
-0.298284,0.1946,1.380812e-06,95.6321,-1.355074e-07,1.374118e-06
-0.298284,0.1945,1.226602e-06,87.2045,5.982443e-08,1.22502e-06
-0.298284,0.1944,2.099666e-06,58.14062,1.108299e-06,1.783305e-06
-0.298284,0.1943,2.284901e-06,80.29017,3.853328e-07,2.252049e-06
-0.298284,0.1942,2.078857e-06,88.67138,4.822947e-08,2.078298e-06
-0.298284,0.1941,1.706309e-06,111.0184,-6.119795e-07,1.592634e-06
-0.298284,0.194,1.150902e-06,121.6023,-6.030555e-07,9.802579e-07
-0.298284,0.1939,1.795917e-06,92.46252,-7.714703e-08,1.79423e-06
-0.298284,0.1938,1.600205e-06,103.4385,-3.718826e-07,1.556262e-06
-0.298284,0.1937,1.357242e-06,118.3713,-6.448924e-07,1.194108e-06
-0.298284,0.1936,1.257592e-06,99.27575,-2.026632e-07,1.241141e-06
-0.298284,0.1935,8.291378e-07,57.65628,4.435591e-07,7.004477e-07
-0.298284,0.1934,1.498879e-06,96.81136,-1.777466e-07,1.488173e-06
-0.298284,0.1933,7.018055e-07,104.6511,-1.774784e-07,6.789956e-07
-0.298284,0.1932,1.516459e-06,107.6102,-4.587527e-07,1.445403e-06
-0.298284,0.1931,5.732048e-07,68.14672,2.133194e-07,5.318988e-07
-0.298284,0.193,1.923825e-06,93.61378,-1.212526e-07,1.919874e-06
-0.298284,0.1929,9.171254e-07,84.6153,8.607096e-08,9.12968e-07
-0.298284,0.1928,1.056404e-06,94.75873,-8.76747e-08,1.052604e-06
-0.298284,0.1927,1.382432e-06,120.5542,-7.027219e-07,1.190381e-06
-0.298284,0.1926,8.23684e-07,27.99281,7.272306e-07,3.865286e-07
-0.298284,0.1925,1.287667e-06,99.38678,-2.09989e-07,1.270322e-06
-0.298284,0.1924,1.650083e-06,92.10057,-6.049498e-08,1.648865e-06
-0.298284,0.1923,7.21028e-07,61.06924,3.488212e-07,6.310287e-07
-0.298284,0.1922,1.626413e-06,89.18794,2.305023e-08,1.626212e-06
-0.298284,0.1921,1.705264e-06,60.63823,8.360892e-07,1.486172e-06
-0.298284,0.192,1.130875e-06,125.9032,-6.631482e-07,9.160358e-07
-0.298284,0.1919,1.732511e-06,94.37613,-1.32177e-07,1.727342e-06
-0.298284,0.1918,2.141218e-06,114.7871,-8.976515e-07,1.943858e-06
-0.298284,0.1917,1.262471e-06,127.6638,-7.713362e-07,9.993072e-07
-0.298284,0.1916,1.377096e-06,67.02069,5.376264e-07,1.26779e-06
-0.298284,0.1915,1.190129e-06,105.4352,-3.167185e-07,1.147208e-06
-0.298284,0.1914,1.166705e-06,83.32502,1.356359e-07,1.158798e-06
-0.298284,0.1913,1.134932e-06,73.54185,3.215074e-07,1.088317e-06
-0.298284,0.1912,1.379443e-06,91.53319,-3.690831e-08,1.378918e-06
-0.298284,0.1911,1.478819e-06,73.32766,4.24236e-07,1.416625e-06
-0.298284,0.191,1.697743e-06,85.64659,1.28841e-07,1.692697e-06
-0.298284,0.1909,1.23861e-06,92.54732,-5.502998e-08,1.23728e-06
-0.298284,0.1908,1.885928e-06,103.5207,-4.408992e-07,1.833535e-06
-0.298284,0.1907,1.255368e-06,95.95208,-1.301821e-07,1.248473e-06
-0.298284,0.1906,8.553843e-07,67.33542,3.296378e-07,7.893182e-07
-0.298284,0.1905,1.890175e-06,90.03221,-1.067295e-09,1.890029e-06
-0.298284,0.1904,1.17322e-06,83.87743,1.248456e-07,1.16386e-06
-0.298284,0.1903,1.113714e-06,64.753,4.750024e-07,1.007303e-06
-0.298284,0.1902,1.232793e-06,81.18322,1.889336e-07,1.218091e-06
-0.298284,0.1901,1.566616e-06,89.91795,2.263113e-09,1.566521e-06
-0.298284,0.19,2.268556e-06,82.03956,3.141816e-07,2.246584e-06
-0.298284,0.1899,1.594232e-06,85.62211,1.216493e-07,1.589437e-06
-0.298284,0.1898,1.214873e-06,105.5681,-3.260448e-07,1.170258e-06
-0.298284,0.1897,1.644149e-06,80.2103,2.795364e-07,1.620082e-06
-0.298284,0.1896,1.600407e-06,105.2586,-4.211794e-07,1.543868e-06
-0.298284,0.1895,1.0126e-06,117.1291,-4.616864e-07,9.011104e-07
-0.298284,0.1894,1.600591e-06,68.56362,5.849283e-07,1.489771e-06
-0.298284,0.1893,1.502344e-06,106.1608,-4.181172e-07,1.442871e-06
-0.298284,0.1892,1.398112e-06,95.69942,-1.388378e-07,1.391172e-06
-0.298284,0.1891,2.356052e-06,83.65287,2.604871e-07,2.341585e-06
-0.298284,0.189,1.413255e-06,112.0053,-5.295071e-07,1.310164e-06
-0.298284,0.1889,1.04567e-06,123.8033,-5.817376e-07,8.68868e-07
-0.298284,0.1888,1.092961e-06,109.9467,-3.728102e-07,1.027291e-06
-0.298284,0.1887,8.170008e-07,79.05629,1.550931e-07,8.021146e-07
-0.298284,0.1886,1.353124e-06,106.7405,-3.897361e-07,1.295775e-06
-0.298284,0.1885,1.214554e-06,76.09192,2.919305e-07,1.17892e-06
-0.298284,0.1884,1.331627e-06,85.79346,9.766593e-08,1.328017e-06
-0.298284,0.1883,1.69662e-06,91.28753,-3.810971e-08,1.696161e-06
-0.298284,0.1882,1.227574e-06,56.64685,6.748661e-07,1.025291e-06
-0.298284,0.1881,2.030236e-06,75.23166,5.175098e-07,1.963047e-06
-0.298284,0.188,1.841839e-06,94.26947,-1.371111e-07,1.836597e-06
-0.298284,0.1879,1.115458e-06,99.98115,-1.933369e-07,1.098442e-06
-0.298284,0.1878,1.556407e-06,71.57141,4.919227e-07,1.476449e-06
-0.298284,0.1877,1.516297e-06,99.03532,-2.381075e-07,1.497365e-06
-0.298284,0.1876,1.717954e-06,84.45094,1.661516e-07,1.709885e-06
-0.298284,0.1875,1.680621e-06,89.18619,2.38493e-08,1.680308e-06
-0.298284,0.1874,4.890505e-07,67.62916,1.861341e-07,4.522204e-07
-0.298284,0.1873,1.398006e-06,99.93394,-2.411697e-07,1.376917e-06
-0.298284,0.1872,9.234119e-07,95.15739,-8.301436e-08,9.196288e-07
-0.298284,0.1871,1.570774e-06,74.03667,4.319641e-07,1.510156e-06
-0.298284,0.187,1.487446e-06,127.5431,-9.063128e-07,1.179317e-06
-0.298284,0.1869,1.045899e-06,116.4996,-4.666149e-07,9.358841e-07
-0.298284,0.1868,1.783557e-06,88.84885,3.584101e-08,1.783171e-06
-0.298284,0.1867,1.790877e-06,113.5728,-7.161777e-07,1.6414e-06
-0.298284,0.1866,2.195438e-06,83.84171,2.355705e-07,2.182764e-06
-0.298284,0.1865,2.149868e-06,79.51876,3.910604e-07,2.113876e-06
-0.298284,0.1864,8.407216e-07,66.67273,3.328341e-07,7.718671e-07
-0.298284,0.1863,1.971691e-06,88.66438,4.596635e-08,1.971043e-06
-0.298284,0.1862,1.110211e-06,76.29649,2.630185e-07,1.078588e-06
-0.298284,0.1861,1.924188e-06,78.17602,3.942567e-07,1.883234e-06
-0.298284,0.186,1.918757e-06,87.22986,9.273178e-08,1.91641e-06
-0.298284,0.1859,1.591997e-06,101.0459,-3.049951e-07,1.562386e-06
-0.298284,0.1858,2.028878e-06,114.7346,-8.488856e-07,1.842593e-06
-0.298284,0.1857,8.253268e-07,57.66852,4.41296e-07,6.972514e-07
-0.298284,0.1856,1.413272e-06,103.7507,-3.359075e-07,1.372653e-06
-0.298284,0.1855,1.385707e-06,109.7841,-4.690121e-07,1.3039e-06
-0.298284,0.1854,1.925524e-06,58.08816,1.017831e-06,1.634471e-06
-0.298284,0.1853,1.472191e-06,72.10033,4.524886e-07,1.400901e-06
-0.298284,0.1852,1.298122e-06,67.86783,4.889946e-07,1.202372e-06
-0.298284,0.1851,5.829613e-07,101.1919,-1.131277e-07,5.717352e-07
-0.298284,0.185,1.533888e-06,100.6989,-2.847388e-07,1.507094e-06
-0.298284,0.1849,1.726141e-06,109.0165,-5.624145e-07,1.631805e-06
-0.298284,0.1848,1.293534e-06,103.3231,-2.98066e-07,1.258598e-06
-0.298284,0.1847,1.739434e-06,101.5163,-3.472287e-07,1.704426e-06
-0.298284,0.1846,1.366384e-06,66.5346,5.440246e-07,1.253267e-06
-0.298284,0.1845,1.54284e-06,67.98848,5.782674e-07,1.430349e-06
-0.298284,0.1844,1.411154e-06,89.96778,7.990747e-10,1.411026e-06
-0.298284,0.1843,1.459635e-06,123.4799,-8.051823e-07,1.217426e-06
-0.298284,0.1842,1.421101e-06,77.83156,2.995245e-07,1.389043e-06
-0.298284,0.1841,1.610331e-06,113.6908,-6.47027e-07,1.474583e-06
-0.298284,0.184,1.662114e-06,91.35047,-3.917701e-08,1.661522e-06
-0.298284,0.1839,9.302962e-07,96.19937,-1.004654e-07,9.246971e-07
-0.298284,0.1838,1.019088e-06,114.0178,-4.147868e-07,9.308215e-07
-0.298284,0.1837,1.565119e-06,56.79721,8.570104e-07,1.309499e-06
-0.298284,0.1836,1.071559e-06,71.36897,3.422945e-07,1.015299e-06
-0.298284,0.1835,1.70223e-06,84.05578,1.76277e-07,1.692965e-06
-0.298284,0.1834,1.219572e-06,101.2531,-2.379734e-07,1.196108e-06
-0.298284,0.1833,2.041233e-06,102.053,-4.262421e-07,1.996088e-06
-0.298284,0.1832,1.805959e-06,115.5476,-7.788017e-07,1.629274e-06
-0.298284,0.1831,1.352654e-06,98.95926,-2.106595e-07,1.336013e-06
-0.298284,0.183,1.105438e-06,78.40245,2.222433e-07,1.082852e-06
-0.298284,0.1829,1.133618e-06,109.7448,-3.829412e-07,1.066865e-06
-0.298284,0.1828,1.086831e-06,66.0565,4.410278e-07,9.931828e-07
-0.298284,0.1827,1.612583e-06,65.27231,6.744693e-07,1.464592e-06
-0.298284,0.1826,9.114537e-07,103.1248,-2.069268e-07,8.875206e-07
-0.298284,0.1825,2.202512e-06,74.49697,5.88661e-07,2.122269e-06
-0.298284,0.1824,1.488871e-06,72.11083,4.572831e-07,1.416753e-06
-0.298284,0.1823,1.143727e-06,76.68467,2.634152e-07,1.112965e-06
-0.298284,0.1822,1.48696e-06,92.41531,-6.262399e-08,1.485642e-06
-0.298284,0.1821,1.853255e-06,111.813,-6.885956e-07,1.719748e-06
-0.298284,0.182,1.064401e-06,76.50457,2.483613e-07,1.034885e-06
-0.298284,0.1819,1.779098e-06,81.13864,2.74077e-07,1.757852e-06
-0.298284,0.1818,1.632995e-06,69.34607,5.759987e-07,1.528015e-06
-0.298284,0.1817,1.321513e-06,83.82597,1.421682e-07,1.313762e-06
-0.298284,0.1816,1.391446e-06,132.6493,-9.426902e-07,1.023424e-06
-0.298284,0.1815,8.459407e-07,100.225,-1.501645e-07,8.324906e-07
-0.298284,0.1814,1.389792e-06,117.3449,-6.383657e-07,1.234481e-06
-0.298284,0.1813,8.775349e-07,84.34603,8.64733e-08,8.732657e-07
-0.298284,0.1812,9.467136e-07,108.3271,-2.976637e-07,8.987132e-07
-0.298284,0.1811,1.081466e-06,132.3293,-7.281694e-07,7.994491e-07
-0.298284,0.181,5.52345e-07,114.9025,-2.325084e-07,5.008522e-07
-0.298284,0.1809,1.192376e-06,103.4263,-2.768766e-07,1.159731e-06
-0.298284,0.1808,5.94126e-07,130.9298,-3.891997e-07,4.4889e-07
-0.298284,0.1807,1.010376e-06,160.5025,-9.524133e-07,3.372319e-07
-0.298284,0.1806,1.446587e-06,139.4749,-1.099515e-06,9.398851e-07
-0.298284,0.1805,1.818403e-06,-168.1559,-1.779578e-06,-3.732126e-07
-0.298284,0.1804,1.385936e-06,171.011,-1.368792e-06,2.165157e-07
-0.298284,0.1803,2.462826e-07,51.72866,1.525562e-07,1.933313e-07
-0.298284,0.1802,8.302666e-07,143.1413,-6.642099e-07,4.979241e-07
-0.298284,0.1801,1.578306e-06,129.1665,-9.967815e-07,1.22369e-06
-0.298284,0.18,1.173136e-06,105.0166,-3.039278e-07,1.133082e-06
-0.298284,0.1799,7.895361e-07,176.7796,-7.882621e-07,4.43682e-08
-0.298284,0.1798,9.031947e-07,138.1698,-6.728712e-07,6.022509e-07
-0.298284,0.1797,1.230245e-06,-155.0117,-1.114971e-06,-5.196444e-07
-0.298284,0.1796,3.454294e-07,166.7282,-3.361701e-07,7.927604e-08
-0.298284,0.1795,1.610035e-06,-158.9448,-1.502433e-06,-5.784071e-07
-0.298284,0.1794,1.179004e-06,-138.9364,-8.888561e-07,-7.74404e-07
-0.298284,0.1793,1.981191e-06,-145.992,-1.642204e-06,-1.108042e-06
-0.298284,0.1792,2.017948e-06,-141.4165,-1.577451e-06,-1.25847e-06
-0.298284,0.1791,1.867197e-06,-167.9976,-1.826344e-06,-3.882665e-07
-0.298284,0.179,1.745352e-06,-130.8048,-1.140553e-06,-1.321094e-06
-0.298284,0.1789,2.271445e-06,-143.2532,-1.820085e-06,-1.358935e-06
-0.298284,0.1788,1.103091e-06,-150.4616,-9.596105e-07,-5.437619e-07
-0.298284,0.1787,1.774325e-06,-150.1836,-1.539476e-06,-8.821953e-07
-0.298284,0.1786,2.020988e-06,-130.1001,-1.301776e-06,-1.545874e-06
-0.298284,0.1785,2.884168e-06,-138.6152,-2.163849e-06,-1.906692e-06
-0.298284,0.1784,2.396821e-06,-160.7959,-2.263382e-06,-7.883962e-07
-0.298284,0.1783,1.751845e-06,-124.9835,-1.004381e-06,-1.435283e-06
-0.298284,0.1782,2.268997e-06,-140.1127,-1.740938e-06,-1.455003e-06
-0.298284,0.1781,2.388451e-06,-137.3143,-1.755729e-06,-1.619288e-06
-0.298284,0.178,1.887716e-06,-136.5062,-1.369463e-06,-1.299239e-06
-0.298284,0.1779,1.936398e-06,-136.076,-1.394642e-06,-1.343211e-06
-0.298284,0.1778,2.065591e-06,-136.5132,-1.498572e-06,-1.421425e-06
-0.298284,0.1777,3.07846e-06,-160.2446,-2.89721e-06,-1.040484e-06
-0.298284,0.1776,1.86409e-06,-128.3001,-1.155339e-06,-1.462865e-06
-0.298284,0.1775,2.250837e-06,-136.4935,-1.632481e-06,-1.549473e-06
-0.298284,0.1774,2.885431e-06,-141.8029,-2.267645e-06,-1.784244e-06
-0.298284,0.1773,3.065725e-06,-138.7073,-2.303352e-06,-2.023011e-06
-0.298284,0.1772,3.136821e-06,-148.5217,-2.675229e-06,-1.637941e-06
-0.298284,0.1771,3.214448e-06,-149.111,-2.758506e-06,-1.650201e-06
-0.298284,0.177,2.993026e-06,-137.9984,-2.224205e-06,-2.00276e-06
-0.298284,0.1769,3.137698e-06,-134.5476,-2.20102e-06,-2.236062e-06
-0.298284,0.1768,2.816235e-06,-140.9733,-2.187833e-06,-1.773314e-06
-0.298284,0.1767,2.370771e-06,-151.2059,-2.077639e-06,-1.141883e-06
-0.298284,0.1766,2.588549e-06,-140.6537,-2.001827e-06,-1.641143e-06
-0.298284,0.1765,2.897534e-06,-144.262,-2.35185e-06,-1.692306e-06
-0.298284,0.1764,2.825478e-06,-141.8466,-2.221807e-06,-1.745469e-06
-0.298284,0.1763,3.347922e-06,-160.416,-3.154233e-06,-1.122163e-06
-0.298284,0.1762,2.77289e-06,-152.6589,-2.463106e-06,-1.273529e-06
-0.298284,0.1761,2.538789e-06,-128.0855,-1.56599e-06,-1.998228e-06
-0.298284,0.176,2.432333e-06,-144.2012,-1.972781e-06,-1.422755e-06
-0.298284,0.1759,1.912627e-06,-141.7111,-1.501103e-06,-1.185452e-06
-0.298284,0.1758,9.173378e-07,-165.2561,-8.871238e-07,-2.334415e-07
-0.298284,0.1757,1.702599e-06,-176.1938,-1.698832e-06,-1.129936e-07
-0.298284,0.1756,1.052124e-06,-138.6837,-7.90257e-07,-6.945915e-07
-0.298284,0.1755,4.731416e-07,93.03503,-2.505071e-08,4.72337e-07
-0.298284,0.1754,1.204647e-06,137.5368,-8.885934e-07,8.131731e-07
-0.298284,0.1753,9.081624e-07,87.83734,3.424286e-08,9.073745e-07
-0.298284,0.1752,1.519711e-06,124.3732,-8.579436e-07,1.2542e-06
-0.298284,0.1751,1.770682e-06,65.53196,7.333606e-07,1.611554e-06
-0.298284,0.175,1.378878e-06,87.80238,5.289539e-08,1.37785e-06
-0.298284,0.1749,1.225294e-06,100.496,-2.231821e-07,1.20477e-06
-0.298284,0.1748,8.116811e-07,97.83248,-1.105908e-07,8.041094e-07
-0.298284,0.1747,1.063786e-06,101.7295,-2.162531e-07,1.041546e-06
-0.298284,0.1746,1.700632e-06,113.8665,-6.880648e-07,1.555195e-06
-0.298284,0.1745,8.433368e-07,65.8598,3.448259e-07,7.694698e-07
-0.298284,0.1744,1.180054e-06,75.30685,2.992562e-07,1.141346e-06
-0.298284,0.1743,2.090144e-06,89.09452,3.304146e-08,2.089759e-06
-0.298284,0.1742,2.151047e-06,89.91882,3.062188e-09,2.151053e-06
-0.298284,0.1741,1.628391e-06,110.8366,-5.792062e-07,1.521885e-06
-0.298284,0.174,1.473365e-06,74.60756,3.910604e-07,1.420486e-06
-0.298284,0.1739,9.18556e-07,77.75287,1.947954e-07,8.975118e-07
-0.298284,0.1738,1.416139e-06,128.2791,-8.772667e-07,1.11163e-06
-0.298284,0.1737,8.706282e-07,73.06463,2.535581e-07,8.327588e-07
-0.298284,0.1736,1.242259e-06,127.53,-7.566846e-07,9.850524e-07
-0.298284,0.1735,5.477573e-07,88.30069,1.62553e-08,5.474891e-07
-0.298284,0.1734,1.799756e-06,68.96054,6.460882e-07,1.679643e-06
-0.298284,0.1733,1.511944e-06,115.1315,-6.420928e-07,1.368787e-06
-0.298284,0.1732,1.681867e-06,115.9384,-7.356293e-07,1.512425e-06
-0.298284,0.1731,1.476734e-06,62.88657,6.729997e-07,1.314427e-06
-0.298284,0.173,1.711959e-06,117.9298,-8.018519e-07,1.512559e-06
-0.298284,0.1729,1.471856e-06,131.6492,-9.781289e-07,1.099772e-06
-0.298284,0.1728,1.061674e-06,112.7091,-4.098527e-07,9.793248e-07
-0.298284,0.1727,1.036103e-06,117.0399,-4.710126e-07,9.228307e-07
-0.298284,0.1726,1.200171e-06,102.4639,-2.590231e-07,1.171857e-06
-0.298284,0.1725,1.87925e-06,92.8934,-9.487196e-08,1.876708e-06
-0.298284,0.1724,1.538883e-06,100.6884,-2.854038e-07,1.512022e-06
-0.298284,0.1723,1.760182e-06,98.59384,-2.630241e-07,1.740401e-06
-0.298284,0.1722,1.634867e-06,94.26248,-1.215208e-07,1.630207e-06
-0.298284,0.1721,1.843381e-06,78.29492,3.740061e-07,1.80502e-06
-0.298284,0.172,1.825064e-06,96.27456,-1.994669e-07,1.814084e-06
-0.298284,0.1719,1.209966e-06,95.08658,-1.072604e-07,1.205166e-06
-0.298284,0.1718,2.091335e-06,109.4064,-6.948597e-07,1.972507e-06
-0.298284,0.1717,1.131948e-06,85.13198,9.606219e-08,1.127757e-06
-0.298284,0.1716,7.479228e-07,102.2191,-1.58295e-07,7.309634e-07
-0.298284,0.1715,1.546192e-06,80.34656,2.592857e-07,1.524282e-06
-0.298284,0.1714,2.455405e-06,75.10795,6.310287e-07,2.3729e-06
-0.298284,0.1713,1.563096e-06,125.3209,-9.036473e-07,1.27525e-06
-0.298284,0.1712,1.216823e-06,92.61202,-5.543231e-08,1.215426e-06
-0.298284,0.1711,1.923244e-06,86.2813,1.247115e-07,1.919075e-06
-0.298284,0.171,1.154853e-06,74.06115,3.171097e-07,1.110434e-06
-0.298284,0.1709,1.343635e-06,76.41889,3.155115e-07,1.306034e-06
-0.298284,0.1708,1.066625e-06,51.74265,6.60343e-07,8.374191e-07
-0.298284,0.1707,1.937488e-06,86.14317,1.30305e-07,1.933068e-06
-0.298284,0.1706,1.180306e-06,114.5676,-4.907324e-07,1.073392e-06
-0.298284,0.1705,9.011328e-07,102.9884,-2.025291e-07,8.780602e-07
-0.298284,0.1704,1.216091e-06,113.7931,-4.905983e-07,1.112697e-06
-0.298284,0.1703,1.102343e-06,95.85504,-1.124572e-07,1.096442e-06
-0.298284,0.1702,1.314265e-06,81.24616,1.999922e-07,1.298837e-06
-0.298284,0.1701,1.373151e-06,79.96988,2.391636e-07,1.352135e-06
-0.298284,0.17,1.709265e-06,90.43699,-1.3059e-08,1.709086e-06
-0.298284,0.1699,1.839945e-06,93.65399,-1.172572e-07,1.836067e-06
-0.298284,0.1698,1.67567e-06,126.2729,-9.913221e-07,1.350799e-06
-0.298284,0.1697,1.856239e-06,127.5396,-1.130959e-06,1.471783e-06
-0.298284,0.1696,8.852742e-07,80.13687,1.516286e-07,8.720643e-07
-0.298284,0.1695,1.777723e-06,115.4199,-7.630772e-07,1.605559e-06
-0.298284,0.1694,1.636292e-06,102.6824,-3.592204e-07,1.596232e-06
-0.298284,0.1693,1.9741e-06,122.5899,-1.063272e-06,1.663254e-06
-0.298284,0.1692,1.722956e-06,93.31567,-9.966641e-08,1.720016e-06
-0.298284,0.1691,1.447526e-06,74.98512,3.749392e-07,1.397967e-06
-0.298284,0.169,1.529004e-06,114.2722,-6.28503e-07,1.393837e-06
-0.298284,0.1689,1.173852e-06,88.30244,3.477372e-08,1.173321e-06
-0.298284,0.1688,1.744665e-06,114.9838,-7.368307e-07,1.581307e-06
-0.298284,0.1687,1.827344e-06,109.0401,-5.961265e-07,1.727342e-06
-0.298284,0.1686,1.599367e-06,138.4688,-1.197181e-06,1.060333e-06
-0.298284,0.1685,1.839078e-06,129.3265,-1.16547e-06,1.422621e-06
-0.298284,0.1684,1.259414e-06,103.8529,-3.015305e-07,1.222757e-06
-0.298284,0.1683,1.065434e-06,121.1564,-5.512218e-07,9.117722e-07
-0.298284,0.1682,1.079555e-06,114.8518,-4.5369e-07,9.795874e-07
-0.298284,0.1681,1.146487e-06,77.36035,2.508927e-07,1.118693e-06
-0.298284,0.168,2.023894e-06,102.2471,-4.293099e-07,1.977838e-06
-0.298284,0.1679,1.532245e-06,102.199,-3.237817e-07,1.497499e-06
-0.298284,0.1678,1.083919e-06,88.52188,2.797879e-08,1.083517e-06
-0.298284,0.1677,1.023329e-06,48.16281,6.825942e-07,7.624067e-07
-0.298284,0.1676,1.665791e-06,107.292,-4.951301e-07,1.590505e-06
-0.298284,0.1675,8.040759e-07,108.175,-2.507641e-07,7.638707e-07
-0.298284,0.1674,1.650201e-06,71.83805,5.143079e-07,1.567851e-06
-0.298284,0.1673,8.735004e-07,34.10762,7.232353e-07,4.897937e-07
-0.298284,0.1672,1.289997e-06,114.4322,-5.335025e-07,1.174388e-06
-0.298284,0.1671,1.766486e-06,82.6536,2.258419e-07,1.751856e-06
-0.298284,0.167,8.135195e-07,101.164,-1.574959e-07,7.981136e-07
-0.298284,0.1669,1.710467e-06,89.82615,5.191192e-09,1.710422e-06
-0.298284,0.1668,1.147901e-06,110.9065,-4.0959e-07,1.07219e-06
-0.298284,0.1667,7.580816e-07,93.7694,-4.98332e-08,7.564108e-07
-0.298284,0.1666,1.367496e-06,128.8255,-8.572787e-07,1.065267e-06
-0.298284,0.1665,1.632431e-06,97.00894,-1.991987e-07,1.620216e-06
-0.298284,0.1664,1.888286e-06,76.82967,4.302319e-07,1.838598e-06
-0.298284,0.1663,1.533798e-06,94.21527,-1.127254e-07,1.529613e-06
-0.298284,0.1662,8.926615e-07,54.47795,5.185715e-07,7.264316e-07
-0.298284,0.1661,2.474153e-06,84.26735,2.471599e-07,2.46177e-06
-0.298284,0.166,7.725767e-07,62.83598,3.526881e-07,6.872601e-07
-0.298284,0.1659,1.949535e-06,83.1388,2.329051e-07,1.935465e-06
-0.298284,0.1658,1.152578e-06,84.08812,1.187156e-07,1.146409e-06
-0.298284,0.1657,1.656677e-06,112.2204,-6.265025e-07,1.533474e-06
-0.298284,0.1656,1.634867e-06,61.07361,7.907878e-07,1.43088e-06
-0.298284,0.1655,1.429818e-06,76.84103,3.255084e-07,1.392239e-06
-0.298284,0.1654,1.749023e-06,66.39921,7.001794e-07,1.602625e-06
-0.298284,0.1653,1.507485e-06,63.0824,6.824601e-07,1.344138e-06
-0.298284,0.1652,1.773264e-06,90.50431,-1.559033e-08,1.773174e-06
-0.298284,0.1651,1.436384e-06,94.4947,-1.125913e-07,1.431813e-06
-0.298284,0.165,1.369742e-06,92.54207,-6.076321e-08,1.368256e-06
-0.298284,0.1649,2.637578e-06,84.01163,2.751387e-07,2.623127e-06
-0.298284,0.1648,1.270668e-06,114.6411,-5.297698e-07,1.154936e-06
-0.298284,0.1647,9.8579e-07,80.83615,1.569539e-07,9.730607e-07
-0.298284,0.1646,1.026302e-06,95.33223,-9.540282e-08,1.021692e-06
-0.298284,0.1645,1.792531e-06,57.82152,9.545423e-07,1.517085e-06
-0.298284,0.1644,1.562643e-06,100.8282,-2.935342e-07,1.53481e-06
-0.298284,0.1643,1.399453e-06,64.46197,6.033182e-07,1.262728e-06
-0.298284,0.1642,2.089111e-06,83.67997,2.299714e-07,2.076303e-06
-0.298284,0.1641,1.677766e-06,87.00954,8.7535e-08,1.67538e-06
-0.298284,0.164,2.089804e-06,111.4486,-7.641445e-07,1.944925e-06
-0.298284,0.1639,1.255111e-06,81.24179,1.910682e-07,1.240342e-06
-0.298284,0.1638,1.806501e-06,97.655,-2.406388e-07,1.790363e-06
-0.298284,0.1637,1.744145e-06,100.9174,-3.303084e-07,1.712551e-06
-0.298284,0.1636,1.677738e-06,69.35744,5.91455e-07,1.569986e-06
-0.298284,0.1635,9.524133e-07,107.8166,-2.913996e-07,9.067095e-07
-0.298284,0.1634,1.082377e-06,67.31619,4.174411e-07,9.986422e-07
-0.298284,0.1633,1.527965e-06,77.31926,3.353655e-07,1.49057e-06
-0.298284,0.1632,1.617221e-06,108.0229,-5.003269e-07,1.537738e-06
-0.298284,0.1631,5.634482e-07,164.7081,-5.433596e-07,1.485608e-07
-0.298284,0.163,1.211911e-06,94.53929,-9.593926e-08,1.207966e-06
-0.298284,0.1629,2.085702e-06,109.6827,-7.024537e-07,1.963712e-06
-0.298284,0.1628,8.81575e-07,114.4654,-3.650877e-07,8.023772e-07
-0.298284,0.1627,1.401476e-06,103.9535,-3.379024e-07,1.359997e-06
-0.298284,0.1626,1.201093e-06,88.72908,2.664327e-08,1.200769e-06
-0.298284,0.1625,1.699028e-06,96.35324,-1.88006e-07,1.688433e-06
-0.298284,0.1624,7.208604e-07,90.01123,-1.341104e-10,7.208324e-07
-0.298284,0.1623,1.135272e-06,101.8126,-2.323742e-07,1.111099e-06
-0.298284,0.1622,5.596037e-07,154.3448,-5.043223e-07,2.422314e-07
-0.298284,0.1621,9.396616e-07,100.7723,-1.756176e-07,9.229648e-07
-0.298284,0.162,2.004425e-06,118.026,-9.417571e-07,1.769313e-06
-0.298284,0.1619,1.592013e-06,116.0031,-6.979219e-07,1.430746e-06
-0.298284,0.1618,1.142017e-06,83.99283,1.195147e-07,1.135613e-06
-0.298284,0.1617,1.714814e-06,57.6895,9.165666e-07,1.449264e-06
-0.298284,0.1616,1.476969e-06,125.6566,-8.608773e-07,1.19997e-06
-0.298284,0.1615,4.490967e-07,109.7561,-1.517627e-07,4.225037e-07
-0.298284,0.1614,1.016987e-06,116.664,-4.563555e-07,9.088385e-07
-0.298284,0.1613,1.159027e-06,117.2217,-5.301721e-07,1.030622e-06
-0.298284,0.1612,1.323865e-06,125.5386,-7.694754e-07,1.077258e-06
-0.298284,0.1611,3.4439e-07,50.49422,2.19047e-07,2.656783e-07
-0.298284,0.161,1.452734e-06,147.3899,-1.223696e-06,7.829256e-07
-0.298284,0.1609,1.975463e-06,106.3444,-5.558878e-07,1.895494e-06
-0.298284,0.1608,2.437122e-07,88.27621,7.325783e-09,2.435613e-07
-0.298284,0.1607,1.780165e-06,104.6992,-4.516895e-07,1.721877e-06
-0.298284,0.1606,5.874373e-07,94.68355,-4.797242e-08,5.853306e-07
-0.298284,0.1605,7.471013e-07,76.02198,1.804064e-07,7.248334e-07
-0.298284,0.1604,1.354532e-06,66.67186,5.362965e-07,1.243673e-06
-0.298284,0.1603,1.095e-06,94.56377,-8.714385e-08,1.091379e-06
-0.298284,0.1602,1.147203e-06,103.4936,-2.676844e-07,1.115497e-06
-0.298284,0.1601,1.424392e-06,96.65574,-1.650899e-07,1.414759e-06
-0.298284,0.16,1.397676e-06,116.859,-6.314367e-07,1.246875e-06
-0.298284,0.1599,1.082964e-06,127.4767,-6.588846e-07,8.594077e-07
-0.298284,0.1598,1.588487e-06,131.442,-1.05128e-06,1.190643e-06
-0.298284,0.1597,9.167622e-07,156.7549,-8.422248e-07,3.617461e-07
-0.298284,0.1596,7.17597e-07,139.5125,-5.457624e-07,4.659444e-07
-0.298284,0.1595,1.619758e-06,108.0579,-5.020592e-07,1.539872e-06
-0.298284,0.1594,4.663635e-07,-176.4614,-4.654135e-07,-2.878345e-08
-0.298284,0.1593,1.27211e-06,141.2382,-9.918529e-07,7.963813e-07
-0.298284,0.1592,1.812385e-06,119.7735,-8.999146e-07,1.573048e-06
-0.298284,0.1591,8.902419e-07,123.4117,-4.902016e-07,7.430836e-07
-0.298284,0.159,1.281687e-06,119.7429,-6.358344e-07,1.112831e-06
-0.298284,0.1589,1.127399e-06,91.54456,-3.03816e-08,1.126958e-06
-0.298284,0.1588,1.438586e-06,97.51425,-1.881401e-07,1.42608e-06
-0.298284,0.1587,1.123063e-06,89.23865,1.491978e-08,1.122822e-06
-0.298284,0.1586,2.005772e-06,109.0288,-6.539504e-07,1.896159e-06
-0.298284,0.1585,1.884486e-06,82.90539,2.32771e-07,1.870041e-06
-0.298284,0.1584,1.552954e-06,93.81398,-1.03265e-07,1.549595e-06
-0.298284,0.1583,1.364964e-06,89.54726,1.07903e-08,1.364791e-06
-0.298284,0.1582,2.200931e-06,102.1513,-4.632845e-07,2.151584e-06
-0.298284,0.1581,2.031063e-06,127.4618,-1.235285e-06,1.612085e-06
-0.298284,0.158,2.292126e-06,99.83733,-3.916025e-07,2.258308e-06
-0.298284,0.1579,1.914521e-06,85.23077,1.592226e-07,1.907883e-06
-0.298284,0.1578,6.13477e-07,31.76145,5.215052e-07,3.228429e-07
-0.298284,0.1577,1.892538e-06,112.9233,-7.370933e-07,1.742932e-06
-0.298284,0.1576,2.044519e-06,94.4405,-1.58295e-07,2.038327e-06
-0.298284,0.1575,1.495052e-06,103.0479,-3.375057e-07,1.456327e-06
-0.298284,0.1574,1.958772e-06,85.69642,1.469627e-07,1.953184e-06
-0.298284,0.1573,1.745967e-06,92.78674,-8.487515e-08,1.743866e-06
-0.298284,0.1572,1.438267e-06,61.24397,6.919205e-07,1.260861e-06
-0.298284,0.1571,9.143929e-07,64.26089,3.970563e-07,8.235666e-07
-0.298284,0.157,1.462955e-06,62.03254,6.860587e-07,1.292042e-06
-0.298284,0.1569,1.17583e-06,88.09088,3.917142e-08,1.175053e-06
-0.298284,0.1568,1.465307e-06,71.63435,4.616808e-07,1.390641e-06
-0.298284,0.1567,1.554423e-06,117.4813,-7.17245e-07,1.378918e-06
-0.298284,0.1566,1.562409e-06,138.2633,-1.165866e-06,1.040082e-06
-0.298284,0.1565,1.00789e-06,119.4325,-4.952643e-07,8.77792e-07
-0.298284,0.1564,1.203227e-06,105.5454,-3.224462e-07,1.1592e-06
-0.298284,0.1563,1.228149e-06,110.9118,-4.383679e-07,1.147208e-06
-0.298284,0.1562,9.680539e-07,104.4361,-2.413038e-07,9.373538e-07
-0.298284,0.1561,9.326878e-07,142.4174,-7.390938e-07,5.688071e-07
-0.298284,0.156,8.5981e-07,74.22901,2.337042e-07,8.274279e-07
-0.298284,0.1559,1.842169e-06,97.72757,-2.476964e-07,1.82541e-06
-0.298284,0.1558,1.862799e-06,79.85186,3.281738e-07,1.833535e-06
-0.298284,0.1557,1.898797e-06,95.45638,-1.805461e-07,1.890163e-06
-0.298284,0.1556,1.531345e-06,109.7797,-5.181804e-07,1.440871e-06
-0.298284,0.1555,1.902384e-06,89.11812,2.930872e-08,1.902155e-06
-0.298284,0.1554,2.379616e-06,92.53858,-1.053996e-07,2.377163e-06
-0.298284,0.1553,1.515246e-06,111.5229,-5.558878e-07,1.409562e-06
-0.298284,0.1552,1.547589e-06,105.2455,-4.069246e-07,1.493101e-06
-0.298284,0.1551,8.584912e-07,112.1085,-3.231111e-07,7.95314e-07
-0.298284,0.155,1.41762e-06,102.5513,-3.080572e-07,1.383712e-06
-0.298284,0.1549,1.195533e-06,119.4937,-5.885325e-07,1.040479e-06
-0.298284,0.1548,1.962639e-06,109.6748,-6.60751e-07,1.847924e-06
-0.298284,0.1547,1.323156e-06,71.86516,4.118476e-07,1.257397e-06
-0.298284,0.1546,1.858608e-06,91.74214,-5.649961e-08,1.857653e-06
-0.298284,0.1545,1.005772e-06,64.47771,4.332996e-07,9.075086e-07
-0.298284,0.1544,1.367032e-06,77.05698,3.061853e-07,1.332281e-06
-0.298284,0.1543,1.526551e-06,97.75554,-2.059936e-07,1.512559e-06
-0.298284,0.1542,1.083025e-06,123.8811,-6.037205e-07,8.991099e-07
-0.298284,0.1541,1.769738e-06,89.94418,1.726672e-09,1.769715e-06
-0.298284,0.154,1.629844e-06,86.13705,1.097861e-07,1.626078e-06
-0.298284,0.1539,1.549143e-06,107.1075,-4.556905e-07,1.480579e-06
-0.298284,0.1538,5.957577e-07,108.1191,-1.852065e-07,5.661416e-07
-0.298284,0.1537,1.038517e-06,89.52191,8.655712e-09,1.03835e-06
-0.298284,0.1536,1.18914e-06,154.718,-1.075129e-06,5.077812e-07
-0.298284,0.1535,1.237431e-06,126.3725,-7.337629e-07,9.96245e-07
-0.298284,0.1534,1.408025e-06,100.8877,-2.659521e-07,1.382645e-06
-0.298284,0.1533,1.516839e-06,126.2536,-8.969865e-07,1.223154e-06
-0.298284,0.1532,1.887056e-06,99.36317,-3.069899e-07,1.861782e-06
-0.298284,0.1531,1.382583e-06,96.42406,-1.546964e-07,1.373849e-06
-0.298284,0.153,1.17621e-06,146.8015,-9.841248e-07,6.439536e-07
-0.298284,0.1529,1.036081e-06,81.39042,1.550931e-07,1.024357e-06
-0.298284,0.1528,8.863694e-07,101.8239,-1.816134e-07,8.675325e-07
-0.298284,0.1527,1.265868e-06,104.8513,-3.244467e-07,1.223556e-06
-0.298284,0.1526,1.314053e-06,114.0492,-5.35503e-07,1.19997e-06
-0.298284,0.1525,1.483328e-06,166.5622,-1.442609e-06,3.446917e-07
-0.298284,0.1524,1.247959e-06,88.33653,3.623776e-08,1.247406e-06
-0.298284,0.1523,1.319887e-06,155.9035,-1.204775e-06,5.388278e-07
-0.298284,0.1522,9.787995e-07,70.43265,3.277715e-07,9.221602e-07
-0.298284,0.1521,1.312874e-06,134.43,-9.189695e-07,9.374879e-07
-0.298284,0.152,1.023022e-06,89.96254,6.649643e-10,1.022893e-06
-0.298284,0.1519,1.412702e-06,98.26949,-2.03194e-07,1.397967e-06
-0.298284,0.1518,1.583235e-06,76.1129,3.800019e-07,1.536939e-06
-0.298284,0.1517,1.518717e-06,62.53699,7.003135e-07,1.347469e-06
-0.298284,0.1516,2.34453e-07,79.15771,4.409998e-08,2.302397e-07
-0.298284,0.1515,6.107166e-07,78.61042,1.20582e-07,5.986522e-07
-0.298284,0.1514,6.621088e-07,89.45721,6.258487e-09,6.619412e-07
-0.298284,0.1513,1.930441e-06,105.0148,-5.000587e-07,1.864448e-06
-0.298284,0.1512,2.077404e-06,93.75541,-1.360438e-07,2.072839e-06
-0.298284,0.1511,1.509904e-06,107.8585,-4.630163e-07,1.437144e-06
-0.298284,0.151,1.385103e-06,85.21153,1.156534e-07,1.380247e-06
-0.298284,0.1509,1.170532e-06,88.2832,3.504194e-08,1.169856e-06
-0.298284,0.1508,1.595947e-06,83.83734,1.713484e-07,1.586638e-06
-0.298284,0.1507,1.798013e-06,81.81181,2.560894e-07,1.779573e-06
-0.298284,0.1506,1.74191e-06,72.64149,5.196388e-07,1.662455e-06
-0.298284,0.1505,1.167571e-06,80.70764,1.885369e-07,1.152137e-06
-0.298284,0.1504,1.612963e-06,110.5638,-5.66544e-07,1.510156e-06
-0.298284,0.1503,1.72599e-06,105.7919,-4.696771e-07,1.660723e-06
-0.298284,0.1502,1.959694e-06,97.08848,-2.418346e-07,1.944657e-06
-0.298284,0.1501,1.842007e-06,76.88387,4.179775e-07,1.793827e-06
-0.298284,0.15,1.913454e-06,101.5232,-3.822706e-07,1.874707e-06
-0.29857,0.2,1.985494e-06,84.95363,1.746788e-07,1.977704e-06
-0.29857,0.1999,1.523958e-06,91.96506,-5.223602e-08,1.522947e-06
-0.29857,0.1998,1.601407e-06,89.15122,2.371519e-08,1.601161e-06
-0.29857,0.1997,5.168505e-07,138.7012,-3.882665e-07,3.410931e-07
-0.29857,0.1996,4.768744e-07,88.67487,1.105852e-08,4.767347e-07
-0.29857,0.1995,2.305364e-06,131.3891,-1.524154e-06,1.729471e-06
-0.29857,0.1994,1.277295e-06,128.1874,-7.89592e-07,1.003839e-06
-0.29857,0.1993,7.136743e-07,145.5672,-5.885325e-07,4.034545e-07
-0.29857,0.1992,6.63584e-07,85.22028,5.529262e-08,6.611421e-07
-0.29857,0.1991,1.398598e-06,85.62735,1.065898e-07,1.394368e-06
-0.29857,0.199,9.909477e-07,91.91261,-3.304705e-08,9.903833e-07
-0.29857,0.1989,7.991027e-07,72.54357,2.397e-07,7.622726e-07
-0.29857,0.1988,1.312064e-06,44.34266,9.38287e-07,9.16969e-07
-0.29857,0.1987,1.615595e-06,91.99391,-5.623139e-08,1.614488e-06
-0.29857,0.1986,1.175483e-06,113.9933,-4.779417e-07,1.073794e-06
-0.29857,0.1985,1.867147e-06,107.9529,-5.754735e-07,1.776108e-06
-0.29857,0.1984,1.121073e-06,75.48345,2.81006e-07,1.085249e-06
-0.29857,0.1983,1.60966e-06,95.7816,-1.621562e-07,1.601429e-06
-0.29857,0.1982,1.523768e-06,114.6035,-6.343647e-07,1.38531e-06
-0.29857,0.1981,1.975502e-06,117.9018,-9.244345e-07,1.745861e-06
-0.29857,0.198,1.377716e-06,85.34092,1.119207e-07,1.37305e-06
-0.29857,0.1979,1.033963e-06,110.5114,-3.622882e-07,9.682662e-07
-0.29857,0.1978,1.622613e-06,94.16281,-1.17788e-07,1.618215e-06
-0.29857,0.1977,9.046755e-07,86.66421,5.262717e-08,9.031109e-07
-0.29857,0.1976,6.304029e-07,76.36643,1.485608e-07,6.125103e-07
-0.29857,0.1975,1.015903e-06,56.81207,5.560163e-07,8.500814e-07
-0.29857,0.1974,1.34544e-06,105.6389,-3.626849e-07,1.295506e-06
-0.29857,0.1973,1.337785e-06,75.85674,3.268383e-07,1.297105e-06
-0.29857,0.1972,1.097308e-06,100.6639,-2.030655e-07,1.07832e-06
-0.29857,0.1971,1.198852e-06,117.5565,-5.545523e-07,1.06273e-06
-0.29857,0.197,1.335656e-06,107.0866,-3.924015e-07,1.276586e-06
-0.29857,0.1969,9.654946e-07,86.40894,6.04894e-08,9.636003e-07
-0.29857,0.1968,1.628011e-06,104.0112,-3.941338e-07,1.579446e-06
-0.29857,0.1967,1.296155e-06,96.49925,-1.467e-07,1.287778e-06
-0.29857,0.1966,9.475573e-07,74.3549,2.55553e-07,9.124372e-07
-0.29857,0.1965,1.801455e-06,132.86,-1.225294e-06,1.320423e-06
-0.29857,0.1964,1.272004e-06,61.59542,6.050504e-07,1.118827e-06
-0.29857,0.1963,1.982655e-06,89.83489,5.727633e-09,1.982633e-06
-0.29857,0.1962,1.659421e-06,90.17909,-5.196779e-09,1.659253e-06
-0.29857,0.1961,1.557514e-06,116.3711,-6.917919e-07,1.395301e-06
-0.29857,0.196,8.275732e-07,136.3715,-5.98926e-07,5.709361e-07
-0.29857,0.1959,7.133837e-07,95.04549,-6.27581e-08,7.10573e-07
-0.29857,0.1958,1.234089e-06,97.58769,-1.629553e-07,1.223154e-06
-0.29857,0.1957,2.009242e-06,105.2175,-5.273725e-07,1.938661e-06
-0.29857,0.1956,2.034567e-06,115.9017,-8.887276e-07,1.830205e-06
-0.29857,0.1955,1.848181e-06,120.9589,-9.50681e-07,1.584772e-06
-0.29857,0.1954,2.227401e-06,128.8028,-1.395709e-06,1.735735e-06
-0.29857,0.1953,6.002448e-07,54.40451,3.493577e-07,4.880614e-07
-0.29857,0.1952,6.222277e-07,94.5559,-4.943646e-08,6.201043e-07
-0.29857,0.1951,1.848785e-06,112.4932,-7.072482e-07,1.708025e-06
-0.29857,0.195,2.1515e-06,95.2269,-1.960024e-07,2.142526e-06
-0.29857,0.1949,1.216521e-06,70.23245,4.114452e-07,1.144811e-06
-0.29857,0.1948,1.372631e-06,85.02794,1.189839e-07,1.367457e-06
-0.29857,0.1947,1.409886e-06,62.8526,6.432887e-07,1.254469e-06
-0.29857,0.1946,1.819191e-06,100.4742,-3.307107e-07,1.788765e-06
-0.29857,0.1945,2.754611e-06,96.64394,-3.18719e-07,2.735981e-06
-0.29857,0.1944,1.588286e-06,96.31915,-1.748185e-07,1.578513e-06
-0.29857,0.1943,1.315176e-06,87.75167,5.155988e-08,1.314025e-06
-0.29857,0.1942,1.485591e-06,81.91497,2.089217e-07,1.470716e-06
-0.29857,0.1941,2.606559e-06,83.55801,2.924613e-07,2.59008e-06
-0.29857,0.194,1.469459e-06,58.98514,7.570758e-07,1.259263e-06
-0.29857,0.1939,1.496169e-06,104.4605,-3.736149e-07,1.448733e-06
-0.29857,0.1938,1.582726e-06,89.06916,2.571009e-08,1.582508e-06
-0.29857,0.1937,1.362768e-06,88.47642,3.623776e-08,1.36226e-06
-0.29857,0.1936,1.58124e-06,84.93964,1.395028e-07,1.575049e-06
-0.29857,0.1935,2.120627e-06,75.05331,5.469527e-07,2.048855e-06
-0.29857,0.1934,9.079165e-07,137.6102,-6.70474e-07,6.119739e-07
-0.29857,0.1933,1.368999e-06,67.89231,5.152411e-07,1.268327e-06
-0.29857,0.1932,1.570187e-06,79.93753,2.743396e-07,1.546002e-06
-0.29857,0.1931,2.12403e-06,113.2358,-8.379612e-07,1.95172e-06
-0.29857,0.193,1.668663e-06,70.47287,5.577486e-07,1.572646e-06
-0.29857,0.1929,1.424778e-06,74.3584,3.841314e-07,1.371989e-06
-0.29857,0.1928,1.496203e-06,113.933,-6.069168e-07,1.367457e-06
-0.29857,0.1927,1.194912e-06,126.0151,-7.025878e-07,9.66534e-07
-0.29857,0.1926,1.279469e-06,140.8876,-9.92652e-07,8.070431e-07
-0.29857,0.1925,1.699095e-06,90.72462,-2.145208e-08,1.698961e-06
-0.29857,0.1924,1.984583e-06,91.24119,-4.303827e-08,1.983968e-06
-0.29857,0.1923,5.39733e-07,110.8995,-1.925379e-07,5.041826e-07
-0.29857,0.1922,1.344596e-06,78.10957,2.770051e-07,1.315623e-06
-0.29857,0.1921,2.044826e-06,68.07503,7.63474e-07,1.896824e-06
-0.29857,0.192,9.191762e-07,95.58227,-8.940696e-08,9.147003e-07
-0.29857,0.1919,1.340679e-06,94.0579,-9.487196e-08,1.337209e-06
-0.29857,0.1918,1.847298e-06,73.24723,5.324296e-07,1.768782e-06
-0.29857,0.1917,1.904251e-06,93.50364,-1.16324e-07,1.900691e-06
-0.29857,0.1916,1.856384e-06,76.26327,4.407595e-07,1.803159e-06
-0.29857,0.1915,2.238214e-06,82.77731,2.814028e-07,2.220338e-06
-0.29857,0.1914,1.594031e-06,66.7759,6.284974e-07,1.46472e-06
-0.29857,0.1913,1.423621e-06,59.14338,7.301643e-07,1.222092e-06
-0.29857,0.1912,1.181714e-06,95.15565,-1.061987e-07,1.176785e-06
-0.29857,0.1911,1.246271e-06,69.09692,4.446264e-07,1.164129e-06
-0.29857,0.191,1.459926e-06,88.61455,3.530457e-08,1.459395e-06
-0.29857,0.1909,1.860525e-06,78.22672,3.796052e-07,1.821275e-06
-0.29857,0.1908,8.736457e-07,64.70753,3.73207e-07,7.898546e-07
-0.29857,0.1907,7.526166e-07,90.62671,-8.264556e-09,7.524155e-07
-0.29857,0.1906,1.389278e-06,79.80902,2.4583e-07,1.367323e-06
-0.29857,0.1905,1.802181e-06,83.18514,2.138502e-07,1.789435e-06
-0.29857,0.1904,1.620601e-06,84.69311,1.498963e-07,1.613555e-06
-0.29857,0.1903,2.05256e-06,112.8945,-7.985215e-07,1.890828e-06
-0.29857,0.1902,2.213258e-06,85.83237,1.608207e-07,2.207279e-06
-0.29857,0.1901,1.485938e-06,97.48715,-1.936051e-07,1.473248e-06
-0.29857,0.19,1.477383e-06,109.6967,-4.979297e-07,1.390909e-06
-0.29857,0.1899,1.489402e-06,84.24899,1.492258e-07,1.481775e-06
-0.29857,0.1898,1.677157e-06,131.8599,-1.119101e-06,1.249004e-06
-0.29857,0.1897,2.303346e-06,86.84956,1.265779e-07,2.299748e-06
-0.29857,0.1896,1.524237e-06,80.84489,2.424996e-07,1.504696e-06
-0.29857,0.1895,2.520957e-06,111.6405,-9.296312e-07,2.343183e-06
-0.29857,0.1894,1.513548e-06,89.06654,2.464838e-08,1.513224e-06
-0.29857,0.1893,9.425561e-07,113.2206,-3.716144e-07,8.662026e-07
-0.29857,0.1892,1.162659e-06,93.48965,-7.075443e-08,1.160396e-06
-0.29857,0.1891,1.63014e-06,87.36175,7.501244e-08,1.628341e-06
-0.29857,0.189,1.485049e-06,103.7926,-3.540236e-07,1.442207e-06
-0.29857,0.1889,1.031057e-06,77.30876,2.265069e-07,1.005839e-06
-0.29857,0.1888,5.360171e-07,61.06574,2.592857e-07,4.690065e-07
-0.29857,0.1887,1.046715e-06,110.6093,-3.684181e-07,9.795874e-07
-0.29857,0.1886,1.1602e-06,93.64263,-7.36881e-08,1.157736e-06
-0.29857,0.1885,1.891963e-06,98.90506,-2.928692e-07,1.869114e-06
-0.29857,0.1884,1.401616e-06,87.72369,5.569495e-08,1.400498e-06
-0.29857,0.1883,1.361813e-06,75.86461,3.325659e-07,1.320557e-06
-0.29857,0.1882,1.226937e-06,85.77073,9.046867e-08,1.223556e-06
-0.29857,0.1881,8.586756e-07,67.47879,3.288388e-07,7.930509e-07
-0.29857,0.188,6.855111e-07,93.40047,-4.064105e-08,6.841924e-07
-0.29857,0.1879,1.438245e-06,92.91001,-7.301755e-08,1.436345e-06
-0.29857,0.1878,1.881413e-06,44.17393,1.349335e-06,1.310963e-06
-0.29857,0.1877,1.588543e-06,88.93802,2.944283e-08,1.588236e-06
-0.29857,0.1876,1.379616e-06,75.98875,3.340356e-07,1.338545e-06
-0.29857,0.1875,1.065775e-06,59.9502,5.33631e-07,9.224284e-07
-0.29857,0.1874,1.088423e-06,65.40869,4.528854e-07,9.895842e-07
-0.29857,0.1873,1.51751e-06,94.73425,-1.252479e-07,1.51229e-06
-0.29857,0.1872,1.035198e-06,87.93701,3.717094e-08,1.031823e-06
-0.29857,0.1871,1.631151e-06,78.2547,3.320351e-07,1.596897e-06
-0.29857,0.187,1.955782e-06,96.21861,-2.118553e-07,1.944126e-06
-0.29857,0.1869,9.223278e-07,91.36708,-2.198852e-08,9.220317e-07
-0.29857,0.1868,2.154808e-06,91.5874,-5.969591e-08,2.153847e-06
-0.29857,0.1867,1.703795e-06,110.4371,-5.949251e-07,1.596501e-06
-0.29857,0.1866,1.20606e-06,65.06598,5.084462e-07,1.093642e-06
-0.29857,0.1865,1.70456e-06,78.61567,3.364328e-07,1.670982e-06
-0.29857,0.1864,1.650128e-06,77.80883,3.484245e-07,1.612756e-06
-0.29857,0.1863,1.951318e-06,64.79234,8.310265e-07,1.765446e-06
-0.29857,0.1862,1.132562e-06,67.90543,4.259683e-07,1.049274e-06
-0.29857,0.1861,1.340819e-06,68.03831,5.01383e-07,1.24341e-06
-0.29857,0.186,1.175774e-06,85.6903,8.833408e-08,1.172393e-06
-0.29857,0.1859,1.421436e-06,130.1176,-9.159073e-07,1.086981e-06
-0.29857,0.1858,1.065803e-06,85.53414,8.300878e-08,1.062467e-06
-0.29857,0.1857,2.493431e-06,67.83505,9.406842e-07,2.309074e-06
-0.29857,0.1856,1.598713e-06,131.0496,-1.049816e-06,1.205569e-06
-0.29857,0.1855,1.529496e-06,88.86721,3.02419e-08,1.529077e-06
-0.29857,0.1854,7.731299e-07,75.21243,1.973267e-07,7.474813e-07
-0.29857,0.1853,1.04786e-06,96.74142,-1.229848e-07,1.040479e-06
-0.29857,0.1852,1.311242e-06,91.68356,-3.851205e-08,1.31056e-06
-0.29857,0.1851,1.724185e-06,81.89749,2.430304e-07,1.706957e-06
-0.29857,0.185,6.851367e-07,55.01124,3.927927e-07,5.612131e-07
-0.29857,0.1849,6.599407e-07,40.64481,5.007181e-07,4.298351e-07
-0.29857,0.1848,1.599211e-06,72.90376,4.700738e-07,1.528412e-06
-0.29857,0.1847,1.377755e-06,112.2965,-5.227122e-07,1.274719e-06
-0.29857,0.1846,1.216337e-06,108.3656,-3.832038e-07,1.154271e-06
-0.29857,0.1845,1.354129e-06,97.23536,-1.705493e-07,1.343205e-06
-0.29857,0.1844,1.283654e-06,74.55073,3.418978e-07,1.237146e-06
-0.29857,0.1843,1.591522e-06,59.12765,8.166376e-07,1.365993e-06
-0.29857,0.1842,1.493515e-06,83.45266,1.702811e-07,1.483641e-06
-0.29857,0.1841,1.630693e-06,82.19986,2.213101e-07,1.61555e-06
-0.29857,0.184,1.734271e-06,73.07599,5.048476e-07,1.659125e-06
-0.29857,0.1839,1.30837e-06,73.14931,3.792028e-07,1.252071e-06
-0.29857,0.1838,1.357616e-06,97.74418,-1.829434e-07,1.345206e-06
-0.29857,0.1837,1.515638e-06,87.87843,5.609169e-08,1.514554e-06
-0.29857,0.1836,1.044228e-06,90.19657,-3.59863e-09,1.044077e-06
-0.29857,0.1835,1.091491e-06,108.9868,-3.550909e-07,1.031951e-06
-0.29857,0.1834,1.668255e-06,88.47204,4.450231e-08,1.667652e-06
-0.29857,0.1833,2.017334e-06,81.60024,2.9473e-07,1.995692e-06
-0.29857,0.1832,1.049241e-06,116.2129,-4.634186e-07,9.41215e-07
-0.29857,0.1831,1.564644e-06,119.5165,-7.708054e-07,1.361461e-06
-0.29857,0.183,1.378934e-06,90.31547,-7.599592e-09,1.378783e-06
-0.29857,0.1829,1.897679e-06,103.0872,-4.297066e-07,1.848326e-06
-0.29857,0.1828,1.006001e-06,65.78636,4.125125e-07,9.173657e-07
-0.29857,0.1827,1.653581e-06,93.09448,-8.927285e-08,1.651128e-06
-0.29857,0.1826,1.098442e-06,64.63245,4.706047e-07,9.925123e-07
-0.29857,0.1825,1.697659e-06,56.05498,9.478759e-07,1.408226e-06
-0.29857,0.1824,2.340171e-06,87.69572,9.40673e-08,2.33812e-06
-0.29857,0.1823,8.597709e-07,64.94009,3.641489e-07,7.787961e-07
-0.29857,0.1822,9.085033e-07,81.88175,1.283101e-07,8.993782e-07
-0.29857,0.1821,1.448079e-06,70.00701,4.951246e-07,1.360796e-06
-0.29857,0.182,1.908598e-06,91.01913,-3.398023e-08,1.908151e-06
-0.29857,0.1819,1.560453e-06,66.24447,6.286315e-07,1.428214e-06
-0.29857,0.1818,2.206558e-06,76.96518,4.976559e-07,2.149583e-06
-0.29857,0.1817,2.212615e-06,100.8296,-4.157144e-07,2.17317e-06
-0.29857,0.1816,2.027336e-06,89.75184,8.789822e-09,2.027269e-06
-0.29857,0.1815,1.53286e-06,85.26399,1.265779e-07,1.527613e-06
-0.29857,0.1814,1.371687e-06,116.3003,-6.077159e-07,1.229552e-06
-0.29857,0.1813,1.337483e-06,84.01294,1.395028e-07,1.330146e-06
-0.29857,0.1812,1.015104e-06,127.5825,-6.190426e-07,8.043777e-07
-0.29857,0.1811,1.913292e-06,143.0775,-1.529484e-06,1.149337e-06
-0.29857,0.181,8.241087e-07,124.7457,-4.696771e-07,6.771292e-07
-0.29857,0.1809,1.040976e-06,103.1021,-2.359729e-07,1.013835e-06
-0.29857,0.1808,1.008991e-06,97.83423,-1.375079e-07,9.995754e-07
-0.29857,0.1807,1.868253e-06,129.372,-1.185055e-06,1.444201e-06
-0.29857,0.1806,1.248992e-06,114.7617,-5.231089e-07,1.134149e-06
-0.29857,0.1805,6.325542e-07,-174.2079,-6.293021e-07,-6.382539e-08
-0.29857,0.1804,4.803836e-07,-152.217,-4.249121e-07,-2.238471e-07
-0.29857,0.1803,5.22634e-07,120.9711,-2.682209e-07,4.468895e-07
-0.29857,0.1802,3.182832e-07,-158.4569,-2.960655e-07,-1.168549e-07
-0.29857,0.1801,6.436798e-07,-175.201,-6.412938e-07,-5.383417e-08
-0.29857,0.18,1.557597e-06,-136.6574,-1.132691e-06,-1.068999e-06
-0.29857,0.1799,1.249512e-06,-131.4245,-8.266344e-07,-9.368229e-07
-0.29857,0.1798,1.053454e-06,-136.9056,-7.692072e-07,-7.196422e-07
-0.29857,0.1797,7.630214e-07,-178.2971,-7.626805e-07,-2.265349e-08
-0.29857,0.1796,1.062825e-06,-113.6593,-4.265103e-07,-9.734686e-07
-0.29857,0.1795,6.829518e-07,-124.2648,-3.845393e-07,-5.64415e-07
-0.29857,0.1794,8.703041e-07,-133.8154,-6.025191e-07,-6.279721e-07
-0.29857,0.1793,1.58352e-06,-170.3115,-1.560928e-06,-2.664886e-07
-0.29857,0.1792,1.311058e-06,-169.1498,-1.287516e-06,-2.467688e-07
-0.29857,0.1791,1.12375e-06,-140.5702,-8.679404e-07,-7.136464e-07
-0.29857,0.179,1.055147e-06,165.1652,-1.019837e-06,2.70076e-07
-0.29857,0.1789,1.545231e-06,-130.9691,-1.013036e-06,-1.166665e-06
-0.29857,0.1788,1.723559e-06,-135.4973,-1.229289e-06,-1.208106e-06
-0.29857,0.1787,1.850573e-06,-125.049,-1.062735e-06,-1.514961e-06
-0.29857,0.1786,1.444766e-06,-156.122,-1.321094e-06,-5.847997e-07
-0.29857,0.1785,1.519091e-06,-152.9197,-1.352537e-06,-6.915293e-07
-0.29857,0.1784,1.414479e-06,-138.425,-1.058075e-06,-9.385552e-07
-0.29857,0.1783,1.339914e-06,157.4997,-1.237817e-06,5.127098e-07
-0.29857,0.1782,1.723352e-06,-141.8414,-1.355068e-06,-1.064736e-06
-0.29857,0.1781,9.06581e-07,-128.5965,-5.654823e-07,-7.084496e-07
-0.29857,0.178,9.300392e-07,-155.4663,-8.459519e-07,-3.861375e-07
-0.29857,0.1779,1.074012e-06,-137.6487,-7.937215e-07,-7.235035e-07
-0.29857,0.1778,1.741077e-06,-128.3779,-1.080857e-06,-1.364797e-06
-0.29857,0.1777,2.030152e-06,-148.4588,-1.730147e-06,-1.061936e-06
-0.29857,0.1776,1.535385e-06,-146.4641,-1.279788e-06,-8.482206e-07
-0.29857,0.1775,1.636784e-06,-153.474,-1.464463e-06,-7.30969e-07
-0.29857,0.1774,3.420604e-06,-164.2972,-3.292936e-06,-9.257644e-07
-0.29857,0.1773,1.260766e-06,-123.5682,-6.971228e-07,-1.050481e-06
-0.29857,0.1772,1.275563e-06,-142.7129,-1.014769e-06,-7.726717e-07
-0.29857,0.1771,1.345988e-06,-152.5903,-1.194778e-06,-6.195791e-07
-0.29857,0.177,1.53358e-06,-159.6144,-1.437412e-06,-5.341675e-07
-0.29857,0.1769,2.21323e-06,-133.1245,-1.512827e-06,-1.615293e-06
-0.29857,0.1768,1.761445e-06,-156.1692,-1.611163e-06,-7.116459e-07
-0.29857,0.1767,1.49299e-06,-144.0041,-1.207837e-06,-8.774008e-07
-0.29857,0.1766,1.044357e-06,-121.2369,-5.414988e-07,-8.92857e-07
-0.29857,0.1765,1.213883e-06,-152.5518,-1.07713e-06,-5.594864e-07
-0.29857,0.1764,1.069391e-06,-138.7571,-8.04115e-07,-7.049851e-07
-0.29857,0.1763,1.508127e-06,168.1095,-1.475656e-06,3.107171e-07
-0.29857,0.1762,8.877161e-07,-171.8537,-8.787307e-07,-1.257844e-07
-0.29857,0.1761,1.018613e-06,134.4029,-7.127132e-07,7.277615e-07
-0.29857,0.176,1.217314e-06,158.165,-1.129891e-06,4.527512e-07
-0.29857,0.1759,8.791554e-07,-118.9849,-4.259739e-07,-7.68939e-07
-0.29857,0.1758,1.105276e-06,121.1118,-5.710758e-07,9.462777e-07
-0.29857,0.1757,1.530976e-06,102.4097,-3.289785e-07,1.495102e-06
-0.29857,0.1756,9.112525e-07,173.3529,-9.051114e-07,1.055225e-07
-0.29857,0.1755,7.120985e-07,107.0769,-2.090614e-07,6.805937e-07
-0.29857,0.1754,7.031019e-07,177.8705,-7.025878e-07,2.611242e-08
-0.29857,0.1753,9.546931e-07,115.6289,-4.129204e-07,8.606035e-07
-0.29857,0.1752,8.651241e-07,88.23601,2.664327e-08,8.646044e-07
-0.29857,0.1751,1.268506e-06,102.6763,-2.783462e-07,1.237543e-06
-0.29857,0.175,1.635812e-06,92.04987,-5.84945e-08,1.634739e-06
-0.29857,0.1749,1.672681e-06,74.68887,4.416927e-07,1.613287e-06
-0.29857,0.1748,6.732903e-07,99.40863,-1.100599e-07,6.642043e-07
-0.29857,0.1747,3.178417e-07,98.36653,-4.624016e-08,3.144498e-07
-0.29857,0.1746,9.515695e-07,82.90539,1.175142e-07,9.441487e-07
-0.29857,0.1745,1.037545e-06,123.3347,-5.701426e-07,8.668676e-07
-0.29857,0.1744,1.563146e-06,108.8382,-5.047246e-07,1.479377e-06
-0.29857,0.1743,3.425516e-07,138.8481,-2.578273e-07,2.253111e-07
-0.29857,0.1742,1.088591e-06,92.18975,-4.157423e-08,1.087781e-06
-0.29857,0.1741,1.104511e-07,31.74746,9.393319e-08,5.809217e-08
-0.29857,0.174,1.340204e-06,85.3995,1.07523e-07,1.335879e-06
-0.29857,0.1739,1.17954e-06,100.4794,-2.145208e-07,1.159731e-06
-0.29857,0.1738,1.125449e-06,81.42102,1.678839e-07,1.112831e-06
-0.29857,0.1737,5.179513e-07,159.5305,-4.851333e-07,1.810714e-07
-0.29857,0.1736,4.420895e-07,7.01419,4.387646e-07,5.396269e-08
-0.29857,0.1735,1.437647e-06,89.48956,1.279078e-08,1.437541e-06
-0.29857,0.1734,1.029867e-06,108.3324,-3.239158e-07,9.775925e-07
-0.29857,0.1733,1.995189e-06,130.1919,-1.287516e-06,1.524014e-06
-0.29857,0.1732,1.229865e-06,133.3495,-8.442196e-07,8.943155e-07
-0.29857,0.1731,1.232989e-06,105.3154,-3.256481e-07,1.189179e-06
-0.29857,0.173,1.325849e-06,107.9774,-4.091877e-07,1.261129e-06
-0.29857,0.1729,3.218371e-07,88.83923,6.526708e-09,3.216415e-07
-0.29857,0.1728,4.280358e-07,-179.5376,-4.279743e-07,-3.464519e-09
-0.29857,0.1727,1.117425e-06,106.2806,-3.13254e-07,1.072593e-06
-0.29857,0.1726,8.008349e-07,108.6126,-2.555586e-07,7.588081e-07
-0.29857,0.1725,1.549903e-06,61.05001,7.501468e-07,1.35613e-06
-0.29857,0.1724,2.660863e-06,132.8338,-1.809027e-06,1.951323e-06
-0.29857,0.1723,1.532536e-06,133.0751,-1.046614e-06,1.119358e-06
-0.29857,0.1722,1.081706e-06,84.01031,1.128539e-07,1.075655e-06
-0.29857,0.1721,2.149689e-06,99.07248,-3.389697e-07,2.122672e-06
-0.29857,0.172,1.441754e-06,102.3327,-3.079231e-07,1.40836e-06
-0.29857,0.1719,9.974688e-07,137.918,-7.402952e-07,6.684679e-07
-0.29857,0.1718,1.357762e-06,120.9396,-6.98056e-07,1.164531e-06
-0.29857,0.1717,1.40874e-06,85.15034,1.19118e-07,1.4037e-06
-0.29857,0.1716,1.681124e-06,96.58667,-1.928061e-07,1.669915e-06
-0.29857,0.1715,1.72385e-06,100.4296,-3.120526e-07,1.695228e-06
-0.29857,0.1714,1.116089e-06,119.5191,-5.498919e-07,9.711943e-07
-0.29857,0.1713,4.039127e-07,167.1863,-3.937315e-07,8.953548e-08
-0.29857,0.1712,9.53447e-07,103.4639,-2.219807e-07,9.272284e-07
-0.29857,0.1711,3.235358e-07,105.6555,-8.727796e-08,3.115162e-07
-0.29857,0.171,6.285086e-07,65.26182,2.630185e-07,5.70802e-07
-0.29857,0.1709,1.236476e-06,104.9528,-3.189817e-07,1.19451e-06
-0.29857,0.1708,2.18206e-06,102.5412,-4.738122e-07,2.129863e-06
-0.29857,0.1707,1.575607e-06,88.68799,3.610365e-08,1.575183e-06
-0.29857,0.1706,1.671519e-06,81.96918,2.335701e-07,1.655124e-06
-0.29857,0.1705,9.647514e-07,87.5943,4.050135e-08,9.638685e-07
-0.29857,0.1704,1.374838e-06,94.33592,-1.0393e-07,1.370787e-06
-0.29857,0.1703,1.187497e-06,107.7379,-3.617517e-07,1.130953e-06
-0.29857,0.1702,1.650078e-06,89.68977,8.923932e-09,1.649927e-06
-0.29857,0.1701,1.729069e-06,121.4729,-9.027142e-07,1.474717e-06
-0.29857,0.17,2.058517e-06,80.95068,3.237761e-07,2.032862e-06
-0.29857,0.1699,1.46861e-06,82.79785,1.841392e-07,1.456992e-06
-0.29857,0.1698,1.633046e-06,99.50655,-2.696849e-07,1.610621e-06
-0.29857,0.1697,1.774761e-06,63.19606,8.002482e-07,1.583972e-06
-0.29857,0.1696,1.900434e-06,78.56671,3.766715e-07,1.862581e-06
-0.29857,0.1695,1.992104e-06,89.40651,2.064742e-08,1.991959e-06
-0.29857,0.1694,2.064624e-06,74.18704,5.62543e-07,1.986365e-06
-0.29857,0.1693,2.018596e-06,75.15647,5.171075e-07,1.951189e-06
-0.29857,0.1692,2.077655e-06,66.65088,8.234325e-07,1.907486e-06
-0.29857,0.1691,2.015132e-06,106.7798,-5.817376e-07,1.929201e-06
-0.29857,0.169,2.157736e-06,73.48634,6.133094e-07,2.068709e-06
-0.29857,0.1689,1.875618e-06,92.35323,-7.701851e-08,1.873908e-06
-0.29857,0.1688,1.16053e-06,92.10669,-4.264153e-08,1.159731e-06
-0.29857,0.1687,1.175304e-06,91.46762,-3.011338e-08,1.17479e-06
-0.29857,0.1686,1.388825e-06,50.02485,8.921809e-07,1.064199e-06
-0.29857,0.1685,2.045156e-06,65.99968,8.318256e-07,1.868309e-06
-0.29857,0.1684,2.006387e-06,53.28646,1.199439e-06,1.608358e-06
-0.29857,0.1683,1.784065e-06,64.9803,7.545445e-07,1.616617e-06
-0.29857,0.1682,1.6922e-06,87.35575,7.807463e-08,1.6903e-06
-0.29857,0.1681,1.787569e-06,64.65595,7.650721e-07,1.615421e-06
-0.29857,0.168,2.314232e-06,97.4972,-3.019273e-07,2.294417e-06
-0.29857,0.1679,2.048911e-06,96.9967,-2.495627e-07,2.033667e-06
-0.29857,0.1678,2.325452e-06,98.9562,-3.620199e-07,2.296948e-06
-0.29857,0.1677,1.536112e-06,72.89764,4.516839e-07,1.468056e-06
-0.29857,0.1676,2.035109e-06,72.57854,6.09314e-07,1.941729e-06
-0.29857,0.1675,2.047766e-06,91.05934,-3.784149e-08,2.047391e-06
-0.29857,0.1674,2.198858e-06,96.76502,-2.590231e-07,2.183429e-06
-0.29857,0.1673,2.013523e-06,110.702,-7.1178e-07,1.883503e-06
-0.29857,0.1672,1.80982e-06,95.47124,-1.725498e-07,1.801555e-06
-0.29857,0.1671,1.433825e-06,75.19756,3.662779e-07,1.386109e-06
-0.29857,0.167,1.644087e-06,76.47834,3.843996e-07,1.598495e-06
-0.29857,0.1669,1.64844e-06,80.93582,2.596825e-07,1.62781e-06
-0.29857,0.1668,1.94882e-06,73.52786,5.525518e-07,1.868711e-06
-0.29857,0.1667,1.60034e-06,48.42596,1.061931e-06,1.197176e-06
-0.29857,0.1666,2.101723e-06,84.23413,2.111848e-07,2.091094e-06
-0.29857,0.1665,2.333438e-06,92.8545,-1.161899e-07,2.330526e-06
-0.29857,0.1664,9.824596e-07,73.67824,2.760719e-07,9.428132e-07
-0.29857,0.1663,2.047587e-06,83.31453,2.383645e-07,2.033533e-06
-0.29857,0.1662,1.187978e-06,83.39409,1.367032e-07,1.179987e-06
-0.29857,0.1661,1.018742e-06,73.37749,2.91394e-07,9.761285e-07
-0.29857,0.166,2.130445e-06,89.68102,1.185759e-08,2.130266e-06
-0.29857,0.1659,1.045865e-06,67.519,3.998558e-07,9.662657e-07
-0.29857,0.1658,3.313142e-07,128.7259,-2.07195e-07,2.583526e-07
-0.29857,0.1657,1.331269e-06,92.70194,-6.27581e-08,1.329749e-06
-0.29857,0.1656,1.025157e-06,93.58405,-6.409361e-08,1.023028e-06
-0.29857,0.1655,1.399576e-06,92.22034,-5.423091e-08,1.398369e-06
-0.29857,0.1654,1.795571e-06,96.84895,-2.14124e-07,1.782635e-06
-0.29857,0.1653,1.959823e-06,94.55066,-1.554954e-07,1.953586e-06
-0.29857,0.1652,1.598551e-06,86.92649,8.567422e-08,1.596098e-06
-0.29857,0.1651,6.902161e-07,73.69572,1.937281e-07,6.623435e-07
-0.29857,0.165,1.615438e-06,79.26612,3.008544e-07,1.58704e-06
-0.29857,0.1649,1.369329e-06,70.6075,4.546176e-07,1.291511e-06
-0.29857,0.1648,1.802684e-06,86.64847,1.05394e-07,1.799561e-06
-0.29857,0.1647,2.359919e-06,74.79247,6.19037e-07,2.277228e-06
-0.29857,0.1646,1.618836e-06,101.4472,-3.212504e-07,1.586638e-06
-0.29857,0.1645,9.959656e-07,96.32876,-1.097917e-07,9.898468e-07
-0.29857,0.1644,1.646954e-06,105.5716,-4.421006e-07,1.58637e-06
-0.29857,0.1643,1.604307e-06,98.76169,-2.44366e-07,1.583307e-06
-0.29857,0.1642,1.140726e-06,85.14946,9.646452e-08,1.136546e-06
-0.29857,0.1641,1.185363e-06,78.44616,2.374313e-07,1.161329e-06
-0.29857,0.164,1.642188e-06,72.64498,4.897937e-07,1.56732e-06
-0.29857,0.1639,2.137698e-06,94.12872,-1.538973e-07,2.132132e-06
-0.29857,0.1638,1.321317e-06,82.42717,1.741424e-07,1.309761e-06
-0.29857,0.1637,1.106109e-06,79.71635,1.974608e-07,1.088317e-06
-0.29857,0.1636,9.767264e-07,70.80334,3.211107e-07,9.222943e-07
-0.29857,0.1635,1.440452e-06,58.32684,7.562767e-07,1.225819e-06
-0.29857,0.1634,1.016188e-06,75.78419,2.495571e-07,9.850524e-07
-0.29857,0.1633,1.309163e-06,91.93097,-4.410557e-08,1.308297e-06
-0.29857,0.1632,1.509128e-06,64.47596,6.502177e-07,1.361729e-06
-0.29857,0.1631,1.859581e-06,66.12207,7.526781e-07,1.700296e-06
-0.29857,0.163,1.968501e-06,84.35215,1.937281e-07,1.958917e-06
-0.29857,0.1629,1.540353e-06,93.49752,-9.393878e-08,1.537475e-06
-0.29857,0.1628,1.607291e-06,78.79402,3.125835e-07,1.575579e-06
-0.29857,0.1627,2.484468e-06,76.59418,5.759987e-07,2.416737e-06
-0.29857,0.1626,1.581139e-06,72.39407,4.782043e-07,1.50696e-06
-0.29857,0.1625,2.402784e-06,85.00521,2.091843e-07,2.393553e-06
-0.29857,0.1624,1.968389e-06,95.45026,-1.869387e-07,1.959448e-06
-0.29857,0.1623,1.484954e-06,81.83367,2.109166e-07,1.469783e-06
-0.29857,0.1622,1.768838e-06,60.99843,8.575413e-07,1.54693e-06
-0.29857,0.1621,1.465072e-06,104.1074,-3.570914e-07,1.420889e-06
-0.29857,0.162,1.767519e-06,61.86644,8.334238e-07,1.558659e-06
-0.29857,0.1619,1.943031e-06,67.00233,7.590763e-07,1.788502e-06
-0.29857,0.1618,1.756109e-06,85.8975,1.256447e-07,1.751594e-06
-0.29857,0.1617,1.680744e-06,82.5889,2.167839e-07,1.666584e-06
-0.29857,0.1616,1.793598e-06,69.65119,6.23703e-07,1.681638e-06
-0.29857,0.1615,1.584498e-06,98.60433,-2.370402e-07,1.56665e-06
-0.29857,0.1614,2.211408e-06,86.98419,1.163184e-07,2.208212e-06
-0.29857,0.1613,2.498377e-06,71.44722,7.949173e-07,2.368502e-06
-0.29857,0.1612,2.136837e-06,82.88309,2.647507e-07,2.120269e-06
-0.29857,0.1611,1.819705e-06,118.4176,-8.6594e-07,1.600362e-06
-0.29857,0.161,1.781674e-06,97.33415,-2.274457e-07,1.76705e-06
-0.29857,0.1609,2.030309e-06,65.52934,8.410178e-07,1.847924e-06
-0.29857,0.1608,1.744184e-06,65.37722,7.266998e-07,1.585571e-06
-0.29857,0.1607,1.494957e-06,93.23436,-8.434429e-08,1.492436e-06
-0.29857,0.1606,1.69648e-06,69.7596,5.869287e-07,1.591701e-06
-0.29857,0.1605,2.188922e-06,110.3099,-7.597468e-07,2.052716e-06
-0.29857,0.1604,1.605805e-06,83.31977,1.868046e-07,1.594768e-06
-0.29857,0.1603,1.995474e-06,83.16241,2.375654e-07,1.981168e-06
-0.29857,0.1602,2.074839e-06,96.36374,-2.29977e-07,2.061914e-06
-0.29857,0.1601,1.643942e-06,73.08386,4.783328e-07,1.57278e-06
-0.29857,0.16,1.246154e-06,106.5123,-3.541577e-07,1.194644e-06
-0.29857,0.1599,1.189464e-06,74.84798,3.108512e-07,1.148007e-06
-0.29857,0.1598,1.917237e-06,68.04006,7.169712e-07,1.778108e-06
-0.29857,0.1597,1.754058e-06,86.09683,1.193806e-07,1.749861e-06
-0.29857,0.1596,1.629754e-06,106.5298,-4.636812e-07,1.562386e-06
-0.29857,0.1595,1.787899e-06,97.42507,-2.310443e-07,1.772778e-06
-0.29857,0.1594,1.507205e-06,103.4184,-3.4976e-07,1.466056e-06
-0.29857,0.1593,2.152198e-06,101.077,-4.134513e-07,2.11201e-06
-0.29857,0.1592,1.322887e-06,91.18786,-2.744793e-08,1.322552e-06
-0.29857,0.1591,2.342535e-06,85.29809,1.919958e-07,2.334522e-06
-0.29857,0.159,1.931212e-06,112.6357,-7.432233e-07,1.782372e-06
-0.29857,0.1589,1.604598e-06,91.76923,-4.957057e-08,1.603692e-06
-0.29857,0.1588,1.300547e-06,71.40219,4.147812e-07,1.232614e-06
-0.29857,0.1587,8.939299e-07,104.1336,-2.182535e-07,8.668676e-07
-0.29857,0.1586,4.140269e-07,96.67147,-4.810094e-08,4.111826e-07
-0.29857,0.1585,1.712562e-06,111.6811,-6.326325e-07,1.591304e-06
-0.29857,0.1584,1.372408e-06,115.9436,-6.003901e-07,1.234084e-06
-0.29857,0.1583,1.591611e-06,127.5405,-9.697359e-07,1.261929e-06
-0.29857,0.1582,1.65324e-06,111.4844,-6.054528e-07,1.538274e-06
-0.29857,0.1581,2.049084e-06,103.2402,-4.692804e-07,1.994624e-06
-0.29857,0.158,1.79452e-06,114.5991,-7.46956e-07,1.631543e-06
-0.29857,0.1579,1.706399e-06,99.5118,-2.819448e-07,1.68284e-06
-0.29857,0.1578,1.665355e-06,121.7457,-8.761994e-07,1.416223e-06
-0.29857,0.1577,1.754382e-06,88.43707,4.783272e-08,1.753589e-06
-0.29857,0.1576,1.111507e-06,110.1608,-3.830753e-07,1.043278e-06
-0.29857,0.1575,9.739827e-07,62.59119,4.483535e-07,8.646044e-07
-0.29857,0.1574,1.19717e-06,85.67194,9.033456e-08,1.193711e-06
-0.29857,0.1573,1.263985e-06,77.63135,2.707466e-07,1.234615e-06
-0.29857,0.1572,2.150394e-06,132.7184,-1.45873e-06,1.579843e-06
-0.29857,0.1571,1.375861e-06,107.3558,-4.103891e-07,1.313092e-06
-0.29857,0.157,1.713417e-06,66.52673,6.824601e-07,1.571584e-06
-0.29857,0.1569,1.337712e-06,106.9213,-3.893338e-07,1.279648e-06
-0.29857,0.1568,1.779003e-06,70.41167,5.963891e-07,1.675911e-06
-0.29857,0.1567,1.441866e-06,86.84256,7.941015e-08,1.439541e-06
-0.29857,0.1566,1.545025e-06,122.2965,-8.25433e-07,1.3059e-06
-0.29857,0.1565,1.399096e-06,110.3645,-4.868656e-07,1.311628e-06
-0.29857,0.1564,1.212134e-06,95.19761,-1.097917e-07,1.207033e-06
-0.29857,0.1563,2.068139e-06,108.5392,-6.575491e-07,1.960784e-06
-0.29857,0.1562,1.966277e-06,105.5664,-5.276408e-07,1.894025e-06
-0.29857,0.1561,1.683399e-06,115.9935,-7.377639e-07,1.513089e-06
-0.29857,0.156,1.58775e-06,120.5236,-8.063837e-07,1.367725e-06
-0.29857,0.1559,1.453869e-06,96.96523,-1.762825e-07,1.443006e-06
-0.29857,0.1558,1.67277e-06,88.84972,3.357231e-08,1.672312e-06
-0.29857,0.1557,1.090049e-06,90.07592,-1.469627e-09,1.089915e-06
-0.29857,0.1556,1.583525e-06,113.9539,-6.428919e-07,1.447001e-06
-0.29857,0.1555,1.390479e-06,134.7946,-9.79593e-07,9.866505e-07
-0.29857,0.1554,1.185491e-06,93.57706,-7.395073e-08,1.183049e-06
-0.29857,0.1553,1.128271e-06,81.10805,1.744106e-07,1.114698e-06
-0.29857,0.1552,9.35398e-07,119.5864,-4.618205e-07,8.134357e-07
-0.29857,0.1551,6.570294e-07,93.68722,-4.22392e-08,6.555486e-07
-0.29857,0.155,1.769084e-06,84.01643,1.844018e-07,1.759322e-06
-0.29857,0.1549,1.293607e-06,87.46753,5.715899e-08,1.29231e-06
-0.29857,0.1548,1.354873e-06,129.5258,-8.622072e-07,1.04501e-06
-0.29857,0.1547,1.103634e-06,125.4704,-6.403606e-07,8.987132e-07
-0.29857,0.1546,4.791598e-07,156.1045,-4.379656e-07,1.939963e-07
-0.29857,0.1545,1.626268e-06,100.4471,-2.948641e-07,1.599295e-06
-0.29857,0.1544,1.120571e-06,103.1983,-2.558268e-07,1.090977e-06
-0.29857,0.1543,2.107696e-06,105.8269,-5.748085e-07,2.0278e-06
-0.29857,0.1542,1.371094e-06,97.80887,-1.862738e-07,1.358265e-06
-0.29857,0.1541,1.929866e-06,114.0011,-7.849317e-07,1.762915e-06
-0.29857,0.154,1.532804e-06,102.8031,-3.396347e-07,1.494571e-06
-0.29857,0.1539,1.631174e-06,103.3704,-3.772079e-07,1.586906e-06
-0.29857,0.1538,9.882152e-07,136.4747,-7.164459e-07,6.804652e-07
-0.29857,0.1537,1.13316e-06,114.9104,-4.772767e-07,1.027688e-06
-0.29857,0.1536,1.143805e-06,95.69592,-1.135244e-07,1.138145e-06
-0.29857,0.1535,1.414736e-06,116.4804,-6.307661e-07,1.266192e-06
-0.29857,0.1534,1.304665e-06,90.57338,-1.3059e-08,1.304564e-06
-0.29857,0.1533,1.321027e-06,85.92111,9.393319e-08,1.317624e-06
-0.29857,0.1532,1.686125e-06,105.9913,-4.644859e-07,1.620881e-06
-0.29857,0.1531,1.165878e-06,109.5778,-3.906693e-07,1.098442e-06
-0.29857,0.153,1.47508e-06,106.3165,-4.143845e-07,1.415558e-06
-0.29857,0.1529,1.501282e-06,84.9239,1.328364e-07,1.49537e-06
-0.29857,0.1528,1.450572e-06,96.57268,-1.660231e-07,1.441005e-06
-0.29857,0.1527,1.208536e-06,76.45911,2.830009e-07,1.174924e-06
-0.29857,0.1526,1.455673e-06,101.115,-2.806093e-07,1.428348e-06
-0.29857,0.1525,1.961968e-06,81.0145,3.064535e-07,1.937862e-06
-0.29857,0.1524,2.569651e-06,94.53492,-2.03194e-07,2.561436e-06
-0.29857,0.1523,1.672312e-06,103.623,-3.938656e-07,1.625144e-06
-0.29857,0.1522,1.759367e-06,92.48262,-7.621943e-08,1.75759e-06
-0.29857,0.1521,1.749727e-06,93.18278,-9.713508e-08,1.746928e-06
-0.29857,0.152,8.171014e-07,83.65199,9.033456e-08,8.119717e-07
-0.29857,0.1519,2.377834e-06,94.06184,-1.684203e-07,2.371832e-06
-0.29857,0.1518,1.430466e-06,95.29551,-1.320429e-07,1.424219e-06
-0.29857,0.1517,1.8074e-06,82.73578,2.285074e-07,1.792766e-06
-0.29857,0.1516,1.821789e-06,106.3339,-5.123186e-07,1.748129e-06
-0.29857,0.1515,1.942556e-06,92.92138,-9.900145e-08,1.939997e-06
-0.29857,0.1514,1.62971e-06,78.84647,3.152489e-07,1.598898e-06
-0.29857,0.1513,1.407919e-06,125.6094,-8.197054e-07,1.144543e-06
-0.29857,0.1512,1.844806e-06,103.0863,-4.177149e-07,1.796761e-06
-0.29857,0.1511,1.934442e-06,95.12942,-1.729521e-07,1.926541e-06
-0.29857,0.151,3.007242e-06,97.31841,-3.830753e-07,2.98261e-06
-0.29857,0.1509,2.566276e-06,90.874,-3.917701e-08,2.565834e-06
-0.29857,0.1508,9.475238e-07,68.22965,3.513582e-07,8.797924e-07
-0.29857,0.1507,1.429835e-06,116.6806,-6.419587e-07,1.277519e-06
-0.29857,0.1506,1.168577e-06,134.3487,-8.167717e-07,8.355583e-07
-0.29857,0.1505,1.908961e-06,90.06718,-2.268701e-09,1.908816e-06
-0.29857,0.1504,2.306034e-06,74.32168,6.231665e-07,2.220204e-06
-0.29857,0.1503,1.1755e-06,69.95368,4.02918e-07,1.10417e-06
-0.29857,0.1502,1.674916e-06,84.22888,1.684147e-07,1.666316e-06
-0.29857,0.1501,2.409752e-06,94.83654,-2.03194e-07,2.401012e-06
-0.29857,0.15,1.358354e-06,116.0267,-5.959924e-07,1.220488e-06
-0.298856,0.2,1.369625e-06,82.96919,1.676157e-07,1.359198e-06
-0.298856,0.1999,1.328106e-06,87.80937,5.07608e-08,1.327084e-06
-0.298856,0.1998,1.82759e-06,77.03949,4.098471e-07,1.780902e-06
-0.298856,0.1997,1.293014e-06,90.3959,-8.92952e-09,1.292975e-06
-0.298856,0.1996,1.791626e-06,93.29644,-1.029968e-07,1.788631e-06
-0.298856,0.1995,1.767531e-06,100.4856,-3.216471e-07,1.738004e-06
-0.298856,0.1994,1.803014e-06,111.1443,-6.503574e-07,1.681504e-06
-0.298856,0.1993,2.168616e-06,97.26465,-2.742167e-07,2.151181e-06
-0.298856,0.1992,1.455411e-06,89.12512,2.225115e-08,1.455131e-06
-0.298856,0.1991,2.035528e-06,100.6079,-3.746766e-07,2.000754e-06
-0.298856,0.199,1.599775e-06,99.07641,-2.523623e-07,1.579709e-06
-0.298856,0.1989,2.051331e-06,105.2717,-5.402974e-07,1.978771e-06
-0.298856,0.1988,1.91323e-06,105.4711,-5.103182e-07,1.843795e-06
-0.298856,0.1987,1.277815e-06,96.99058,-1.554954e-07,1.268193e-06
-0.298856,0.1986,1.53999e-06,121.6285,-8.075796e-07,1.311231e-06
-0.298856,0.1985,1.821108e-06,73.92128,5.043167e-07,1.749727e-06
-0.298856,0.1984,2.928413e-06,86.85655,1.605525e-07,2.923853e-06
-0.298856,0.1983,2.044301e-06,86.96933,1.080539e-07,2.041395e-06
-0.298856,0.1982,9.68635e-07,107.9477,-2.984628e-07,9.214952e-07
-0.298856,0.1981,1.483742e-06,99.77832,-2.519655e-07,1.46206e-06
-0.298856,0.198,1.554843e-06,101.1019,-2.993959e-07,1.525612e-06
-0.298856,0.1979,1.16224e-06,93.36638,-6.82231e-08,1.160133e-06
-0.298856,0.1978,1.69515e-06,57.54525,9.096376e-07,1.430349e-06
-0.298856,0.1977,1.455103e-06,94.61623,-1.171231e-07,1.450331e-06
-0.298856,0.1976,9.404774e-07,101.5014,-1.874752e-07,9.214952e-07
-0.298856,0.1975,1.43221e-06,98.98637,-2.237129e-07,1.41449e-06
-0.298856,0.1974,1.533379e-06,116.9971,-6.960555e-07,1.366255e-06
-0.298856,0.1973,2.097515e-06,125.4013,-1.215035e-06,1.709623e-06
-0.298856,0.1972,1.714942e-06,148.1406,-1.456467e-06,9.051058e-07
-0.298856,0.1971,1.475058e-06,117.755,-6.868634e-07,1.305229e-06
-0.298856,0.197,1.822784e-06,99.73723,-3.083255e-07,1.796359e-06
-0.298856,0.1969,1.712255e-06,103.7209,-4.061255e-07,1.663388e-06
-0.298856,0.1968,1.365277e-06,114.739,-5.71344e-07,1.239946e-06
-0.298856,0.1967,1.747095e-06,100.9384,-3.315098e-07,1.71535e-06
-0.298856,0.1966,1.736562e-06,113.2136,-6.844662e-07,1.595964e-06
-0.298856,0.1965,1.098481e-06,148.3705,-9.352248e-07,5.759987e-07
-0.298856,0.1964,1.601798e-06,114.5248,-6.648804e-07,1.45726e-06
-0.298856,0.1963,1.481384e-06,107.1976,-4.379656e-07,1.415021e-06
-0.298856,0.1962,1.597177e-06,133.2419,-1.094184e-06,1.163464e-06
-0.298856,0.1961,2.282118e-06,99.98946,-3.958661e-07,2.247383e-06
-0.298856,0.196,1.040166e-06,120.8102,-5.327034e-07,8.932482e-07
-0.298856,0.1959,1.953922e-06,94.04741,-1.379102e-07,1.948921e-06
-0.298856,0.1958,7.232073e-07,129.0056,-4.551541e-07,5.620121e-07
-0.298856,0.1957,1.247009e-06,84.4999,1.195147e-07,1.241141e-06
-0.298856,0.1956,8.478518e-07,120.5516,-4.30908e-07,7.300302e-07
-0.298856,0.1955,1.72533e-06,109.5551,-5.77474e-07,1.625681e-06
-0.298856,0.1954,1.438558e-06,102.3992,-3.088563e-07,1.404896e-06
-0.298856,0.1953,1.052817e-06,129.5477,-6.703399e-07,8.118376e-07
-0.298856,0.1952,1.676185e-06,76.14175,4.01454e-07,1.627279e-06
-0.298856,0.1951,7.290579e-07,73.96849,2.013277e-07,7.005818e-07
-0.298856,0.195,1.675805e-06,89.13998,2.517923e-08,1.675508e-06
-0.298856,0.1949,2.300994e-06,106.125,-6.390307e-07,2.210341e-06
-0.298856,0.1948,1.693356e-06,115.35,-7.249731e-07,1.530144e-06
-0.298856,0.1947,8.17487e-07,120.0305,-4.090536e-07,7.076449e-07
-0.298856,0.1946,2.183446e-06,94.10511,-1.562945e-07,2.17783e-06
-0.298856,0.1945,2.130964e-06,87.67823,8.633919e-08,2.129198e-06
-0.298856,0.1944,2.376168e-06,75.35274,6.007812e-07,2.298815e-06
-0.298856,0.1943,1.431204e-06,80.24615,2.424996e-07,1.410495e-06
-0.298856,0.1942,1.983052e-06,84.36351,1.947954e-07,1.97344e-06
-0.298856,0.1941,2.145677e-06,80.4812,3.548171e-07,2.116005e-06
-0.298856,0.194,1.531686e-06,91.22108,-3.264471e-08,1.531211e-06
-0.298856,0.1939,1.242544e-06,116.5486,-5.553513e-07,1.111501e-06
-0.298856,0.1938,1.315288e-06,102.9019,-2.936683e-07,1.282051e-06
-0.298856,0.1937,1.576473e-06,82.78998,1.978632e-07,1.56399e-06
-0.298856,0.1936,1.905301e-06,78.05274,3.943908e-07,1.863917e-06
-0.298856,0.1935,1.968344e-06,82.98056,2.404991e-07,1.953452e-06
-0.298856,0.1934,1.77023e-06,92.7745,-8.567981e-08,1.768112e-06
-0.298856,0.1933,1.339757e-06,84.10211,1.376364e-07,1.332549e-06
-0.298856,0.1932,1.282118e-06,106.5263,-3.646854e-07,1.22915e-06
-0.298856,0.1931,2.006068e-06,102.2829,-4.267785e-07,1.960113e-06
-0.298856,0.193,1.553803e-06,85.73751,1.155193e-07,1.549467e-06
-0.298856,0.1929,1.092413e-06,99.72074,-1.844074e-07,1.076722e-06
-0.298856,0.1928,1.680728e-06,80.83615,2.676788e-07,1.659253e-06
-0.298856,0.1927,1.660734e-06,111.8567,-6.182435e-07,1.541202e-06
-0.298856,0.1926,1.57487e-06,125.8796,-9.229704e-07,1.276055e-06
-0.298856,0.1925,9.538941e-07,82.38083,1.264438e-07,9.453445e-07
-0.298856,0.1924,7.154121e-07,109.2491,-2.358388e-07,6.753969e-07
-0.298856,0.1923,1.039361e-06,108.6703,-3.327056e-07,9.845215e-07
-0.298856,0.1922,1.298373e-06,87.34788,6.008706e-08,1.29697e-06
-0.298856,0.1921,1.268679e-06,93.3961,-7.515214e-08,1.266326e-06
-0.298856,0.192,9.709652e-07,65.66746,3.9999e-07,8.845869e-07
-0.298856,0.1919,1.461904e-06,110.1809,-5.043223e-07,1.372117e-06
-0.298856,0.1918,1.131143e-06,124.9415,-6.478261e-07,9.272284e-07
-0.298856,0.1917,7.89877e-07,73.63452,2.225115e-07,7.577408e-07
-0.298856,0.1916,1.474684e-06,95.94334,-1.526959e-07,1.466721e-06
-0.298856,0.1915,1.811848e-06,92.96859,-9.380467e-08,1.809418e-06
-0.298856,0.1914,1.315377e-06,67.16057,5.105808e-07,1.212229e-06
-0.298856,0.1913,1.420386e-06,105.0848,-3.696139e-07,1.371452e-06
-0.298856,0.1912,1.145554e-06,132.5977,-7.753372e-07,8.432865e-07
-0.298856,0.1911,1.583503e-06,95.42753,-1.497678e-07,1.576378e-06
-0.298856,0.191,6.446409e-07,120.069,-3.229826e-07,5.578827e-07
-0.298856,0.1909,1.471733e-06,60.06211,7.344279e-07,1.27525e-06
-0.298856,0.1908,1.078454e-06,119.276,-5.273725e-07,9.406842e-07
-0.298856,0.1907,2.199802e-06,104.5659,-5.532223e-07,2.129064e-06
-0.298856,0.1906,1.682488e-06,66.93326,6.591416e-07,1.547863e-06
-0.298856,0.1905,1.908045e-06,88.07165,6.422214e-08,1.90695e-06
-0.298856,0.1904,1.550976e-06,88.30681,4.583224e-08,1.550266e-06
-0.298856,0.1903,1.561906e-06,75.53503,3.901273e-07,1.51229e-06
-0.298856,0.1902,1.42233e-06,67.61168,5.417559e-07,1.315092e-06
-0.298856,0.1901,2.582676e-06,63.32195,1.159468e-06,2.30761e-06
-0.298856,0.19,1.644892e-06,53.42197,9.801238e-07,1.32082e-06
-0.298856,0.1899,2.042407e-06,60.78598,9.967759e-07,1.782506e-06
-0.298856,0.1898,1.604296e-06,68.76295,5.810614e-07,1.495236e-06
-0.298856,0.1897,1.655297e-06,87.08823,8.407048e-08,1.653129e-06
-0.298856,0.1896,2.60999e-06,65.53502,1.080852e-06,2.375565e-06
-0.298856,0.1895,2.617137e-06,73.958,7.232353e-07,2.515202e-06
-0.298856,0.1894,1.855775e-06,108.8251,-5.987919e-07,1.756388e-06
-0.298856,0.1893,2.267209e-06,92.15259,-8.514337e-08,2.265505e-06
-0.298856,0.1892,2.086797e-06,90.57425,-2.092123e-08,2.086563e-06
-0.298856,0.1891,2.009175e-06,74.32168,5.429573e-07,1.934397e-06
-0.298856,0.189,1.30661e-06,88.55685,3.290735e-08,1.306163e-06
-0.298856,0.1889,1.404549e-06,66.0565,5.700029e-07,1.283649e-06
-0.298856,0.1888,1.479327e-06,75.79294,3.630816e-07,1.434076e-06
-0.298856,0.1887,7.784832e-07,95.48086,-7.435306e-08,7.747951e-07
-0.298856,0.1886,1.120733e-06,91.2613,-2.465397e-08,1.120425e-06
-0.298856,0.1885,1.796945e-06,81.20857,2.746079e-07,1.775711e-06
-0.298856,0.1884,1.217711e-06,97.94863,-1.684203e-07,1.205831e-06
-0.298856,0.1883,1.703364e-06,80.00398,2.956632e-07,1.677375e-06
-0.298856,0.1882,2.691065e-06,104.9611,-6.947256e-07,2.599809e-06
-0.298856,0.1881,1.588253e-06,105.9178,-4.355683e-07,1.527344e-06
-0.298856,0.188,1.255782e-06,54.31009,7.325615e-07,1.019831e-06
-0.298856,0.1879,1.273792e-06,102.5854,-2.775471e-07,1.243142e-06
-0.298856,0.1878,1.57136e-06,97.84734,-2.145208e-07,1.556525e-06
-0.298856,0.1877,1.437909e-06,80.97428,2.255737e-07,1.420084e-06
-0.298856,0.1876,1.84033e-06,91.8007,-5.782954e-08,1.839397e-06
-0.298856,0.1875,1.435065e-06,100.9568,-2.727471e-07,1.408897e-06
-0.298856,0.1874,1.462077e-06,68.71924,5.305632e-07,1.36226e-06
-0.298856,0.1873,7.58646e-07,48.59644,5.016513e-07,5.689412e-07
-0.298856,0.1872,1.556061e-06,77.83505,3.279056e-07,1.521086e-06
-0.298856,0.1871,2.308661e-06,94.34991,-1.750811e-07,2.302011e-06
-0.298856,0.187,1.853182e-06,101.1736,-3.590919e-07,1.817945e-06
-0.298856,0.1869,1.537095e-06,89.71162,7.722526e-09,1.536939e-06
-0.298856,0.1868,2.095906e-06,96.39084,-2.333074e-07,2.08283e-06
-0.298856,0.1867,1.686064e-06,82.36684,2.239756e-07,1.671116e-06
-0.298856,0.1866,1.703241e-06,73.73157,4.77137e-07,1.635007e-06
-0.298856,0.1865,1.572227e-06,98.73022,-2.386383e-07,1.553859e-06
-0.298856,0.1864,1.874305e-06,80.69627,3.02989e-07,1.849522e-06
-0.298856,0.1863,1.393273e-06,81.96393,1.947954e-07,1.379583e-06
-0.298856,0.1862,1.306381e-06,61.15217,6.302297e-07,1.14414e-06
-0.298856,0.1861,1.807468e-06,79.70498,3.22977e-07,1.778243e-06
-0.298856,0.186,1.84004e-06,98.18905,-2.620909e-07,1.821147e-06
-0.298856,0.1859,2.314964e-06,84.26604,2.313069e-07,2.303346e-06
-0.298856,0.1858,1.811938e-06,80.07042,3.124494e-07,1.784769e-06
-0.298856,0.1857,1.645725e-06,100.0484,-2.87136e-07,1.62035e-06
-0.298856,0.1856,2.350503e-06,100.9406,-4.46096e-07,2.307744e-06
-0.298856,0.1855,1.447789e-06,98.64891,-2.177171e-07,1.431277e-06
-0.298856,0.1854,1.381209e-06,111.1907,-4.992596e-07,1.287778e-06
-0.298856,0.1853,1.496968e-06,90.99989,-2.611801e-08,1.4967e-06
-0.298856,0.1852,2.886023e-06,93.75148,-1.888051e-07,2.879748e-06
-0.298856,0.1851,2.259252e-06,73.01873,6.598122e-07,2.160642e-06
-0.298856,0.185,1.966215e-06,88.23339,6.062351e-08,1.965176e-06
-0.298856,0.1849,2.140793e-06,95.22078,-1.94801e-07,2.131864e-06
-0.298856,0.1848,5.92349e-07,101.6928,-1.200512e-07,5.799997e-07
-0.298856,0.1847,1.670312e-06,122.0595,-8.86593e-07,1.415558e-06
-0.298856,0.1846,1.431059e-06,72.95972,4.193075e-07,1.368122e-06
-0.298856,0.1845,1.745983e-06,87.90554,6.381981e-08,1.744799e-06
-0.298856,0.1844,1.355756e-06,96.08235,-1.436378e-07,1.348005e-06
-0.298856,0.1843,2.102499e-06,83.24109,2.474281e-07,2.087758e-06
-0.298856,0.1842,2.137357e-06,108.9684,-6.947256e-07,2.021273e-06
-0.298856,0.1841,1.397464e-06,96.95561,-1.692194e-07,1.387042e-06
-0.298856,0.184,9.17986e-07,91.63111,-2.611801e-08,9.174998e-07
-0.298856,0.1839,1.431506e-06,96.37685,-1.589599e-07,1.422621e-06
-0.298856,0.1838,1.038679e-06,80.12288,1.781433e-07,1.023162e-06
-0.298856,0.1837,1.244131e-06,83.99458,1.301765e-07,1.23728e-06
-0.298856,0.1836,1.67058e-06,80.63507,2.718083e-07,1.648195e-06
-0.298856,0.1835,9.567327e-07,46.63736,6.568785e-07,6.955191e-07
-0.298856,0.1834,4.315394e-07,83.06274,5.209632e-08,4.28237e-07
-0.298856,0.1833,1.627648e-06,100.2705,-2.902038e-07,1.601429e-06
-0.298856,0.1832,1.327347e-06,63.48718,5.925223e-07,1.187715e-06
-0.298856,0.1831,1.373978e-06,95.84979,-1.400392e-07,1.366792e-06
-0.298856,0.183,2.269316e-06,105.1708,-5.938634e-07,2.19009e-06
-0.298856,0.1829,1.790273e-06,92.70106,-8.434429e-08,1.788234e-06
-0.298856,0.1828,1.077728e-06,97.00894,-1.31512e-07,1.069659e-06
-0.298856,0.1827,1.591617e-06,92.01489,-5.596317e-08,1.590505e-06
-0.298856,0.1826,7.367357e-07,85.59446,5.662254e-08,7.345564e-07
-0.298856,0.1825,8.671078e-07,94.97205,-7.515214e-08,8.638054e-07
-0.298856,0.1824,1.891639e-06,100.7959,-3.542918e-07,1.85805e-06
-0.298856,0.1823,1.080399e-06,96.08235,-1.144576e-07,1.074191e-06
-0.298856,0.1822,1.747034e-06,113.675,-7.015205e-07,1.599965e-06
-0.298856,0.1821,9.852927e-07,83.15891,1.173857e-07,9.782575e-07
-0.298856,0.182,1.29236e-06,110.7037,-4.568863e-07,1.208899e-06
-0.298856,0.1819,1.205177e-06,108.4867,-3.821421e-07,1.142945e-06
-0.298856,0.1818,5.728472e-07,110.0655,-1.965332e-07,5.380287e-07
-0.298856,0.1817,1.572126e-06,73.02878,4.588812e-07,1.503629e-06
-0.298856,0.1816,1.329554e-06,67.52687,5.081836e-07,1.228485e-06
-0.298856,0.1815,1.459144e-06,139.1138,-1.103108e-06,9.550731e-07
-0.298856,0.1814,1.270852e-06,127.3325,-7.706712e-07,1.010499e-06
-0.298856,0.1813,1.637488e-06,105.5567,-4.39167e-07,1.577446e-06
-0.298856,0.1812,1.301592e-06,120.7002,-6.644781e-07,1.119095e-06
-0.298856,0.1811,6.921775e-07,135.2962,-4.919283e-07,4.8686e-07
-0.298856,0.181,1.146661e-06,95.71428,-1.141894e-07,1.14081e-06
-0.298856,0.1809,1.191772e-06,115.795,-5.185771e-07,1.072861e-06
-0.298856,0.1808,1.15008e-06,96.30603,-1.263152e-07,1.143079e-06
-0.298856,0.1807,1.891158e-06,129.2915,-1.197578e-06,1.463659e-06
-0.298856,0.1806,7.323324e-07,95.59801,-7.14194e-08,7.288288e-07
-0.298856,0.1805,1.3557e-06,92.9581,-6.995536e-08,1.353867e-06
-0.298856,0.1804,5.249027e-07,105.2149,-1.377761e-07,5.064513e-07
-0.298856,0.1803,1.405214e-06,135.8033,-1.007443e-06,9.795874e-07
-0.298856,0.1802,1.245941e-06,110.3199,-4.326403e-07,1.168258e-06
-0.298856,0.1801,6.173718e-07,113.3902,-2.450365e-07,5.665384e-07
-0.298856,0.18,5.636997e-07,83.47364,6.408803e-08,5.600117e-07
-0.298856,0.1799,6.726365e-07,71.41181,2.143811e-07,6.374269e-07
-0.298856,0.1798,8.337311e-07,163.2585,-7.982533e-07,2.400968e-07
-0.298856,0.1797,9.571854e-07,133.3381,-6.568841e-07,6.961841e-07
-0.298856,0.1796,7.596071e-07,165.2543,-7.34562e-07,1.933313e-07
-0.298856,0.1795,7.550921e-07,117.1657,-3.446973e-07,6.716698e-07
-0.298856,0.1794,9.232833e-07,171.2138,-9.123086e-07,1.409668e-07
-0.298856,0.1793,4.441011e-07,-151.605,-3.906693e-07,-2.111904e-07
-0.298856,0.1792,9.078383e-07,169.1717,-8.916556e-07,1.705437e-07
-0.298856,0.1791,2.827495e-07,136.2229,-2.041272e-07,1.955945e-07
-0.298856,0.179,6.11281e-07,124.1216,-3.42831e-07,5.059149e-07
-0.298856,0.1789,6.560124e-07,139.7223,-5.00461e-07,4.241075e-07
-0.298856,0.1788,9.701382e-07,150.7737,-8.466225e-07,4.736725e-07
-0.298856,0.1787,8.008182e-07,116.8773,-3.620199e-07,7.143057e-07
-0.298856,0.1786,1.171745e-06,139.1768,-8.86593e-07,7.658712e-07
-0.298856,0.1785,1.72271e-06,-172.0198,-1.705896e-06,-2.391692e-07
-0.298856,0.1784,6.286315e-07,147.4485,-5.297698e-07,3.38165e-07
-0.298856,0.1783,3.743581e-07,115.6779,-1.621562e-07,3.372319e-07
-0.298856,0.1782,9.917356e-07,-179.5848,-9.915847e-07,-7.19726e-09
-0.298856,0.1781,1.371078e-06,138.5702,-1.027962e-06,9.072404e-07
-0.298856,0.178,1.2829e-06,162.0749,-1.220494e-06,3.947932e-07
-0.298856,0.1779,1.074118e-06,-175.2832,-1.070335e-06,-8.833967e-08
-0.298856,0.1778,8.657332e-07,-149.9134,-7.49085e-07,-4.339702e-07
-0.298856,0.1777,6.408412e-07,-169.1157,-6.293021e-07,-1.209843e-07
-0.298856,0.1776,1.805992e-06,-128.7364,-1.130025e-06,-1.408634e-06
-0.298856,0.1775,1.234369e-06,-159.4544,-1.155741e-06,-4.331711e-07
-0.298856,0.1774,1.844571e-06,-167.814,-1.802897e-06,-3.893338e-07
-0.298856,0.1773,1.812564e-06,-147.2203,-1.523885e-06,-9.813252e-07
-0.298856,0.1772,1.756589e-06,-145.5952,-1.44927e-06,-9.925179e-07
-0.298856,0.1771,2.159195e-06,-157.8796,-2.000229e-06,-8.130446e-07
-0.298856,0.177,1.384422e-06,-149.2962,-1.190386e-06,-7.068514e-07
-0.298856,0.1769,8.598156e-07,-160.583,-8.1091e-07,-2.858061e-07
-0.298856,0.1768,2.273837e-06,-150.4498,-1.977978e-06,-1.121364e-06
-0.298856,0.1767,1.380527e-06,138.0159,-1.026095e-06,9.233616e-07
-0.298856,0.1766,1.37276e-06,170.0625,-1.35214e-06,2.369005e-07
-0.298856,0.1765,1.311449e-06,76.84453,2.984572e-07,1.276982e-06
-0.298856,0.1764,1.354806e-06,-178.896,-1.354403e-06,-2.611801e-08
-0.298856,0.1763,9.600184e-07,163.1361,-9.187068e-07,2.784747e-07
-0.298856,0.1762,7.041692e-07,110.7264,-2.49166e-07,6.584767e-07
-0.298856,0.1761,1.150466e-06,93.83234,-7.68844e-08,1.147873e-06
-0.298856,0.176,1.187849e-06,82.08708,1.634862e-07,1.176388e-06
-0.298856,0.1759,1.756316e-06,74.33479,4.742033e-07,1.690965e-06
-0.298856,0.1758,2.116804e-06,63.37091,9.486805e-07,1.892164e-06
-0.298856,0.1757,2.335611e-06,84.7591,2.133194e-07,2.325732e-06
-0.298856,0.1756,1.736629e-06,60.02364,8.676666e-07,1.504294e-06
-0.298856,0.1755,1.890381e-06,81.90098,2.663489e-07,1.871511e-06
-0.298856,0.1754,1.706002e-06,96.11557,-1.81742e-07,1.696161e-06
-0.298856,0.1753,1.3423e-06,75.27275,3.412272e-07,1.298172e-06
-0.298856,0.1752,1.572635e-06,66.29605,6.322301e-07,1.439938e-06
-0.298856,0.1751,1.491855e-06,81.10542,2.306364e-07,1.473784e-06
-0.298856,0.175,1.34406e-06,87.78402,5.196221e-08,1.342937e-06
-0.298856,0.1749,1.24569e-06,77.77386,2.638176e-07,1.217426e-06
-0.298856,0.1748,3.10322e-06,78.55797,6.155725e-07,3.041507e-06
-0.298856,0.1747,2.417206e-06,86.36217,1.533608e-07,2.412205e-06
-0.298856,0.1746,2.103075e-06,69.5183,7.358919e-07,1.97011e-06
-0.298856,0.1745,2.106506e-06,71.38034,6.72603e-07,1.996222e-06
-0.298856,0.1744,1.935878e-06,94.52006,-1.525618e-07,1.929737e-06
-0.298856,0.1743,2.03688e-06,100.0781,-3.564264e-07,2.005415e-06
-0.298856,0.1742,1.848405e-06,81.11766,2.853982e-07,1.826209e-06
-0.298856,0.1741,1.696676e-06,107.9346,-5.22444e-07,1.61422e-06
-0.298856,0.174,2.325631e-06,84.97505,2.037249e-07,2.316668e-06
-0.298856,0.1739,1.990607e-06,84.82686,1.794733e-07,1.982364e-06
-0.298856,0.1738,1.991204e-06,73.88544,5.526859e-07,1.912945e-06
-0.298856,0.1737,2.071738e-06,91.24119,-4.490464e-08,2.071106e-06
-0.298856,0.1736,1.119358e-06,94.55328,-8.887611e-08,1.115765e-06
-0.298856,0.1735,1.744849e-06,81.61335,2.544913e-07,1.726141e-06
-0.298856,0.1734,1.145426e-06,65.73041,4.707388e-07,1.044077e-06
-0.298856,0.1733,2.537408e-06,91.28753,-5.703046e-08,2.536654e-06
-0.298856,0.1732,1.589046e-06,94.27997,-1.185871e-07,1.584509e-06
-0.298856,0.1731,1.92905e-06,88.90043,3.703683e-08,1.92867e-06
-0.298856,0.173,2.536268e-06,61.81005,1.198103e-06,2.235392e-06
-0.298856,0.1729,1.395916e-06,79.46543,2.551563e-07,1.372251e-06
-0.298856,0.1728,1.67053e-06,94.2686,-1.243147e-07,1.665785e-06
-0.298856,0.1727,2.165241e-06,75.19232,5.533508e-07,2.093223e-06
-0.298856,0.1726,1.774437e-06,98.86834,-2.735462e-07,1.753192e-06
-0.298856,0.1725,1.621294e-06,89.26925,2.064742e-08,1.621015e-06
-0.298856,0.1724,1.923741e-06,55.08118,1.101108e-06,1.577312e-06
-0.298856,0.1723,1.784898e-06,53.7909,1.054337e-06,1.440072e-06
-0.298856,0.1722,2.408791e-06,87.20013,1.176483e-07,2.405807e-06
-0.298856,0.1721,1.909174e-06,85.16782,1.608207e-07,1.902289e-06
-0.298856,0.172,1.758031e-06,92.59366,-7.954984e-08,1.75612e-06
-0.298856,0.1719,1.543695e-06,84.74468,1.413691e-07,1.537073e-06
-0.298856,0.1718,1.908173e-06,88.46855,5.102902e-08,1.907486e-06
-0.298856,0.1717,1.629235e-06,99.35268,-2.647563e-07,1.607425e-06
-0.298856,0.1716,1.083042e-06,64.62196,4.642121e-07,9.785257e-07
-0.298856,0.1715,1.621881e-06,65.82308,6.642043e-07,1.479512e-06
-0.298856,0.1714,2.036478e-06,84.7438,1.865364e-07,2.0278e-06
-0.298856,0.1713,2.479361e-06,84.57902,2.34235e-07,2.468168e-06
-0.298856,0.1712,1.684539e-06,112.6226,-6.479546e-07,1.554926e-06
-0.298856,0.1711,2.958113e-06,84.6035,2.782065e-07,2.944903e-06
-0.298856,0.171,1.808881e-06,77.28428,3.981236e-07,1.764385e-06
-0.298856,0.1709,1.430612e-06,81.9106,2.013277e-07,1.416357e-06
-0.298856,0.1708,1.63209e-06,70.47724,5.454886e-07,1.53814e-06
-0.298856,0.1707,2.162659e-06,96.45247,-2.43036e-07,2.148918e-06
-0.298856,0.1706,2.563616e-06,83.27912,3.000553e-07,2.54598e-06
-0.298856,0.1705,2.29302e-06,90.3299,-1.319311e-08,2.292953e-06
-0.298856,0.1704,1.902988e-06,91.35659,-4.503875e-08,1.902423e-06
-0.298856,0.1703,1.859905e-06,79.11837,3.510899e-07,1.826338e-06
-0.298856,0.1702,1.638628e-06,81.75236,2.350341e-07,1.621546e-06
-0.298856,0.1701,2.556357e-06,72.16853,7.827915e-07,2.433523e-06
-0.298856,0.17,1.613231e-06,79.74782,2.871304e-07,1.587437e-06
-0.298856,0.1699,1.65675e-06,86.98419,8.713826e-08,1.654325e-06
-0.298856,0.1698,1.683751e-06,67.97886,6.31297e-07,1.560788e-06
-0.298856,0.1697,1.41392e-06,69.04447,5.056466e-07,1.320289e-06
-0.298856,0.1696,1.792207e-06,101.5198,-3.578905e-07,1.75612e-06
-0.298856,0.1695,9.196288e-07,93.89879,-6.249547e-08,9.174998e-07
-0.298856,0.1694,1.120721e-06,83.74117,1.221802e-07,1.114033e-06
-0.298856,0.1693,1.285945e-06,84.16681,1.307073e-07,1.279251e-06
-0.298856,0.1692,1.473449e-06,86.12218,9.966082e-08,1.470051e-06
-0.298856,0.1691,1.367982e-06,54.5068,7.942523e-07,1.113764e-06
-0.298856,0.169,1.459266e-06,67.71659,5.533508e-07,1.350268e-06
-0.298856,0.1689,1.851076e-06,85.15383,1.56423e-07,1.84446e-06
-0.298856,0.1688,1.754997e-06,65.80909,7.191002e-07,1.600764e-06
-0.298856,0.1687,1.69197e-06,89.45809,1.598708e-08,1.691764e-06
-0.298856,0.1686,2.239136e-06,86.26425,1.458954e-07,2.234324e-06
-0.298856,0.1685,1.82474e-06,94.15407,-1.32177e-07,1.819811e-06
-0.298856,0.1684,8.136648e-07,76.50806,1.898668e-07,7.911846e-07
-0.298856,0.1683,1.447822e-06,72.86617,4.265047e-07,1.383444e-06
-0.298856,0.1682,2.230865e-06,76.30873,5.280319e-07,2.167437e-06
-0.298856,0.1681,2.378147e-06,70.46194,7.95314e-07,2.241119e-06
-0.298856,0.168,1.438122e-06,92.48,-6.222724e-08,1.436742e-06
-0.298856,0.1679,1.923361e-06,70.65471,6.371587e-07,1.814749e-06
-0.298856,0.1678,1.324569e-06,89.2334,1.771934e-08,1.324418e-06
-0.298856,0.1677,1.626659e-06,80.85014,2.586208e-07,1.605827e-06
-0.298856,0.1676,2.111619e-06,105.7631,-5.736071e-07,2.032198e-06
-0.298856,0.1675,1.426963e-06,77.752,3.027208e-07,1.394368e-06
-0.298856,0.1674,1.331213e-06,78.3701,2.683438e-07,1.303765e-06
-0.298856,0.1673,1.233927e-06,76.57538,2.864655e-07,1.200104e-06
-0.298856,0.1672,7.18519e-07,86.26906,4.676543e-08,7.169712e-07
-0.298856,0.1671,2.404253e-06,91.80376,-7.568299e-08,2.403013e-06
-0.298856,0.167,2.394502e-06,84.38275,2.343691e-07,2.382891e-06
-0.298856,0.1669,1.101303e-06,125.9338,-6.462223e-07,8.9165e-07
-0.298856,0.1668,8.982326e-07,69.37317,3.164447e-07,8.40621e-07
-0.298856,0.1667,1.720106e-06,102.0093,-3.578905e-07,1.682437e-06
-0.298856,0.1666,1.938873e-06,80.76096,3.11248e-07,1.913616e-06
-0.298856,0.1665,1.601831e-06,89.83314,4.660338e-09,1.601697e-06
-0.298856,0.1664,1.37633e-06,81.02761,2.146493e-07,1.35946e-06
-0.298856,0.1663,1.346983e-06,89.51317,1.145526e-08,1.346938e-06
-0.298856,0.1662,1.29516e-06,64.98992,5.474891e-07,1.173589e-06
-0.298856,0.1661,1.324821e-06,108.8609,-4.282426e-07,1.253535e-06
-0.298856,0.166,1.761289e-06,69.98253,6.029158e-07,1.654861e-06
-0.298856,0.1659,1.215582e-06,105.8339,-3.316439e-07,1.169325e-06
-0.298856,0.1658,2.228898e-06,80.44011,3.701448e-07,2.197818e-06
-0.298856,0.1657,1.822063e-06,70.09869,6.202384e-07,1.713216e-06
-0.298856,0.1656,1.250227e-06,86.65809,7.287785e-08,1.24807e-06
-0.298856,0.1655,1.920143e-06,84.71672,1.768078e-07,1.911884e-06
-0.298856,0.1654,2.181228e-06,70.27398,7.361602e-07,2.053119e-06
-0.298856,0.1653,2.07143e-06,60.34535,1.024894e-06,1.800091e-06
-0.298856,0.1652,1.252043e-06,74.38812,3.369636e-07,1.205831e-06
-0.298856,0.1651,2.199327e-06,93.74186,-1.435037e-07,2.194622e-06
-0.298856,0.165,1.850735e-06,83.61003,2.05988e-07,1.839134e-06
-0.298856,0.1649,1.299077e-06,61.01679,6.294306e-07,1.136284e-06
-0.298856,0.1648,2.071827e-06,70.10306,7.051136e-07,1.948121e-06
-0.298856,0.1647,2.159116e-06,92.18232,-8.221529e-08,2.157445e-06
-0.298856,0.1646,1.657968e-06,76.48883,3.873333e-07,1.611957e-06
-0.298856,0.1645,1.596964e-06,73.7744,4.462245e-07,1.53334e-06
-0.298856,0.1644,2.149706e-06,84.11566,2.203769e-07,2.138257e-06
-0.298856,0.1643,1.232827e-06,87.71495,4.916265e-08,1.231815e-06
-0.298856,0.1642,1.942925e-06,106.9414,-5.661472e-07,1.858586e-06
-0.298856,0.1641,1.565555e-06,105.5261,-4.190504e-07,1.508424e-06
-0.298856,0.164,1.832339e-06,91.30851,-4.184246e-08,1.831803e-06
-0.298856,0.1639,1.45868e-06,102.8564,-3.245808e-07,1.422084e-06
-0.298856,0.1638,1.14485e-06,120.5743,-5.822684e-07,9.855832e-07
-0.298856,0.1637,1.930251e-06,88.37762,5.462765e-08,1.929335e-06
-0.298856,0.1636,1.546651e-06,85.53851,1.203138e-07,1.541867e-06
-0.298856,0.1635,1.730913e-06,118.8548,-8.352957e-07,1.516023e-06
-0.298856,0.1634,1.10175e-06,80.31946,1.852009e-07,1.085914e-06
-0.298856,0.1633,1.548467e-06,108.6231,-4.944652e-07,1.467252e-06
-0.298856,0.1632,1.969048e-06,112.4495,-7.518846e-07,1.819677e-06
-0.298856,0.1631,1.105478e-06,124.2307,-6.218422e-07,9.139012e-07
-0.298856,0.163,2.329766e-06,102.0294,-4.855357e-07,2.278564e-06
-0.298856,0.1629,1.641137e-06,91.21846,-3.491342e-08,1.640735e-06
-0.298856,0.1628,9.74575e-07,140.8474,-7.557515e-07,6.153099e-07
-0.298856,0.1627,1.868057e-06,94.93358,-1.606922e-07,1.860983e-06
-0.298856,0.1626,2.129735e-06,97.20257,-2.670194e-07,2.112809e-06
-0.298856,0.1625,1.608051e-06,86.26032,1.048576e-07,1.604491e-06
-0.298856,0.1624,1.332571e-06,73.46055,3.793369e-07,1.277385e-06
-0.298856,0.1623,9.717084e-07,103.9745,-2.346429e-07,9.429473e-07
-0.298856,0.1622,2.177305e-06,96.95255,-2.635549e-07,2.161178e-06
-0.298856,0.1621,1.763848e-06,100.9262,-3.343038e-07,1.731874e-06
-0.298856,0.162,1.320932e-06,98.12348,-1.866761e-07,1.307632e-06
-0.298856,0.1619,2.094458e-06,99.4471,-3.437642e-07,2.066044e-06
-0.298856,0.1618,1.579642e-06,97.98972,-2.195835e-07,1.564253e-06
-0.298856,0.1617,1.542845e-06,86.07672,1.055225e-07,1.539073e-06
-0.298856,0.1616,1.775264e-06,91.34173,-4.157423e-08,1.774644e-06
-0.298856,0.1615,6.494745e-07,75.97651,1.573562e-07,6.300956e-07
-0.298856,0.1614,1.631386e-06,100.204,-2.890024e-07,1.605559e-06
-0.298856,0.1613,1.464977e-06,109.4554,-4.879329e-07,1.381315e-06
-0.298856,0.1612,1.875406e-06,69.80331,6.474182e-07,1.759987e-06
-0.298856,0.1611,1.248439e-06,99.96192,-2.159848e-07,1.229552e-06
-0.298856,0.161,1.552803e-06,72.21485,4.742033e-07,1.478444e-06
-0.298856,0.1609,9.085312e-07,91.81469,-2.878345e-08,9.080395e-07
-0.298856,0.1608,1.283638e-06,74.46418,3.437586e-07,1.236615e-06
-0.298856,0.1607,1.235308e-06,80.50743,2.037249e-07,1.218359e-06
-0.298856,0.1606,1.394877e-06,80.49257,2.303738e-07,1.375582e-06
-0.298856,0.1605,2.086227e-06,113.5475,-8.334293e-07,1.912415e-06
-0.298856,0.1604,1.99748e-06,98.97238,-3.115218e-07,1.972904e-06
-0.298856,0.1603,1.807054e-06,89.65742,1.07903e-08,1.806886e-06
-0.298856,0.1602,1.969546e-06,102.5426,-4.277061e-07,1.922406e-06
-0.298856,0.1601,2.370268e-06,83.17115,2.818051e-07,2.353314e-06
-0.298856,0.16,1.852445e-06,87.01042,9.659864e-08,1.849791e-06
-0.298856,0.1599,2.046788e-06,87.69659,8.22097e-08,2.044988e-06
-0.298856,0.1598,1.801896e-06,72.325,5.470868e-07,1.716814e-06
-0.298856,0.1597,1.559006e-06,75.4817,3.907978e-07,1.509094e-06
-0.298856,0.1596,8.942764e-07,100.9681,-1.701526e-07,8.77792e-07
-0.298856,0.1595,1.959264e-06,88.05591,6.648525e-08,1.958118e-06
-0.298856,0.1594,2.326034e-06,75.92187,5.657393e-07,2.256045e-06
-0.298856,0.1593,1.954643e-06,74.69848,5.157776e-07,1.885235e-06
-0.298856,0.1592,1.873439e-06,70.95457,6.113089e-07,1.770777e-06
-0.298856,0.1591,1.364568e-06,90.38629,-9.197741e-09,1.364523e-06
-0.298856,0.159,1.242058e-06,123.7369,-6.897971e-07,1.032885e-06
-0.298856,0.1589,1.673955e-06,111.1758,-6.046537e-07,1.560788e-06
-0.298856,0.1588,1.282537e-06,92.29203,-5.130283e-08,1.28138e-06
-0.298856,0.1587,8.84056e-07,159.4326,-8.277017e-07,3.10583e-07
-0.298856,0.1586,8.43957e-07,125.5727,-4.908666e-07,6.863269e-07
-0.298856,0.1585,1.482233e-06,138.8664,-1.116301e-06,9.74927e-07
-0.298856,0.1584,1.634007e-06,93.55783,-1.013986e-07,1.630743e-06
-0.298856,0.1583,2.377979e-06,94.37701,-1.814793e-07,2.371033e-06
-0.298856,0.1582,1.424448e-06,95.74925,-1.427046e-07,1.417156e-06
-0.298856,0.1581,1.036489e-06,120.9291,-5.327034e-07,8.891187e-07
-0.298856,0.158,1.655196e-06,84.58733,1.561548e-07,1.647798e-06
-0.298856,0.1579,1.632302e-06,91.56292,-4.45079e-08,1.631677e-06
-0.298856,0.1578,1.570684e-06,88.31205,4.623457e-08,1.569852e-06
-0.298856,0.1577,1.264343e-06,78.45665,2.530217e-07,1.238744e-06
-0.298856,0.1576,1.691417e-06,114.3858,-6.983242e-07,1.540403e-06
-0.298856,0.1575,1.513967e-06,110.855,-5.389675e-07,1.414759e-06
-0.298856,0.1574,9.778719e-07,97.02817,-1.196544e-07,9.703952e-07
-0.298856,0.1573,2.028135e-06,86.88453,1.101884e-07,2.025006e-06
-0.298856,0.1572,1.418301e-06,98.58597,-2.117212e-07,1.402365e-06
-0.298856,0.1571,3.313142e-07,123.0515,-1.806803e-07,2.776701e-07
-0.298856,0.157,1.553233e-06,80.88249,2.460926e-07,1.533474e-06
-0.298856,0.1569,1.380309e-06,95.59014,-1.344457e-07,1.373721e-06
-0.298856,0.1568,1.342495e-06,119.8714,-6.686076e-07,1.164129e-06
-0.298856,0.1567,1.31902e-06,85.43622,1.049917e-07,1.314824e-06
-0.298856,0.1566,1.392826e-06,121.6119,-7.300358e-07,1.186111e-06
-0.298856,0.1565,1.991199e-06,83.03476,2.414323e-07,1.976368e-06
-0.298856,0.1564,6.513018e-07,146.4921,-5.429629e-07,3.59483e-07
-0.298856,0.1563,1.088971e-06,116.5836,-4.872679e-07,9.737256e-07
-0.298856,0.1562,2.501484e-06,128.0816,-1.542806e-06,1.968909e-06
-0.298856,0.1561,1.901987e-06,131.0828,-1.249808e-06,1.433545e-06
-0.298856,0.156,1.818543e-06,124.2055,-1.022234e-06,1.503897e-06
-0.298856,0.1559,1.603854e-06,82.79873,2.010595e-07,1.59117e-06
-0.298856,0.1558,1.073481e-06,90.78233,-1.465715e-08,1.073257e-06
-0.298856,0.1557,1.954263e-06,108.3577,-6.15444e-07,1.854719e-06
-0.298856,0.1556,1.17241e-06,89.67403,6.660819e-09,1.172259e-06
-0.298856,0.1555,1.966187e-06,86.99381,1.031253e-07,1.963444e-06
-0.298856,0.1554,1.615891e-06,91.15726,-3.264471e-08,1.615421e-06
-0.298856,0.1553,2.541208e-06,82.88047,3.149807e-07,2.521594e-06
-0.298856,0.1552,2.445241e-06,100.4261,-4.424974e-07,2.404745e-06
-0.298856,0.1551,1.914924e-06,83.04176,2.319719e-07,1.900691e-06
-0.298856,0.155,2.185849e-06,94.95151,-1.88671e-07,2.177568e-06
-0.298856,0.1549,1.525014e-06,72.46051,4.595462e-07,1.454064e-06
-0.298856,0.1548,1.640439e-06,118.9177,-7.931906e-07,1.435942e-06
-0.298856,0.1547,1.120191e-06,105.1423,-2.92601e-07,1.081254e-06
-0.298856,0.1546,1.623831e-06,89.22816,2.184882e-08,1.623546e-06
-0.298856,0.1545,1.357331e-06,72.45177,4.091821e-07,1.294042e-06
-0.298856,0.1544,1.186631e-06,132.1519,-7.962528e-07,8.796583e-07
-0.298856,0.1543,1.884e-06,83.75515,2.049207e-07,1.872707e-06
-0.298856,0.1542,1.426907e-06,107.4214,-4.271753e-07,1.361327e-06
-0.298856,0.1541,1.09771e-06,88.30244,3.25106e-08,1.097107e-06
-0.298856,0.154,1.861978e-06,85.94121,1.317746e-07,1.85725e-06
-0.298856,0.1539,1.654196e-06,74.45981,4.431568e-07,1.593701e-06
-0.298856,0.1538,2.03455e-06,105.9895,-5.604196e-07,1.95585e-06
-0.298856,0.1537,1.490179e-06,89.80692,5.062669e-09,1.490173e-06
-0.298856,0.1536,1.62767e-06,99.80892,-2.772789e-07,1.603826e-06
-0.298856,0.1535,1.441335e-06,89.04119,2.411194e-08,1.441005e-06
-0.298856,0.1534,1.719821e-06,54.64144,9.951777e-07,1.402499e-06
-0.298856,0.1533,1.836335e-06,80.96991,2.881977e-07,1.813547e-06
-0.298856,0.1532,2.095721e-06,104.5532,-5.265735e-07,2.02847e-06
-0.298856,0.1531,1.68541e-06,112.2274,-6.375666e-07,1.560123e-06
-0.298856,0.153,1.640148e-06,117.3021,-7.522869e-07,1.457395e-06
-0.298856,0.1529,1.853635e-06,92.70718,-8.754059e-08,1.851523e-06
-0.298856,0.1528,2.06511e-06,101.8397,-4.237107e-07,2.021139e-06
-0.298856,0.1527,2.213325e-06,110.6792,-7.816012e-07,2.070704e-06
-0.298856,0.1526,9.425226e-07,123.0043,-5.133803e-07,7.903855e-07
-0.298856,0.1525,1.303849e-06,98.6935,-1.970697e-07,1.288846e-06
-0.298856,0.1524,2.10298e-06,90.21755,-7.996335e-09,2.102818e-06
-0.298856,0.1523,1.502534e-06,109.5682,-5.03255e-07,1.415692e-06
-0.298856,0.1522,1.469453e-06,93.25447,-8.341111e-08,1.466989e-06
-0.298856,0.1521,1.285258e-06,107.4354,-3.850702e-07,1.226088e-06
-0.298856,0.152,1.570656e-06,61.3515,7.529463e-07,1.378247e-06
-0.298856,0.1519,1.562733e-06,80.83965,2.487581e-07,1.542666e-06
-0.298856,0.1518,1.378951e-06,100.5852,-2.532955e-07,1.355465e-06
-0.298856,0.1517,1.455031e-06,82.88353,1.802723e-07,1.443805e-06
-0.298856,0.1516,1.892415e-06,92.43017,-8.021481e-08,1.890694e-06
-0.298856,0.1515,1.354308e-06,84.13971,1.383014e-07,1.347206e-06
-0.298856,0.1514,1.656599e-06,92.52284,-7.288344e-08,1.65499e-06
-0.298856,0.1513,1.642752e-06,97.94089,-2.269148e-07,1.627011e-06
-0.298856,0.1512,1.612795e-06,117.8529,-7.534828e-07,1.425951e-06
-0.298856,0.1511,1.665322e-06,111.7344,-6.166454e-07,1.54693e-06
-0.298856,0.151,1.468341e-06,87.42994,6.582029e-08,1.466721e-06
-0.298856,0.1509,1.258067e-06,109.3225,-4.162508e-07,1.187045e-06
-0.298856,0.1508,1.602435e-06,126.7047,-9.577441e-07,1.284711e-06
-0.298856,0.1507,1.343624e-06,131.6763,-8.933879e-07,1.00357e-06
-0.298856,0.1506,1.200841e-06,100.0589,-2.097263e-07,1.18225e-06
-0.298856,0.1505,1.796219e-06,108.0552,-5.566868e-07,1.707756e-06
-0.298856,0.1504,1.333577e-06,72.13006,4.091821e-07,1.269126e-06
-0.298856,0.1503,1.91323e-06,89.8209,5.995854e-09,1.913214e-06
-0.298856,0.1502,2.360969e-06,110.7859,-8.378271e-07,2.207279e-06
-0.298856,0.1501,2.390401e-06,69.56027,8.347537e-07,2.239789e-06
-0.298856,0.15,2.152813e-06,95.83974,-2.190526e-07,2.141593e-06
-0.299142,0.2,1.793442e-06,76.46173,4.198439e-07,1.743597e-06
-0.299142,0.1999,1.839861e-06,64.14461,8.023772e-07,1.65566e-06
-0.299142,0.1998,1.46747e-06,63.9785,6.438195e-07,1.318691e-06
-0.299142,0.1997,2.158574e-06,89.56912,1.62553e-08,2.158513e-06
-0.299142,0.1996,1.604966e-06,114.6157,-6.684735e-07,1.458993e-06
-0.299142,0.1995,2.01421e-06,98.36391,-2.930033e-07,1.992758e-06
-0.299142,0.1994,1.774348e-06,86.05574,1.22046e-07,1.770112e-06
-0.299142,0.1993,1.292958e-06,102.1299,-2.716798e-07,1.264063e-06
-0.299142,0.1992,1.231005e-06,99.30634,-1.990646e-07,1.214761e-06
-0.299142,0.1991,1.58305e-06,102.2611,-3.361701e-07,1.54693e-06
-0.299142,0.199,2.139145e-06,98.36303,-3.111194e-07,2.116274e-06
-0.299142,0.1989,1.469565e-06,76.50807,3.428254e-07,1.428879e-06
-0.299142,0.1988,2.369849e-06,81.84241,3.362987e-07,2.345848e-06
-0.299142,0.1987,2.175355e-06,78.22803,4.438273e-07,2.129601e-06
-0.299142,0.1986,1.303e-06,79.39811,2.397e-07,1.280715e-06
-0.299142,0.1985,1.796901e-06,90.92995,-2.918019e-08,1.796627e-06
-0.299142,0.1984,1.841174e-06,87.5978,7.714144e-08,1.839397e-06
-0.299142,0.1983,2.505406e-06,111.1028,-9.020492e-07,2.337321e-06
-0.299142,0.1982,1.658208e-06,88.96513,2.997927e-08,1.657923e-06
-0.299142,0.1981,1.56028e-06,119.8102,-7.755998e-07,1.353733e-06
-0.299142,0.198,1.619685e-06,64.25914,7.033813e-07,1.458859e-06
-0.299142,0.1979,1.882648e-06,88.93365,3.504194e-08,1.882301e-06
-0.299142,0.1978,1.761311e-06,73.74905,4.928559e-07,1.690836e-06
-0.299142,0.1977,2.331526e-06,97.74505,-3.141872e-07,2.310141e-06
-0.299142,0.1976,1.026934e-06,86.94223,5.476176e-08,1.025425e-06
-0.299142,0.1975,1.424923e-06,74.01831,3.922618e-07,1.36972e-06
-0.299142,0.1974,1.10769e-06,78.38496,2.230424e-07,1.084981e-06
-0.299142,0.1973,1.550238e-06,81.24092,2.361014e-07,1.532144e-06
-0.299142,0.1972,2.180675e-06,86.56673,1.305732e-07,2.176634e-06
-0.299142,0.1971,1.96122e-06,94.64508,-1.588258e-07,1.954654e-06
-0.299142,0.197,1.393267e-06,94.65732,-1.131277e-07,1.388506e-06
-0.299142,0.1969,7.271301e-07,136.8776,-5.307029e-07,4.969909e-07
-0.299142,0.1968,2.052286e-06,91.38457,-4.957057e-08,2.051655e-06
-0.299142,0.1967,1.073068e-06,66.90179,4.209056e-07,9.869188e-07
-0.299142,0.1966,1.055493e-06,27.39831,9.369514e-07,4.856642e-07
-0.299142,0.1965,2.051616e-06,78.73806,4.006549e-07,2.012081e-06
-0.299142,0.1964,2.400504e-06,82.42148,3.165788e-07,2.379426e-06
-0.299142,0.1963,1.826506e-06,80.57824,2.989936e-07,1.801824e-06
-0.299142,0.1962,1.010611e-06,45.88202,7.035154e-07,7.254984e-07
-0.299142,0.1961,2.677626e-06,84.19347,2.708751e-07,2.663763e-06
-0.299142,0.196,1.940784e-06,75.99925,4.69543e-07,1.8831e-06
-0.299142,0.1959,1.883743e-06,83.38797,2.169124e-07,1.871109e-06
-0.299142,0.1958,1.461111e-06,98.81852,-2.239812e-07,1.443805e-06
-0.299142,0.1957,1.831334e-06,103.4936,-4.273094e-07,1.78064e-06
-0.299142,0.1956,1.326223e-06,92.63212,-6.089173e-08,1.324821e-06
-0.299142,0.1955,1.435451e-06,95.18712,-1.297798e-07,1.429544e-06
-0.299142,0.1954,1.864235e-06,91.61362,-5.249865e-08,1.86338e-06
-0.299142,0.1953,1.489704e-06,85.38376,1.19917e-07,1.484842e-06
-0.299142,0.1952,1.732734e-06,78.75817,3.377627e-07,1.699363e-06
-0.299142,0.1951,1.754947e-06,104.8207,-4.488956e-07,1.69643e-06
-0.299142,0.195,1.432271e-06,59.8925,7.184352e-07,1.239012e-06
-0.299142,0.1949,7.298681e-07,57.49749,3.921277e-07,6.154384e-07
-0.299142,0.1948,1.910224e-06,107.5176,-5.749426e-07,1.821544e-06
-0.299142,0.1947,1.81376e-06,92.64774,-8.381344e-08,1.811686e-06
-0.299142,0.1946,1.13582e-06,91.63985,-3.251619e-08,1.135217e-06
-0.299142,0.1945,2.642551e-06,82.09407,3.634784e-07,2.617394e-06
-0.299142,0.1944,1.61926e-06,106.6417,-4.636812e-07,1.551328e-06
-0.299142,0.1943,2.165431e-06,64.01697,9.486805e-07,1.946523e-06
-0.299142,0.1942,1.47318e-06,72.81634,4.35166e-07,1.407293e-06
-0.299142,0.1941,7.02152e-07,80.67529,1.137871e-07,6.928537e-07
-0.299142,0.194,8.986629e-07,85.17831,7.554329e-08,8.953828e-07
-0.299142,0.1939,1.959627e-06,101.9726,-4.065223e-07,1.916946e-06
-0.299142,0.1938,1.641534e-06,90.09341,-2.665445e-09,1.6414e-06
-0.299142,0.1937,1.417223e-06,77.67244,3.025867e-07,1.384511e-06
-0.299142,0.1936,2.331627e-06,82.66147,2.977922e-07,2.312405e-06
-0.299142,0.1935,1.540303e-06,101.4577,-3.059282e-07,1.509625e-06
-0.299142,0.1934,1.439731e-06,64.62196,6.170421e-07,1.300703e-06
-0.299142,0.1933,1.938924e-06,86.03476,1.340378e-07,1.934135e-06
-0.299142,0.1932,8.240193e-07,61.80962,3.891941e-07,7.261633e-07
-0.299142,0.1931,1.266058e-06,91.41079,-3.118067e-08,1.265527e-06
-0.299142,0.193,2.040954e-06,74.75706,5.365591e-07,1.969043e-06
-0.299142,0.1929,2.336729e-06,97.43731,-3.024637e-07,2.31707e-06
-0.299142,0.1928,3.077466e-06,91.3544,-7.275491e-08,3.076549e-06
-0.299142,0.1927,2.229105e-06,107.2798,-6.620809e-07,2.128399e-06
-0.299142,0.1926,2.163419e-06,112.6746,-8.339602e-07,1.996088e-06
-0.299142,0.1925,1.649485e-06,97.44955,-2.138558e-07,1.635538e-06
-0.299142,0.1924,1.853507e-06,85.77947,1.36435e-07,1.848461e-06
-0.299142,0.1923,1.581329e-06,99.71288,-2.667512e-07,1.558659e-06
-0.299142,0.1922,1.898976e-06,96.62426,-2.190526e-07,1.886168e-06
-0.299142,0.1921,1.244567e-06,94.35428,-9.446963e-08,1.240879e-06
-0.299142,0.192,1.384483e-06,71.04112,4.498232e-07,1.309365e-06
-0.299142,0.1919,2.371056e-06,65.28586,9.913165e-07,2.153847e-06
-0.299142,0.1918,1.327369e-06,67.38087,5.104467e-07,1.225154e-06
-0.299142,0.1917,1.224987e-06,84.87757,1.093894e-07,1.220092e-06
-0.299142,0.1916,1.351442e-06,77.64534,2.891309e-07,1.320021e-06
-0.299142,0.1915,1.485295e-06,81.30124,2.246405e-07,1.468185e-06
-0.299142,0.1914,2.40964e-06,85.90581,1.720134e-07,2.40341e-06
-0.299142,0.1913,1.524455e-06,86.19038,1.012589e-07,1.520952e-06
-0.299142,0.1912,1.500975e-06,106.181,-4.182457e-07,1.441407e-06
-0.299142,0.1911,1.374268e-06,100.5765,-2.522282e-07,1.350933e-06
-0.299142,0.191,1.86941e-06,101.3082,-3.665518e-07,1.833004e-06
-0.299142,0.1909,1.485658e-06,87.43431,6.648525e-08,1.484043e-06
-0.299142,0.1908,1.306559e-06,116.0127,-5.729421e-07,1.17412e-06
-0.299142,0.1907,1.405773e-06,89.07179,2.278201e-08,1.405561e-06
-0.299142,0.1906,1.861564e-06,110.6233,-6.556827e-07,1.742267e-06
-0.299142,0.1905,1.499041e-06,111.8384,-5.5762e-07,1.39144e-06
-0.299142,0.1904,1.836374e-06,85.80046,1.344401e-07,1.831406e-06
-0.299142,0.1903,1.665433e-06,104.541,-4.181172e-07,1.611957e-06
-0.299142,0.1902,1.897137e-06,106.9712,-5.537532e-07,1.81448e-06
-0.299142,0.1901,1.416407e-06,111.2868,-5.14185e-07,1.319758e-06
-0.299142,0.19,1.268226e-06,121.2692,-6.58214e-07,1.083919e-06
-0.299142,0.1899,1.295322e-06,102.2217,-2.742167e-07,1.265924e-06
-0.299142,0.1898,2.165816e-06,86.96015,1.148488e-07,2.162642e-06
-0.299142,0.1897,1.671569e-06,71.39607,5.332287e-07,1.584107e-06
-0.299142,0.1896,1.688702e-06,87.03227,8.740648e-08,1.686304e-06
-0.299142,0.1895,1.718787e-06,73.35476,4.92325e-07,1.646731e-06
-0.299142,0.1894,1.628978e-06,85.53938,1.26712e-07,1.623949e-06
-0.299142,0.1893,1.735808e-06,89.09452,2.744235e-08,1.735601e-06
-0.299142,0.1892,1.59792e-06,58.31547,8.392855e-07,1.359729e-06
-0.299142,0.1891,1.397542e-06,91.01038,-2.465397e-08,1.397302e-06
-0.299142,0.189,1.302419e-06,103.338,-3.004632e-07,1.267125e-06
-0.299142,0.1889,1.391485e-06,98.17419,-1.978687e-07,1.377185e-06
-0.299142,0.1888,7.950793e-07,67.97886,2.980604e-07,7.369592e-07
-0.299142,0.1887,8.609164e-07,123.312,-4.727449e-07,7.193684e-07
-0.299142,0.1886,2.377979e-06,119.1864,-1.159602e-06,2.076035e-06
-0.299142,0.1885,1.98508e-06,93.83759,-1.328419e-07,1.980504e-06
-0.299142,0.1884,1.416429e-06,81.54604,2.082511e-07,1.401035e-06
-0.299142,0.1883,1.743827e-06,76.62697,4.033204e-07,1.69643e-06
-0.299142,0.1882,1.827416e-06,78.65938,3.593489e-07,1.791698e-06
-0.299142,0.1881,1.645473e-06,99.16559,-2.620909e-07,1.624345e-06
-0.299142,0.188,1.734875e-06,72.47188,5.224384e-07,1.65419e-06
-0.299142,0.1879,1.681024e-06,98.79142,-2.568941e-07,1.661254e-06
-0.299142,0.1878,1.532932e-06,72.08285,4.715379e-07,1.458462e-06
-0.299142,0.1877,1.039126e-06,109.1476,-3.408361e-07,9.815879e-07
-0.299142,0.1876,1.599809e-06,97.88931,-2.195835e-07,1.584637e-06
-0.299142,0.1875,1.61251e-06,73.60917,4.550199e-07,1.54693e-06
-0.299142,0.1874,8.18504e-07,97.7468,-1.103281e-07,8.109044e-07
-0.299142,0.1873,1.483932e-06,90.05232,-1.335516e-09,1.483909e-06
-0.299142,0.1872,1.11629e-06,94.40028,-8.567981e-08,1.112831e-06
-0.299142,0.1871,1.341724e-06,119.6074,-6.6288e-07,1.166526e-06
-0.299142,0.187,1.149941e-06,99.42437,-1.882743e-07,1.134283e-06
-0.299142,0.1869,1.451147e-06,105.7325,-3.934632e-07,1.396771e-06
-0.299142,0.1868,1.924948e-06,107.4835,-5.78273e-07,1.835932e-06
-0.299142,0.1867,1.012075e-06,133.117,-6.916578e-07,7.386915e-07
-0.299142,0.1866,1.90762e-06,80.43749,3.168471e-07,1.880971e-06
-0.299142,0.1865,1.78245e-06,99.90509,-3.065932e-07,1.755723e-06
-0.299142,0.1864,1.314651e-06,49.41463,8.552782e-07,9.983796e-07
-0.299142,0.1863,9.999945e-07,93.12421,-5.449913e-08,9.983796e-07
-0.299142,0.1862,8.525177e-07,90.40989,-6.129965e-09,8.523445e-07
-0.299142,0.1861,1.201584e-06,80.17883,2.049207e-07,1.183848e-06
-0.299142,0.186,1.572338e-06,75.0708,4.050526e-07,1.519219e-06
-0.299142,0.1859,1.484792e-06,89.04906,2.464838e-08,1.484574e-06
-0.299142,0.1858,2.241628e-06,104.8234,-5.73473e-07,2.166906e-06
-0.299142,0.1857,2.644507e-06,104.923,-6.810016e-07,2.555307e-06
-0.299142,0.1856,1.553261e-06,89.08752,2.478249e-08,1.55306e-06
-0.299142,0.1855,1.68864e-06,93.32004,-9.780004e-08,1.685768e-06
-0.299142,0.1854,1.507569e-06,75.71775,3.718771e-07,1.460859e-06
-0.299142,0.1853,1.201109e-06,100.1988,-2.126544e-07,1.181982e-06
-0.299142,0.1852,1.805881e-06,86.93698,9.646452e-08,1.803159e-06
-0.299142,0.1851,2.068072e-06,104.9047,-5.319043e-07,1.998357e-06
-0.299142,0.185,1.620283e-06,104.4824,-4.051923e-07,1.568784e-06
-0.299142,0.1849,2.221651e-06,83.8818,2.367664e-07,2.208877e-06
-0.299142,0.1848,2.115206e-06,83.29005,2.471599e-07,2.100683e-06
-0.299142,0.1847,1.918701e-06,95.27453,-1.764167e-07,1.910414e-06
-0.299142,0.1846,1.110043e-06,119.9571,-5.542896e-07,9.617339e-07
-0.299142,0.1845,1.220623e-06,82.77075,1.536235e-07,1.2109e-06
-0.299142,0.1844,1.036679e-06,65.58877,4.283711e-07,9.438805e-07
-0.299142,0.1843,1.810686e-06,72.86442,5.334969e-07,1.730276e-06
-0.299142,0.1842,1.422738e-06,92.16877,-5.383417e-08,1.421688e-06
-0.299142,0.1841,1.010304e-06,67.14483,3.92396e-07,9.309556e-07
-0.299142,0.184,2.120632e-06,114.3657,-8.748695e-07,1.931732e-06
-0.299142,0.1839,2.653213e-06,74.38812,7.140375e-07,2.555307e-06
-0.299142,0.1838,2.17146e-06,82.84419,2.704784e-07,2.154517e-06
-0.299142,0.1837,1.814659e-06,95.90487,-1.866761e-07,1.80502e-06
-0.299142,0.1836,7.115732e-07,131.6361,-4.727449e-07,5.317647e-07
-0.299142,0.1835,1.656543e-06,104.6913,-4.201121e-07,1.602362e-06
-0.299142,0.1834,1.185111e-06,85.55687,9.17986e-08,1.181451e-06
-0.299142,0.1833,1.111507e-06,88.75793,2.411194e-08,1.111233e-06
-0.299142,0.1832,9.620748e-07,54.83465,5.540158e-07,7.863901e-07
-0.299142,0.1831,1.532826e-06,88.47991,4.063546e-08,1.532144e-06
-0.299142,0.183,2.166235e-06,91.08164,-4.090927e-08,2.165704e-06
-0.299142,0.1829,1.621149e-06,89.34094,1.865252e-08,1.621015e-06
-0.299142,0.1828,1.428226e-06,87.81811,5.435943e-08,1.427147e-06
-0.299142,0.1827,1.955766e-06,113.4111,-7.770694e-07,1.794761e-06
-0.299142,0.1826,1.811116e-06,103.999,-4.380997e-07,1.757187e-06
-0.299142,0.1825,1.563258e-06,93.24048,-8.833967e-08,1.560654e-06
-0.299142,0.1824,1.090429e-06,96.68721,-1.269802e-07,1.082986e-06
-0.299142,0.1823,1.651631e-06,71.97269,5.111116e-07,1.570517e-06
-0.299142,0.1822,1.344015e-06,86.29354,8.687004e-08,1.341076e-06
-0.299142,0.1821,1.681465e-06,102.2156,-3.557559e-07,1.643266e-06
-0.299142,0.182,9.840577e-07,118.3984,-4.679448e-07,8.655376e-07
-0.299142,0.1819,1.415273e-06,118.4509,-6.742067e-07,1.244343e-06
-0.299142,0.1818,1.80279e-06,103.2944,-4.145186e-07,1.754388e-06
-0.299142,0.1817,7.35009e-07,104.0287,-1.781489e-07,7.129758e-07
-0.299142,0.1816,4.558246e-07,82.55918,5.902536e-08,4.519522e-07
-0.299142,0.1815,8.959919e-07,98.24238,-1.284498e-07,8.865874e-07
-0.299142,0.1814,9.76637e-07,121.6145,-5.119163e-07,8.315574e-07
-0.299142,0.1813,1.532658e-06,88.05241,5.209632e-08,1.531742e-06
-0.299142,0.1812,1.463608e-06,104.8006,-3.738775e-07,1.415021e-06
-0.299142,0.1811,1.547545e-06,78.61916,3.053862e-07,1.517085e-06
-0.299142,0.181,1.571657e-06,120.1109,-7.883962e-07,1.35946e-06
-0.299142,0.1809,1.18885e-06,105.9528,-3.267098e-07,1.142945e-06
-0.299142,0.1808,1.002e-06,76.49583,2.339668e-07,9.742621e-07
-0.299142,0.1807,1.077745e-06,124.0376,-6.031896e-07,8.929856e-07
-0.299142,0.1806,7.838588e-07,124.1163,-4.395693e-07,6.488822e-07
-0.299142,0.1805,7.675308e-07,120.3138,-3.873389e-07,6.62472e-07
-0.299142,0.1804,9.676627e-07,154.121,-8.706059e-07,4.223752e-07
-0.299142,0.1803,1.68907e-06,117.1989,-7.720068e-07,1.502165e-06
-0.299142,0.1802,1.704661e-06,106.9178,-4.960633e-07,1.630878e-06
-0.299142,0.1801,1.134859e-06,-164.437,-1.093117e-06,-3.044586e-07
-0.299142,0.18,1.586973e-06,175.9053,-1.582782e-06,1.132506e-07
-0.299142,0.1799,1.090837e-06,169.2565,-1.071665e-06,2.033226e-07
-0.299142,0.1798,2.398582e-06,-170.5874,-2.366239e-06,-3.922674e-07
-0.299142,0.1797,1.30918e-06,-154.725,-1.183854e-06,-5.5895e-07
-0.299142,0.1796,3.455635e-07,99.34569,-5.609728e-08,3.409646e-07
-0.299142,0.1795,6.308387e-07,131.4105,-4.17184e-07,4.730075e-07
-0.299142,0.1794,1.175668e-06,169.2215,-1.154808e-06,2.198461e-07
-0.299142,0.1793,2.449639e-07,-131.2008,-1.613572e-07,-1.842733e-07
-0.299142,0.1792,1.819252e-06,-140.3518,-1.400772e-06,-1.160804e-06
-0.299142,0.1791,9.667184e-07,155.3457,-8.784625e-07,4.031863e-07
-0.299142,0.179,5.591344e-07,145.8084,-4.624854e-07,3.141816e-07
-0.299142,0.1789,5.257129e-08,-63.81851,2.317875e-08,-4.716776e-08
-0.299142,0.1788,9.038653e-07,172.5382,-8.961874e-07,1.173857e-07
-0.299142,0.1787,1.055946e-06,106.7221,-3.037936e-07,1.011298e-06
-0.299142,0.1786,1.628044e-06,-129.8562,-1.043284e-06,-1.249674e-06
-0.299142,0.1785,5.875267e-07,99.5695,-9.767152e-08,5.792006e-07
-0.299142,0.1784,1.475404e-06,152.2782,-1.30604e-06,6.863269e-07
-0.299142,0.1783,1.331811e-06,168.773,-1.306302e-06,2.592857e-07
-0.299142,0.1782,1.032371e-06,-137.8236,-7.650777e-07,-6.931275e-07
-0.299142,0.1781,1.480316e-06,170.2661,-1.458864e-06,2.502277e-07
-0.299142,0.178,1.497745e-06,152.5824,-1.329487e-06,6.896574e-07
-0.299142,0.1779,8.8723e-07,151.9215,-7.827971e-07,4.175752e-07
-0.299142,0.1778,7.240455e-07,165.7894,-7.017888e-07,1.77741e-07
-0.299142,0.1777,2.156725e-06,166.341,-2.095626e-06,5.092453e-07
-0.299142,0.1776,1.473527e-06,148.8172,-1.260604e-06,7.629375e-07
-0.299142,0.1775,2.098308e-06,158.2908,-1.949463e-06,7.761307e-07
-0.299142,0.1774,1.927457e-06,167.0482,-1.878311e-06,4.319641e-07
-0.299142,0.1773,4.649553e-07,127.3832,-2.822075e-07,3.693457e-07
-0.299142,0.1772,1.299357e-06,124.0088,-7.267054e-07,1.07699e-06
-0.299142,0.1771,1.391105e-06,136.3165,-1.005979e-06,9.608007e-07
-0.299142,0.177,1.400733e-06,127.6568,-8.556805e-07,1.108836e-06
-0.299142,0.1769,6.684232e-07,137.8917,-4.957951e-07,4.480909e-07
-0.299142,0.1768,9.521674e-07,127.3867,-5.781389e-07,7.565449e-07
-0.299142,0.1767,1.405661e-06,152.0001,-1.241013e-06,6.598122e-07
-0.299142,0.1766,1.649592e-06,129.6577,-1.052744e-06,1.269925e-06
-0.299142,0.1765,1.285012e-06,96.24484,-1.39771e-07,1.277251e-06
-0.299142,0.1764,9.692888e-07,112.1872,-3.660153e-07,8.975118e-07
-0.299142,0.1763,9.149517e-07,104.8347,-2.342406e-07,8.843243e-07
-0.299142,0.1762,1.625167e-06,121.8821,-8.58346e-07,1.379979e-06
-0.299142,0.1761,1.677839e-06,100.4139,-3.032628e-07,1.650061e-06
-0.299142,0.176,2.159552e-06,73.92303,5.979873e-07,2.074968e-06
-0.299142,0.1759,2.19261e-06,87.17828,1.079253e-07,2.189822e-06
-0.299142,0.1758,1.670368e-06,95.67669,-1.65224e-07,1.662053e-06
-0.299142,0.1757,1.687433e-06,95.92411,-1.74148e-07,1.678308e-06
-0.299142,0.1756,1.932593e-06,96.10333,-2.054627e-07,1.921607e-06
-0.299142,0.1755,9.831972e-07,119.0601,-4.775393e-07,8.594077e-07
-0.299142,0.1754,1.343948e-06,102.1107,-2.819448e-07,1.313891e-06
-0.299142,0.1753,1.709215e-06,98.15671,-2.425052e-07,1.691898e-06
-0.299142,0.1752,1.228854e-06,128.649,-7.674749e-07,9.59739e-07
-0.299142,0.1751,1.080427e-06,117.4752,-4.984606e-07,9.585376e-07
-0.299142,0.175,9.496584e-07,114.4689,-3.933347e-07,8.643362e-07
-0.299142,0.1749,1.997267e-06,98.47494,-2.943333e-07,1.975435e-06
-0.299142,0.1748,1.748593e-06,116.7567,-7.871948e-07,1.561325e-06
-0.299142,0.1747,1.277653e-06,89.82702,3.861263e-09,1.277519e-06
-0.299142,0.1746,1.544248e-06,80.11763,2.650134e-07,1.521214e-06
-0.299142,0.1745,1.829618e-06,92.44241,-7.795169e-08,1.827942e-06
-0.299142,0.1744,1.656129e-06,63.14797,7.480178e-07,1.477511e-06
-0.299142,0.1743,1.645619e-06,100.6202,-3.032628e-07,1.617416e-06
-0.299142,0.1742,1.717546e-06,99.12362,-2.723503e-07,1.695765e-06
-0.299142,0.1741,1.03864e-06,99.63944,-1.738853e-07,1.023961e-06
-0.299142,0.174,1.51319e-06,73.05851,4.408936e-07,1.447403e-06
-0.299142,0.1739,8.756686e-07,88.36888,2.491101e-08,8.752606e-07
-0.299142,0.1738,1.154065e-06,116.4734,-5.144476e-07,1.033019e-06
-0.299142,0.1737,1.231905e-06,108.1837,-3.844052e-07,1.170393e-06
-0.299142,0.1736,8.887834e-07,127.8028,-5.446951e-07,7.021799e-07
-0.299142,0.1735,1.631168e-06,129.1945,-1.030761e-06,1.264063e-06
-0.299142,0.1734,1.523287e-06,111.6794,-5.626827e-07,1.415424e-06
-0.299142,0.1733,8.76272e-07,159.2,-8.190404e-07,3.111138e-07
-0.299142,0.1732,7.716659e-07,97.18203,-9.647011e-08,7.654689e-07
-0.299142,0.1731,2.271233e-06,131.1829,-1.495504e-06,1.709355e-06
-0.299142,0.173,2.367373e-06,97.78658,-3.207139e-07,2.345452e-06
-0.299142,0.1729,1.131897e-06,95.64085,-1.112613e-07,1.126287e-06
-0.299142,0.1728,1.448074e-06,100.948,-2.750158e-07,1.421688e-06
-0.299142,0.1727,1.732997e-06,119.1134,-8.431579e-07,1.514023e-06
-0.299142,0.1726,2.131177e-06,85.82625,1.550931e-07,2.125466e-06
-0.299142,0.1725,1.267489e-06,93.87081,-8.55457e-08,1.26446e-06
-0.299142,0.1724,1.646323e-06,81.0993,2.547539e-07,1.62648e-06
-0.299142,0.1723,1.942137e-06,93.98272,-1.348424e-07,1.937465e-06
-0.299142,0.1722,1.725437e-06,87.4719,7.607974e-08,1.723609e-06
-0.299142,0.1721,1.223199e-06,72.08197,3.762692e-07,1.163732e-06
-0.299142,0.172,1.525416e-06,104.8557,-3.91066e-07,1.474315e-06
-0.299142,0.1719,1.946132e-06,134.0952,-1.354135e-06,1.39757e-06
-0.299142,0.1718,7.802154e-07,76.80694,1.780092e-07,7.59473e-07
-0.299142,0.1717,1.976408e-06,97.77653,-2.674162e-07,1.958118e-06
-0.299142,0.1716,1.392334e-06,100.8116,-2.611577e-07,1.367591e-06
-0.299142,0.1715,1.504216e-06,102.2331,-3.18719e-07,1.469917e-06
-0.299142,0.1714,1.873031e-06,103.3555,-4.326403e-07,1.822343e-06
-0.299142,0.1713,2.20962e-06,107.3388,-6.584823e-07,2.109082e-06
-0.299142,0.1712,1.075437e-06,113.0107,-4.203803e-07,9.898468e-07
-0.299142,0.1711,1.470454e-06,107.6942,-4.468951e-07,1.400901e-06
-0.299142,0.171,1.669876e-06,110.0777,-5.732104e-07,1.568254e-06
-0.299142,0.1709,1.697838e-06,89.09627,2.677738e-08,1.697497e-06
-0.299142,0.1708,1.300452e-06,68.81016,4.700738e-07,1.212498e-06
-0.299142,0.1707,2.369469e-06,72.50773,7.121767e-07,2.259777e-06
-0.299142,0.1706,2.165643e-06,101.4669,-4.305057e-07,2.122404e-06
-0.299142,0.1705,1.740843e-06,67.26636,6.727371e-07,1.605559e-06
-0.299142,0.1704,1.556178e-06,75.82876,3.809351e-07,1.508692e-06
-0.299142,0.1703,1.520309e-06,93.647,-9.673833e-08,1.517085e-06
-0.299142,0.1702,1.872746e-06,65.39296,7.797293e-07,1.70256e-06
-0.299142,0.1701,1.780254e-06,84.75692,1.626871e-07,1.772778e-06
-0.299142,0.17,1.890443e-06,73.8391,5.261711e-07,1.815682e-06
-0.299142,0.1699,2.206943e-06,74.31731,5.965176e-07,2.124667e-06
-0.299142,0.1698,1.994881e-06,76.22131,4.751365e-07,1.937465e-06
-0.299142,0.1697,2.280592e-06,51.60714,1.416357e-06,1.787435e-06
-0.299142,0.1696,2.647664e-06,78.02914,5.492214e-07,2.59008e-06
-0.299142,0.1695,2.716312e-06,77.06266,6.081126e-07,2.647245e-06
-0.299142,0.1694,1.913962e-06,97.16629,-2.387724e-07,1.898959e-06
-0.299142,0.1693,1.728901e-06,70.88028,5.662757e-07,1.633409e-06
-0.299142,0.1692,1.71449e-06,76.79208,3.917254e-07,1.669116e-06
-0.299142,0.1691,3.332505e-06,84.92652,2.9473e-07,3.319445e-06
-0.299142,0.169,2.595568e-06,83.83821,2.786032e-07,2.580486e-06
-0.299142,0.1689,1.987209e-06,83.83122,2.13582e-07,1.975703e-06
-0.299142,0.1688,2.52611e-06,88.22901,7.807463e-08,2.524791e-06
-0.299142,0.1687,7.710009e-07,78.33688,1.558922e-07,7.550753e-07
-0.299142,0.1686,1.592623e-06,85.6903,1.196488e-07,1.587973e-06
-0.299142,0.1685,2.314874e-06,74.94228,6.013177e-07,2.235257e-06
-0.299142,0.1684,2.27159e-06,69.31897,8.022431e-07,2.125203e-06
-0.299142,0.1683,2.835379e-06,81.19021,4.342328e-07,2.801802e-06
-0.299142,0.1682,2.519762e-06,60.59364,1.237146e-06,2.195019e-06
-0.299142,0.1681,2.084724e-06,93.49664,-1.271143e-07,2.080829e-06
-0.299142,0.168,2.074314e-06,79.33081,3.839973e-07,2.038327e-06
-0.299142,0.1679,2.204686e-06,65.48781,9.147003e-07,2.005951e-06
-0.299142,0.1678,1.942813e-06,63.97588,8.523445e-07,1.745732e-06
-0.299142,0.1677,1.704649e-06,83.09509,2.049207e-07,1.692166e-06
-0.299142,0.1676,1.487597e-06,85.10313,1.269746e-07,1.482043e-06
-0.299142,0.1675,2.071587e-06,83.5768,2.317037e-07,2.05845e-06
-0.299142,0.1674,1.452265e-06,92.09795,-5.316361e-08,1.451265e-06
-0.299142,0.1673,2.228569e-06,84.79276,2.022553e-07,2.21927e-06
-0.299142,0.1672,1.747051e-06,69.81118,6.029158e-07,1.639667e-06
-0.299142,0.1671,1.605575e-06,53.65627,9.514745e-07,1.293238e-06
-0.299142,0.167,1.212704e-06,58.09866,6.407573e-07,1.02942e-06
-0.299142,0.1669,2.495817e-06,89.06479,4.076957e-08,2.495482e-06
-0.299142,0.1668,1.550462e-06,77.04299,3.476254e-07,1.510955e-06
-0.299142,0.1667,1.711729e-06,83.45616,1.950636e-07,1.700559e-06
-0.299142,0.1666,1.418737e-06,64.2775,6.157066e-07,1.27805e-06
-0.299142,0.1665,1.020027e-06,97.54397,-1.339092e-07,1.01117e-06
-0.299142,0.1664,2.170125e-06,101.0595,-4.162508e-07,2.129729e-06
-0.299142,0.1663,2.196813e-06,80.43705,3.64948e-07,2.166241e-06
-0.299142,0.1662,1.831155e-06,87.50076,7.980689e-08,1.829272e-06
-0.299142,0.1661,1.812005e-06,89.82265,5.593523e-09,1.811949e-06
-0.299142,0.166,1.961488e-06,84.23762,1.9693e-07,1.951452e-06
-0.299142,0.1659,1.987745e-06,72.05138,6.125103e-07,1.890962e-06
-0.299142,0.1658,2.111272e-06,77.46963,4.580821e-07,2.060981e-06
-0.299142,0.1657,1.115206e-06,61.66449,5.292333e-07,9.814538e-07
-0.299142,0.1656,1.076191e-06,69.3452,3.796052e-07,1.006906e-06
-0.299142,0.1655,1.630587e-06,105.0725,-4.23979e-07,1.574512e-06
-0.299142,0.1654,1.268388e-06,87.06637,6.48871e-08,1.266594e-06
-0.299142,0.1653,2.323592e-06,88.90262,4.450231e-08,2.323066e-06
-0.299142,0.1652,6.31364e-07,107.0979,-1.856088e-07,6.034467e-07
-0.299142,0.1651,1.771749e-06,113.231,-6.988551e-07,1.628078e-06
-0.299142,0.165,1.598082e-06,64.58087,6.859246e-07,1.443268e-06
-0.299142,0.1649,2.084422e-06,84.77353,1.898668e-07,2.075638e-06
-0.299142,0.1648,1.726571e-06,84.50864,1.652184e-07,1.718547e-06
-0.299142,0.1647,1.68983e-06,98.02207,-2.358388e-07,1.673245e-06
-0.299142,0.1646,1.701068e-06,116.2636,-7.526837e-07,1.525349e-06
-0.299142,0.1645,1.677626e-06,124.3837,-9.473506e-07,1.384377e-06
-0.299142,0.1644,1.60557e-06,89.70026,8.393079e-09,1.605425e-06
-0.299142,0.1643,1.792676e-06,75.51929,4.482194e-07,1.735601e-06
-0.299142,0.1642,1.261761e-06,87.00954,6.582029e-08,1.259928e-06
-0.299142,0.1641,1.058589e-06,81.96918,1.478958e-07,1.048078e-06
-0.299142,0.164,1.536056e-06,129.6044,-9.791962e-07,1.183452e-06
-0.299142,0.1639,1.245092e-06,73.50338,3.534872e-07,1.193711e-06
-0.299142,0.1638,1.391882e-06,104.2192,-3.419034e-07,1.349201e-06
-0.299142,0.1637,2.19023e-06,92.83832,-1.084618e-07,2.187425e-06
-0.299142,0.1636,1.592215e-06,81.53992,2.34235e-07,1.57478e-06
-0.299142,0.1635,1.660035e-06,87.42819,7.448159e-08,1.65832e-06
-0.299142,0.1634,1.482607e-06,83.8251,1.594852e-07,1.473918e-06
-0.299142,0.1633,1.321043e-06,89.51404,1.118704e-08,1.320954e-06
-0.299142,0.1632,1.605145e-06,73.72545,4.498232e-07,1.540806e-06
-0.299142,0.1631,1.261275e-06,105.5401,-3.379024e-07,1.215163e-06
-0.299142,0.163,1.350039e-06,96.30691,-1.482982e-07,1.341741e-06
-0.299142,0.1629,1.611571e-06,102.6379,-3.525596e-07,1.572517e-06
-0.299142,0.1628,1.317808e-06,73.2752,3.792028e-07,1.261929e-06
-0.299142,0.1627,1.946009e-06,96.7353,-2.282448e-07,1.932537e-06
-0.299142,0.1626,1.646155e-06,88.42746,4.516728e-08,1.645401e-06
-0.299142,0.1625,8.725505e-07,116.671,-3.916025e-07,7.795952e-07
-0.299142,0.1624,1.638919e-06,99.68927,-2.758149e-07,1.615421e-06
-0.299142,0.1623,1.277206e-06,56.62325,7.025822e-07,1.066463e-06
-0.299142,0.1622,1.36326e-06,101.8099,-2.790112e-07,1.334281e-06
-0.299142,0.1621,1.557776e-06,96.71606,-1.821443e-07,1.547064e-06
-0.299142,0.162,1.935347e-06,74.45981,5.18443e-07,1.864448e-06
-0.299142,0.1619,1.643445e-06,98.11037,-2.318434e-07,1.626877e-06
-0.299142,0.1618,1.649703e-06,113.3805,-6.54621e-07,1.514157e-06
-0.299142,0.1617,1.249713e-06,57.88709,6.643384e-07,1.058466e-06
-0.299142,0.1616,2.114251e-06,116.4227,-9.408239e-07,1.89336e-06
-0.299142,0.1615,1.820778e-06,93.54908,-1.127254e-07,1.817146e-06
-0.299142,0.1614,1.30728e-06,100.4952,-2.381075e-07,1.285381e-06
-0.299142,0.1613,1.06877e-06,85.72265,7.967837e-08,1.065663e-06
-0.299142,0.1612,1.805199e-06,58.21756,9.506754e-07,1.534407e-06
-0.299142,0.1611,1.828243e-06,104.2315,-4.494264e-07,1.772113e-06
-0.299142,0.161,1.263611e-06,75.06555,3.256425e-07,1.220891e-06
-0.299142,0.1609,1.570807e-06,95.27978,-1.44571e-07,1.56399e-06
-0.299142,0.1608,2.320412e-06,101.813,-4.75008e-07,2.271233e-06
-0.299142,0.1607,1.423414e-06,83.53484,1.602843e-07,1.414356e-06
-0.299142,0.1606,2.074968e-06,96.04913,-2.186503e-07,2.063378e-06
-0.299142,0.1605,1.232502e-06,93.04378,-6.542354e-08,1.230748e-06
-0.299142,0.1604,1.774219e-06,85.97269,1.245774e-07,1.769715e-06
-0.299142,0.1603,1.519812e-06,68.51641,5.565471e-07,1.414088e-06
-0.299142,0.1602,1.8141e-06,72.50423,5.453545e-07,1.730142e-06
-0.299142,0.1601,1.642171e-06,93.54908,-1.016668e-07,1.639002e-06
-0.299142,0.16,1.838408e-06,73.59605,5.19108e-07,1.763451e-06
-0.299142,0.1599,2.190157e-06,77.69823,4.666093e-07,2.139726e-06
-0.299142,0.1598,1.467224e-06,110.2211,-5.071219e-07,1.376649e-06
-0.299142,0.1597,2.167828e-06,87.59867,9.086541e-08,2.167308e-06
-0.299142,0.1596,2.60942e-06,93.53511,-1.608263e-07,2.604469e-06
-0.299142,0.1595,1.848673e-06,82.14128,2.52759e-07,1.831272e-06
-0.299142,0.1594,2.175165e-06,83.88879,2.315696e-07,2.162776e-06
-0.299142,0.1593,1.871103e-06,81.47784,2.772733e-07,1.850321e-06
-0.299142,0.1592,1.707242e-06,92.41181,-7.182173e-08,1.705622e-06
-0.299142,0.1591,1.391831e-06,93.97048,-9.6336e-08,1.388372e-06
-0.299142,0.159,2.248551e-06,76.68467,5.179066e-07,2.18809e-06
-0.299142,0.1589,2.31003e-06,103.9802,-5.580168e-07,2.241522e-06
-0.299142,0.1588,2.283554e-06,80.42743,3.797337e-07,2.251647e-06
-0.299142,0.1587,1.837503e-06,85.94996,1.297742e-07,1.83287e-06
-0.299142,0.1586,1.521717e-06,87.91341,5.542673e-08,1.520683e-06
-0.299142,0.1585,1.92321e-06,90.2263,-7.599592e-09,1.923076e-06
-0.299142,0.1584,1.73925e-06,95.50359,-1.668222e-07,1.731075e-06
-0.299142,0.1583,1.499997e-06,95.8122,-1.518968e-07,1.492168e-06
-0.299142,0.1582,2.299821e-06,55.0532,1.317355e-06,1.885101e-06
-0.299142,0.1581,7.524881e-07,73.2516,2.167839e-07,7.204357e-07
-0.299142,0.158,1.552658e-06,86.48586,9.512901e-08,1.549595e-06
-0.299142,0.1579,1.876557e-06,103.1423,-4.266444e-07,1.827405e-06
-0.299142,0.1578,1.893287e-06,110.8785,-6.747376e-07,1.768911e-06
-0.299142,0.1577,1.455539e-06,106.4642,-4.125181e-07,1.395838e-06
-0.299142,0.1576,1.435138e-06,97.20039,-1.798812e-07,1.423683e-06
-0.299142,0.1575,2.483859e-06,96.18932,-2.678185e-07,2.46923e-06
-0.299142,0.1574,1.693122e-06,81.33709,2.550221e-07,1.673776e-06
-0.299142,0.1573,2.361288e-06,104.9182,-6.0785e-07,2.281626e-06
-0.299142,0.1572,1.569846e-06,81.99628,2.186447e-07,1.55453e-06
-0.299142,0.1571,2.027649e-06,88.01569,7.021799e-08,2.026336e-06
-0.299142,0.157,1.603027e-06,85.14159,1.3577e-07,1.597166e-06
-0.299142,0.1569,2.15516e-06,69.52355,7.538795e-07,2.018876e-06
-0.299142,0.1568,2.085115e-06,81.64045,3.031231e-07,2.062842e-06
-0.299142,0.1567,1.877339e-06,92.9581,-9.686686e-08,1.874707e-06
-0.299142,0.1566,1.402739e-06,97.81849,-1.908056e-07,1.389574e-06
-0.299142,0.1565,2.39994e-06,100.4213,-4.341043e-07,2.360237e-06
-0.299142,0.1564,2.410093e-06,92.76926,-1.164581e-07,2.407142e-06
-0.299142,0.1563,1.88509e-06,108.2397,-5.899965e-07,1.790363e-06
-0.299142,0.1562,2.595249e-06,72.89327,7.633399e-07,2.480288e-06
-0.299142,0.1561,2.114033e-06,101.6176,-4.257112e-07,2.07057e-06
-0.299142,0.156,2.440402e-06,92.57573,-1.096632e-07,2.437921e-06
-0.299142,0.1559,6.819237e-07,99.33345,-1.105908e-07,6.728656e-07
-0.299142,0.1558,2.222668e-06,78.11307,4.578139e-07,2.174902e-06
-0.299142,0.1557,2.138949e-06,60.6579,1.048078e-06,1.86338e-06
-0.299142,0.1556,1.990998e-06,82.33537,2.655498e-07,1.973172e-06
-0.299142,0.1555,1.97391e-06,94.19254,-1.443028e-07,1.968512e-06
-0.299142,0.1554,1.823706e-06,90.38891,-1.239404e-08,1.823544e-06
-0.299142,0.1553,2.149796e-06,82.93774,2.643484e-07,2.133462e-06
-0.299142,0.1552,2.930967e-06,107.2859,-8.708685e-07,2.798471e-06
-0.299142,0.1551,1.329682e-06,112.1155,-5.005896e-07,1.231815e-06
-0.299142,0.155,1.686835e-06,103.8293,-4.031918e-07,1.637801e-06
-0.299142,0.1549,1.491677e-06,86.09246,1.016613e-07,1.488173e-06
-0.299142,0.1548,9.927805e-07,101.8904,-2.045296e-07,9.714625e-07
-0.299142,0.1547,2.080103e-06,62.95913,9.456127e-07,1.85259e-06
-0.299142,0.1546,1.806445e-06,101.9236,-3.732126e-07,1.767447e-06
-0.299142,0.1545,1.32144e-06,76.63833,3.053862e-07,1.285644e-06
-0.299142,0.1544,1.664567e-06,80.08091,2.867337e-07,1.639667e-06
-0.299142,0.1543,1.7574e-06,74.71947,4.631448e-07,1.695228e-06
-0.299142,0.1542,1.750895e-06,102.004,-3.641545e-07,1.712551e-06
-0.299142,0.1541,1.881429e-06,106.9231,-5.476288e-07,1.799823e-06
-0.299142,0.154,1.29939e-06,87.40196,5.889125e-08,1.298038e-06
-0.299142,0.1539,1.537928e-06,91.37408,-3.690831e-08,1.537341e-06
-0.299142,0.1538,1.163234e-06,97.86745,-1.592282e-07,1.152271e-06
-0.299142,0.1537,1.417346e-06,80.32908,2.381019e-07,1.397168e-06
-0.299142,0.1536,2.318428e-06,87.25915,1.108534e-07,2.315735e-06
-0.299142,0.1535,2.132372e-06,78.73194,4.16642e-07,2.091223e-06
-0.299142,0.1534,1.528004e-06,83.31453,1.778751e-07,1.517487e-06
-0.299142,0.1533,2.130372e-06,65.79117,8.735284e-07,1.942925e-06
-0.299142,0.1532,2.186318e-06,100.0235,-3.805384e-07,2.152914e-06
-0.299142,0.1531,1.563616e-06,103.2472,-3.582872e-07,1.521885e-06
-0.299142,0.153,1.710176e-06,91.61187,-4.810094e-08,1.709489e-06
-0.299142,0.1529,1.39895e-06,103.6248,-3.295093e-07,1.35946e-06
-0.299142,0.1528,1.647105e-06,89.15122,2.438016e-08,1.646865e-06
-0.299142,0.1527,2.340177e-06,88.66569,5.449354e-08,2.339456e-06
-0.299142,0.1526,1.505171e-06,80.79419,2.407673e-07,1.485642e-06
-0.299142,0.1525,1.738239e-06,95.87777,-1.780148e-07,1.72894e-06
-0.299142,0.1524,1.659683e-06,86.59427,9.859353e-08,1.656722e-06
-0.299142,0.1523,1.460479e-06,106.3864,-4.119873e-07,1.401035e-06
-0.299142,0.1522,1.645892e-06,96.42843,-1.842733e-07,1.635404e-06
-0.299142,0.1521,1.412585e-06,74.84449,3.693457e-07,1.363461e-06
-0.299142,0.152,2.338204e-06,64.37979,1.011036e-06,2.108277e-06
-0.299142,0.1519,1.034159e-06,107.3637,-3.085881e-07,9.869188e-07
-0.299142,0.1518,2.066016e-06,102.8451,-4.592891e-07,2.01421e-06
-0.299142,0.1517,1.201545e-06,97.56408,-1.581609e-07,1.191046e-06
-0.299142,0.1516,1.042099e-06,96.93375,-1.257844e-07,1.034354e-06
-0.299142,0.1515,2.39828e-06,80.30198,4.039853e-07,2.36397e-06
-0.299142,0.1514,2.206787e-06,85.54069,1.71611e-07,2.200081e-06
-0.299142,0.1513,2.057131e-06,87.07861,1.048576e-07,2.054449e-06
-0.299142,0.1512,1.695178e-06,72.91426,4.980526e-07,1.62035e-06
-0.299142,0.1511,1.212419e-06,69.41077,4.263706e-07,1.134948e-06
-0.299142,0.151,1.580977e-06,62.41634,7.320251e-07,1.401169e-06
-0.299142,0.1509,1.672094e-06,36.08931,1.351201e-06,9.849183e-07
-0.299142,0.1508,2.102566e-06,101.9997,-4.371665e-07,2.056583e-06
-0.299142,0.1507,1.576893e-06,64.06331,6.896574e-07,1.417955e-06
-0.299142,0.1506,7.862057e-07,56.4414,4.346296e-07,6.551463e-07
-0.299142,0.1505,2.073358e-06,65.65172,8.547417e-07,1.888833e-06
-0.299142,0.1504,2.014439e-06,76.11465,4.833955e-07,1.955453e-06
-0.299142,0.1503,1.979615e-06,88.76142,4.277005e-08,1.979034e-06
-0.299142,0.1502,1.982353e-06,80.64731,3.22178e-07,1.955984e-06
-0.299142,0.1501,1.810826e-06,73.34514,5.189739e-07,1.734802e-06
-0.299142,0.15,1.649469e-06,104.6896,-4.182457e-07,1.595433e-06
-0.299428,0.2,2.798493e-06,90.55939,-2.731941e-08,2.798337e-06
-0.299428,0.1999,2.597881e-06,71.97225,8.039753e-07,2.470297e-06
-0.299428,0.1998,1.490212e-06,91.73252,-4.503875e-08,1.489503e-06
-0.299428,0.1997,1.847539e-06,82.36684,2.454277e-07,1.831138e-06
-0.299428,0.1996,1.338377e-06,101.0031,-2.554245e-07,1.313762e-06
-0.299428,0.1995,2.257363e-06,82.2204,3.055203e-07,2.236459e-06
-0.299428,0.1994,1.506065e-06,93.82535,-1.004654e-07,1.502696e-06
-0.299428,0.1993,1.961583e-06,86.80759,1.092553e-07,1.958515e-06
-0.299428,0.1992,1.7613e-06,71.94909,5.457568e-07,1.674581e-06
-0.299428,0.1991,2.023022e-06,90.93957,-3.318116e-08,2.022603e-06
-0.299428,0.199,1.835111e-06,114.6262,-7.646754e-07,1.668183e-06
-0.299428,0.1989,2.109484e-06,99.92257,-3.63484e-07,2.077901e-06
-0.299428,0.1988,2.120655e-06,94.9703,-1.837424e-07,2.112541e-06
-0.299428,0.1987,1.237688e-06,83.07498,1.492258e-07,1.228619e-06
-0.299428,0.1986,1.844353e-06,74.4397,4.947222e-07,1.776639e-06
-0.299428,0.1985,1.463016e-06,98.65329,-2.201199e-07,1.446336e-06
-0.299428,0.1984,1.261113e-06,84.36002,1.239124e-07,1.254865e-06
-0.299428,0.1983,1.239527e-06,93.45118,-7.46157e-08,1.23728e-06
-0.299428,0.1982,7.379651e-07,112.1365,-2.78078e-07,6.835274e-07
-0.299428,0.1981,1.137105e-06,66.14743,4.598144e-07,1.039948e-06
-0.299428,0.198,2.307163e-06,108.4684,-7.308349e-07,2.188224e-06
-0.299428,0.1979,1.021809e-06,78.02914,2.119839e-07,9.995754e-07
-0.299428,0.1978,7.198099e-07,74.27272,1.950636e-07,6.927195e-07
-0.299428,0.1977,2.157406e-06,82.46564,2.828668e-07,2.138659e-06
-0.299428,0.1976,3.654565e-07,87.53135,1.571886e-08,3.650821e-07
-0.299428,0.1975,1.808227e-06,92.59366,-8.181296e-08,1.806356e-06
-0.299428,0.1974,1.320898e-06,64.47159,5.692038e-07,1.191845e-06
-0.299428,0.1973,1.923847e-06,99.29061,-3.105886e-07,1.898556e-06
-0.299428,0.1972,1.507395e-06,99.66392,-2.530273e-07,1.48591e-06
-0.299428,0.1971,1.684069e-06,97.36038,-2.157222e-07,1.670183e-06
-0.299428,0.197,1.293394e-06,78.03788,2.680812e-07,1.265259e-06
-0.299428,0.1969,1.624725e-06,88.35489,4.663132e-08,1.623949e-06
-0.299428,0.1968,2.056388e-06,70.37233,6.907247e-07,1.9368e-06
-0.299428,0.1967,1.749694e-06,98.21353,-2.499651e-07,1.731606e-06
-0.299428,0.1966,1.613035e-06,121.3103,-8.382238e-07,1.378113e-06
-0.299428,0.1965,1.631688e-06,68.95354,5.859956e-07,1.522818e-06
-0.299428,0.1964,1.538839e-06,115.0144,-6.5062e-07,1.394368e-06
-0.299428,0.1963,1.117397e-06,108.1059,-3.472287e-07,1.062065e-06
-0.299428,0.1962,1.444347e-06,142.719,-1.149214e-06,8.748639e-07
-0.299428,0.1961,1.619517e-06,128.927,-1.017568e-06,1.259928e-06
-0.299428,0.196,2.13729e-06,112.8241,-8.290316e-07,1.969842e-06
-0.299428,0.1959,1.846058e-06,97.79051,-2.502333e-07,1.829003e-06
-0.299428,0.1958,1.380778e-06,100.7566,-2.576932e-07,1.356398e-06
-0.299428,0.1957,1.770481e-06,65.58877,7.316283e-07,1.612085e-06
-0.299428,0.1956,1.888375e-06,87.30679,8.873641e-08,1.886168e-06
-0.299428,0.1955,2.919841e-06,90.54409,-2.771615e-08,2.91959e-06
-0.299428,0.1954,1.926541e-06,76.59549,4.466213e-07,1.874042e-06
-0.299428,0.1953,1.833865e-06,91.02437,-3.277882e-08,1.833535e-06
-0.299428,0.1952,1.867678e-06,87.81199,7.12797e-08,1.86618e-06
-0.299428,0.1951,1.451628e-06,121.5866,-7.602777e-07,1.236481e-06
-0.299428,0.195,2.456657e-06,71.90013,7.632058e-07,2.335058e-06
-0.299428,0.1949,2.036243e-06,100.8702,-3.840029e-07,1.999687e-06
-0.299428,0.1948,1.311181e-06,90.93607,-2.145208e-08,1.310963e-06
-0.299428,0.1947,9.249821e-07,66.34938,3.71078e-07,8.472818e-07
-0.299428,0.1946,1.591706e-06,93.21513,-8.927285e-08,1.589169e-06
-0.299428,0.1945,2.155004e-06,69.69621,7.477495e-07,2.021005e-06
-0.299428,0.1944,1.312902e-06,89.5359,1.065619e-08,1.312829e-06
-0.299428,0.1943,2.397028e-06,92.27455,-9.51346e-08,2.395017e-06
-0.299428,0.1942,1.66863e-06,85.01657,1.449622e-07,1.662321e-06
-0.299428,0.1941,2.052079e-06,75.82264,5.025845e-07,1.989562e-06
-0.299428,0.194,1.825623e-06,77.90062,3.826674e-07,1.785038e-06
-0.299428,0.1939,1.637069e-06,87.90641,5.982443e-08,1.63594e-06
-0.299428,0.1938,1.239353e-06,77.49411,2.683438e-07,1.209832e-06
-0.299428,0.1937,1.569991e-06,74.05852,4.31165e-07,1.509491e-06
-0.299428,0.1936,2.346575e-06,63.72455,1.038746e-06,2.104014e-06
-0.299428,0.1935,2.303911e-06,75.35362,5.82531e-07,2.228999e-06
-0.299428,0.1934,2.390915e-06,98.43778,-3.508273e-07,2.364903e-06
-0.299428,0.1933,1.114066e-06,98.83513,-1.710858e-07,1.10084e-06
-0.299428,0.1932,1.426784e-06,114.3106,-5.873311e-07,1.300167e-06
-0.299428,0.1931,1.637309e-06,75.76846,4.025213e-07,1.58704e-06
-0.299428,0.193,1.90577e-06,111.8401,-7.089804e-07,1.768911e-06
-0.299428,0.1929,1.204602e-06,93.67235,-7.714703e-08,1.202104e-06
-0.299428,0.1928,1.549215e-06,86.63624,9.086541e-08,1.546399e-06
-0.299428,0.1927,1.715496e-06,95.58052,-1.668222e-07,1.70722e-06
-0.299428,0.1926,1.793e-06,82.37646,2.378337e-07,1.777041e-06
-0.299428,0.1925,1.306967e-06,82.04961,1.808088e-07,1.294305e-06
-0.299428,0.1924,2.704527e-06,97.97704,-3.753472e-07,2.678286e-06
-0.299428,0.1923,2.655917e-06,88.54854,6.728433e-08,2.654973e-06
-0.299428,0.1922,2.730589e-06,61.44767,1.305101e-06,2.398481e-06
-0.299428,0.1921,2.299983e-06,107.9761,-7.097795e-07,2.187693e-06
-0.299428,0.192,1.777287e-06,111.0691,-6.388965e-07,1.658454e-06
-0.299428,0.1919,7.930677e-07,67.15358,3.079175e-07,7.308293e-07
-0.299428,0.1918,1.805087e-06,62.81762,8.246283e-07,1.605693e-06
-0.299428,0.1917,1.897512e-06,89.38028,2.051889e-08,1.897361e-06
-0.299428,0.1916,1.249227e-06,72.91513,3.669429e-07,1.193974e-06
-0.299428,0.1915,1.401912e-06,71.52109,4.443582e-07,1.329615e-06
-0.299428,0.1914,1.722766e-06,88.25087,5.262717e-08,1.721877e-06
-0.299428,0.1913,2.014992e-06,97.54659,-2.646222e-07,1.997424e-06
-0.299428,0.1912,1.853009e-06,96.69421,-2.159848e-07,1.84033e-06
-0.299428,0.1911,2.496678e-06,95.9735,-2.598222e-07,2.483088e-06
-0.299428,0.191,2.338623e-06,86.89152,1.268405e-07,2.335192e-06
-0.299428,0.1909,1.827595e-06,89.21417,2.504512e-08,1.827271e-06
-0.299428,0.1908,1.911884e-06,82.85818,2.379678e-07,1.898959e-06
-0.299428,0.1907,1.606822e-06,84.49465,1.541599e-07,1.599295e-06
-0.299428,0.1906,7.394291e-07,100.8667,-1.393742e-07,7.260292e-07
-0.299428,0.1905,1.969238e-06,108.168,-6.139799e-07,1.870974e-06
-0.299428,0.1904,1.391826e-06,100.2451,-2.475678e-07,1.369586e-06
-0.299428,0.1903,1.712903e-06,84.08375,1.765396e-07,1.703755e-06
-0.299428,0.1902,1.910358e-06,76.49058,4.462245e-07,1.857385e-06
-0.299428,0.1901,2.118732e-06,77.40581,4.619434e-07,2.067239e-06
-0.299428,0.19,1.786703e-06,84.11435,1.83206e-07,1.777175e-06
-0.299428,0.1899,1.550663e-06,78.19438,3.172438e-07,1.517755e-06
-0.299428,0.1898,1.701559e-06,103.3075,-3.916025e-07,1.655789e-06
-0.299428,0.1897,1.812256e-06,67.66326,6.887242e-07,1.676179e-06
-0.299428,0.1896,1.456053e-06,59.87764,7.306952e-07,1.259397e-06
-0.299428,0.1895,2.232614e-06,120.3575,-1.128293e-06,1.926407e-06
-0.299428,0.1894,1.34772e-06,125.0246,-7.734708e-07,1.103639e-06
-0.299428,0.1893,1.756478e-06,73.94051,4.859268e-07,1.687902e-06
-0.299428,0.1892,1.33641e-06,79.92792,2.337042e-07,1.315757e-06
-0.299428,0.1891,1.999575e-06,90.80593,-2.811849e-08,1.99929e-06
-0.299428,0.189,1.651167e-06,60.60763,8.103735e-07,1.438608e-06
-0.299428,0.1889,2.205993e-06,94.53754,-1.745503e-07,2.19902e-06
-0.299428,0.1888,1.254256e-06,113.4181,-4.984606e-07,1.150941e-06
-0.299428,0.1887,8.229296e-07,81.41315,1.228451e-07,8.135698e-07
-0.299428,0.1886,1.407572e-06,94.39362,-1.077968e-07,1.403432e-06
-0.299428,0.1885,1.517498e-06,78.80101,2.9473e-07,1.488575e-06
-0.299428,0.1884,1.749113e-06,56.72989,9.594708e-07,1.462323e-06
-0.299428,0.1883,9.727869e-07,97.65063,-1.295115e-07,9.640026e-07
-0.299428,0.1882,9.709317e-07,115.9891,-4.25443e-07,8.727293e-07
-0.299428,0.1881,1.225819e-06,84.99209,1.069922e-07,1.221025e-06
-0.299428,0.188,1.811429e-06,97.41721,-2.338439e-07,1.79623e-06
-0.299428,0.1879,1.897841e-06,104.5165,-4.75673e-07,1.837134e-06
-0.299428,0.1878,1.59022e-06,103.9649,-3.837402e-07,1.543203e-06
-0.299428,0.1877,1.986136e-06,98.29659,-2.866052e-07,1.96531e-06
-0.299428,0.1876,1.348871e-06,87.64413,5.542673e-08,1.347603e-06
-0.299428,0.1875,1.210324e-06,117.1884,-5.529541e-07,1.076454e-06
-0.299428,0.1874,1.343652e-06,83.56107,1.506954e-07,1.33508e-06
-0.299428,0.1873,8.011814e-07,127.9461,-4.925988e-07,6.316937e-07
-0.299428,0.1872,9.771455e-07,124.8873,-5.588158e-07,8.01444e-07
-0.299428,0.1871,1.847282e-06,99.25302,-2.969987e-07,1.823142e-06
-0.299428,0.187,1.982387e-06,103.2393,-4.539582e-07,1.929603e-06
-0.299428,0.1869,2.327313e-06,102.4682,-5.024559e-07,2.2723e-06
-0.299428,0.1868,9.350348e-07,126.1592,-5.516242e-07,7.548127e-07
-0.299428,0.1867,1.46633e-06,108.3586,-4.618205e-07,1.391574e-06
-0.299428,0.1866,1.445112e-06,102.2173,-3.057941e-07,1.412356e-06
-0.299428,0.1865,1.893142e-06,108.4483,-5.990546e-07,1.795694e-06
-0.299428,0.1864,7.353778e-07,121.424,-3.833379e-07,6.274301e-07
-0.299428,0.1863,1.236984e-06,144.0355,-1.001179e-06,7.264316e-07
-0.299428,0.1862,1.137172e-06,142.6229,-9.036473e-07,6.903223e-07
-0.299428,0.1861,1.354314e-06,117.1998,-6.190426e-07,1.204501e-06
-0.299428,0.186,1.480858e-06,113.5631,-5.915947e-07,1.354934e-06
-0.299428,0.1859,1.588962e-06,73.16679,4.600826e-07,1.520818e-06
-0.299428,0.1858,1.454137e-06,93.75279,-9.51346e-08,1.450996e-06
-0.299428,0.1857,2.051766e-06,101.636,-4.138536e-07,2.00955e-06
-0.299428,0.1856,1.402074e-06,111.0298,-5.031209e-07,1.308565e-06
-0.299428,0.1855,1.294238e-06,151.5167,-1.137485e-06,6.171707e-07
-0.299428,0.1854,1.687992e-06,110.2264,-5.836039e-07,1.583838e-06
-0.299428,0.1853,1.976855e-06,99.0939,-3.124549e-07,1.951988e-06
-0.299428,0.1852,2.085523e-06,96.34975,-2.30642e-07,2.072704e-06
-0.299428,0.1851,1.968752e-06,96.77114,-2.321116e-07,1.954916e-06
-0.299428,0.185,1.901797e-06,77.49673,4.117134e-07,1.856585e-06
-0.299428,0.1849,8.099433e-07,82.32313,1.08188e-07,8.026454e-07
-0.299428,0.1848,2.09034e-06,78.94876,4.006549e-07,2.051521e-06
-0.299428,0.1847,8.330661e-07,90.11089,-1.603737e-09,8.330214e-07
-0.299428,0.1846,1.654073e-06,68.87398,5.961209e-07,1.542801e-06
-0.299428,0.1845,8.540824e-07,80.17184,1.457612e-07,8.414201e-07
-0.299428,0.1844,1.545343e-06,103.1283,-3.509614e-07,1.504831e-06
-0.299428,0.1843,1.674771e-06,120.2622,-8.43957e-07,1.44647e-06
-0.299428,0.1842,1.461585e-06,99.06942,-2.303794e-07,1.443268e-06
-0.299428,0.1841,1.197483e-06,114.5519,-4.975274e-07,1.089116e-06
-0.299428,0.184,2.288667e-06,67.73101,8.672699e-07,2.117872e-06
-0.299428,0.1839,1.904463e-06,79.03007,3.624167e-07,1.869644e-06
-0.299428,0.1838,1.131316e-06,116.7156,-5.085859e-07,1.010499e-06
-0.299428,0.1837,1.265248e-06,103.5338,-2.960655e-07,1.229949e-06
-0.299428,0.1836,1.987176e-06,121.5481,-1.039685e-06,1.693496e-06
-0.299428,0.1835,1.608375e-06,109.3706,-5.336366e-07,1.517755e-06
-0.299428,0.1834,2.385724e-06,79.88595,4.189107e-07,2.348514e-06
-0.299428,0.1833,1.968299e-06,80.84314,3.132484e-07,1.943193e-06
-0.299428,0.1832,1.758579e-06,94.36827,-1.339092e-07,1.753455e-06
-0.299428,0.1831,1.562945e-06,96.57006,-1.788139e-07,1.552663e-06
-0.299428,0.183,2.159211e-06,75.30422,5.477517e-07,2.088557e-06
-0.299428,0.1829,1.789396e-06,115.4217,-7.681399e-07,1.616086e-06
-0.299428,0.1828,5.392804e-07,89.32083,6.392598e-09,5.390904e-07
-0.299428,0.1827,1.735294e-06,87.56195,7.381103e-08,1.733606e-06
-0.299428,0.1826,5.441252e-07,51.5713,3.38165e-07,4.262365e-07
-0.299428,0.1825,2.02951e-06,92.14166,-7.58171e-08,2.028068e-06
-0.299428,0.1824,1.409132e-06,100.9235,-2.670194e-07,1.383578e-06
-0.299428,0.1823,6.44708e-07,78.84647,1.247115e-07,6.324928e-07
-0.299428,0.1822,1.061327e-06,80.32121,1.78406e-07,1.046078e-06
-0.299428,0.1821,1.465391e-06,72.5392,4.396922e-07,1.397833e-06
-0.299428,0.182,1.620037e-06,95.67844,-1.602899e-07,1.611957e-06
-0.299428,0.1819,2.469643e-07,17.3655,2.356991e-07,7.368251e-08
-0.299428,0.1818,1.503814e-06,98.91555,-2.330448e-07,1.485507e-06
-0.299428,0.1817,1.751918e-06,85.64221,1.331046e-07,1.746794e-06
-0.299428,0.1816,8.949413e-07,96.96173,-1.084618e-07,8.883196e-07
-0.299428,0.1815,1.597344e-06,113.9181,-6.475578e-07,1.46006e-06
-0.299428,0.1814,1.702006e-06,121.8646,-8.984506e-07,1.445403e-06
-0.299428,0.1813,9.040273e-07,108.8137,-2.915337e-07,8.556749e-07
-0.299428,0.1812,1.451818e-06,90.35744,-9.063631e-09,1.451667e-06
-0.299428,0.1811,2.132266e-06,101.5603,-4.273094e-07,2.08896e-06
-0.299428,0.181,1.605665e-06,98.05704,-2.250485e-07,1.589706e-06
-0.299428,0.1809,8.626542e-07,134.1686,-6.010551e-07,6.187688e-07
-0.299428,0.1808,1.226484e-06,87.80762,4.689954e-08,1.225423e-06
-0.299428,0.1807,1.257441e-06,122.3052,-6.71938e-07,1.06273e-06
-0.299428,0.1806,1.498924e-06,92.49224,-6.515532e-08,1.497499e-06
-0.299428,0.1805,1.203959e-06,123.4842,-6.642099e-07,1.004107e-06
-0.299428,0.1804,8.767694e-07,106.4214,-2.478305e-07,8.410178e-07
-0.299428,0.1803,6.48776e-07,156.0311,-5.927961e-07,2.635493e-07
-0.299428,0.1802,1.395927e-06,110.0917,-4.795398e-07,1.310963e-06
-0.299428,0.1801,1.555887e-06,137.3209,-1.143749e-06,1.054605e-06
-0.299428,0.18,1.436842e-06,170.5362,-1.417161e-06,2.362355e-07
-0.299428,0.1799,5.548652e-07,171.4516,-5.486905e-07,8.247233e-08
-0.299428,0.1798,1.047598e-06,152.9914,-9.332299e-07,4.756674e-07
-0.299428,0.1797,6.732456e-07,82.13953,9.206682e-08,6.668698e-07
-0.299428,0.1796,1.843627e-07,49.69438,1.192465e-07,1.405645e-07
-0.299428,0.1795,5.527082e-07,116.2671,-2.446342e-07,4.956554e-07
-0.299428,0.1794,1.226797e-06,176.575,-1.224495e-06,7.328018e-08
-0.299428,0.1793,9.135827e-07,149.3854,-7.861275e-07,4.651453e-07
-0.299428,0.1792,5.440302e-07,155.1621,-4.936605e-07,2.285074e-07
-0.299428,0.1791,6.561968e-07,115.9524,-2.87136e-07,5.899909e-07
-0.299428,0.179,1.115357e-06,144.2515,-9.051114e-07,6.515476e-07
-0.299428,0.1789,1.367747e-06,141.622,-1.072196e-06,8.491482e-07
-0.299428,0.1788,6.259046e-07,109.9048,-2.130568e-07,5.883928e-07
-0.299428,0.1787,1.305179e-06,147.5959,-1.101912e-06,6.993804e-07
-0.299428,0.1786,1.439781e-06,178.7273,-1.439413e-06,3.197416e-08
-0.299428,0.1785,1.767413e-06,172.3266,-1.751465e-06,2.359673e-07
-0.299428,0.1784,1.315757e-06,146.8015,-1.100979e-06,7.204357e-07
-0.299428,0.1783,1.393022e-06,-175.0567,-1.387713e-06,-1.200512e-07
-0.299428,0.1782,1.344954e-06,153.3508,-1.201976e-06,6.031841e-07
-0.299428,0.1781,1.813787e-06,133.9475,-1.258738e-06,1.3059e-06
-0.299428,0.178,9.842645e-07,-173.8844,-9.785313e-07,-1.048631e-07
-0.299428,0.1779,7.326174e-07,159.9152,-6.879307e-07,2.515576e-07
-0.299428,0.1778,1.072581e-06,157.1116,-9.881258e-07,4.171784e-07
-0.299428,0.1777,1.49128e-06,164.4213,-1.436479e-06,4.005208e-07
-0.299428,0.1776,5.101002e-07,145.4413,-4.19978e-07,2.89265e-07
-0.299428,0.1775,2.561956e-07,107.3794,-7.648207e-08,2.443604e-07
-0.299428,0.1774,1.076063e-06,-175.6666,-1.072866e-06,-8.12821e-08
-0.299428,0.1773,1.193599e-06,140.7302,-9.240321e-07,7.554776e-07
-0.299428,0.1772,1.014389e-06,130.5713,-6.596837e-07,7.70403e-07
-0.299428,0.1771,7.788352e-07,113.8254,-3.14584e-07,7.124394e-07
-0.299428,0.177,7.763821e-07,132.1414,-5.208458e-07,5.75602e-07
-0.299428,0.1769,5.149785e-07,123.0969,-2.811402e-07,4.312992e-07
-0.299428,0.1768,7.369145e-07,133.3818,-5.060546e-07,5.354974e-07
-0.299428,0.1767,1.722313e-06,117.6667,-7.997173e-07,1.525349e-06
-0.299428,0.1766,1.083919e-06,135.7264,-7.760021e-07,7.565449e-07
-0.299428,0.1765,2.563633e-07,90.08816,-4.023313e-10,2.562236e-07
-0.299428,0.1764,1.445576e-06,135.889,-1.037824e-06,1.006107e-06
-0.299428,0.1763,1.406835e-06,120.937,-7.232408e-07,1.206636e-06
-0.299428,0.1762,1.040048e-06,140.4627,-8.01986e-07,6.619412e-07
-0.299428,0.1761,1.818297e-06,93.6505,-1.157876e-07,1.81448e-06
-0.299428,0.176,1.822097e-06,119.0111,-8.836593e-07,1.593433e-06
-0.299428,0.1759,1.179154e-06,146.4073,-9.821299e-07,6.523467e-07
-0.299428,0.1758,1.967098e-06,117.7943,-9.172372e-07,1.740133e-06
-0.299428,0.1757,7.031746e-07,78.86396,1.3577e-07,6.897915e-07
-0.299428,0.1756,2.025408e-06,116.5399,-9.049829e-07,1.811949e-06
-0.299428,0.1755,1.52868e-06,89.86986,3.458932e-09,1.528546e-06
-0.299428,0.1754,4.20548e-07,62.9058,1.91465e-07,3.742743e-07
-0.299428,0.1753,6.759054e-07,82.71655,8.567422e-08,6.703343e-07
-0.299428,0.1752,1.107584e-06,135.0663,-7.839985e-07,7.821265e-07
-0.299428,0.1751,1.616019e-06,117.8791,-7.556173e-07,1.428348e-06
-0.299428,0.175,1.747777e-06,115.1193,-7.418934e-07,1.582374e-06
-0.299428,0.1749,5.906671e-07,108.985,-1.921355e-07,5.584135e-07
-0.299428,0.1748,1.507569e-06,112.585,-5.78938e-07,1.391837e-06
-0.299428,0.1747,1.425784e-06,98.21004,-2.035964e-07,1.411026e-06
-0.299428,0.1746,7.748063e-07,124.8209,-4.423633e-07,6.359573e-07
-0.299428,0.1745,1.832708e-06,107.9031,-5.633477e-07,1.743866e-06
-0.299428,0.1744,2.071687e-06,140.6612,-1.602234e-06,1.313226e-06
-0.299428,0.1743,6.647743e-07,80.44448,1.103226e-07,6.554145e-07
-0.299428,0.1742,7.080025e-07,162.54,-6.75274e-07,2.123862e-07
-0.299428,0.1741,1.932755e-06,113.703,-7.769353e-07,1.769581e-06
-0.299428,0.174,1.354085e-06,123.9817,-7.576122e-07,1.12389e-06
-0.299428,0.1739,1.698832e-06,138.1383,-1.26513e-06,1.133618e-06
-0.299428,0.1738,1.997848e-06,137.1242,-1.464061e-06,1.359326e-06
-0.299428,0.1737,1.709517e-06,118.0697,-8.043833e-07,1.508424e-06
-0.299428,0.1736,1.558089e-06,139.4006,-1.182921e-06,1.013835e-06
-0.299428,0.1735,1.417553e-06,122.77,-7.672067e-07,1.191845e-06
-0.299428,0.1734,1.692971e-06,117.991,-7.945206e-07,1.494834e-06
-0.299428,0.1733,2.100108e-06,129.0983,-1.324424e-06,1.62981e-06
-0.299428,0.1732,1.85786e-06,98.04742,-2.600904e-07,1.839531e-06
-0.299428,0.1731,1.742027e-06,127.4041,-1.058075e-06,1.383712e-06
-0.299428,0.173,1.437999e-06,114.4802,-5.958583e-07,1.308694e-06
-0.299428,0.1729,1.881457e-06,97.00894,-2.295803e-07,1.867381e-06
-0.299428,0.1728,2.499863e-06,83.90803,2.652816e-07,2.485619e-06
-0.299428,0.1727,1.825304e-06,151.577,-1.605167e-06,8.687339e-07
-0.299428,0.1726,2.108473e-06,85.79259,1.546908e-07,2.102684e-06
-0.299428,0.1725,1.6424e-06,100.0781,-2.874042e-07,1.617019e-06
-0.299428,0.1724,1.449605e-06,57.96577,7.687993e-07,1.228753e-06
-0.299428,0.1723,1.814285e-06,70.50434,6.054472e-07,1.710154e-06
-0.299428,0.1722,1.541582e-06,90.74735,-2.012215e-08,1.541336e-06
-0.299428,0.1721,2.561962e-06,95.92891,-2.646222e-07,2.548243e-06
-0.299428,0.172,2.176545e-06,102.6636,-4.771426e-07,2.123471e-06
-0.299428,0.1719,2.043223e-06,117.8485,-9.544137e-07,1.80649e-06
-0.299428,0.1718,1.369094e-06,80.32908,2.299714e-07,1.349603e-06
-0.299428,0.1717,2.205401e-06,100.2211,-3.913342e-07,2.17037e-06
-0.299428,0.1716,1.5187e-06,128.8168,-9.518824e-07,1.183183e-06
-0.299428,0.1715,1.765966e-06,83.94562,1.862682e-07,1.755991e-06
-0.299428,0.1714,2.336081e-06,87.83909,8.807145e-08,2.334393e-06
-0.299428,0.1713,1.131014e-06,94.25024,-8.381344e-08,1.127885e-06
-0.299428,0.1712,1.27287e-06,85.45108,1.009963e-07,1.268858e-06
-0.299428,0.1711,2.369921e-06,98.16851,-3.367066e-07,2.345848e-06
-0.299428,0.171,1.427611e-06,97.73456,-1.921355e-07,1.41449e-06
-0.299428,0.1709,1.603536e-06,94.64683,-1.299139e-07,1.598099e-06
-0.299428,0.1708,1.039931e-06,106.556,-2.963338e-07,9.967759e-07
-0.299428,0.1707,1.936577e-06,111.1968,-7.00185e-07,1.805556e-06
-0.299428,0.1706,1.953626e-06,75.92756,4.750024e-07,1.894958e-06
-0.299428,0.1705,1.286834e-06,87.13456,6.435066e-08,1.285113e-06
-0.299428,0.1704,1.224327e-06,97.94863,-1.693535e-07,1.212498e-06
-0.299428,0.1703,6.005689e-07,82.74977,7.581152e-08,5.957186e-07
-0.299428,0.1702,1.399174e-06,87.35313,6.461888e-08,1.39757e-06
-0.299428,0.1701,1.97268e-06,100.7163,-3.668144e-07,1.93813e-06
-0.299428,0.17,1.773063e-06,111.5989,-6.526205e-07,1.648463e-06
-0.299428,0.1699,2.328218e-06,98.8194,-3.569573e-07,2.300681e-06
-0.299428,0.1698,1.429187e-06,50.52569,9.084362e-07,1.103103e-06
-0.299428,0.1697,1.811591e-06,58.25952,9.529441e-07,1.540537e-06
-0.299428,0.1696,2.072928e-06,74.86547,5.41225e-07,2.001022e-06
-0.299428,0.1695,1.394642e-06,93.35326,-8.154474e-08,1.392239e-06
-0.299428,0.1694,2.002324e-06,82.32051,2.675447e-07,1.984231e-06
-0.299428,0.1693,1.46448e-06,121.7037,-7.696039e-07,1.245941e-06
-0.299428,0.1692,1.569014e-06,113.9233,-6.362311e-07,1.43421e-06
-0.299428,0.1691,1.702923e-06,73.55759,4.819314e-07,1.633141e-06
-0.299428,0.169,2.034768e-06,118.3311,-9.656064e-07,1.791033e-06
-0.299428,0.1689,1.578893e-06,104.3373,-3.909319e-07,1.529613e-06
-0.299428,0.1688,1.815961e-06,85.78822,1.333728e-07,1.811016e-06
-0.299428,0.1687,1.293176e-06,55.01998,7.413513e-07,1.059534e-06
-0.299428,0.1686,8.223876e-07,65.7409,3.378968e-07,7.4975e-07
-0.299428,0.1685,2.120202e-06,96.84283,-2.526305e-07,2.105081e-06
-0.299428,0.1684,1.332454e-06,129.8518,-8.538141e-07,1.022893e-06
-0.299428,0.1683,2.058031e-06,80.34656,3.450941e-07,2.028867e-06
-0.299428,0.1682,1.62477e-06,65.11407,6.836615e-07,1.473784e-06
-0.299428,0.1681,1.257251e-06,56.86278,6.872601e-07,1.052739e-06
-0.299428,0.168,1.456271e-06,53.09587,8.743274e-07,1.164397e-06
-0.299428,0.1679,8.110441e-07,67.78128,3.067217e-07,7.508117e-07
-0.299428,0.1678,1.65832e-06,90.11439,-3.335997e-09,1.658191e-06
-0.299428,0.1677,1.357186e-06,67.11161,5.277693e-07,1.250205e-06
-0.299428,0.1676,1.296624e-06,72.97458,3.796052e-07,1.239677e-06
-0.299428,0.1675,5.639065e-07,139.4286,-4.282426e-07,3.666803e-07
-0.299428,0.1674,1.706382e-06,71.55519,5.398951e-07,1.618618e-06
-0.299428,0.1673,1.119364e-06,56.47899,6.181038e-07,9.330902e-07
-0.299428,0.1672,1.437077e-06,83.88967,1.529585e-07,1.428879e-06
-0.299428,0.1671,2.014657e-06,70.56991,6.702002e-07,1.899892e-06
-0.299428,0.167,1.980688e-06,108.5986,-6.316993e-07,1.877104e-06
-0.299428,0.1669,1.279788e-06,95.08308,-1.133903e-07,1.274719e-06
-0.299428,0.1668,1.380303e-06,83.87655,1.472309e-07,1.372385e-06
-0.299428,0.1667,1.241046e-06,61.59979,5.902592e-07,1.091647e-06
-0.299428,0.1666,2.394419e-06,65.97564,9.747929e-07,2.186894e-06
-0.299428,0.1665,1.649195e-06,87.31816,7.714144e-08,1.647261e-06
-0.299428,0.1664,2.018395e-06,88.11274,6.648525e-08,2.017278e-06
-0.299428,0.1663,1.948775e-06,79.12274,3.67742e-07,1.913744e-06
-0.299428,0.1662,1.581441e-06,79.12973,2.981945e-07,1.552926e-06
-0.299428,0.1661,2.070531e-06,94.58038,-1.653581e-07,2.063775e-06
-0.299428,0.166,1.678297e-06,92.11631,-6.195902e-08,1.677112e-06
-0.299428,0.1659,1.602541e-06,104.8435,-4.105176e-07,1.549065e-06
-0.299428,0.1658,1.701559e-06,91.08032,-3.211386e-08,1.701096e-06
-0.299428,0.1657,9.769052e-07,111.7126,-3.61355e-07,9.085703e-07
-0.299428,0.1656,2.057997e-06,74.28321,5.574803e-07,1.981034e-06
-0.299428,0.1655,2.163894e-06,58.64199,1.126024e-06,1.84779e-06
-0.299428,0.1654,2.509256e-06,68.49893,9.196288e-07,2.334522e-06
-0.299428,0.1653,1.708019e-06,72.01028,5.275011e-07,1.624479e-06
-0.299428,0.1652,1.412171e-06,89.45459,1.345574e-08,1.412093e-06
-0.299428,0.1651,1.228552e-06,86.3119,7.900781e-08,1.225953e-06
-0.299428,0.165,2.002067e-06,103.2507,-4.588868e-07,1.948658e-06
-0.299428,0.1649,2.764575e-06,87.13588,1.381672e-07,2.761032e-06
-0.299428,0.1648,1.56513e-06,101.6596,-3.163162e-07,1.532675e-06
-0.299428,0.1647,1.429036e-06,81.49183,2.11453e-07,1.413289e-06
-0.299428,0.1646,1.653062e-06,111.4669,-6.049219e-07,1.538274e-06
-0.299428,0.1645,2.456115e-06,82.48181,3.213789e-07,2.434987e-06
-0.299428,0.1644,2.216197e-06,107.3182,-6.596837e-07,2.115743e-06
-0.299428,0.1643,1.217985e-06,92.9546,-6.27581e-08,1.216359e-06
-0.299428,0.1642,1.199807e-06,69.53142,4.195757e-07,1.124024e-06
-0.299428,0.1641,1.056449e-06,93.10847,-5.729869e-08,1.054873e-06
-0.299428,0.164,2.477305e-06,109.9419,-8.448902e-07,2.32866e-06
-0.299428,0.1639,2.220785e-06,119.7613,-1.102309e-06,1.927737e-06
-0.299428,0.1638,1.847533e-06,99.39377,-3.015305e-07,1.822745e-06
-0.299428,0.1637,1.1783e-06,102.9325,-2.63689e-07,1.148276e-06
-0.299428,0.1636,1.559318e-06,97.75467,-2.103913e-07,1.544935e-06
-0.299428,0.1635,1.048978e-06,99.67616,-1.762825e-07,1.033952e-06
-0.299428,0.1634,9.204838e-07,97.12608,-1.141894e-07,9.132362e-07
-0.299428,0.1633,8.35279e-07,55.95182,4.676766e-07,6.920546e-07
-0.299428,0.1632,1.66578e-06,86.24283,1.091212e-07,1.662053e-06
-0.299428,0.1631,1.410691e-06,156.6465,-1.29511e-06,5.592126e-07
-0.299428,0.163,9.685065e-07,116.5329,-4.326403e-07,8.664652e-07
-0.299428,0.1629,1.978861e-06,64.33258,8.57139e-07,1.783568e-06
-0.299428,0.1628,2.225657e-06,99.90072,-3.826729e-07,2.192487e-06
-0.299428,0.1627,2.507686e-06,118.3188,-1.189582e-06,2.207547e-06
-0.299428,0.1626,2.426577e-06,71.79609,7.58009e-07,2.305079e-06
-0.299428,0.1625,1.193599e-06,32.93963,1.00171e-06,6.490163e-07
-0.299428,0.1624,1.510066e-06,57.38122,8.139722e-07,1.271791e-06
-0.299428,0.1623,2.016289e-06,78.46103,4.033204e-07,1.975435e-06
-0.299428,0.1622,1.722218e-06,93.65487,-1.097917e-07,1.718681e-06
-0.299428,0.1621,2.09628e-06,94.95457,-1.81077e-07,2.088295e-06
-0.299428,0.162,1.436211e-06,102.6099,-3.135222e-07,1.401565e-06
-0.299428,0.1619,1.601692e-06,84.71672,1.474935e-07,1.594768e-06
-0.299428,0.1618,1.752655e-06,129.1298,-1.106042e-06,1.359594e-06
-0.299428,0.1617,1.455394e-06,123.3898,-8.009187e-07,1.215163e-06
-0.299428,0.1616,1.166889e-06,87.6249,4.836358e-08,1.165861e-06
-0.299428,0.1615,1.209944e-06,40.20245,9.240265e-07,7.809251e-07
-0.299428,0.1614,1.217784e-06,77.58851,2.61683e-07,1.189179e-06
-0.299428,0.1613,1.18215e-06,79.90431,2.071894e-07,1.163732e-06
-0.299428,0.1612,1.793581e-06,91.83043,-5.729869e-08,1.792632e-06
-0.299428,0.1611,9.252559e-07,88.56297,2.317875e-08,9.248256e-07
-0.299428,0.161,4.600826e-07,115.2942,-1.965332e-07,4.158429e-07
-0.299428,0.1609,2.431008e-06,78.73763,4.747398e-07,2.384092e-06
-0.299428,0.1608,1.706231e-06,28.30228,1.502165e-06,8.089095e-07
-0.299428,0.1607,1.527434e-06,86.99468,8.007511e-08,1.525215e-06
-0.299428,0.1606,1.045357e-06,112.8866,-4.065223e-07,9.630694e-07
-0.299428,0.1605,8.584633e-07,95.85329,-8.754059e-08,8.539427e-07
-0.299428,0.1604,1.072492e-06,95.34622,-9.993463e-08,1.067798e-06
-0.299428,0.1603,1.568812e-06,119.7534,-7.785335e-07,1.361992e-06
-0.299428,0.1602,1.201026e-06,114.4479,-4.969965e-07,1.093246e-06
-0.299428,0.1601,1.137966e-06,115.4811,-4.89531e-07,1.027157e-06
-0.299428,0.16,1.2187e-06,101.2033,-2.36772e-07,1.195443e-06
-0.299428,0.1599,2.05993e-06,116.4009,-9.159073e-07,1.844996e-06
-0.299428,0.1598,1.913158e-06,101.0591,-3.669485e-07,1.877641e-06
-0.299428,0.1597,2.288768e-06,92.01839,-8.061155e-08,2.287225e-06
-0.299428,0.1596,2.014204e-06,117.0609,-9.16304e-07,1.793699e-06
-0.299428,0.1595,1.525344e-06,98.95489,-2.374369e-07,1.506691e-06
-0.299428,0.1594,1.181077e-06,71.95083,3.658812e-07,1.122822e-06
-0.299428,0.1593,1.374866e-06,107.257,-4.078578e-07,1.312958e-06
-0.299428,0.1592,1.736674e-06,116.2758,-7.688049e-07,1.557195e-06
-0.299428,0.1591,1.560162e-06,127.8028,-9.562801e-07,1.232748e-06
-0.299428,0.159,1.750744e-06,159.6914,-1.641808e-06,6.075818e-07
-0.299428,0.1589,3.005806e-07,120.034,-1.504328e-07,2.602189e-07
-0.299428,0.1588,1.173907e-06,105.4702,-3.131199e-07,1.13135e-06
-0.299428,0.1587,1.591807e-06,109.8226,-5.397666e-07,1.497365e-06
-0.299428,0.1586,1.967757e-06,97.31404,-2.504959e-07,1.95172e-06
-0.299428,0.1585,1.766379e-06,90.25515,-7.862225e-09,1.766251e-06
-0.299428,0.1584,1.05712e-06,67.25499,4.086513e-07,9.747929e-07
-0.299428,0.1583,1.771884e-06,96.9626,-2.14789e-07,1.758785e-06
-0.299428,0.1582,1.348575e-06,92.29378,-5.396828e-08,1.347469e-06
-0.299428,0.1581,1.035807e-06,119.0618,-5.031209e-07,9.052399e-07
-0.299428,0.158,2.649039e-06,112.2287,-1.002112e-06,2.452041e-06
-0.299428,0.1579,1.942254e-06,95.48348,-1.856088e-07,1.933336e-06
-0.299428,0.1578,1.263443e-06,121.0935,-6.524864e-07,1.081919e-06
-0.299428,0.1577,1.008717e-06,108.5077,-3.201831e-07,9.564086e-07
-0.299428,0.1576,1.572389e-06,86.14229,1.057907e-07,1.568784e-06
-0.299428,0.1575,1.572104e-06,87.77965,6.088614e-08,1.570785e-06
-0.299428,0.1574,1.305615e-06,87.58381,5.50244e-08,1.304302e-06
-0.299428,0.1573,1.060249e-06,63.7346,4.691407e-07,9.506754e-07
-0.299428,0.1572,1.022318e-06,75.31209,2.591516e-07,9.887851e-07
-0.299428,0.1571,1.189045e-06,150.4502,-1.03436e-06,5.863923e-07
-0.299428,0.157,8.085686e-07,123.3487,-4.444979e-07,6.753969e-07
-0.299428,0.1569,6.582979e-07,57.09009,3.576166e-07,5.525518e-07
-0.299428,0.1568,7.421057e-07,109.6862,-2.499651e-07,6.985813e-07
-0.299428,0.1567,1.877965e-06,75.23516,4.78601e-07,1.81595e-06
-0.299428,0.1566,1.674083e-06,103.5566,-3.924015e-07,1.627413e-06
-0.299428,0.1565,1.106556e-06,104.9772,-2.859402e-07,1.06886e-06
-0.299428,0.1564,1.068497e-06,109.4423,-3.556273e-07,1.007437e-06
-0.299428,0.1563,1.824131e-06,100.1988,-3.229826e-07,1.795163e-06
-0.299428,0.1562,2.117844e-06,83.05575,2.560894e-07,2.102281e-06
-0.299428,0.1561,7.06695e-07,136.083,-5.089882e-07,4.900619e-07
-0.299428,0.156,9.683109e-07,164.6206,-9.334925e-07,2.567544e-07
-0.299428,0.1559,1.566616e-06,144.8626,-1.281123e-06,9.016413e-07
-0.299428,0.1558,1.426689e-06,122.5444,-7.674749e-07,1.202635e-06
-0.299428,0.1557,2.419704e-06,153.0443,-2.156786e-06,1.096844e-06
-0.299428,0.1556,1.788564e-06,140.6498,-1.383053e-06,1.134015e-06
-0.299428,0.1555,1.257967e-06,147.672,-1.06287e-06,6.72603e-07
-0.299428,0.1554,1.697218e-06,142.9682,-1.354806e-06,1.022094e-06
-0.299428,0.1553,2.079941e-06,117.7497,-9.684059e-07,1.840598e-06
-0.299428,0.1552,2.320921e-06,148.8937,-1.98717e-06,1.199036e-06
-0.299428,0.1551,1.243829e-06,125.1513,-7.160436e-07,1.016898e-06
-0.299428,0.155,1.667115e-06,166.1443,-1.618489e-06,3.991909e-07
-0.299428,0.1549,1.502651e-06,107.9162,-4.622172e-07,1.429678e-06
-0.299428,0.1548,1.215185e-06,101.5879,-2.441033e-07,1.190381e-06
-0.299428,0.1547,1.576261e-06,70.59089,5.237683e-07,1.486575e-06
-0.299428,0.1546,1.523589e-06,67.86084,5.74138e-07,1.41116e-06
-0.299428,0.1545,1.862844e-06,126.8499,-1.1171e-06,1.49057e-06
-0.299428,0.1544,9.262114e-07,94.57164,-7.381662e-08,9.232275e-07
-0.299428,0.1543,1.688774e-06,109.0567,-5.51356e-07,1.596098e-06
-0.299428,0.1542,1.616008e-06,98.53526,-2.398397e-07,1.597965e-06
-0.299428,0.1541,4.778914e-07,62.98274,2.170465e-07,4.257056e-07
-0.299428,0.154,1.296099e-06,119.0706,-6.297044e-07,1.132685e-06
-0.299428,0.1539,1.027951e-06,92.27455,-4.077516e-08,1.027023e-06
-0.299428,0.1538,1.817056e-06,109.2998,-6.005242e-07,1.71482e-06
-0.299428,0.1537,1.466805e-06,135.103,-1.03902e-06,1.035282e-06
-0.299428,0.1536,1.892186e-06,89.27711,2.38493e-08,1.891896e-06
-0.299428,0.1535,1.734031e-06,93.78513,-1.144576e-07,1.730142e-06
-0.299428,0.1534,7.741861e-07,100.6604,-1.432355e-07,7.606744e-07
-0.299428,0.1533,1.412943e-06,79.12973,2.66483e-07,1.387573e-06
-0.299428,0.1532,1.675793e-06,101.9166,-3.460329e-07,1.639533e-06
-0.299428,0.1531,1.025263e-06,99.28274,-1.653581e-07,1.011835e-06
-0.299428,0.153,1.339137e-06,115.3195,-5.726739e-07,1.210497e-06
-0.299428,0.1529,8.971653e-07,102.2016,-1.896042e-07,8.768588e-07
-0.299428,0.1528,2.070866e-06,106.4494,-5.863979e-07,1.985963e-06
-0.299428,0.1527,1.006996e-06,122.6423,-5.43097e-07,8.478127e-07
-0.299428,0.1526,6.886348e-07,87.14855,3.424286e-08,6.876569e-07
-0.299428,0.1525,1.147292e-06,80.23129,1.946613e-07,1.130551e-06
-0.299428,0.1524,1.910537e-06,109.1511,-6.267707e-07,1.804757e-06
-0.299428,0.1523,1.585269e-06,117.0207,-7.201731e-07,1.412093e-06
-0.299428,0.1522,1.757115e-06,98.56936,-2.618227e-07,1.737467e-06
-0.299428,0.1521,1.203138e-06,88.91617,2.278201e-08,1.202903e-06
-0.299428,0.152,1.295574e-06,83.82597,1.393686e-07,1.288047e-06
-0.299428,0.1519,4.827193e-07,31.50269,4.115793e-07,2.522226e-07
-0.299428,0.1518,2.558134e-06,100.5651,-4.690121e-07,2.514665e-06
-0.299428,0.1517,1.952424e-06,99.78794,-3.319066e-07,1.923875e-06
-0.299428,0.1516,1.542706e-06,76.15836,3.690775e-07,1.497901e-06
-0.299428,0.1515,1.45859e-06,98.01333,-2.033282e-07,1.444201e-06
-0.299428,0.1514,1.840291e-06,95.58052,-1.78948e-07,1.831535e-06
-0.299428,0.1513,1.733567e-06,130.0398,-1.115234e-06,1.327218e-06
-0.299428,0.1512,6.028823e-07,84.94401,5.315802e-08,6.005186e-07
-0.299428,0.1511,1.354554e-06,79.74432,2.411641e-07,1.332812e-06
-0.299428,0.151,8.325185e-07,144.9517,-6.815325e-07,4.780702e-07
-0.299428,0.1509,5.892086e-07,-177.8635,-5.886666e-07,-2.198852e-08
-0.299428,0.1508,7.038787e-07,124.5271,-3.989282e-07,5.798656e-07
-0.299428,0.1507,1.769464e-06,126.2903,-1.047279e-06,1.426214e-06
-0.299428,0.1506,1.364009e-06,103.3634,-3.152545e-07,1.32695e-06
-0.299428,0.1505,1.026744e-06,150.0253,-8.893925e-07,5.12978e-07
-0.299428,0.1504,1.700034e-06,129.0931,-1.071933e-06,1.319356e-06
-0.299428,0.1503,4.823114e-07,140.7495,-3.734808e-07,3.05118e-07
-0.299428,0.1502,1.478584e-06,109.1756,-4.856698e-07,1.396503e-06
-0.299428,0.1501,1.553568e-06,142.0853,-1.225557e-06,9.545423e-07
-0.299428,0.15,1.900831e-06,146.5725,-1.586375e-06,1.047145e-06
-0.299714,0.2,2.441195e-06,80.52754,4.017222e-07,2.407807e-06
-0.299714,0.1999,9.206403e-07,72.79186,2.723447e-07,8.793901e-07
-0.299714,0.1998,9.974855e-07,76.72476,2.290382e-07,9.707976e-07
-0.299714,0.1997,1.837586e-06,70.09257,6.256978e-07,1.727739e-06
-0.299714,0.1996,1.749163e-06,74.7081,4.612784e-07,1.687103e-06
-0.299714,0.1995,6.16081e-07,17.19764,5.885269e-07,1.821387e-07
-0.299714,0.1994,1.86894e-06,83.02602,2.269092e-07,1.854987e-06
-0.299714,0.1993,2.106612e-06,88.22027,6.541796e-08,2.105483e-06
-0.299714,0.1992,1.639472e-06,88.42134,4.516728e-08,1.638734e-06
-0.299714,0.1991,1.368563e-06,100.7513,-2.55296e-07,1.344406e-06
-0.299714,0.199,1.59013e-06,65.94547,6.480831e-07,1.45193e-06
-0.299714,0.1989,1.823343e-06,56.20098,1.014232e-06,1.51509e-06
-0.299714,0.1988,2.197807e-06,58.46059,1.149605e-06,1.873109e-06
-0.299714,0.1987,1.195834e-06,89.77719,4.660338e-09,1.195706e-06
-0.299714,0.1986,1.901607e-06,92.61901,-8.687563e-08,1.899624e-06
-0.299714,0.1985,2.180356e-06,89.03463,3.67742e-08,2.179965e-06
-0.299714,0.1984,9.915065e-07,103.1196,-2.250485e-07,9.656008e-07
-0.299714,0.1983,9.345877e-07,84.23238,9.393319e-08,9.297598e-07
-0.299714,0.1982,9.550955e-07,115.2032,-4.066564e-07,8.64068e-07
-0.299714,0.1981,2.385696e-06,110.3286,-8.287634e-07,2.23699e-06
-0.299714,0.198,1.741474e-06,110.2526,-6.027873e-07,1.633672e-06
-0.299714,0.1979,1.690462e-06,134.7124,-1.189319e-06,1.201305e-06
-0.299714,0.1978,1.288946e-06,112.8883,-5.012601e-07,1.187313e-06
-0.299714,0.1977,1.796018e-06,88.67837,4.143454e-08,1.795431e-06
-0.299714,0.1976,9.108223e-07,94.24674,-6.742402e-08,9.083077e-07
-0.299714,0.1975,1.82645e-06,84.33904,1.801382e-07,1.817414e-06
-0.299714,0.1974,1.600826e-06,107.8017,-4.893969e-07,1.524148e-06
-0.299714,0.1973,1.165498e-06,105.6669,-3.147181e-07,1.122158e-06
-0.299714,0.1972,1.968797e-06,78.66288,3.867968e-07,1.929201e-06
-0.299714,0.1971,1.851635e-06,94.99915,-1.613572e-07,1.84446e-06
-0.299714,0.197,1.593349e-06,121.4939,-8.323621e-07,1.358661e-06
-0.299714,0.1969,7.826294e-07,74.24125,2.125203e-07,7.530804e-07
-0.299714,0.1968,1.448817e-06,64.53191,6.23038e-07,1.308029e-06
-0.299714,0.1967,1.434981e-06,79.26524,2.672821e-07,1.409824e-06
-0.299714,0.1966,1.639897e-06,99.3282,-2.65818e-07,1.618081e-06
-0.299714,0.1965,2.018764e-06,65.96121,8.223652e-07,1.843661e-06
-0.299714,0.1964,1.454036e-06,92.41618,-6.129406e-08,1.4526e-06
-0.299714,0.1963,1.266639e-06,55.30236,7.209666e-07,1.041278e-06
-0.299714,0.1962,1.044971e-06,105.729,-2.832747e-07,1.005839e-06
-0.299714,0.1961,1.788396e-06,91.74389,-5.436502e-08,1.787569e-06
-0.299714,0.196,1.993741e-06,102.7017,-4.383679e-07,1.944925e-06
-0.299714,0.1959,2.081142e-06,83.6415,2.305079e-07,2.068307e-06
-0.299714,0.1958,1.494364e-06,87.19926,7.301196e-08,1.492436e-06
-0.299714,0.1957,1.79038e-06,104.958,-4.620831e-07,1.729605e-06
-0.299714,0.1956,2.511257e-06,78.32202,5.083121e-07,2.459239e-06
-0.299714,0.1955,1.156277e-06,56.8453,6.323643e-07,9.67998e-07
-0.299714,0.1954,1.58419e-06,71.55431,5.012545e-07,1.502696e-06
-0.299714,0.1953,1.776153e-06,46.5071,1.222355e-06,1.288443e-06
-0.299714,0.1952,1.060757e-06,70.01313,3.625452e-07,9.967759e-07
-0.299714,0.1951,1.302497e-06,94.27734,-9.713508e-08,1.298837e-06
-0.299714,0.195,1.45849e-06,84.41247,1.420341e-07,1.451533e-06
-0.299714,0.1949,1.344518e-06,69.94756,4.610158e-07,1.262996e-06
-0.299714,0.1948,1.730348e-06,63.44697,7.734652e-07,1.547735e-06
-0.299714,0.1947,1.482596e-06,79.93753,2.590175e-07,1.459658e-06
-0.299714,0.1946,1.363199e-06,81.77859,1.949295e-07,1.349067e-06
-0.299714,0.1945,1.101141e-06,64.46809,4.746057e-07,9.935796e-07
-0.299714,0.1944,1.190872e-06,108.4334,-3.76543e-07,1.129617e-06
-0.299714,0.1943,1.951642e-06,122.4171,-1.046217e-06,1.64753e-06
-0.299714,0.1942,1.623921e-06,109.3242,-5.373638e-07,1.532278e-06
-0.299714,0.1941,1.108886e-06,90.69577,-1.346133e-08,1.108702e-06
-0.299714,0.194,1.997463e-06,111.4503,-7.304325e-07,1.858983e-06
-0.299714,0.1939,2.151304e-06,94.68223,-1.756176e-07,2.14399e-06
-0.299714,0.1938,1.492509e-06,116.3703,-6.6288e-07,1.337075e-06
-0.299714,0.1937,2.624485e-06,74.40255,7.056444e-07,2.527724e-06
-0.299714,0.1936,1.252664e-06,101.1439,-2.421028e-07,1.229016e-06
-0.299714,0.1935,1.778427e-06,89.49743,1.558475e-08,1.778243e-06
-0.299714,0.1934,1.141341e-06,63.66291,5.063172e-07,1.022759e-06
-0.299714,0.1933,1.340266e-06,73.38361,3.831982e-07,1.28418e-06
-0.299714,0.1932,2.007113e-06,99.74597,-3.397688e-07,1.978101e-06
-0.299714,0.1931,1.73687e-06,83.78138,1.881346e-07,1.726543e-06
-0.299714,0.193,1.988612e-06,93.3113,-1.148544e-07,1.985298e-06
-0.299714,0.1929,1.028671e-06,72.61876,3.072526e-07,9.815879e-07
-0.299714,0.1928,1.431819e-06,102.1789,-3.020614e-07,1.399565e-06
-0.299714,0.1927,2.573825e-06,93.36288,-1.509636e-07,2.569299e-06
-0.299714,0.1926,2.794962e-06,88.77104,5.995854e-08,2.794208e-06
-0.299714,0.1925,1.411389e-06,98.43647,-2.070609e-07,1.395972e-06
-0.299714,0.1924,2.136508e-06,71.06604,6.93256e-07,2.020871e-06
-0.299714,0.1923,1.272037e-06,80.68053,2.05988e-07,1.255134e-06
-0.299714,0.1922,1.217817e-06,106.3584,-3.429651e-07,1.168526e-06
-0.299714,0.1921,1.208882e-06,112.6033,-4.646144e-07,1.116028e-06
-0.299714,0.192,1.439854e-06,98.93303,-2.235844e-07,1.422353e-06
-0.299714,0.1919,1.223215e-06,169.5432,-1.202775e-06,2.219751e-07
-0.299714,0.1918,1.045815e-06,98.53613,-1.552272e-07,1.034086e-06
-0.299714,0.1917,1.575378e-06,106.7991,-4.552882e-07,1.508161e-06
-0.299714,0.1916,1.102885e-06,86.61962,6.502121e-08,1.10084e-06
-0.299714,0.1915,1.833194e-06,106.1119,-5.092509e-07,1.762786e-06
-0.299714,0.1914,1.803293e-06,131.9788,-1.206105e-06,1.34054e-06
-0.299714,0.1913,1.111943e-06,104.6468,-2.811402e-07,1.075789e-06
-0.299714,0.1912,1.627307e-06,100.5406,-2.976637e-07,1.599831e-06
-0.299714,0.1911,1.316439e-06,62.43819,6.090458e-07,1.166928e-06
-0.299714,0.191,1.712065e-06,99.84564,-2.927351e-07,1.686835e-06
-0.299714,0.1909,1.663422e-06,87.8286,6.302073e-08,1.662187e-06
-0.299714,0.1908,1.879211e-06,87.35051,8.687004e-08,1.877104e-06
-0.299714,0.1907,1.268723e-06,104.3451,-3.143213e-07,1.229016e-06
-0.299714,0.1906,6.006527e-07,25.63244,5.414932e-07,2.598166e-07
-0.299714,0.1905,9.280722e-07,108.1453,-2.890024e-07,8.819214e-07
-0.299714,0.1904,1.719089e-06,117.5687,-7.955878e-07,1.52388e-06
-0.299714,0.1903,1.345681e-06,56.33037,7.460173e-07,1.119894e-06
-0.299714,0.1902,1.734154e-06,89.24302,2.291612e-08,1.733869e-06
-0.299714,0.1901,1.974418e-06,71.4188,6.291624e-07,1.871511e-06
-0.299714,0.19,1.347256e-06,92.04549,-4.810094e-08,1.346273e-06
-0.299714,0.1899,2.122107e-06,106.2741,-5.946625e-07,2.036998e-06
-0.299714,0.1898,1.260867e-06,115.6709,-5.461592e-07,1.136284e-06
-0.299714,0.1897,1.556156e-06,79.29759,2.889968e-07,1.529077e-06
-0.299714,0.1896,2.464167e-06,72.44172,7.433518e-07,2.349313e-06
-0.299714,0.1895,2.09267e-06,97.90155,-2.876725e-07,2.072704e-06
-0.299714,0.1894,1.925831e-06,66.81961,7.58009e-07,1.770246e-06
-0.299714,0.1893,1.89859e-06,65.9752,7.729344e-07,1.734003e-06
-0.299714,0.1892,1.771498e-06,104.8758,-4.547573e-07,1.712154e-06
-0.299714,0.1891,1.179294e-06,106.1652,-3.283079e-07,1.132551e-06
-0.299714,0.189,2.021145e-06,76.14962,4.837978e-07,1.962248e-06
-0.299714,0.1889,1.318808e-06,88.03143,4.530139e-08,1.317892e-06
-0.299714,0.1888,1.66592e-06,96.56307,-1.904033e-07,1.654861e-06
-0.299714,0.1887,1.304045e-06,85.35316,1.056566e-07,1.299636e-06
-0.299714,0.1886,1.128539e-06,75.33482,2.856664e-07,1.091647e-06
-0.299714,0.1885,1.313382e-06,99.17783,-2.094581e-07,1.296574e-06
-0.299714,0.1884,1.039875e-06,78.66113,2.043899e-07,1.019429e-06
-0.299714,0.1883,2.366088e-06,83.64369,2.619512e-07,2.351447e-06
-0.299714,0.1882,1.531776e-06,82.13604,2.095866e-07,1.517353e-06
-0.299714,0.1881,1.420704e-06,73.96587,3.92396e-07,1.365322e-06
-0.299714,0.188,1.327179e-06,79.69274,2.374313e-07,1.305632e-06
-0.299714,0.1879,1.215755e-06,96.64,-1.405701e-07,1.207564e-06
-0.299714,0.1878,1.085244e-06,102.6326,-2.373084e-07,1.058869e-06
-0.299714,0.1877,9.766761e-07,70.67395,3.232397e-07,9.216293e-07
-0.299714,0.1876,1.33665e-06,90.78233,-1.825578e-08,1.33641e-06
-0.299714,0.1875,1.876914e-06,106.6329,-5.372352e-07,1.798359e-06
-0.299714,0.1874,7.719006e-07,78.97411,1.476276e-07,7.576067e-07
-0.299714,0.1873,1.700749e-06,88.66788,3.956817e-08,1.700296e-06
-0.299714,0.1872,1.717502e-06,75.02359,4.438273e-07,1.659125e-06
-0.299714,0.1871,1.329202e-06,44.91268,9.413491e-07,9.384211e-07
-0.299714,0.187,1.332571e-06,76.09716,3.201775e-07,1.293506e-06
-0.299714,0.1869,1.619422e-06,94.1768,-1.179222e-07,1.615019e-06
-0.299714,0.1868,1.660337e-06,99.82815,-2.834089e-07,1.63594e-06
-0.299714,0.1867,1.317808e-06,66.19289,5.318988e-07,1.205569e-06
-0.299714,0.1866,1.627631e-06,78.61567,3.212448e-07,1.595567e-06
-0.299714,0.1865,1.121873e-06,71.18975,3.617461e-07,1.061931e-06
-0.299714,0.1864,2.307621e-06,65.34225,9.626671e-07,2.09709e-06
-0.299714,0.1863,1.179009e-06,102.7393,-2.599563e-07,1.149874e-06
-0.299714,0.1862,1.260431e-06,97.54485,-1.654867e-07,1.249406e-06
-0.299714,0.1861,7.407423e-07,90.57775,-7.465481e-09,7.406864e-07
-0.299714,0.186,1.587627e-06,67.56971,6.057154e-07,1.467386e-06
-0.299714,0.1859,1.763468e-06,85.79609,1.292433e-07,1.758651e-06
-0.299714,0.1858,1.446425e-06,96.43717,-1.621562e-07,1.437272e-06
-0.299714,0.1857,1.691121e-06,103.7244,-4.011914e-07,1.642735e-06
-0.299714,0.1856,1.485748e-06,83.09771,1.785401e-07,1.474851e-06
-0.299714,0.1855,1.428645e-06,85.35316,1.15782e-07,1.423951e-06
-0.299714,0.1854,9.356047e-07,105.5471,-2.507641e-07,9.013786e-07
-0.299714,0.1853,1.604279e-06,110.6696,-5.662813e-07,1.500964e-06
-0.299714,0.1852,1.796744e-06,106.9755,-5.24573e-07,1.718413e-06
-0.299714,0.1851,1.442922e-06,103.207,-3.296434e-07,1.404633e-06
-0.299714,0.185,1.425337e-06,101.6771,-2.884715e-07,1.395704e-06
-0.299714,0.1849,1.375967e-06,83.71232,1.506954e-07,1.367591e-06
-0.299714,0.1848,1.06881e-06,105.8164,-2.912711e-07,1.028224e-06
-0.299714,0.1847,7.52801e-07,38.64376,5.879905e-07,4.700738e-07
-0.299714,0.1846,1.299781e-06,85.74975,9.633041e-08,1.296171e-06
-0.299714,0.1845,1.553803e-06,90.58999,-1.599267e-08,1.553596e-06
-0.299714,0.1844,1.235408e-06,138.008,-9.181704e-07,8.264947e-07
-0.299714,0.1843,7.150657e-07,60.73527,3.494918e-07,6.23703e-07
-0.299714,0.1842,1.801908e-06,114.5939,-7.498897e-07,1.638337e-06
-0.299714,0.1841,9.064637e-07,101.4909,-1.805461e-07,8.881855e-07
-0.299714,0.184,2.197181e-06,108.6087,-7.011182e-07,2.082299e-06
-0.299714,0.1839,1.114524e-06,113.5955,-4.46096e-07,1.021295e-06
-0.299714,0.1838,1.333421e-06,103.3223,-3.072582e-07,1.297507e-06
-0.299714,0.1837,5.035009e-07,104.2192,-1.236498e-07,4.879273e-07
-0.299714,0.1836,1.374458e-06,94.10861,-9.847059e-08,1.370787e-06
-0.299714,0.1835,1.987321e-06,93.32529,-1.152567e-07,1.983968e-06
-0.299714,0.1834,6.869919e-07,129.5162,-4.37038e-07,5.298983e-07
-0.299714,0.1833,9.138565e-07,156.7147,-8.392911e-07,3.612153e-07
-0.299714,0.1832,1.588303e-06,130.7304,-1.036355e-06,1.203568e-06
-0.299714,0.1831,1.486418e-06,99.85263,-2.543628e-07,1.464458e-06
-0.299714,0.183,1.403952e-06,94.38313,-1.072604e-07,1.399833e-06
-0.299714,0.1829,1.589806e-06,71.02014,5.171075e-07,1.503361e-06
-0.299714,0.1828,6.591416e-07,80.20856,1.120548e-07,6.494186e-07
-0.299714,0.1827,1.226998e-06,46.72479,8.410178e-07,8.932482e-07
-0.299714,0.1826,1.387417e-06,89.49306,1.225434e-08,1.387311e-06
-0.299714,0.1825,1.427432e-06,112.6182,-5.489587e-07,1.317624e-06
-0.299714,0.1824,1.195857e-06,103.0863,-2.707522e-07,1.164793e-06
-0.299714,0.1823,1.980615e-06,82.65273,2.532899e-07,1.964248e-06
-0.299714,0.1822,1.762708e-06,105.0594,-4.579536e-07,1.702157e-06
-0.299714,0.1821,2.279832e-06,99.00166,-3.56689e-07,2.251647e-06
-0.299714,0.182,1.38018e-06,90.18171,-4.397705e-09,1.380113e-06
-0.299714,0.1819,1.328833e-06,101.2059,-2.58224e-07,1.303503e-06
-0.299714,0.1818,1.149388e-06,171.4393,-1.136552e-06,1.710802e-07
-0.299714,0.1817,8.592009e-07,50.42253,5.47355e-07,6.622094e-07
-0.299714,0.1816,1.558553e-06,78.06498,3.223065e-07,1.524813e-06
-0.299714,0.1815,7.64938e-07,131.8301,-5.100499e-07,5.698744e-07
-0.299714,0.1814,8.927173e-07,53.77954,5.275011e-07,7.201675e-07
-0.299714,0.1813,7.418151e-07,124.3715,-4.187822e-07,6.122421e-07
-0.299714,0.1812,1.429053e-06,112.4416,-5.454942e-07,1.320686e-06
-0.299714,0.1811,1.10032e-06,109.4816,-3.669485e-07,1.037282e-06
-0.299714,0.181,1.839889e-06,126.1985,-1.08659e-06,1.484708e-06
-0.299714,0.1809,2.1591e-06,105.7115,-5.846656e-07,2.078432e-06
-0.299714,0.1808,1.227702e-06,62.7267,5.62543e-07,1.091111e-06
-0.299714,0.1807,9.122975e-07,24.05801,8.330214e-07,3.718771e-07
-0.299714,0.1806,1.187888e-06,126.5491,-7.073823e-07,9.54274e-07
-0.299714,0.1805,1.203529e-06,145.1738,-9.878575e-07,6.872601e-07
-0.299714,0.1804,1.311505e-06,124.5096,-7.429607e-07,1.080589e-06
-0.299714,0.1803,5.239974e-07,128.3622,-3.251116e-07,4.107803e-07
-0.299714,0.1802,6.814654e-07,103.5478,-1.596249e-07,6.623435e-07
-0.299714,0.1801,1.125684e-06,127.8254,-6.903279e-07,8.891187e-07
-0.299714,0.18,1.697134e-06,107.1941,-5.016569e-07,1.621283e-06
-0.299714,0.1799,7.771085e-07,146.9956,-6.516873e-07,4.233084e-07
-0.299714,0.1798,8.886046e-07,162.0714,-8.454211e-07,2.735406e-07
-0.299714,0.1797,8.509922e-07,-163.5348,-8.159726e-07,-2.411697e-07
-0.299714,0.1796,1.356331e-06,179.4476,-1.356136e-06,1.305341e-08
-0.299714,0.1795,1.548226e-06,-172.8354,-1.536145e-06,-1.930687e-07
-0.299714,0.1794,1.04914e-06,167.8647,-1.025564e-06,2.205111e-07
-0.299714,0.1793,1.070033e-06,152.5378,-9.493511e-07,4.933923e-07
-0.299714,0.1792,1.488357e-06,142.1063,-1.174528e-06,9.141694e-07
-0.299714,0.1791,5.676113e-07,139.5789,-4.321038e-07,3.680102e-07
-0.299714,0.179,1.048598e-06,157.6956,-9.701382e-07,3.979895e-07
-0.299714,0.1789,7.885806e-07,-173.6659,-7.837302e-07,-8.700974e-08
-0.299714,0.1788,4.326459e-07,-148.2735,-3.678817e-07,-2.274457e-07
-0.299714,0.1787,1.442804e-06,162.2891,-1.374391e-06,4.388932e-07
-0.299714,0.1786,1.559933e-06,-166.987,-1.519756e-06,-3.512296e-07
-0.299714,0.1785,6.773527e-07,-158.7769,-6.313025e-07,-2.45165e-07
-0.299714,0.1784,1.651519e-06,-178.4466,-1.650866e-06,-4.477053e-08
-0.299714,0.1783,1.759819e-06,167.2082,-1.716021e-06,3.895964e-07
-0.299714,0.1782,1.745531e-06,-169.9899,-1.718821e-06,-3.033913e-07
-0.299714,0.1781,1.030566e-06,-159.0689,-9.625386e-07,-3.681499e-07
-0.299714,0.178,9.176619e-07,165.4047,-8.879229e-07,2.311728e-07
-0.299714,0.1779,5.161464e-07,121.104,-2.666171e-07,4.419609e-07
-0.299714,0.1778,1.736121e-06,173.5768,-1.725213e-06,1.942645e-07
-0.299714,0.1777,1.028241e-06,171.9482,-1.018105e-06,1.44029e-07
-0.299714,0.1776,1.263068e-06,152.9661,-1.124963e-06,5.740039e-07
-0.299714,0.1775,2.194158e-06,152.0211,-1.937605e-06,1.029286e-06
-0.299714,0.1774,1.617399e-06,160.7596,-1.526953e-06,5.329661e-07
-0.299714,0.1773,1.37794e-06,98.06578,-1.933369e-07,1.36426e-06
-0.299714,0.1772,1.359678e-06,148.8723,-1.163866e-06,7.028449e-07
-0.299714,0.1771,5.663819e-07,139.9444,-4.334393e-07,3.644116e-07
-0.299714,0.177,1.030208e-06,133.6476,-7.109809e-07,7.453523e-07
-0.299714,0.1769,2.43758e-06,137.3943,-1.794101e-06,1.650061e-06
-0.299714,0.1768,2.065753e-06,124.7728,-1.178126e-06,1.696832e-06
-0.299714,0.1767,2.7517e-06,124.5883,-1.561995e-06,2.265237e-06
-0.299714,0.1766,1.845454e-06,104.0532,-4.480965e-07,1.7901e-06
-0.299714,0.1765,1.06744e-06,172.6195,-1.058472e-06,1.371055e-07
-0.299714,0.1764,1.906257e-06,99.75122,-3.228485e-07,1.878574e-06
-0.299714,0.1763,1.932369e-06,119.1825,-9.421538e-07,1.686969e-06
-0.299714,0.1762,1.653129e-06,115.6429,-7.153786e-07,1.490173e-06
-0.299714,0.1761,1.017272e-06,113.4758,-4.051923e-07,9.329561e-07
-0.299714,0.176,4.71862e-07,161.6973,-4.479624e-07,1.481641e-07
-0.299714,0.1759,1.8849e-06,85.15558,1.592226e-07,1.878172e-06
-0.299714,0.1758,1.12755e-06,141.6412,-8.840616e-07,6.996486e-07
-0.299714,0.1757,1.568689e-06,100.7898,-2.936683e-07,1.540934e-06
-0.299714,0.1756,1.291025e-06,158.352,-1.199841e-06,4.762038e-07
-0.299714,0.1755,1.285968e-06,117.6247,-5.962606e-07,1.139346e-06
-0.299714,0.1754,4.108808e-07,100.0869,-7.195584e-08,4.043877e-07
-0.299714,0.1753,1.089798e-06,103.1091,-2.471655e-07,1.061266e-06
-0.299714,0.1752,1.300871e-06,121.0323,-6.706081e-07,1.114698e-06
-0.299714,0.1751,8.573401e-07,109.7789,-2.900697e-07,8.066408e-07
-0.299714,0.175,1.451499e-06,133.7097,-1.002911e-06,1.04914e-06
-0.299714,0.1749,1.361142e-06,99.6884,-2.290438e-07,1.341607e-06
-0.299714,0.1748,1.357868e-06,113.7179,-5.461592e-07,1.243142e-06
-0.299714,0.1747,1.160563e-06,104.7613,-2.956688e-07,1.122158e-06
-0.299714,0.1746,1.965874e-06,119.1388,-9.572133e-07,1.717083e-06
-0.299714,0.1745,8.990988e-07,129.3239,-5.697458e-07,6.955191e-07
-0.299714,0.1744,1.284671e-06,107.4494,-3.852043e-07,1.225551e-06
-0.299714,0.1743,1.394687e-06,126.6025,-8.31563e-07,1.119626e-06
-0.299714,0.1742,9.874943e-07,96.39871,-1.100599e-07,9.811911e-07
-0.299714,0.1741,1.181295e-06,89.40476,1.225434e-08,1.181183e-06
-0.299714,0.174,5.554128e-07,128.0038,-3.419034e-07,4.375632e-07
-0.299714,0.1739,9.794142e-07,126.8778,-5.877334e-07,7.834564e-07
-0.299714,0.1738,5.487296e-07,142.7164,-4.365015e-07,3.323033e-07
-0.299714,0.1737,1.156518e-06,102.3126,-2.466347e-07,1.129886e-06
-0.299714,0.1736,1.645093e-06,100.0755,-2.878066e-07,1.619685e-06
-0.299714,0.1735,1.969926e-06,111.0289,-7.068514e-07,1.838732e-06
-0.299714,0.1734,1.476706e-06,105.5052,-3.95067e-07,1.424085e-06
-0.299714,0.1733,1.251284e-06,89.09277,1.984834e-08,1.251138e-06
-0.299714,0.1732,1.542175e-06,81.32397,2.326369e-07,1.524416e-06
-0.299714,0.1731,1.620965e-06,75.95641,3.933291e-07,1.572383e-06
-0.299714,0.173,8.308254e-07,96.5211,-9.433552e-08,8.252989e-07
-0.299714,0.1729,1.851903e-06,80.10714,3.18177e-07,1.824343e-06
-0.299714,0.1728,1.066429e-06,95.39081,-1.002028e-07,1.061668e-06
-0.299714,0.1727,1.889985e-06,135.9423,-1.358136e-06,1.314159e-06
-0.299714,0.1726,7.958952e-07,122.286,-4.250463e-07,6.727371e-07
-0.299714,0.1725,1.795319e-06,98.47669,-2.646222e-07,1.775577e-06
-0.299714,0.1724,1.219896e-06,73.5978,3.444291e-07,1.170124e-06
-0.299714,0.1723,9.268764e-07,140.5396,-7.155127e-07,5.889236e-07
-0.299714,0.1722,1.709075e-06,54.51642,9.919814e-07,1.391574e-06
-0.299714,0.1721,1.130925e-06,88.06902,3.810413e-08,1.130154e-06
-0.299714,0.172,2.443581e-06,85.30508,1.999922e-07,2.435255e-06
-0.299714,0.1719,1.718876e-06,69.86276,5.917232e-07,1.613689e-06
-0.299714,0.1718,2.145795e-06,99.8063,-3.654845e-07,2.114407e-06
-0.299714,0.1717,9.997431e-07,79.81514,1.768078e-07,9.839851e-07
-0.299714,0.1716,1.476371e-06,71.12768,4.775337e-07,1.396905e-06
-0.299714,0.1715,1.579463e-06,99.1787,-2.519655e-07,1.55919e-06
-0.299714,0.1714,1.188274e-06,66.93414,4.65542e-07,1.093246e-06
-0.299714,0.1713,1.118732e-06,87.97898,3.943406e-08,1.117894e-06
-0.299714,0.1712,1.499567e-06,109.4379,-4.989914e-07,1.41396e-06
-0.299714,0.1711,1.430913e-06,103.9404,-3.446973e-07,1.388641e-06
-0.299714,0.171,1.412361e-06,77.06922,3.16048e-07,1.376515e-06
-0.299714,0.1709,9.581074e-07,92.80773,-4.690513e-08,9.569395e-07
-0.299714,0.1708,1.387853e-06,75.91707,3.376342e-07,1.346005e-06
-0.299714,0.1707,2.175165e-06,88.03362,7.461011e-08,2.173835e-06
-0.299714,0.1706,1.107819e-06,101.3773,-2.185218e-07,1.086048e-06
-0.299714,0.1705,1.422872e-06,113.009,-5.56156e-07,1.309627e-06
-0.299714,0.1704,7.96454e-07,147.8923,-6.746035e-07,4.233084e-07
-0.299714,0.1703,1.379018e-06,94.60486,-1.107249e-07,1.374386e-06
-0.299714,0.1702,9.282007e-07,122.8242,-5.0259e-07,7.798634e-07
-0.299714,0.1701,1.482261e-06,77.55793,3.193784e-07,1.447403e-06
-0.299714,0.17,8.911639e-07,80.67179,1.444313e-07,8.792616e-07
-0.299714,0.1699,1.041876e-06,121.333,-5.417615e-07,8.899178e-07
-0.299714,0.1698,1.199668e-06,119.5724,-5.91997e-07,1.043278e-06
-0.299714,0.1697,2.455126e-06,109.0602,-8.017178e-07,2.320401e-06
-0.299714,0.1696,1.286258e-06,130.1937,-8.300989e-07,9.825211e-07
-0.299714,0.1695,1.396581e-06,81.86689,1.975949e-07,1.382511e-06
-0.299714,0.1694,1.140967e-06,134.305,-7.969234e-07,8.165035e-07
-0.299714,0.1693,8.527301e-07,159.8924,-8.006505e-07,2.931263e-07
-0.299714,0.1692,1.189783e-06,103.7612,-2.830065e-07,1.155467e-06
-0.299714,0.1691,1.375135e-06,91.8925,-4.54355e-08,1.374252e-06
-0.299714,0.169,9.948816e-07,113.4164,-3.953296e-07,9.128339e-07
-0.299714,0.1689,1.763077e-06,131.3459,-1.164671e-06,1.323619e-06
-0.299714,0.1688,1.296211e-06,96.70033,-1.512318e-07,1.287242e-06
-0.299714,0.1687,1.24312e-06,122.7743,-6.728712e-07,1.045145e-06
-0.299714,0.1686,1.131813e-06,117.6142,-5.24573e-07,1.002771e-06
-0.299714,0.1685,1.955615e-06,95.6933,-1.940019e-07,1.945858e-06
-0.299714,0.1684,1.176455e-06,95.70904,-1.16989e-07,1.170527e-06
-0.299714,0.1683,1.306163e-06,82.32663,1.744106e-07,1.294439e-06
-0.299714,0.1682,1.554083e-06,129.1455,-9.810626e-07,1.2053e-06
-0.299714,0.1681,1.727459e-06,133.9886,-1.199712e-06,1.242874e-06
-0.299714,0.168,1.624234e-06,84.69049,1.502931e-07,1.617154e-06
-0.299714,0.1679,1.126058e-06,135.59,-8.043833e-07,7.879883e-07
-0.299714,0.1678,6.578285e-07,148.3504,-5.598831e-07,3.450941e-07
-0.299714,0.1677,1.398134e-06,94.29046,-1.037959e-07,1.394771e-06
-0.299714,0.1676,1.501355e-06,99.69889,-2.528931e-07,1.47978e-06
-0.299714,0.1675,1.635309e-06,104.1878,-4.007946e-07,1.585442e-06
-0.299714,0.1674,8.046682e-07,77.10943,1.794733e-07,7.842555e-07
-0.299714,0.1673,1.344602e-06,106.3409,-3.782752e-07,1.290176e-06
-0.299714,0.1672,2.237079e-06,116.4463,-9.962506e-07,2.002883e-06
-0.299714,0.1671,1.503953e-06,95.62773,-1.474991e-07,1.496566e-06
-0.299714,0.167,3.680437e-07,79.99349,6.395392e-08,3.624167e-07
-0.299714,0.1669,1.501355e-06,108.3979,-4.738122e-07,1.424616e-06
-0.299714,0.1668,1.712629e-06,92.2116,-6.608851e-08,1.711221e-06
-0.299714,0.1667,1.437501e-06,153.7223,-1.288851e-06,6.363596e-07
-0.299714,0.1666,1.267097e-06,71.91324,3.933291e-07,1.204367e-06
-0.299714,0.1665,1.3231e-06,95.07871,-1.171231e-07,1.317758e-06
-0.299714,0.1664,5.760602e-07,-146.6914,-4.814062e-07,-3.163162e-07
-0.299714,0.1663,1.223836e-06,98.54051,-1.81742e-07,1.210229e-06
-0.299714,0.1662,1.300379e-06,100.0379,-2.266466e-07,1.280447e-06
-0.299714,0.1661,1.223975e-06,85.21765,1.02058e-07,1.219689e-06
-0.299714,0.166,1.586124e-06,104.1703,-3.882665e-07,1.537872e-06
-0.299714,0.1659,1.208776e-06,99.97241,-2.09324e-07,1.190381e-06
-0.299714,0.1658,1.737702e-06,115.3344,-7.434915e-07,1.570517e-06
-0.299714,0.1657,1.025112e-06,97.36388,-1.313779e-07,1.016629e-06
-0.299714,0.1656,1.464279e-06,110.5079,-5.129836e-07,1.371452e-06
-0.299714,0.1655,1.528182e-06,111.7519,-5.662813e-07,1.419285e-06
-0.299714,0.1654,1.982873e-06,113.8036,-8.002538e-07,1.814084e-06
-0.299714,0.1653,1.764625e-06,72.50598,5.304347e-07,1.682974e-06
-0.299714,0.1652,1.307303e-06,104.1965,-3.205798e-07,1.267394e-06
-0.299714,0.1651,2.245858e-06,111.8716,-8.366256e-07,2.084165e-06
-0.299714,0.165,1.076851e-06,85.23864,8.940137e-08,1.073123e-06
-0.299714,0.1649,9.259767e-07,107.633,-2.804752e-07,8.824579e-07
-0.299714,0.1648,1.398257e-06,65.31077,5.839951e-07,1.270322e-06
-0.299714,0.1647,1.17707e-06,62.61654,5.413591e-07,1.045145e-06
-0.299714,0.1646,1.560095e-06,120.2368,-7.855966e-07,1.347871e-06
-0.299714,0.1645,1.271126e-06,88.55248,3.210827e-08,1.27059e-06
-0.299714,0.1644,1.876004e-06,98.60695,-2.807434e-07,1.854853e-06
-0.299714,0.1643,1.363417e-06,98.07977,-1.916047e-07,1.349737e-06
-0.299714,0.1642,9.383764e-07,76.8489,2.134479e-07,9.13633e-07
-0.299714,0.1641,1.374453e-06,85.81794,1.001972e-07,1.370653e-06
-0.299714,0.164,1.658085e-06,87.89067,6.102025e-08,1.656856e-06
-0.299714,0.1639,9.012836e-07,98.08327,-1.267176e-07,8.921809e-07
-0.299714,0.1638,1.986488e-06,112.3078,-7.540192e-07,1.837799e-06
-0.299714,0.1637,1.548226e-06,95.18537,-1.399051e-07,1.541867e-06
-0.299714,0.1636,2.056399e-06,88.10662,6.794929e-08,2.055248e-06
-0.299714,0.1635,1.338277e-06,53.96051,7.873233e-07,1.082053e-06
-0.299714,0.1634,5.882699e-07,92.45465,-2.518482e-08,5.875937e-07
-0.299714,0.1633,1.712724e-06,108.0334,-5.301721e-07,1.628475e-06
-0.299714,0.1632,9.965412e-07,77.47487,2.161134e-07,9.727925e-07
-0.299714,0.1631,1.536e-06,84.24899,1.538917e-07,1.528143e-06
-0.299714,0.163,1.999223e-06,110.4694,-6.991233e-07,1.872841e-06
-0.299714,0.1629,1.843454e-06,127.8114,-1.130159e-06,1.456327e-06
-0.299714,0.1628,1.401884e-06,84.61181,1.316405e-07,1.39557e-06
-0.299714,0.1627,2.153718e-06,124.0656,-1.206373e-06,1.784104e-06
-0.299714,0.1626,1.807294e-06,106.4773,-5.125813e-07,1.732936e-06
-0.299714,0.1625,2.077555e-06,102.6475,-4.548914e-07,2.027001e-06
-0.299714,0.1624,1.616556e-06,120.0384,-8.091777e-07,1.399436e-06
-0.299714,0.1623,1.58276e-06,110.6198,-5.573518e-07,1.481244e-06
-0.299714,0.1622,2.143079e-06,98.08458,-3.013964e-07,2.121739e-06
-0.299714,0.1621,7.070582e-07,106.8847,-2.053286e-07,6.765983e-07
-0.299714,0.162,6.160642e-07,108.9868,-2.004001e-07,5.823969e-07
-0.299714,0.1619,1.385115e-06,91.2237,-2.958253e-08,1.384779e-06
-0.299714,0.1618,1.72851e-06,111.0009,-6.194449e-07,1.613555e-06
-0.299714,0.1617,9.763464e-07,100.0694,-1.706834e-07,9.612031e-07
-0.299714,0.1616,1.907352e-06,113.5178,-7.610768e-07,1.748928e-06
-0.299714,0.1615,1.839498e-06,77.15577,4.089139e-07,1.793431e-06
-0.299714,0.1614,1.239839e-06,127.8656,-7.609482e-07,9.786598e-07
-0.299714,0.1613,1.220695e-06,77.036,2.738088e-07,1.189447e-06
-0.299714,0.1612,1.906396e-06,90.62583,-2.078711e-08,1.906285e-06
-0.299714,0.1611,5.662366e-07,51.14292,3.552194e-07,4.408936e-07
-0.299714,0.161,9.771566e-07,95.12417,-8.727796e-08,9.731948e-07
-0.299714,0.1609,1.728409e-06,88.44582,4.689954e-08,1.727739e-06
-0.299714,0.1608,2.068379e-06,96.25708,-2.254452e-07,2.055918e-06
-0.299714,0.1607,1.393513e-06,92.31826,-5.63655e-08,1.392239e-06
-0.299714,0.1606,1.443687e-06,99.57387,-2.401024e-07,1.423548e-06
-0.299714,0.1605,1.677861e-06,-179.1321,-1.677514e-06,-2.545304e-08
-0.299714,0.1604,5.158949e-07,115.1788,-2.194494e-07,4.668775e-07
-0.299714,0.1603,9.644608e-07,89.35055,1.092441e-08,9.642653e-07
-0.299714,0.1602,9.127836e-07,93.59105,-5.716457e-08,9.10839e-07
-0.299714,0.1601,9.574368e-07,127.3272,-5.805362e-07,7.613394e-07
-0.299714,0.16,1.242147e-06,154.128,-1.117631e-06,5.420241e-07
-0.299714,0.1599,1.535458e-06,123.9546,-8.575469e-07,1.273524e-06
-0.299714,0.1598,9.198691e-07,116.3423,-4.081204e-07,8.242316e-07
-0.299714,0.1597,1.047771e-06,128.7259,-6.554201e-07,8.173026e-07
-0.299714,0.1596,8.897949e-07,147.7192,-7.521528e-07,4.751365e-07
-0.299714,0.1595,1.381762e-06,125.1181,-7.947888e-07,1.130154e-06
-0.299714,0.1594,7.434245e-07,145.1843,-6.102472e-07,4.243701e-07
-0.299714,0.1593,1.640846e-06,97.57807,-2.163872e-07,1.62648e-06
-0.299714,0.1592,1.521438e-06,130.671,-9.914562e-07,1.153869e-06
-0.299714,0.1591,1.333085e-06,93.95562,-9.19383e-08,1.329883e-06
-0.299714,0.159,1.192292e-06,116.2802,-5.27909e-07,1.068994e-06
-0.299714,0.1589,1.037975e-06,99.33869,-1.684203e-07,1.024095e-06
-0.299714,0.1588,1.373816e-06,169.7836,-1.352006e-06,2.436954e-07
-0.299714,0.1587,7.094833e-07,80.72424,1.143179e-07,7.000509e-07
-0.299714,0.1586,2.33142e-06,98.26774,-3.35237e-07,2.307079e-06
-0.299714,0.1585,1.788469e-06,122.3655,-9.573418e-07,1.510558e-06
-0.299714,0.1584,8.356422e-07,126.6768,-4.991255e-07,6.702002e-07
-0.299714,0.1583,1.748571e-06,90.25777,-7.862225e-09,1.748526e-06
-0.299714,0.1582,1.021832e-06,135.1144,-7.239058e-07,7.209666e-07
-0.299714,0.1581,7.290244e-07,90.79631,-1.013092e-08,7.288288e-07
-0.299714,0.158,8.232202e-07,48.49153,5.454886e-07,6.163716e-07
-0.299714,0.1579,8.753277e-07,48.2887,5.823969e-07,6.53414e-07
-0.299714,0.1578,1.033527e-06,92.97733,-5.370005e-08,1.032086e-06
-0.299714,0.1577,1.684885e-06,73.24111,4.857983e-07,1.613287e-06
-0.299714,0.1576,1.011874e-06,100.3404,-1.816134e-07,9.953118e-07
-0.299714,0.1575,1.539453e-06,80.51792,2.535581e-07,1.518286e-06
-0.299714,0.1574,1.81795e-06,79.06591,3.448259e-07,1.784903e-06
-0.299714,0.1573,1.004185e-06,57.03414,5.464218e-07,8.424818e-07
-0.299714,0.1572,7.099471e-07,60.74926,3.468263e-07,6.193052e-07
-0.299714,0.1571,1.133328e-06,88.81475,2.344697e-08,1.133082e-06
-0.299714,0.157,1.216666e-06,128.1104,-7.508173e-07,9.572077e-07
-0.299714,0.1569,1.482143e-06,84.63628,1.385696e-07,1.47565e-06
-0.299714,0.1568,1.395212e-06,83.07236,1.670848e-07,1.384511e-06
-0.299714,0.1567,1.629654e-06,95.3672,-1.524332e-07,1.622479e-06
-0.299714,0.1566,1.568824e-06,100.635,-2.895388e-07,1.541739e-06
-0.299714,0.1565,1.085031e-06,66.85196,4.265047e-07,9.975749e-07
-0.299714,0.1564,2.022592e-06,81.9412,2.835374e-07,2.002486e-06
-0.299714,0.1563,1.434635e-06,105.3268,-3.792084e-07,1.383444e-06
-0.299714,0.1562,9.666681e-07,121.1337,-4.997905e-07,8.274279e-07
-0.299714,0.1561,1.297865e-06,74.7116,3.421604e-07,1.251803e-06
-0.299714,0.156,1.56104e-06,83.14317,1.864023e-07,1.549864e-06
-0.299714,0.1559,1.348681e-06,92.68445,-6.316043e-08,1.347072e-06
-0.299714,0.1558,1.278005e-06,55.25253,7.28432e-07,1.050073e-06
-0.299714,0.1557,1.676391e-06,76.53692,3.902614e-07,1.630207e-06
-0.299714,0.1556,1.138603e-06,88.41085,3.157742e-08,1.138145e-06
-0.299714,0.1555,1.889107e-06,105.576,-5.07256e-07,1.819677e-06
-0.299714,0.1554,1.358125e-06,111.1233,-4.893969e-07,1.266723e-06
-0.299714,0.1553,1.789161e-06,77.37433,3.910604e-07,1.745861e-06
-0.299714,0.1552,2.013556e-07,112.2029,-7.608532e-08,1.864023e-07
-0.299714,0.1551,7.278565e-07,98.01682,-1.015327e-07,7.207039e-07
-0.299714,0.155,2.453399e-06,91.55286,-6.649084e-08,2.452444e-06
-0.299714,0.1549,1.774197e-06,94.89337,-1.513659e-07,1.767581e-06
-0.299714,0.1548,1.71463e-06,68.16246,6.378237e-07,1.591566e-06
-0.299714,0.1547,1.182178e-06,63.56674,5.261711e-07,1.058466e-06
-0.299714,0.1546,1.540767e-06,73.82336,4.293043e-07,1.480048e-06
-0.299714,0.1545,9.051896e-07,84.11872,9.273178e-08,9.003113e-07
-0.299714,0.1544,1.718647e-06,79.8064,3.041904e-07,1.691501e-06
-0.299714,0.1543,1.041769e-06,91.43702,-2.611801e-08,1.041412e-06
-0.299714,0.1542,1.682488e-06,94.95631,-1.453701e-07,1.676045e-06
-0.299714,0.1541,1.27639e-06,103.1371,-2.900697e-07,1.242874e-06
-0.299714,0.154,9.288769e-07,88.01919,3.210827e-08,9.282901e-07
-0.299714,0.1539,8.720196e-07,90.69315,-1.052767e-08,8.719302e-07
-0.299714,0.1538,1.596629e-06,76.07706,3.841314e-07,1.549595e-06
-0.299714,0.1537,1.866661e-06,92.14778,-6.995536e-08,1.865247e-06
-0.299714,0.1536,1.23989e-06,111.1268,-4.468951e-07,1.156534e-06
-0.299714,0.1535,1.195136e-06,107.5936,-3.612209e-07,1.139212e-06
-0.299714,0.1534,7.582157e-07,62.38137,3.514867e-07,6.718039e-07
-0.299714,0.1533,1.356845e-06,94.77097,-1.128595e-07,1.352e-06
-0.299714,0.1532,1.484524e-06,139.4968,-1.12869e-06,9.641367e-07
-0.299714,0.1531,1.624418e-06,132.4369,-1.096051e-06,1.198774e-06
-0.299714,0.153,1.287236e-06,76.90923,2.915281e-07,1.25367e-06
-0.299714,0.1529,1.745134e-06,141.2268,-1.360533e-06,1.092843e-06
-0.299714,0.1528,8.763615e-07,91.07333,-1.638941e-08,8.761938e-07
-0.299714,0.1527,1.560984e-06,93.99496,-1.0873e-07,1.557061e-06
-0.299714,0.1526,1.312913e-06,84.4151,1.277737e-07,1.306565e-06
-0.299714,0.1525,1.374201e-06,96.50274,-1.556295e-07,1.365322e-06
-0.299714,0.1524,2.104824e-06,78.98985,4.019849e-07,2.066044e-06
-0.299714,0.1523,1.508401e-06,125.3209,-8.720699e-07,1.230748e-06
-0.299714,0.1522,1.799141e-06,127.828,-1.103376e-06,1.421017e-06
-0.299714,0.1521,1.554982e-06,88.26572,4.703365e-08,1.554127e-06
-0.299714,0.152,1.746352e-06,102.2331,-3.700163e-07,1.706555e-06
-0.299714,0.1519,2.215689e-06,119.6686,-1.096716e-06,1.925205e-06
-0.299714,0.1518,1.155216e-06,16.94061,1.104969e-06,3.365669e-07
-0.299714,0.1517,1.793906e-06,78.55971,3.557503e-07,1.75812e-06
-0.299714,0.1516,1.365909e-06,70.50959,4.556849e-07,1.28751e-06
-0.299714,0.1515,1.687763e-06,66.94375,6.61008e-07,1.552926e-06
-0.299714,0.1514,1.624356e-06,85.07865,1.393686e-07,1.618349e-06
-0.299714,0.1513,1.533882e-06,83.51123,1.733433e-07,1.524014e-06
-0.299714,0.1512,1.107087e-06,87.3033,5.209632e-08,1.105768e-06
-0.299714,0.1511,1.596881e-06,76.34021,3.770738e-07,1.551596e-06
-0.299714,0.151,1.27316e-06,80.00223,2.210475e-07,1.253804e-06
-0.299714,0.1509,1.047173e-06,54.40451,6.094425e-07,8.514113e-07
-0.299714,0.1508,1.943388e-06,102.0303,-4.050582e-07,1.900557e-06
-0.299714,0.1507,1.871533e-06,100.4558,-3.396347e-07,1.84033e-06
-0.299714,0.1506,1.798242e-06,61.71082,8.522104e-07,1.583442e-06
-0.299714,0.1505,2.342194e-06,79.78716,4.153121e-07,2.305079e-06
-0.299714,0.1504,1.990657e-06,91.97992,-6.875395e-08,1.989427e-06
-0.299714,0.1503,1.999486e-06,86.13267,1.348368e-07,1.994892e-06
-0.299714,0.1502,1.427046e-06,58.79805,7.392223e-07,1.220488e-06
-0.299714,0.1501,1.627139e-06,92.19237,-6.222724e-08,1.625943e-06
-0.299714,0.15,2.13829e-06,85.02401,1.854691e-07,2.130132e-06
-0.3,0.2,1.647077e-06,63.6157,7.31891e-07,1.475382e-06
-0.3,0.1999,2.036321e-06,80.52054,3.353655e-07,2.008482e-06
-0.3,0.1998,1.554183e-06,68.01121,5.818661e-07,1.441005e-06
-0.3,0.1997,8.543003e-07,83.61877,9.500049e-08,8.490141e-07
-0.3,0.1996,1.227261e-06,84.93614,1.083221e-07,1.222355e-06
-0.3,0.1995,1.670524e-06,117.4481,-7.700063e-07,1.482445e-06
-0.3,0.1994,1.48216e-06,88.76405,3.197416e-08,1.481775e-06
-0.3,0.1993,1.429075e-06,112.3489,-5.433596e-07,1.321619e-06
-0.3,0.1992,1.414736e-06,103.6239,-3.332421e-07,1.374917e-06
-0.3,0.1991,1.47517e-06,93.29381,-8.474662e-08,1.472717e-06
-0.3,0.199,1.588482e-06,80.55639,2.606157e-07,1.566918e-06
-0.3,0.1989,6.802584e-07,67.1256,2.643484e-07,6.26631e-07
-0.3,0.1988,1.294981e-06,71.39083,4.131775e-07,1.227155e-06
-0.3,0.1987,1.336634e-06,83.5497,1.50159e-07,1.328151e-06
-0.3,0.1986,1.533469e-06,93.68722,-9.859912e-08,1.530278e-06
-0.3,0.1985,1.348659e-06,83.11607,1.616198e-07,1.338807e-06
-0.3,0.1984,1.771632e-06,90.46934,-1.452863e-08,1.771448e-06
-0.3,0.1983,9.368509e-07,94.51918,-7.381662e-08,9.338892e-07
-0.3,0.1982,1.569863e-06,108.3717,-4.947278e-07,1.489771e-06
-0.3,0.1981,1.409998e-06,112.9731,-5.502887e-07,1.298038e-06
-0.3,0.198,1.439625e-06,79.33256,2.66483e-07,1.414624e-06
-0.3,0.1979,2.08877e-06,100.8728,-3.939997e-07,2.051252e-06
-0.3,0.1978,1.701811e-06,119.5156,-8.383579e-07,1.480847e-06
-0.3,0.1977,9.518042e-07,135.9257,-6.838012e-07,6.620753e-07
-0.3,0.1976,2.26199e-06,78.28442,4.592835e-07,2.214739e-06
-0.3,0.1975,1.588756e-06,105.0995,-4.138536e-07,1.533742e-06
-0.3,0.1974,1.818543e-06,88.56909,4.542991e-08,1.817945e-06
-0.3,0.1973,1.892924e-06,86.63099,1.112557e-07,1.889633e-06
-0.3,0.1972,1.937974e-06,105.9475,-5.324352e-07,1.86338e-06
-0.3,0.1971,1.234414e-06,45.83568,8.599385e-07,8.85386e-07
-0.3,0.197,1.646094e-06,113.2013,-6.48491e-07,1.512955e-06
-0.3,0.1969,6.06615e-07,97.25722,-7.661618e-08,6.017144e-07
-0.3,0.1968,1.743167e-06,107.3672,-5.203094e-07,1.663651e-06
-0.3,0.1967,1.750174e-06,73.62053,4.935264e-07,1.679107e-06
-0.3,0.1966,9.279772e-07,98.55537,-1.380387e-07,9.176339e-07
-0.3,0.1965,9.13348e-07,75.85237,2.231765e-07,8.855201e-07
-0.3,0.1964,1.327073e-06,83.06187,1.602843e-07,1.317227e-06
-0.3,0.1963,1.692345e-06,89.17395,2.438016e-08,1.692032e-06
-0.3,0.1962,1.945316e-06,116.4297,-8.658058e-07,1.741865e-06
-0.3,0.1961,1.781931e-06,87.50513,7.754378e-08,1.780103e-06
-0.3,0.196,1.952379e-06,100.225,-3.465637e-07,1.921344e-06
-0.3,0.1959,1.446269e-06,75.97652,3.50425e-07,1.40303e-06
-0.3,0.1958,2.060679e-06,73.86096,5.728024e-07,1.979436e-06
-0.3,0.1957,1.868208e-06,101.4367,-3.70413e-07,1.831004e-06
-0.3,0.1956,2.195063e-06,87.89155,8.074007e-08,2.193421e-06
-0.3,0.1955,1.984275e-06,92.59103,-8.967518e-08,1.982236e-06
-0.3,0.1954,2.38374e-06,94.30925,-1.790821e-07,2.376895e-06
-0.3,0.1953,1.549875e-06,78.66637,3.045871e-07,1.519616e-06
-0.3,0.1952,1.691797e-06,71.47213,5.376264e-07,1.604095e-06
-0.3,0.1951,1.931726e-06,84.27959,1.925323e-07,1.922009e-06
-0.3,0.195,2.079287e-06,83.72018,2.274401e-07,2.066709e-06
-0.3,0.1949,1.393351e-06,80.34394,2.337042e-07,1.373587e-06
-0.3,0.1948,1.809244e-06,112.0071,-6.779339e-07,1.677241e-06
-0.3,0.1947,1.423219e-06,111.7685,-5.277749e-07,1.321753e-06
-0.3,0.1946,1.623043e-06,57.12768,8.808597e-07,1.363059e-06
-0.3,0.1945,1.082567e-06,102.887,-2.414379e-07,1.05527e-06
-0.3,0.1944,1.765653e-06,87.22286,8.554011e-08,1.763451e-06
-0.3,0.1943,1.495124e-06,91.53756,-4.01102e-08,1.494437e-06
-0.3,0.1942,1.846645e-06,87.12582,9.259767e-08,1.844197e-06
-0.3,0.1941,1.570601e-06,77.65496,3.357678e-07,1.534139e-06
-0.3,0.194,1.588348e-06,92.97209,-8.234381e-08,1.586107e-06
-0.3,0.1939,1.335471e-06,90.11964,-2.799555e-09,1.335343e-06
-0.3,0.1938,9.677466e-07,73.17291,2.800729e-07,9.261611e-07
-0.3,0.1937,1.57259e-06,78.19263,3.217756e-07,1.539202e-06
-0.3,0.1936,1.66103e-06,76.86464,3.774706e-07,1.61755e-06
-0.3,0.1935,1.923389e-06,92.15215,-7.221847e-08,1.922009e-06
-0.3,0.1934,1.097632e-06,63.54051,4.889946e-07,9.825211e-07
-0.3,0.1933,1.334611e-06,101.5651,-2.675503e-07,1.307364e-06
-0.3,0.1932,1.359298e-06,94.30095,-1.019351e-07,1.355465e-06
-0.3,0.1931,1.990383e-06,78.41906,3.995876e-07,1.949854e-06
-0.3,0.193,1.976788e-06,114.134,-8.082445e-07,1.803958e-06
-0.3,0.1929,1.35038e-06,100.8055,-2.531614e-07,1.326419e-06
-0.3,0.1928,1.251328e-06,61.16266,6.034467e-07,1.096045e-06
-0.3,0.1927,2.164788e-06,92.76226,-1.043323e-07,2.162246e-06
-0.3,0.1926,1.653224e-06,87.63976,6.80834e-08,1.651793e-06
-0.3,0.1925,7.04538e-07,56.04274,3.934577e-07,5.842633e-07
-0.3,0.1924,1.465145e-06,88.45806,3.943406e-08,1.464592e-06
-0.3,0.1923,1.484138e-06,79.4733,2.711433e-07,1.459127e-06
-0.3,0.1922,1.447454e-06,104.7954,-3.696139e-07,1.399436e-06
-0.3,0.1921,1.173963e-06,113.7406,-4.726108e-07,1.074593e-06
-0.3,0.192,1.173891e-06,44.57696,8.360892e-07,8.238293e-07
-0.3,0.1919,1.859838e-06,82.16401,2.535581e-07,1.842465e-06
-0.3,0.1918,9.03882e-07,114.0073,-3.677476e-07,8.256956e-07
-0.3,0.1917,2.172276e-06,89.73348,1.012533e-08,2.172237e-06
-0.3,0.1916,1.522924e-06,92.34711,-6.236135e-08,1.521617e-06
-0.3,0.1915,1.60985e-06,100.0388,-2.806093e-07,1.585174e-06
-0.3,0.1914,1.718915e-06,56.17912,9.566713e-07,1.427946e-06
-0.3,0.1913,1.378783e-06,85.72002,1.028571e-07,1.374782e-06
-0.3,0.1912,1.355247e-06,64.14374,5.910582e-07,1.219555e-06
-0.3,0.1911,2.029711e-06,83.89841,2.157166e-07,2.018077e-06
-0.3,0.191,1.956358e-06,87.37311,8.96696e-08,1.954251e-06
-0.3,0.1909,7.285941e-07,78.47501,1.456327e-07,7.139034e-07
-0.3,0.1908,1.931743e-06,82.6571,2.468917e-07,1.915879e-06
-0.3,0.1907,1.21143e-06,89.89347,2.263113e-09,1.211296e-06
-0.3,0.1906,1.256201e-06,109.9397,-4.283767e-07,1.180786e-06
-0.3,0.1905,1.653056e-06,103.8984,-3.970619e-07,1.604625e-06
-0.3,0.1904,1.466682e-06,81.47435,2.174489e-07,1.450465e-06
-0.3,0.1903,1.575825e-06,38.56683,1.232083e-06,9.823869e-07
-0.3,0.1902,2.062685e-06,99.37279,-3.359075e-07,2.035131e-06
-0.3,0.1901,1.270327e-06,81.30037,1.921299e-07,1.255664e-06
-0.3,0.19,1.513581e-06,81.07745,2.347715e-07,1.495236e-06
-0.3,0.1899,1.413881e-06,67.83024,5.334969e-07,1.30923e-06
-0.3,0.1898,1.691736e-06,65.33001,7.060468e-07,1.537207e-06
-0.3,0.1897,1.298183e-06,95.14078,-1.16324e-07,1.292841e-06
-0.3,0.1896,1.938672e-06,113.6305,-7.770694e-07,1.775974e-06
-0.3,0.1895,1.255877e-06,86.21573,8.287467e-08,1.252999e-06
-0.3,0.1894,1.093754e-06,109.1372,-3.585554e-07,1.033287e-06
-0.3,0.1893,1.624071e-06,97.8045,-2.205166e-07,1.609023e-06
-0.3,0.1892,1.627899e-06,69.74211,5.636103e-07,1.527082e-06
-0.3,0.1891,1.511218e-06,87.48764,6.621703e-08,1.509625e-06
-0.3,0.189,1.99097e-06,78.33688,4.025213e-07,1.949854e-06
-0.3,0.1889,2.366892e-06,107.6916,-7.192399e-07,2.254843e-06
-0.3,0.1888,1.08911e-06,89.24302,1.438893e-08,1.088982e-06
-0.3,0.1887,1.1928e-06,111.1723,-4.307739e-07,1.112166e-06
-0.3,0.1886,1.77698e-06,99.00822,-2.782121e-07,1.755058e-06
-0.3,0.1885,1.703632e-06,99.6814,-2.86471e-07,1.679241e-06
-0.3,0.1884,1.17265e-06,81.15176,1.804064e-07,1.158669e-06
-0.3,0.1883,9.966474e-07,68.80317,3.602821e-07,9.290892e-07
-0.3,0.1882,1.493733e-06,69.8444,5.147103e-07,1.40223e-06
-0.3,0.1881,9.626056e-07,107.5823,-2.907346e-07,9.176339e-07
-0.3,0.188,1.54246e-06,95.06997,-1.363065e-07,1.536274e-06
-0.3,0.1879,1.158703e-06,129.5939,-7.384289e-07,8.927173e-07
-0.3,0.1878,1.247674e-06,101.0031,-2.381075e-07,1.224623e-06
-0.3,0.1877,4.801992e-07,127.9775,-2.954006e-07,3.784038e-07
-0.3,0.1876,7.349532e-07,108.4041,-2.319775e-07,6.972514e-07
-0.3,0.1875,1.548601e-06,105.3417,-4.097186e-07,1.49337e-06
-0.3,0.1874,2.605324e-06,88.34702,7.514655e-08,2.604207e-06
-0.3,0.1873,1.787384e-06,118.867,-8.628778e-07,1.56532e-06
-0.3,0.1872,1.893645e-06,105.9948,-5.21779e-07,1.820342e-06
-0.3,0.1871,1.53396e-06,92.87767,-7.701851e-08,1.531876e-06
-0.3,0.187,9.219869e-07,136.9021,-6.731394e-07,6.298329e-07
-0.3,0.1869,1.913946e-06,97.00544,-2.334415e-07,1.899624e-06
-0.3,0.1868,2.136016e-06,110.5376,-7.493533e-07,2.000223e-06
-0.3,0.1867,1.260789e-06,112.6322,-4.851333e-07,1.163598e-06
-0.3,0.1866,6.518438e-07,121.0393,-3.36036e-07,5.584135e-07
-0.3,0.1865,1.217963e-06,92.21335,-4.703924e-08,1.217024e-06
-0.3,0.1864,1.319887e-06,97.23798,-1.662857e-07,1.30923e-06
-0.3,0.1863,1.719307e-06,85.93334,1.219119e-07,1.714948e-06
-0.3,0.1862,1.973284e-06,85.65883,1.493599e-07,1.967579e-06
-0.3,0.1861,1.9157e-06,95.35147,-1.786798e-07,1.907218e-06
-0.3,0.186,1.522723e-06,140.0475,-1.167202e-06,9.777266e-07
-0.3,0.1859,2.259504e-06,104.2953,-5.578882e-07,2.189425e-06
-0.3,0.1858,1.868354e-06,94.64683,-1.513659e-07,1.862185e-06
-0.3,0.1857,7.068794e-07,74.0594,1.941304e-07,6.796605e-07
-0.3,0.1856,1.552378e-06,135.4282,-1.105774e-06,1.089379e-06
-0.3,0.1855,1.294065e-06,89.48082,1.172348e-08,1.293908e-06
-0.3,0.1854,1.508831e-06,76.48184,3.526881e-07,1.466989e-06
-0.3,0.1853,1.266242e-06,87.57594,5.356036e-08,1.264991e-06
-0.3,0.1852,1.719703e-06,85.02095,1.492258e-07,1.713087e-06
-0.3,0.1851,2.169096e-06,100.799,-4.063881e-07,2.130663e-06
-0.3,0.185,1.842247e-06,79.41822,3.382991e-07,1.810882e-06
-0.3,0.1849,8.444543e-07,50.78273,5.338992e-07,6.542131e-07
-0.3,0.1848,1.376135e-06,78.28442,2.794023e-07,1.347335e-06
-0.3,0.1847,1.435903e-06,130.2111,-9.269658e-07,1.096442e-06
-0.3,0.1846,1.874143e-06,122.6441,-1.010907e-06,1.577977e-06
-0.3,0.1845,1.330973e-06,90.06893,-1.603737e-09,1.330817e-06
-0.3,0.1844,1.745263e-06,119.0208,-8.466225e-07,1.526014e-06
-0.3,0.1843,1.921009e-06,109.7762,-6.499551e-07,1.807685e-06
-0.3,0.1842,1.734416e-06,89.33569,2.011656e-08,1.734271e-06
-0.3,0.1841,1.400716e-06,135.8907,-1.005711e-06,9.74927e-07
-0.3,0.184,1.283979e-06,70.57253,4.270356e-07,1.210765e-06
-0.3,0.1839,1.038596e-06,101.9428,-2.149231e-07,1.016099e-06
-0.3,0.1838,1.03222e-06,78.74331,2.014562e-07,1.012232e-06
-0.3,0.1837,1.218276e-06,86.77699,6.848573e-08,1.216225e-06
-0.3,0.1836,1.638472e-06,72.78661,4.848651e-07,1.565052e-06
-0.3,0.1835,1.988947e-06,96.80261,-2.355761e-07,1.974904e-06
-0.3,0.1834,2.758489e-06,92.08746,-1.004654e-07,2.756634e-06
-0.3,0.1833,2.358002e-06,84.26953,2.354364e-07,2.346117e-06
-0.3,0.1832,2.123119e-06,79.06329,4.027895e-07,2.084428e-06
-0.3,0.1831,1.125125e-06,103.29,-2.586264e-07,1.094978e-06
-0.3,0.183,1.018853e-06,117.671,-4.731416e-07,9.023118e-07
-0.3,0.1829,1.904591e-06,88.44057,5.18281e-08,1.903753e-06
-0.3,0.1828,1.818241e-06,79.37451,3.352314e-07,1.787032e-06
-0.3,0.1827,4.072375e-07,130.3685,-2.63689e-07,3.101862e-07
-0.3,0.1826,1.055555e-06,112.4267,-4.02661e-07,9.757261e-07
-0.3,0.1825,1.249685e-06,88.84011,2.531334e-08,1.249406e-06
-0.3,0.1824,7.024034e-07,144.2943,-5.702767e-07,4.098471e-07
-0.3,0.1823,1.284526e-06,123.9082,-7.165744e-07,1.066066e-06
-0.3,0.1822,1.858239e-06,95.83581,-1.889392e-07,1.848589e-06
-0.3,0.1821,1.909179e-06,99.46021,-3.137849e-07,1.8831e-06
-0.3,0.182,1.109071e-06,91.89425,-3.664568e-08,1.108434e-06
-0.3,0.1819,8.656661e-07,52.88956,5.223043e-07,6.903223e-07
-0.3,0.1818,1.096419e-06,80.79593,1.753438e-07,1.082187e-06
-0.3,0.1817,1.172393e-06,100.4445,-2.125259e-07,1.152936e-06
-0.3,0.1816,1.985957e-06,108.1505,-6.182435e-07,1.8859e-06
-0.3,0.1815,1.063076e-06,88.8506,2.131797e-08,1.06273e-06
-0.3,0.1814,2.272635e-06,106.9659,-6.631482e-07,2.173701e-06
-0.3,0.1813,9.363088e-07,100.4296,-1.694876e-07,9.208302e-07
-0.3,0.1812,9.535755e-07,76.47309,2.230424e-07,9.270943e-07
-0.3,0.1811,1.356158e-06,134.8733,-9.56811e-07,9.61069e-07
-0.3,0.181,1.046983e-06,93.61203,-6.595999e-08,1.044876e-06
-0.3,0.1809,1.613751e-06,111.4975,-5.91332e-07,1.501366e-06
-0.3,0.1808,1.132708e-06,98.87796,-1.748185e-07,1.119095e-06
-0.3,0.1807,1.64939e-06,135.8208,-1.182787e-06,1.149337e-06
-0.3,0.1806,1.531597e-06,99.51005,-2.530273e-07,1.510558e-06
-0.3,0.1805,1.932257e-06,92.11019,-7.115118e-08,1.930804e-06
-0.3,0.1804,1.082696e-06,94.09462,-7.728114e-08,1.079918e-06
-0.3,0.1803,1.87939e-06,101.2724,-3.673508e-07,1.84313e-06
-0.3,0.1802,1.1486e-06,88.13197,3.743916e-08,1.147873e-06
-0.3,0.1801,1.326464e-06,89.56912,9.991228e-09,1.326419e-06
-0.3,0.18,1.375928e-06,127.5965,-8.394252e-07,1.090178e-06
-0.3,0.1799,1.608269e-06,81.442,2.392977e-07,1.590237e-06
-0.3,0.1798,1.246355e-06,80.29149,2.101175e-07,1.228351e-06
-0.3,0.1797,1.560453e-06,75.82789,3.820024e-07,1.512821e-06
-0.3,0.1796,1.741021e-06,89.10151,2.731382e-08,1.740798e-06
-0.3,0.1795,1.009343e-06,101.768,-2.058595e-07,9.879861e-07
-0.3,0.1794,1.066787e-06,119.3346,-5.225781e-07,9.298883e-07
-0.3,0.1793,2.10407e-06,108.6056,-6.71273e-07,1.994093e-06
-0.3,0.1792,1.552747e-06,92.31127,-6.262399e-08,1.551462e-06
-0.3,0.1791,1.497421e-06,138.7991,-1.126561e-06,9.862538e-07
-0.3,0.179,1.676179e-06,93.70121,-1.081936e-07,1.67258e-06
-0.3,0.1789,1.08103e-06,91.52532,-2.878345e-08,1.080589e-06
-0.3,0.1788,1.081757e-06,117.8371,-5.051214e-07,9.565372e-07
-0.3,0.1787,1.538604e-06,91.42915,-3.837794e-08,1.538006e-06
-0.3,0.1786,1.721335e-06,107.4887,-5.172472e-07,1.641668e-06
-0.3,0.1785,1.95077e-06,111.973,-7.299017e-07,1.809021e-06
-0.3,0.1784,1.196058e-06,98.5781,-1.784116e-07,1.182653e-06
-0.3,0.1783,1.433081e-06,115.7058,-6.215739e-07,1.291243e-06
-0.3,0.1782,1.122023e-06,98.71011,-1.698844e-07,1.10897e-06
-0.3,0.1781,1.465212e-06,128.9847,-9.21769e-07,1.138949e-06
-0.3,0.178,7.320642e-07,85.7515,5.422532e-08,7.300302e-07
-0.3,0.1779,1.496991e-06,57.82938,7.970463e-07,1.267125e-06
-0.3,0.1778,1.147834e-06,79.10001,2.170465e-07,1.127086e-06
-0.3,0.1777,1.583481e-06,97.48977,-2.063959e-07,1.569852e-06
-0.3,0.1776,1.127522e-06,102.6151,-2.462323e-07,1.100175e-06
-0.3,0.1775,1.476885e-06,111.0543,-5.305688e-07,1.378247e-06
-0.3,0.1774,1.115838e-06,136.9589,-8.154418e-07,7.614735e-07
-0.3,0.1773,1.901753e-06,131.7305,-1.265801e-06,1.419156e-06
-0.3,0.1772,1.108853e-06,128.0693,-6.836671e-07,8.728634e-07
-0.3,0.1771,6.12108e-07,144.0128,-4.952643e-07,3.596171e-07
-0.3,0.177,1.59958e-06,78.38059,3.22178e-07,1.566784e-06
-0.3,0.1769,7.069129e-07,106.7641,-2.038646e-07,6.768666e-07
-0.3,0.1768,1.278061e-06,147.0297,-1.072196e-06,6.955191e-07
-0.3,0.1767,9.306538e-07,110.1757,-3.209821e-07,8.735284e-07
-0.3,0.1766,1.58694e-06,110.8812,-5.656164e-07,1.482579e-06
-0.3,0.1765,2.220075e-06,99.08516,-3.505591e-07,2.192091e-06
-0.3,0.1764,5.115196e-07,-158.8311,-4.768744e-07,-1.846756e-07
-0.3,0.1763,1.32724e-06,111.8252,-4.933979e-07,1.231949e-06
-0.3,0.1762,1.610917e-06,121.4782,-8.411575e-07,1.373849e-06
-0.3,0.1761,2.525288e-06,112.1094,-9.504184e-07,2.339456e-06
-0.3,0.176,1.224847e-06,105.8531,-3.34572e-07,1.178255e-06
-0.3,0.1759,1.502383e-06,91.65209,-4.330649e-08,1.501629e-06
-0.3,0.1758,1.89764e-06,139.391,-1.440614e-06,1.235146e-06
-0.3,0.1757,1.122001e-06,91.22458,-2.3989e-08,1.121627e-06
-0.3,0.1756,1.888627e-06,101.0232,-3.610868e-07,1.853786e-06
-0.3,0.1755,1.657208e-06,118.8242,-7.989183e-07,1.451795e-06
-0.3,0.1754,9.73083e-07,85.75849,7.195025e-08,9.702611e-07
-0.3,0.1753,1.328302e-06,114.0711,-5.417615e-07,1.21276e-06
-0.3,0.1752,2.241158e-06,109.806,-7.593445e-07,2.108545e-06
-0.3,0.1751,1.955185e-06,120.6346,-9.962506e-07,1.682309e-06
-0.3,0.175,1.57958e-06,128.7923,-9.895898e-07,1.23115e-06
-0.3,0.1749,1.391882e-06,114.7067,-5.817376e-07,1.264326e-06
-0.3,0.1748,1.385673e-06,91.89512,-4.583783e-08,1.384779e-06
-0.3,0.1747,1.714758e-06,106.6023,-4.899334e-07,1.643266e-06
-0.3,0.1746,1.228546e-06,123.8208,-6.838012e-07,1.02063e-06
-0.3,0.1745,1.462228e-06,141.865,-1.150013e-06,9.028427e-07
-0.3,0.1744,7.138308e-07,94.03867,-5.023553e-08,7.120426e-07
-0.3,0.1743,1.47137e-06,105.4903,-3.929324e-07,1.417821e-06
-0.3,0.1742,9.294804e-07,61.66099,4.411619e-07,8.179675e-07
-0.3,0.1741,1.454791e-06,100.0484,-2.538263e-07,1.432344e-06
-0.3,0.174,2.05774e-06,106.4074,-5.812011e-07,1.973837e-06
-0.3,0.1739,1.394681e-06,76.97392,3.143157e-07,1.358661e-06
-0.3,0.1738,1.386081e-06,88.23776,4.263594e-08,1.38531e-06
-0.3,0.1737,9.600073e-07,101.6666,-1.94136e-07,9.400192e-07
-0.3,0.1736,4.251077e-07,107.2535,-1.26047e-07,4.058517e-07
-0.3,0.1735,1.353269e-06,100.4147,-2.446342e-07,1.330945e-06
-0.3,0.1734,1.463927e-06,125.2247,-8.443538e-07,1.19584e-06
-0.3,0.1733,8.829552e-07,135.3976,-6.286371e-07,6.199702e-07
-0.3,0.1732,1.04995e-06,112.9548,-4.094559e-07,9.666681e-07
-0.3,0.1731,1.670669e-06,100.3946,-3.013964e-07,1.643266e-06
-0.3,0.173,1.770174e-06,136.1766,-1.277122e-06,1.225685e-06
-0.3,0.1729,1.378303e-06,134.8444,-9.718649e-07,9.771902e-07
-0.3,0.1728,1.7815e-06,123.6433,-9.869243e-07,1.482976e-06
-0.3,0.1727,1.315673e-06,114.8929,-5.537532e-07,1.193443e-06
-0.3,0.1726,1.249277e-06,136.8697,-9.116437e-07,8.539427e-07
-0.3,0.1725,2.057941e-06,113.0212,-8.0478e-07,1.894025e-06
-0.3,0.1724,7.264371e-07,87.79363,2.797879e-08,7.257666e-07
-0.3,0.1723,1.957548e-06,154.7888,-1.771051e-06,8.338261e-07
-0.3,0.1722,1.314595e-06,161.6413,-1.247545e-06,4.139766e-07
-0.3,0.1721,2.284688e-06,162.0509,-2.173438e-06,7.040463e-07
-0.3,0.172,9.002219e-07,88.17656,2.864375e-08,8.996464e-07
-0.3,0.1719,1.470834e-06,130.4524,-9.542796e-07,1.119229e-06
-0.3,0.1718,9.576883e-07,121.3383,-4.980582e-07,8.179675e-07
-0.3,0.1717,1.406947e-06,119.0505,-6.831306e-07,1.229815e-06
-0.3,0.1716,6.844494e-07,111.3856,-2.495627e-07,6.372928e-07
-0.3,0.1715,1.398162e-06,115.3474,-5.985237e-07,1.263393e-06
-0.3,0.1714,1.496963e-06,102.4918,-3.237817e-07,1.46139e-06
-0.3,0.1713,1.264091e-06,55.5017,7.159039e-07,1.04168e-06
-0.3,0.1712,1.825304e-06,82.57229,2.359673e-07,1.809954e-06
-0.3,0.1711,1.68774e-06,86.81371,9.379908e-08,1.685103e-06
-0.3,0.171,1.502964e-06,86.27955,9.753182e-08,1.499768e-06
-0.3,0.1709,1.915538e-06,95.06472,-1.690853e-07,1.908017e-06
-0.3,0.1708,1.738546e-06,83.42468,1.99059e-07,1.727074e-06
-0.3,0.1707,1.346541e-06,74.05678,3.698766e-07,1.294707e-06
-0.3,0.1706,8.924156e-07,112.9163,-3.474969e-07,8.219629e-07
-0.3,0.1705,2.090374e-06,74.12147,5.718693e-07,2.010483e-06
-0.3,0.1704,1.697173e-06,96.8813,-2.033282e-07,1.68484e-06
-0.3,0.1703,2.174388e-06,75.38247,5.486849e-07,2.103885e-06
-0.3,0.1702,8.852127e-07,108.8557,-2.860743e-07,8.376874e-07
-0.3,0.1701,1.612868e-06,103.0155,-3.632213e-07,1.571316e-06
-0.3,0.17,1.284973e-06,87.8015,4.929676e-08,1.283911e-06
-0.3,0.1699,1.353342e-06,101.2829,-2.647563e-07,1.327084e-06
-0.3,0.1698,2.158105e-06,99.62152,-3.6069e-07,2.127734e-06
-0.3,0.1697,1.986974e-06,109.2805,-6.56085e-07,1.875506e-06
-0.3,0.1696,1.655548e-06,107.3165,-4.927329e-07,1.580508e-06
-0.3,0.1695,1.470945e-06,111.2947,-5.341675e-07,1.370519e-06
-0.3,0.1694,1.019787e-06,111.9441,-3.810748e-07,9.457468e-07
-0.3,0.1693,1.568019e-06,78.62965,3.09119e-07,1.537207e-06
-0.3,0.1692,1.237705e-06,123.3094,-6.796661e-07,1.034354e-06
-0.3,0.1691,1.31512e-06,70.69143,4.348978e-07,1.241141e-06
-0.3,0.169,1.963606e-06,57.19675,1.063797e-06,1.650463e-06
-0.3,0.1689,1.526227e-06,124.4108,-8.624754e-07,1.259129e-06
-0.3,0.1688,1.766268e-06,91.2272,-3.784149e-08,1.765714e-06
-0.3,0.1687,1.015976e-06,112.5089,-3.88937e-07,9.385496e-07
-0.3,0.1686,1.752309e-06,82.33887,2.335701e-07,1.736534e-06
-0.3,0.1685,9.654331e-07,96.91277,-1.161899e-07,9.582694e-07
-0.3,0.1684,1.81148e-06,92.52983,-7.994659e-08,1.809686e-06
-0.3,0.1683,1.221399e-06,48.29395,8.125025e-07,9.117722e-07
-0.3,0.1682,1.090049e-06,81.77072,1.560207e-07,1.078722e-06
-0.3,0.1681,1.183759e-06,71.23608,3.80801e-07,1.120828e-06
-0.3,0.168,1.573707e-06,86.52258,9.539723e-08,1.570651e-06
-0.3,0.1679,1.213822e-06,103.9045,-2.916678e-07,1.178121e-06
-0.3,0.1678,1.582603e-06,124.0245,-8.855257e-07,1.311628e-06
-0.3,0.1677,1.983286e-06,92.49137,-8.621066e-08,1.981303e-06
-0.3,0.1676,1.610666e-06,63.20305,7.261633e-07,1.437675e-06
-0.3,0.1675,1.040015e-06,117.5102,-4.803389e-07,9.222943e-07
-0.3,0.1674,1.233726e-06,103.0269,-2.78078e-07,1.20197e-06
-0.3,0.1673,2.518046e-06,72.61264,7.524155e-07,2.402879e-06
-0.3,0.1672,5.191974e-07,82.48225,6.794929e-08,5.147103e-07
-0.3,0.1671,1.464441e-06,76.93196,3.311019e-07,1.426482e-06
-0.3,0.167,1.949295e-06,75.70463,4.812665e-07,1.888833e-06
-0.3,0.1669,1.023363e-06,101.7645,-2.08659e-07,1.00171e-06
-0.3,0.1668,1.846432e-06,99.07991,-2.913996e-07,1.823142e-06
-0.3,0.1667,1.698665e-06,111.1767,-6.135832e-07,1.583838e-06
-0.3,0.1666,1.569036e-06,74.72559,4.133116e-07,1.513486e-06
-0.3,0.1665,1.198332e-06,75.11538,3.077834e-07,1.157999e-06
-0.3,0.1664,1.209653e-06,79.17344,2.271719e-07,1.187978e-06
-0.3,0.1663,1.133166e-06,123.7465,-6.294362e-07,9.421482e-07
-0.3,0.1662,1.523343e-06,108.9676,-4.951301e-07,1.440608e-06
-0.3,0.1661,1.359203e-06,102.9849,-3.053918e-07,1.324418e-06
-0.3,0.166,1.98793e-06,93.216,-1.11524e-07,1.984767e-06
-0.3,0.1659,2.064317e-06,132.7883,-1.402236e-06,1.514956e-06
-0.3,0.1658,8.940026e-07,85.59096,6.874836e-08,8.912533e-07
-0.3,0.1657,1.512279e-06,93.09623,-8.167885e-08,1.510027e-06
-0.3,0.1656,1.498706e-06,81.24354,2.281051e-07,1.48111e-06
-0.3,0.1655,2.133479e-06,106.6255,-6.103813e-07,2.044189e-06
-0.3,0.1654,2.172203e-06,108.853,-7.019173e-07,2.05565e-06
-0.3,0.1653,1.607492e-06,89.44847,1.545064e-08,1.607291e-06
-0.3,0.1652,1.944383e-06,98.45658,-2.859402e-07,1.923205e-06
-0.3,0.1651,1.447526e-06,102.3633,-3.099236e-07,1.413825e-06
-0.3,0.165,1.598328e-06,88.54723,4.050135e-08,1.597696e-06
-0.3,0.1649,5.01696e-07,140.2678,-3.857351e-07,3.205742e-07
-0.3,0.1648,7.160883e-07,126.2676,-4.235766e-07,5.773343e-07
-0.3,0.1647,1.498471e-06,121.9371,-7.926598e-07,1.271657e-06
-0.3,0.1646,1.928066e-06,133.8382,-1.335348e-06,1.390641e-06
-0.3,0.1645,8.356031e-07,97.55097,-1.097917e-07,8.28227e-07
-0.3,0.1644,1.922132e-06,108.6039,-6.131809e-07,1.821678e-06
-0.3,0.1643,1.732388e-06,94.38488,-1.324452e-07,1.727208e-06
-0.3,0.1642,2.152506e-06,87.07249,1.099202e-07,2.149583e-06
-0.3,0.1641,1.774292e-06,127.4732,-1.079393e-06,1.408092e-06
-0.3,0.164,2.528183e-06,86.12918,1.706779e-07,2.522394e-06
-0.3,0.1639,1.468285e-06,94.40203,-1.127254e-07,1.463787e-06
-0.3,0.1638,1.258112e-06,121.6985,-6.610136e-07,1.070329e-06
-0.3,0.1637,1.019088e-06,105.36,-2.699531e-07,9.826552e-07
-0.3,0.1636,1.490704e-06,103.3093,-3.430992e-07,1.4506e-06
-0.3,0.1635,1.469425e-06,103.012,-3.308393e-07,1.431679e-06
-0.3,0.1634,1.940611e-06,143.519,-1.560263e-06,1.153735e-06
-0.3,0.1633,2.18705e-06,116.7711,-9.85058e-07,1.952519e-06
-0.3,0.1632,1.117827e-06,110.3627,-3.88937e-07,1.047944e-06
-0.3,0.1631,1.084048e-06,98.53176,-1.608263e-07,1.071928e-06
-0.3,0.163,1.149471e-06,103.2017,-2.624876e-07,1.118961e-06
-0.3,0.1629,1.052197e-06,52.2461,6.440877e-07,8.318256e-07
-0.3,0.1628,1.02248e-06,66.06262,4.147812e-07,9.344201e-07
-0.3,0.1627,1.160161e-06,68.06891,4.332996e-07,1.076191e-06
-0.3,0.1626,1.716362e-06,55.25778,9.781233e-07,1.410361e-06
-0.3,0.1625,6.040502e-07,67.02768,2.356991e-07,5.560163e-07
-0.3,0.1624,1.362103e-06,107.3314,-4.057232e-07,1.300167e-06
-0.3,0.1623,1.126371e-06,67.78303,4.258397e-07,1.042613e-06
-0.3,0.1622,1.280548e-06,95.37944,-1.200512e-07,1.274853e-06
-0.3,0.1621,2.807769e-07,-179.7544,-2.807434e-07,-1.201406e-09
-0.3,0.162,1.398246e-06,106.806,-4.042591e-07,1.338545e-06
-0.3,0.1619,2.981498e-07,53.08539,1.790765e-07,2.383645e-07
-0.3,0.1618,1.206552e-06,81.81793,1.717451e-07,1.194242e-06
-0.3,0.1617,1.780807e-06,60.10495,8.875206e-07,1.543734e-06
-0.3,0.1616,1.307889e-06,59.51832,6.634052e-07,1.127086e-06
-0.3,0.1615,1.471124e-06,62.77304,6.729997e-07,1.308029e-06
-0.3,0.1614,1.219114e-06,91.11442,-2.372078e-08,1.218756e-06
-0.3,0.1613,1.295853e-06,119.3853,-6.355661e-07,1.129886e-06
-0.3,0.1612,1.147415e-06,62.79315,5.245674e-07,1.020362e-06
-0.3,0.1611,1.2982e-06,112.1793,-4.900675e-07,1.202104e-06
-0.3,0.161,1.630928e-06,71.80396,5.092453e-07,1.549333e-06
-0.3,0.1609,2.125231e-06,76.11727,5.099158e-07,2.06311e-06
-0.3,0.1608,1.6022e-06,76.71427,3.681443e-07,1.55919e-06
-0.3,0.1607,9.857956e-07,89.43448,9.723007e-09,9.857174e-07
-0.3,0.1606,1.385908e-06,99.46284,-2.27848e-07,1.366926e-06
-0.3,0.1605,2.265594e-06,88.54155,5.768984e-08,2.26484e-06
-0.3,0.1604,1.174237e-06,139.745,-8.960533e-07,7.586739e-07
-0.3,0.1603,1.783646e-06,85.52714,1.391004e-07,1.778108e-06
-0.3,0.1602,1.751175e-06,78.70484,3.429595e-07,1.717217e-06
-0.3,0.1601,1.919964e-06,83.60128,2.139844e-07,1.907883e-06
-0.3,0.16,1.854613e-06,93.45118,-1.116581e-07,1.851126e-06
-0.3,0.1599,1.749733e-06,83.21748,2.06653e-07,1.737467e-06
-0.3,0.1598,1.550076e-06,107.862,-4.754103e-07,1.475248e-06
-0.3,0.1597,1.891806e-06,89.61633,1.265667e-08,1.891627e-06
-0.3,0.1596,2.025861e-06,92.20548,-7.795169e-08,2.024335e-06
-0.3,0.1595,1.865291e-06,110.4274,-6.510224e-07,1.747995e-06
-0.3,0.1594,2.348592e-06,100.7675,-4.387702e-07,2.307208e-06
-0.3,0.1593,2.515302e-06,107.4791,-7.554832e-07,2.399146e-06
-0.3,0.1592,1.477533e-06,71.31739,4.732701e-07,1.399565e-06
-0.3,0.1591,1.595042e-06,94.38488,-1.219175e-07,1.590371e-06
-0.3,0.159,1.852372e-06,98.19692,-2.640858e-07,1.833401e-06
-0.3,0.1589,1.963371e-06,95.51758,-1.888051e-07,1.954117e-06
-0.3,0.1588,2.897674e-06,76.40141,6.812643e-07,2.816325e-06
-0.3,0.1587,2.301922e-06,104.7626,-5.86532e-07,2.225931e-06
-0.3,0.1586,1.024754e-06,108.4832,-3.248434e-07,9.717307e-07
-0.3,0.1585,7.436927e-07,28.49811,6.535481e-07,3.548171e-07
-0.3,0.1584,1.576859e-06,117.0417,-7.168427e-07,1.404365e-06
-0.3,0.1583,1.738216e-06,106.2255,-4.856698e-07,1.668848e-06
-0.3,0.1582,1.673469e-06,113.3263,-6.626117e-07,1.536671e-06
-0.3,0.1581,1.106768e-06,113.5449,-4.421006e-07,1.014634e-06
-0.3,0.158,1.330694e-06,140.6236,-1.028493e-06,8.440855e-07
-0.3,0.1579,1.336455e-06,90.46234,-1.079589e-08,1.336276e-06
-0.3,0.1578,1.602418e-06,113.3692,-6.355661e-07,1.47085e-06
-0.3,0.1577,9.356215e-07,106.6697,-2.683494e-07,8.961819e-07
-0.3,0.1576,1.503428e-06,83.19912,1.780092e-07,1.492705e-06
-0.3,0.1575,2.391524e-06,92.17139,-9.060837e-08,2.389686e-06
-0.3,0.1574,1.404142e-06,83.60915,1.562889e-07,1.395301e-06
-0.3,0.1573,1.649804e-06,104.8251,-4.221126e-07,1.594768e-06
-0.3,0.1572,2.010231e-06,84.97374,1.761429e-07,2.002486e-06
-0.3,0.1571,2.55791e-06,75.87117,6.243679e-07,2.480423e-06
-0.3,0.157,2.054527e-06,119.3696,-1.007577e-06,1.790497e-06
-0.3,0.1569,1.444492e-06,119.1589,-7.037837e-07,1.261398e-06
-0.3,0.1568,9.287931e-07,57.87135,4.939232e-07,7.865242e-07
-0.3,0.1567,1.636337e-06,85.15296,1.383014e-07,1.630475e-06
-0.3,0.1566,1.477679e-06,68.40626,5.437564e-07,1.373849e-06
-0.3,0.1565,2.117034e-06,67.73582,8.021146e-07,1.95918e-06
-0.3,0.1564,1.465933e-06,115.7714,-6.372984e-07,1.320021e-06
-0.3,0.1563,1.630106e-06,132.248,-1.095917e-06,1.206636e-06
-0.3,0.1562,1.074677e-06,87.07249,5.489028e-08,1.073257e-06
-0.3,0.1561,1.996848e-06,69.54628,6.977822e-07,1.870846e-06
-0.3,0.156,1.739462e-06,73.74643,4.8686e-07,1.669915e-06
-0.3,0.1559,1.776237e-06,86.42118,1.108534e-07,1.772643e-06
-0.3,0.1558,1.614566e-06,99.28624,-2.604927e-07,1.593299e-06
-0.3,0.1557,1.165078e-06,99.1481,-1.852065e-07,1.150136e-06
-0.3,0.1556,1.705398e-06,58.74647,8.84721e-07,1.457791e-06
-0.3,0.1555,1.349531e-06,77.54307,2.911314e-07,1.317758e-06
-0.3,0.1554,1.268193e-06,31.9739,1.075789e-06,6.715357e-07
-0.3,0.1553,1.628279e-06,64.04757,7.125735e-07,1.464055e-06
-0.3,0.1552,1.745263e-06,106.9108,-5.076527e-07,1.669647e-06
-0.3,0.1551,1.424554e-06,121.2106,-7.381606e-07,1.218359e-06
-0.3,0.155,1.746453e-06,98.47668,-2.57425e-07,1.727342e-06
-0.3,0.1549,2.162586e-06,58.81816,1.119626e-06,1.850059e-06
-0.3,0.1548,1.967478e-06,77.02376,4.418268e-07,1.917209e-06
-0.3,0.1547,1.137731e-06,102.9124,-2.542287e-07,1.108836e-06
-0.3,0.1546,1.751421e-06,106.6644,-5.021933e-07,1.677777e-06
-0.3,0.1545,1.442788e-06,32.93438,1.2109e-06,7.843896e-07
-0.3,0.1544,1.900244e-06,104.506,-4.759412e-07,1.839665e-06
-0.3,0.1543,1.454701e-06,58.12925,7.680002e-07,1.23528e-06
-0.3,0.1542,1.291746e-06,98.34555,-1.874752e-07,1.27805e-06
-0.3,0.1541,1.692691e-06,80.34656,2.838e-07,1.668585e-06
-0.3,0.154,1.677269e-06,85.46682,1.325737e-07,1.671915e-06
-0.3,0.1539,1.977816e-06,103.3651,-4.571545e-07,1.924138e-06
-0.3,0.1538,1.720262e-06,80.01359,2.983231e-07,1.694167e-06
-0.3,0.1537,1.753175e-06,92.62338,-8.021481e-08,1.751326e-06
-0.3,0.1536,2.156607e-06,92.08178,-7.834844e-08,2.155048e-06
-0.3,0.1535,1.395408e-06,106.7956,-4.031918e-07,1.335879e-06
-0.3,0.1534,1.832669e-06,81.21382,2.799388e-07,1.81115e-06
-0.3,0.1533,1.864112e-06,84.6188,1.748129e-07,1.855786e-06
-0.3,0.1532,3.288108e-07,82.04262,4.556402e-08,3.256425e-07
-0.3,0.1531,2.376638e-06,97.16323,-2.963338e-07,2.357974e-06
-0.3,0.153,2.000452e-06,100.9629,-3.804098e-07,1.963846e-06
-0.3,0.1529,2.626262e-06,118.5894,-1.256737e-06,2.306012e-06
-0.3,0.1528,9.567327e-07,145.4238,-7.877256e-07,5.429573e-07
-0.3,0.1527,1.384455e-06,71.6326,4.362277e-07,1.313891e-06
-0.3,0.1526,1.384221e-06,118.6004,-6.626117e-07,1.215292e-06
-0.3,0.1525,1.748034e-06,137.4651,-1.288052e-06,1.181719e-06
-0.3,0.1524,1.216018e-06,77.93822,2.54089e-07,1.189045e-06
-0.3,0.1523,1.691456e-06,88.46155,4.542991e-08,1.690836e-06
-0.3,0.1522,5.447175e-07,114.051,-2.219807e-07,4.973877e-07
-0.3,0.1521,1.341819e-06,116.9901,-6.089173e-07,1.195572e-06
-0.3,0.152,1.877261e-06,96.37772,-2.085249e-07,1.865515e-06
-0.3,0.1519,2.243187e-06,127.0155,-1.350408e-06,1.791033e-06
-0.3,0.1518,1.452136e-06,117.5591,-6.707422e-07,1.285113e-06
-0.3,0.1517,1.136898e-06,149.2395,-9.769331e-07,5.814637e-07
-0.3,0.1516,1.268394e-06,100.7295,-2.36107e-07,1.246204e-06
-0.3,0.1515,1.354247e-06,130.5023,-8.795298e-07,1.029688e-06
-0.3,0.1514,8.128322e-07,111.494,-2.977978e-07,7.562767e-07
-0.3,0.1513,1.705236e-06,92.00615,-5.969591e-08,1.704158e-06
-0.3,0.1512,1.053364e-06,112.2869,-3.994591e-07,9.745247e-07
-0.3,0.1511,1.946931e-06,118.4369,-9.270999e-07,1.71202e-06
-0.3,0.151,2.028241e-06,110.98,-7.261689e-07,1.893762e-06
-0.3,0.1509,1.266773e-06,86.85305,6.954744e-08,1.264862e-06
-0.3,0.1508,1.327486e-06,63.84999,5.850624e-07,1.191576e-06
-0.3,0.1507,1.385288e-06,90.76047,-1.838989e-08,1.385042e-06
-0.3,0.1506,1.899423e-06,87.17391,9.366497e-08,1.897092e-06
-0.3,0.1505,1.625329e-06,86.61001,9.606219e-08,1.622345e-06
-0.3,0.1504,1.867946e-06,84.5611,1.77076e-07,1.859519e-06
-0.3,0.1503,1.603871e-06,98.59121,-2.395715e-07,1.585839e-06
-0.3,0.1502,1.581246e-06,130.546,-1.027828e-06,1.201439e-06
-0.3,0.1501,1.962533e-06,86.11082,1.331046e-07,1.957984e-06
-0.3,0.15,1.928184e-06,102.4674,-4.162508e-07,1.882703e-06
