"Tank pressure, bar","Condensed,mbar","liquid, cc","Freq. fit, Hz","Freq. max, Hz",Q
0.57719,0,0,874847.4123,874837.5,1305.301
0.5772,-0.0024,-1.48E-04,874850.3299,874887.5,1310.04042
0.57717,0.02015,0.00124,874849.5342,874850,1310.67168
0.57716,0.03806,0.00234,874849.7226,874850,1311.87699
0.57717,0.02479,0.00153,874848.3537,874887.5,1305.939
0.57716,0.03758,0.00231,874849.1648,874887.5,1310.03303
0.5772,-0.00367,-2.26E-04,874849.8117,874825,1304.88405
0.5772,-0.00367,-2.26E-04,874849.2854,874887.5,1308.00069
0.57717,0.02782,0.00171,874848.8959,874875,1305.76347
0.5772,-0.00288,-1.77E-04,874848.709,874875,1305.97468
0.57717,0.02655,0.00163,874849.7485,874887.5,1310.25202
0.5772,-0.00495,-3.05E-04,874848.2808,874862.5,1307.67608
0.57717,0.02959,0.00182,874846.9841,874837.5,1309.24608
0.57716,0.0379,0.00233,874848.2143,874900,1312.81755
0.5772,-0.00351,-2.16E-04,874847.2625,874900,1305.77343
0.57716,0.03726,0.00229,874848.9566,874862.5,1316.65853
0.57719,4.75E-04,2.92E-05,874848.9731,874912.5,1306.38916
0.57716,0.0307,0.00189,874849.3552,874875,1308.59457
0.5772,-0.00208,-1.28E-04,874849.2693,874900,1309.87698
0.5772,-0.00271,-1.67E-04,874850.8837,874875,1309.37475
0.57716,0.0347,0.00214,874849.5653,874787.5,1302.737
0.5772,-0.00304,-1.87E-04,874848.6162,874837.5,1305.70937
0.57716,0.03806,0.00234,874848.8627,874900,1305.00481
0.57716,0.03102,0.00191,874851.6626,874925,1301.82966
0.5772,-0.00448,-2.75E-04,874847.9877,874862.5,1306.65053
0.5772,-0.00367,-2.26E-04,874848.9565,874900,1312.70069
0.5772,-0.0032,-1.97E-04,874847.3979,874850,1303.49619
0.57716,0.0379,0.00233,874848.254,874912.5,1313.703
0.57719,0,0,874847.4086,874875,1308.34869
0.57716,0.03742,0.0023,874849.5909,874875,1307.52406
0.5772,-0.00336,-2.07E-04,874846.7236,874862.5,1306.74949
0.5772,-0.0032,-1.97E-04,874849.7306,874875,1311.80449
0.57717,0.02639,0.00162,874848.8378,874900,1309.27086
0.57716,0.03742,0.0023,874849.3311,874837.5,1305.55355
0.57717,0.0291,0.00179,874850.9505,874887.5,1305.90806
0.5772,-0.0032,-1.97E-04,874848.5743,874937.5,1316.5448
0.5772,-0.00208,-1.28E-04,874847.3878,874900,1306.28453
0.57716,0.03677,0.00226,874847.2983,874875,1313.97828
0.5772,-0.00208,-1.28E-04,874847.9602,874887.5,1308.54954
0.5772,-0.00271,-1.67E-04,874847.997,874862.5,1310.20004
0.57716,0.03694,0.00227,874849.2863,874887.5,1308.52315
0.57716,0.03677,0.00226,874850.3158,874862.5,1309.33958
0.57716,0.0371,0.00228,874848.4953,874875,1309.20501
0.5772,-0.00271,-1.67E-04,874848.2814,874900,1310.81601
0.5772,-0.00448,-2.75E-04,874850.5493,874887.5,1308.80937
0.57716,0.03646,0.00224,874848.1877,874900,1308.70177
0.57719,0.00767,4.72E-04,874848.875,874887.5,1304.05236
0.5772,-0.004,-2.46E-04,874850.225,874887.5,1302.99388
0.57717,0.02335,0.00144,874849.2826,874912.5,1310.60287
0.57716,0.0363,0.00223,874849.143,874887.5,1301.72852
0.5772,-0.00384,-2.36E-04,874849.6026,874925,1311.81059
0.57716,0.03694,0.00227,874847.9533,874912.5,1311.90258
0.5772,-0.00351,-2.16E-04,874850.1257,874887.5,1305.8663
0.5772,-0.00367,-2.26E-04,874847.6693,874862.5,1302.17229
0.5772,-0.00448,-2.75E-04,874848.727,874862.5,1310.7267
0.5772,-0.004,-2.46E-04,874849.2918,874862.5,1307.56381
0.5772,-0.0016,-9.85E-05,874847.9648,874825,1304.03712
0.5772,-0.00304,-1.87E-04,874849.7497,874875,1313.36179
0.5772,-0.00224,-1.38E-04,874846.8459,874912.5,1307.61827
0.5772,-0.00304,-1.87E-04,874846.9904,874850,1298.2265
0.5772,-0.00111,-6.85E-05,874849.8924,874825,1307.65128
0.5772,-0.00256,-1.58E-04,874847.7706,874887.5,1310.04977
0.5772,-0.00336,-2.07E-04,874848.6632,874912.5,1307.76137
0.57716,0.03582,0.00221,874849.3088,874862.5,1309.19014
0.57716,0.03597,0.00221,874848.108,874925,1305.83661
0.57716,0.03837,0.00236,874847.9874,874862.5,1302.29579
0.57714,0.05197,0.0032,874843.7733,874812.5,1306.93781
0.57716,0.0371,0.00228,874845.7448,874825,1307.67066
0.57713,0.06349,0.00391,874844.1562,874850,1311.66218
0.57712,0.07627,0.0047,874843.4027,874875,1314.60402
0.57712,0.07724,0.00475,874843.9946,874875,1312.47671
0.57712,0.07627,0.0047,874842.0256,874887.5,1309.22408
0.57708,0.11721,0.00722,874842.2714,874900,1309.75953
0.57708,0.11545,0.00711,874840.2726,874825,1307.23291
0.57708,0.11689,0.0072,874839.3972,874887.5,1300.69126
0.57708,0.11689,0.0072,874837.3004,874887.5,1302.08195
0.57704,0.1508,0.00928,874837.8071,874875,1297.9288
0.577,0.19732,0.01215,874835.573,874837.5,1309.49822
0.57696,0.2381,0.01466,874832.3697,874837.5,1305.98274
0.57696,0.23635,0.01455,874833.3023,874825,1308.94034
0.57695,0.2453,0.0151,874831.4133,874850,1316.85401
0.57692,0.27712,0.01706,874832.4381,874862.5,1311.32194
0.5769,0.29231,0.018,874829.0348,874900,1305.64136
0.57688,0.31437,0.01935,874830.4537,874875,1304.51482
0.57688,0.31726,0.01953,874827.9908,874800,1307.73759
0.57684,0.35484,0.02184,874828.886,874812.5,1302.89795
0.57684,0.35755,0.02201,874830.9165,874900,1305.3638
0.57682,0.37786,0.02326,874831.8069,874837.5,1302.92417
0.5768,0.39849,0.02453,874833.626,874875,1295.07949
0.57679,0.40041,0.02465,874834.7878,874887.5,1298.31198
0.57677,0.42247,0.02601,874834.0891,874887.5,1303.97767
0.57676,0.43751,0.02693,874834.7069,874837.5,1295.94561
0.57676,0.43815,0.02697,874836.6611,874862.5,1294.88102
0.57672,0.4786,0.02946,874836.2349,874887.5,1297.5054
0.57672,0.47716,0.02938,874837.3552,874825,1296.13027
0.57668,0.51842,0.03192,874835.8494,874925,1298.45883
0.57667,0.52082,0.03206,874835.8093,874800,1297.80559
0.57667,0.52786,0.0325,874836.2122,874912.5,1297.09018
0.57664,0.5576,0.03433,874837.3422,874875,1299.89915
0.57663,0.56,0.03448,874836.3291,874900,1290.96703
0.57659,0.60061,0.03698,874838.4534,874862.5,1293.28357
0.5766,0.59981,0.03693,874839.6032,874875,1300.11749
0.5766,0.59917,0.03689,874839.0006,874837.5,1291.73381
0.57655,0.64027,0.03942,874837.0095,874825,1294.34253
0.57651,0.68201,0.04199,874838.1238,874887.5,1287.04735
0.57651,0.68121,0.04194,874839.5004,874850,1294.07005
0.57651,0.68121,0.04194,874838.6744,874875,1292.95563
0.57647,0.72119,0.0444,874840.4294,874875,1290.9563
0.57645,0.74357,0.04578,874839.9955,874837.5,1296.21313
0.57643,0.7618,0.0469,874840.5489,874900,1293.08391
0.57643,0.75989,0.04678,874839.4323,874850,1287.6531
0.57639,0.80194,0.04937,874839.0157,874837.5,1295.93443
0.57639,0.80274,0.04942,874839.4997,874837.5,1297.85044
0.57635,0.84127,0.05179,874840.5697,874837.5,1288.624
0.57635,0.84224,0.05185,874838.5163,874862.5,1298.12314
0.57631,0.88189,0.05429,874839.1614,874862.5,1291.28384
0.57631,0.88349,0.05439,874839.341,874900,1291.58398
0.57627,0.92251,0.05679,874839.2713,874875,1286.76528
0.57627,0.92267,0.0568,874838.7142,874887.5,1297.61613
0.57627,0.92507,0.05695,874840.9408,874837.5,1298.95311
0.57623,0.96105,0.05916,874841.3728,874862.5,1291.47245
0.57621,0.98184,0.06044,874840.7405,874775,1293.60613
0.57619,1.0015,0.06165,874840.4988,874850,1282.95111
0.57615,1.04372,0.06425,874841.092,874862.5,1285.54863
0.57615,1.04196,0.06415,874841.9719,874912.5,1296.22502
0.57612,1.07346,0.06609,874841.7919,874875,1291.33284
0.57611,1.0829,0.06667,874841.95,874850,1288.00303
0.57611,1.08321,0.06669,874841.1284,874875,1296.89465
0.57607,1.12,0.06895,874842.8465,874862.5,1290.90357
0.57607,1.1224,0.0691,874842.8696,874875,1294.837
0.57607,1.12,0.06895,874841.8943,874900,1289.85655
0.57607,1.12191,0.06907,874844.0547,874862.5,1289.28487
0.57604,1.15901,0.07135,874844.1921,874837.5,1283.112
0.57595,1.24329,0.07654,874844.9529,874925,1288.34813
0.57603,1.16254,0.07157,874844.2743,874837.5,1293.20924
0.57603,1.16285,0.07159,874846.0616,874837.5,1289.09447
0.57595,1.24249,0.07649,874845.5287,874850,1290.98185
0.57595,1.24265,0.0765,874846.4108,874825,1288.0787
0.57595,1.24265,0.0765,874845.4314,874900,1283.99856
0.57591,1.28199,0.07892,874845.8316,874900,1288.95515
0.57591,1.28199,0.07892,874844.7606,874850,1285.07649
0.57591,1.28055,0.07883,874846.7535,874850,1280.39412
0.57587,1.32453,0.08154,874847.2079,874900,1284.44903
0.57587,1.32084,0.08131,874845.2096,874912.5,1292.52706
0.57583,1.36274,0.08389,874845.2701,874900,1283.9649
0.57583,1.36386,0.08396,874845.8791,874887.5,1286.33358
0.5758,1.392,0.08569,874846.2089,874875,1285.22254
0.57579,1.40464,0.08647,874848.8618,874887.5,1293.27132
0.57579,1.40511,0.0865,874849.4176,874937.5,1285.26672
0.57576,1.4315,0.08813,874847.8941,874887.5,1282.61539
0.57575,1.44332,0.08885,874850.1902,874900,1286.6385
0.57571,1.48362,0.09134,874847.4383,874887.5,1283.84061
0.57571,1.48395,0.09136,874848.4005,874812.5,1279.31664
0.57571,1.48107,0.09118,874847.7145,874850,1280.90818
0.57567,1.52296,0.09376,874850.4669,874875,1297.72484
0.57567,1.52265,0.09374,874850.3828,874900,1286.0957
0.57566,1.53511,0.09451,874851.5374,874850,1275.9959
0.57563,1.56166,0.09614,874851.0581,874862.5,1277.46782
0.57563,1.5623,0.09618,874851.2819,874900,1282.47501
0.57559,1.60132,0.09858,874852.0244,874875,1277.84256
0.57559,1.6034,0.09871,874852.0213,874900,1275.25332
0.57557,1.62659,0.10014,874854.2166,874950,1275.3154
0.57555,1.64097,0.10102,874851.3557,874850,1277.77221
0.57555,1.64161,0.10106,874853.3011,874925,1276.8534
0.57551,1.68031,0.10344,874850.9075,874912.5,1274.41839
0.57551,1.68207,0.10355,874847.9995,874825,1270.15981
0.57547,1.72157,0.10598,874847.2435,874925,1273.52832
0.57547,1.72141,0.10597,874844.6595,874837.5,1273.11621
0.57545,1.7446,0.1074,874842.3654,874862.5,1272.2625
0.57543,1.76171,0.10846,874841.0951,874837.5,1273.46163
0.57541,1.78537,0.10991,874840.7378,874900,1272.29899
0.5754,1.79945,0.11078,874839.477,874825,1267.77044
0.57535,1.84102,0.11334,874838.5601,874837.5,1279.23298
0.57535,1.84182,0.11339,874838.6883,874887.5,1273.43485
0.57535,1.84821,0.11378,874838.6305,874825,1271.05457
0.57534,1.85829,0.1144,874837.9558,874825,1268.56991
0.57527,1.9205,0.11823,874838.2529,874887.5,1273.63725
0.57527,1.92225,0.11834,874837.0751,874925,1275.76985
0.57526,1.93057,0.11885,874836.55,874887.5,1269.88133
0.57523,1.96191,0.12078,874836.7177,874837.5,1267.90038
0.57523,1.95999,0.12066,874836.6934,874825,1274.25743
0.57523,1.96431,0.12093,874833.7298,874850,1265.19532
0.57519,2.00445,0.1234,874834.7478,874862.5,1281.02051
0.57519,2.00189,0.12324,874834.1627,874850,1274.03305
0.57515,2.0433,0.12579,874834.1963,874825,1271.63408
0.57511,2.08009,0.12806,874831.8831,874837.5,1266.79025
0.57511,2.08152,0.12814,874834.4023,874812.5,1272.35714
0.57507,2.1215,0.1306,874832.4325,874900,1268.3618
0.57511,2.08409,0.1283,874833.2268,874800,1269.51417
0.57507,2.12357,0.13073,874831.5708,874887.5,1273.97159
0.57507,2.1247,0.1308,874831.5378,874825,1269.41755
0.57503,2.16276,0.13315,874831.5909,874850,1270.05549
0.57503,2.1634,0.13318,874829.0926,874912.5,1262.11767
0.57499,2.20385,0.13567,874828.4018,874850,1269.79983
0.57499,2.20401,0.13568,874827.0648,874837.5,1263.73637
0.57491,2.28381,0.1406,874823.3895,874837.5,1270.95047
0.57491,2.28509,0.14068,874824.6363,874875,1267.58733
0.57491,2.28445,0.14064,874824.2005,874800,1268.1954
0.57487,2.32603,0.1432,874821.9693,874812.5,1264.82155
0.57487,2.3249,0.14313,874822.6095,874812.5,1266.27127
0.57487,2.32459,0.14311,874819.3204,874837.5,1269.35927
0.57483,2.36504,0.1456,874818.9017,874875,1267.56028
0.57483,2.36408,0.14554,874817.0642,874862.5,1264.4431
0.57479,2.40374,0.14798,874816.5382,874887.5,1256.82907
0.57479,2.40677,0.14817,874811.2577,874875,1260.7659
0.57475,2.4458,0.15057,874805.0449,874837.5,1273.6062
0.57476,2.43189,0.14971,874803.8928,874825,1268.68479
0.57475,2.44627,0.1506,874802.8664,874850,1259.39058
0.57471,2.48577,0.15303,874801.8441,874850,1270.31402
0.57471,2.48689,0.1531,874801.022,874900,1265.77657
0.57467,2.52606,0.15551,874798.2342,874800,1263.43004
0.57467,2.52655,0.15554,874798.0771,874875,1270.99656
0.57467,2.52479,0.15543,874797.804,874812.5,1262.35434
0.57463,2.56476,0.15789,874798.1887,874862.5,1264.89666
0.5746,2.59291,0.15963,874797.6107,874787.5,1265.45249
0.57461,2.58524,0.15915,874796.9904,874812.5,1259.91387
0.57455,2.64487,0.16283,874797.2913,874812.5,1262.41598
0.57455,2.64647,0.16292,874791.9773,874862.5,1261.02203
0.57451,2.68454,0.16527,874794.137,874787.5,1264.58646
0.57451,2.6855,0.16533,874792.7327,874812.5,1255.471
0.57451,2.68661,0.16539,874792.8064,874850,1272.09801
0.57451,2.6855,0.16533,874792.7376,874875,1260.2297
0.57447,2.72515,0.16777,874788.0235,874812.5,1260.29292
0.57447,2.72515,0.16777,874787.6203,874812.5,1268.82284
0.57446,2.7381,0.16856,874787.8607,874850,1260.37305
0.57443,2.76561,0.17026,874785.0717,874800,1264.38178
0.57443,2.76769,0.17039,874785.5039,874812.5,1265.2856
0.57439,2.80719,0.17282,874783.9173,874862.5,1252.64713
0.57439,2.80591,0.17274,874785.3983,874775,1259.03564
0.57439,2.80606,0.17275,874784.3254,874862.5,1262.65427
0.57436,2.83214,0.17435,874784.7226,874812.5,1257.82966
0.57435,2.847,0.17527,874782.0465,874775,1261.6063
0.57435,2.84684,0.17526,874783.7135,874762.5,1265.99008
0.57431,2.88603,0.17767,874783.8852,874825,1254.67969
0.57427,2.92087,0.17982,874782.302,874787.5,1260.57568
0.57427,2.9276,0.18023,874781.4089,874837.5,1256.78907
0.57427,2.9268,0.18018,874780.1529,874750,1257.81785
0.57423,2.96741,0.18268,874781.6964,874812.5,1265.80542
0.57423,2.96614,0.1826,874783.831,874875,1259.93678
0.57423,2.96597,0.18259,874781.124,874812.5,1252.92765
0.57423,2.9671,0.18266,874781.4714,874775,1260.32585
0.57419,3.00547,0.18502,874780.7663,874762.5,1260.43435
0.57419,3.00675,0.1851,874781.1845,874800,1261.01628
0.57416,3.03825,0.18704,874782.006,874787.5,1255.46987
0.57415,3.04449,0.18743,874781.1331,874837.5,1259.5087
0.57411,3.08559,0.18996,874780.7384,874812.5,1261.92974
0.57411,3.08366,0.18984,874780.9539,874825,1266.89655
0.57411,3.08542,0.18995,874780.0015,874825,1265.6068
0.57407,3.12669,0.19249,874778.272,874800,1257.734
0.57404,3.1569,0.19435,874779.5665,874787.5,1257.13877
0.57403,3.1649,0.19484,874779.6065,874800,1261.78887
0.57399,3.20391,0.19724,874779.2555,874850,1252.66325
0.57399,3.20504,0.19731,874779.4106,874787.5,1255.05899
0.57399,3.20456,0.19728,874779.5377,874800,1256.19502
0.57395,3.2447,0.19975,874779.2301,874775,1255.54057
0.57395,3.24629,0.19985,874778.2736,874800,1256.62076
0.57395,3.24454,0.19974,874779.7044,874837.5,1256.94043
0.57387,3.32529,0.20471,874776.1647,874812.5,1258.02686
0.57383,3.36495,0.20715,874778.0651,874837.5,1260.17763
0.57383,3.36542,0.20718,874777.2843,874762.5,1257.69755
0.57379,3.40092,0.20937,874779.206,874787.5,1260.5976
0.57379,3.40556,0.20965,874778.8532,874825,1254.60702
0.57379,3.4062,0.20969,874776.8096,874812.5,1255.89939
0.57375,3.4465,0.21218,874777.0444,874800,1260.03518
0.57375,3.44698,0.2122,874778.1587,874825,1256.96447
0.57375,3.44601,0.21215,874778.4892,874812.5,1251.70173
0.57371,3.48647,0.21464,874776.6735,874837.5,1259.34531
0.57371,3.48664,0.21465,874775.5666,874750,1252.99943
0.57367,3.52517,0.21702,874777.4172,874825,1262.18084
0.57366,3.53109,0.21738,874777.0316,874800,1263.25432
0.57364,3.55268,0.21871,874777.6503,874762.5,1253.60316
0.57363,3.56322,0.21936,874778.7693,874800,1255.86797
0.57363,3.56499,0.21947,874779.1972,874825,1255.69596
0.57359,3.60672,0.22204,874778.3862,874750,1256.83933
0.57359,3.60561,0.22197,874778.2592,874787.5,1254.99089
0.57359,3.60625,0.22201,874777.4669,874812.5,1253.34636
0.57353,3.65997,0.22532,874777.9879,874812.5,1257.85657
0.57354,3.65566,0.22505,874778.7902,874787.5,1251.93829
0.57351,3.68604,0.22692,874778.8969,874787.5,1258.61731
0.57347,3.72666,0.22942,874777.1947,874800,1255.10703
0.57347,3.72681,0.22943,874777.7422,874787.5,1252.78135
0.57347,3.72697,0.22944,874778.7764,874825,1251.62837
0.57347,3.72586,0.22937,874780.0592,874775,1252.6699
0.57343,3.76647,0.23187,874779.3285,874787.5,1249.64006
0.57343,3.76615,0.23185,874778.6175,874837.5,1237.49433
0.57339,3.80549,0.23428,874778.6636,874825,1245.31431
0.57339,3.80661,0.23434,874781.1822,874775,1248.46563
0.57335,3.84579,0.23676,874776.3814,874737.5,1249.41992
0.57335,3.84642,0.2368,874779.671,874787.5,1247.69405
0.57331,3.88753,0.23933,874780.4513,874812.5,1244.54078
0.57333,3.86641,0.23803,874778.8473,874837.5,1259.5393
0.57332,3.87729,0.2387,874779.7594,874750,1250.01929
0.57331,3.88625,0.23925,874780.68,874787.5,1243.37815
0.57331,3.8864,0.23926,874778.9685,874825,1243.94725
0.57324,3.95085,0.24322,874780.2617,874812.5,1249.08735
0.57323,3.96604,0.24416,874780.5452,874850,1248.91345
0.57323,3.96572,0.24414,874778.1004,874787.5,1248.71781
0.57319,4.00618,0.24663,874779.7133,874800,1246.89664
0.57319,4.00537,0.24658,874780.632,874850,1244.96236
0.57319,4.00521,0.24657,874780.4361,874825,1251.03515
0.57315,4.04535,0.24904,874779.1407,874837.5,1251.18999
0.57315,4.04567,0.24906,874780.2524,874812.5,1245.68831
0.57315,4.04615,0.24909,874779.1218,874787.5,1249.18976
0.57311,4.08374,0.25141,874780.2654,874812.5,1245.17036
0.57311,4.08741,0.25163,874780.775,874800,1250.47723
0.57307,4.12115,0.25371,874781.3943,874837.5,1239.48555
0.57307,4.12691,0.25406,874780.3463,874787.5,1242.23939
0.57307,4.12466,0.25392,874780.9612,874800,1250.2673
0.57303,4.1632,0.2563,874780.241,874825,1245.09271
0.57303,4.16976,0.2567,874782.046,874800,1243.08513
0.57299,4.20574,0.25892,874779.2458,874800,1246.53549
0.57299,4.2043,0.25883,874780.1663,874800,1240.88146
0.57299,4.2059,0.25893,874780.4279,874775,1248.67648
0.57295,4.24716,0.26147,874779.2411,874800,1246.20374
0.57295,4.24604,0.2614,874779.6635,874775,1241.97373
0.57291,4.28697,0.26392,874779.948,874762.5,1250.07426
0.57291,4.28761,0.26396,874779.1239,874800,1243.0414
0.57291,4.28458,0.26377,874779.3469,874800,1239.80271
0.57283,4.36772,0.26889,874780.2006,874850,1240.0664
0.57283,4.36693,0.26884,874781.7425,874775,1239.59301
0.57282,4.37316,0.26922,874778.9438,874787.5,1253.51303
0.57279,4.40659,0.27128,874778.6713,874862.5,1246.5928
0.57275,4.44736,0.27379,874778.4877,874850,1245.91793
0.57279,4.4077,0.27135,874780.5383,874812.5,1248.80838
0.57275,4.44432,0.2736,874779.3056,874787.5,1245.94957
0.57275,4.44672,0.27375,874778.1062,874850,1247.73192
0.57271,4.48446,0.27607,874779.8458,874800,1250.3042
0.57271,4.48446,0.27607,874781.0415,874787.5,1244.61278
0.57271,4.48477,0.27609,874778.4889,874837.5,1245.26426
0.57267,4.527,0.27869,874781.2484,874825,1244.63188
0.57267,4.52811,0.27876,874781.5318,874812.5,1247.02288
0.57263,4.5665,0.28113,874781.38,874787.5,1242.25655
0.57263,4.56554,0.28107,874778.1536,874800,1246.90411
0.5726,4.59431,0.28284,874778.6858,874812.5,1249.40672
0.57259,4.60662,0.2836,874779.2077,874787.5,1249.02649
0.57259,4.60535,0.28352,874779.5507,874775,1251.80805
0.57255,4.64485,0.28595,874778.6599,874762.5,1243.77944
0.57255,4.64405,0.2859,874780.9989,874800,1257.40116
0.57255,4.64756,0.28612,874778.7089,874825,1242.90411
0.57251,4.68466,0.2884,874781.7047,874812.5,1250.93859
0.57248,4.71729,0.29041,874780.9198,874787.5,1246.02976
0.57247,4.72832,0.29109,874778.0004,874762.5,1249.6599
0.57247,4.728,0.29107,874778.2918,874837.5,1248.65181
0.57243,4.76814,0.29354,874777.5397,874837.5,1256.30305
0.57243,4.7659,0.2934,874777.8636,874825,1252.11468
0.57243,4.76494,0.29334,874780.814,874812.5,1242.83091
0.57239,4.80491,0.2958,874779.1172,874800,1247.62074
0.57239,4.80204,0.29563,874779.575,874775,1247.48211
0.57239,4.80715,0.29594,874777.7131,874800,1250.59031
0.57235,4.84714,0.2984,874777.749,874812.5,1251.14464
0.57235,4.84937,0.29854,874777.4897,874762.5,1246.72248
0.57231,4.88599,0.30079,874779.0186,874787.5,1251.8021
0.57231,4.88471,0.30072,874779.4847,874800,1250.50208
0.57227,4.92501,0.3032,874777.9321,874800,1244.24073
0.57227,4.92565,0.30324,874778.4865,874825,1245.81045
0.57223,4.96706,0.30578,874778.0082,874812.5,1255.84941
0.57222,4.97681,0.30639,874777.0687,874812.5,1247.76577
0.57223,4.96515,0.30567,874780.2373,874787.5,1251.39028
0.57219,5.0072,0.30826,874777.4923,874787.5,1254.68663
0.57215,5.0411,0.31034,874779.0439,874825,1245.87694
0.57215,5.04686,0.3107,874778.3072,874812.5,1251.46761
0.57215,5.0483,0.31079,874777.4003,874812.5,1238.41773
0.57211,5.08044,0.31276,874779.4927,874787.5,1250.17873
0.57208,5.11226,0.31472,874779.9928,874812.5,1252.03133
0.57207,5.12569,0.31555,874776.6907,874750,1246.74217
0.5721,5.09675,0.31377,874779.2888,874775,1246.35045
0.57207,5.12777,0.31568,874777.0648,874800,1245.63275
0.57203,5.16135,0.31775,874781.0493,874762.5,1244.99283
0.57203,5.16871,0.3182,874776.6157,874812.5,1247.3523
0.57202,5.17479,0.31857,874776.4846,874800,1246.44951
0.57199,5.20581,0.32048,874777.953,874762.5,1251.64456
0.57195,5.24786,0.32307,874775.5478,874762.5,1253.16047
0.57198,5.21284,0.32092,874778.5586,874825,1245.14982
0.57195,5.24786,0.32307,874777.2785,874837.5,1250.51112
0.57194,5.25057,0.32324,874777.1042,874825,1243.2864
0.57191,5.28864,0.32558,874778.9432,874862.5,1247.86797
0.57191,5.28816,0.32555,874773.1886,874800,1250.45134
0.57187,5.32718,0.32795,874776.853,874787.5,1250.10605
0.57187,5.32974,0.32811,874776.1585,874787.5,1246.03284
0.57187,5.32718,0.32795,874776.5893,874875,1247.71422
0.57181,5.38106,0.33127,874776.5405,874775,1247.03675
0.57187,5.32814,0.32801,874779.0904,874787.5,1247.84502
0.57179,5.40825,0.33295,874777.764,874812.5,1247.18234
0.57176,5.43879,0.33483,874777.1182,874800,1249.14676
0.57175,5.44662,0.33531,874777.8611,874812.5,1243.3363
0.57175,5.44695,0.33533,874777.7216,874762.5,1240.92134
0.57171,5.48869,0.3379,874777.6028,874787.5,1241.4987
0.57171,5.48532,0.33769,874779.9458,874787.5,1248.47704
0.57167,5.52562,0.34017,874777.6901,874812.5,1243.95764
0.57167,5.52419,0.34008,874776.7532,874787.5,1245.84459
0.57167,5.52659,0.34023,874776.5937,874875,1249.42525
0.57163,5.5672,0.34273,874775.2124,874825,1249.85334
0.57162,5.57759,0.34337,874776.7799,874787.5,1244.40784
0.57159,5.6043,0.34501,874776.7806,874850,1241.9647
0.57159,5.60701,0.34518,874776.5057,874825,1252.88176
0.57159,5.6067,0.34516,874778.7561,874800,1245.45676
0.57155,5.64635,0.3476,874777.0063,874812.5,1249.39539
0.57155,5.64764,0.34768,874776.7043,874737.5,1245.05819
0.57155,5.64715,0.34765,874778.3191,874875,1248.02253
0.57151,5.68729,0.35012,874777.1419,874775,1238.41495
0.57151,5.68745,0.35013,874778.2743,874775,1254.20861
0.5715,5.69912,0.35085,874776.5306,874775,1251.81256
0.57147,5.72679,0.35256,874778.0272,874812.5,1242.25196
0.57143,5.76789,0.35509,874777.7961,874812.5,1243.1206
0.57142,5.77507,0.35553,874776.375,874750,1241.54404
0.57139,5.80802,0.35756,874777.5053,874787.5,1249.07697
0.57139,5.80962,0.35766,874778.1969,874750,1244.34422
0.57135,5.84911,0.36009,874779.5347,874837.5,1250.72356
0.57135,5.84831,0.36004,874776.5197,874800,1246.20829
0.5713,5.89101,0.36267,874778.2159,874762.5,1245.18846
0.5713,5.89021,0.36262,874775.7012,874800,1247.69063
0.57126,5.93051,0.3651,874776.9325,874850,1251.13281
0.57127,5.92907,0.36501,874777.6331,874800,1246.53565
0.57126,5.93002,0.36507,874775.9192,874787.5,1249.84012
0.57123,5.96873,0.36745,874777.3931,874825,1247.0094
0.57122,5.96985,0.36752,874776.8727,874862.5,1245.8832
0.5712,5.99895,0.36931,874774.9435,874775,1241.87111
0.57119,6.00982,0.36998,874777.6511,874837.5,1247.37817
0.57118,6.00999,0.36999,874776.4353,874800,1248.80901
0.57114,6.05013,0.37246,874776.742,874737.5,1252.34863
0.57115,6.04964,0.37243,874778.9569,874850,1244.11811
0.57114,6.05316,0.37265,874777.846,874787.5,1244.60875
0.57111,6.0893,0.37487,874776.2559,874837.5,1244.26433
0.57108,6.11936,0.37672,874775.2802,874800,1243.13337
0.57106,6.13055,0.37741,874777.2679,874812.5,1246.36603
0.57106,6.13215,0.37751,874776.8573,874750,1247.67882
0.57107,6.12975,0.37736,874776.7242,874812.5,1242.80407
0.57106,6.13007,0.37738,874777.1903,874800,1246.24732
0.57102,6.17229,0.37998,874777.4872,874787.5,1247.89153
0.57102,6.17181,0.37995,874779.0403,874837.5,1245.35584
0.57098,6.21082,0.38235,874776.7954,874775,1245.18518
0.57098,6.21082,0.38235,874776.4095,874787.5,1247.84456
0.57098,6.21066,0.38234,874775.4995,874850,1250.53208
0.57094,6.25,0.38477,874777.4573,874775,1250.69588
0.57094,6.25416,0.38502,874774.6532,874812.5,1248.95446
0.5709,6.2919,0.38735,874776.2301,874825,1248.72926
0.5709,6.29046,0.38726,874775.5436,874812.5,1246.61275
0.57086,6.3314,0.38978,874777.3618,874775,1242.82364
0.57086,6.33044,0.38972,874777.5854,874825,1250.02512
0.57086,6.33012,0.3897,874776.781,874775,1246.15665
0.57082,6.37121,0.39223,874779.2306,874775,1239.67778
0.57082,6.3709,0.39221,874776.6953,874837.5,1249.42554
0.57082,6.3701,0.39216,874776.522,874825,1250.77486
0.57074,6.45149,0.39717,874775.7209,874762.5,1244.05502
0.57074,6.44989,0.39707,874777.1515,874725,1244.62682
0.57071,6.48875,0.39946,874778.491,874800,1249.96691
0.5707,6.49066,0.39958,874777.5781,874750,1245.6106
0.57068,6.51177,0.40088,874778.0971,874825,1243.40722
0.57066,6.53096,0.40206,874775.5061,874775,1243.91637
0.57066,6.5308,0.40205,874776.2945,874762.5,1246.57775
0.57063,6.56966,0.40444,874776.2899,874812.5,1245.71641
0.57062,6.5703,0.40448,874778.7064,874762.5,1249.11003
0.57058,6.61347,0.40714,874777.322,874825,1248.90364
0.57058,6.61108,0.40699,874777.6976,874825,1247.38491
0.57056,6.6389,0.40871,874777.1021,874737.5,1245.28602
0.57054,6.65154,0.40949,874776.2965,874812.5,1246.18706
0.57054,6.65489,0.40969,874776.3456,874825,1248.0803
0.5705,6.69247,0.41201,874775.1834,874750,1240.34075
0.5705,6.69151,0.41195,874777.127,874737.5,1247.91412
0.57046,6.73085,0.41437,874776.9452,874825,1252.35609
0.57046,6.73149,0.41441,874776.487,874812.5,1250.17683
0.57045,6.74556,0.41527,874776.2224,874800,1239.58107
0.57042,6.77322,0.41698,874777.3225,874787.5,1240.79244
0.57042,6.7721,0.41691,874775.9275,874812.5,1248.4171
0.57042,6.77115,0.41685,874774.6783,874762.5,1243.81872
0.57038,6.81272,0.41941,874778.508,874812.5,1243.94586
0.57036,6.83048,0.4205,874777.9214,874862.5,1245.05739
0.57034,6.85254,0.42186,874774.6717,874812.5,1243.38139
0.5703,6.8922,0.4243,874775.7541,874800,1245.35932
0.5703,6.89507,0.42448,874776.3452,874775,1244.45523
0.5703,6.8938,0.4244,874778.0474,874862.5,1249.44101
0.57026,6.93057,0.42666,874776.3272,874787.5,1245.23279
0.57026,6.93281,0.4268,874778.3398,874787.5,1245.39782
0.57026,6.93217,0.42676,874775.2914,874800,1250.86612
0.57022,6.97215,0.42922,874777.0784,874825,1244.49743
0.57021,6.98942,0.43029,874775.7135,874862.5,1241.69621
0.57018,7.01356,0.43177,874778.4914,874775,1244.0774
0.57018,7.01245,0.4317,874773.5832,874762.5,1241.78065
0.57014,7.0537,0.43424,874777.1035,874750,1246.49785
0.57014,7.0521,0.43414,874775.6931,874787.5,1247.90446
0.5701,7.09304,0.43667,874776.7741,874812.5,1250.34554
0.5701,7.09384,0.43671,874776.9653,874762.5,1248.71625
0.57006,7.13221,0.43908,874775.5448,874787.5,1245.98296
0.57006,7.13237,0.43909,874777.5956,874825,1249.91453
0.57006,7.13398,0.43919,874776.4973,874800,1246.70405
0.57002,7.17491,0.44171,874775.6038,874812.5,1250.98185
0.57002,7.1746,0.44169,874775.1559,874787.5,1244.93135
0.57002,7.17587,0.44176,874777.4507,874825,1252.44488
0.56998,7.21377,0.4441,874775.0332,874737.5,1249.28796
0.56998,7.21712,0.4443,874779.0335,874800,1251.7357
0.56994,7.25199,0.44645,874777.805,874850,1244.86412
0.5699,7.29196,0.44891,874777.5571,874812.5,1244.3725
0.5699,7.29245,0.44894,874777.6027,874800,1244.48635
0.56986,7.3321,0.45138,874774.4634,874762.5,1250.83644
0.56986,7.33146,0.45134,874776.598,874812.5,1243.72701
0.56984,7.35065,0.45252,874778.0659,874825,1246.51185
0.56982,7.37064,0.45375,874778.9443,874800,1248.30958
0.56979,7.40758,0.45603,874776.216,874812.5,1245.42924
0.56978,7.41126,0.45626,874776.3815,874850,1239.43191
0.56976,7.43285,0.45758,874776.4385,874775,1247.00613
0.5697,7.49265,0.46127,874776.1678,874825,1247.6047
0.5697,7.49154,0.4612,874778.2742,874787.5,1246.12227
0.56968,7.5143,0.4626,874777.4716,874775,1243.75278
0.56966,7.53301,0.46375,874778.8332,874762.5,1241.20629
0.56966,7.53205,0.46369,874775.6018,874825,1235.65293
0.56962,7.57171,0.46613,874780.3075,874862.5,1246.77042
0.56962,7.57139,0.46611,874777.9929,874837.5,1246.58745
0.56961,7.58417,0.4669,874777.7039,874800,1241.24339
0.56958,7.61249,0.46864,874775.2728,874787.5,1241.71111
0.56958,7.61185,0.4686,874776.7942,874775,1249.0834
0.56958,7.61072,0.46854,874776.8278,874787.5,1251.10778
0.56954,7.65199,0.47108,874776.2485,874862.5,1242.20324
0.56954,7.65214,0.47108,874778.8473,874762.5,1245.93131
0.56954,7.65119,0.47103,874775.46,874737.5,1238.10872
0.56952,7.67676,0.4726,874777.7741,874837.5,1243.76535
0.5695,7.69036,0.47344,874776.7108,874850,1242.38562
0.56946,7.73145,0.47597,874776.9131,874775,1247.7205
0.56947,7.7297,0.47586,874779.1725,874850,1238.74649
0.56946,7.73194,0.476,874775.8951,874800,1246.37079
0.56946,7.7321,0.47601,874778.9996,874775,1248.28706
0.56942,7.77144,0.47843,874777.342,874812.5,1249.78597
0.56942,7.77144,0.47843,874775.757,874762.5,1242.15447
0.56938,7.81221,0.48094,874778.9618,874800,1245.75025
0.56938,7.81301,0.48099,874777.3771,874787.5,1241.68926
0.56934,7.85059,0.4833,874776.841,874837.5,1249.88646
0.56934,7.85202,0.48339,874776.4075,874787.5,1240.33957
0.56934,7.85075,0.48331,874778.9144,874787.5,1247.00429
0.5693,7.89025,0.48574,874775.6249,874800,1241.89558
0.5693,7.89072,0.48577,874778.0384,874850,1238.18267
0.56926,7.93166,0.48829,874779.3832,874787.5,1243.32972
0.56926,7.93134,0.48827,874774.1948,874825,1240.3866
0.56925,7.9419,0.48892,874778.7186,874800,1252.44654
0.56922,7.96988,0.49065,874774.57,874837.5,1228.44858
0.56922,7.9726,0.49081,874778.9681,874775,1246.28528
0.5692,7.99626,0.49227,874776.7272,874775,1242.84266
0.56918,8.01065,0.49316,874775.1017,874850,1241.10284
0.56917,8.02536,0.49406,874776.5827,874825,1243.13973
0.56914,8.05111,0.49565,874775.5902,874800,1240.86251
0.56914,8.05287,0.49576,874773.933,874775,1239.59689
0.5691,8.09077,0.49809,874774.743,874850,1246.73191
0.5691,8.09141,0.49813,874776.8683,874750,1239.35959
0.56906,8.13283,0.50068,874774.426,874775,1239.90123
0.56906,8.13299,0.50069,874774.9771,874800,1240.12683
0.56906,8.1333,0.50071,874773.713,874825,1248.87822
0.56902,8.17487,0.50327,874776.1794,874800,1240.84689
0.56902,8.1728,0.50314,874776.5544,874837.5,1243.35228
0.56898,8.21342,0.50564,874775.9239,874775,1245.13334
0.56898,8.21437,0.5057,874776.4143,874775,1246.30942
0.56894,8.25275,0.50806,874775.3193,874775,1241.10072
0.56894,8.25244,0.50804,874776.3952,874787.5,1245.03973
0.56894,8.25371,0.50812,874776.2297,874800,1240.88442
0.5689,8.29178,0.51046,874777.1673,874812.5,1248.92007
0.5689,8.29274,0.51052,874773.8775,874850,1242.52066
0.56889,8.3084,0.51149,874777.2318,874850,1245.2712
0.56886,8.33142,0.5129,874775.7512,874825,1241.91983
0.56886,8.33127,0.51289,874772.6124,874850,1237.22538
0.56882,8.37381,0.51551,874777.7464,874775,1242.12078
0.5688,8.39044,0.51654,874776.3377,874812.5,1239.1933
0.56878,8.41186,0.51786,874779.6426,874800,1244.74439
0.56878,8.41235,0.51789,874776.2073,874800,1244.3901
0.56878,8.4109,0.5178,874775.0653,874800,1242.02191
0.56876,8.43792,0.51946,874775.8384,874812.5,1246.06545
0.56874,8.45472,0.52049,874776.0427,874850,1245.93005
0.56871,8.48046,0.52208,874775.3983,874750,1243.6945
0.5687,8.49357,0.52289,874777.4698,874775,1242.27507
0.5687,8.4923,0.52281,874778.4673,874775,1244.61561
0.56866,8.53531,0.52546,874778.3767,874812.5,1240.83976
0.56861,8.58265,0.52837,874775.7422,874825,1240.6304
0.56859,8.60679,0.52986,874775.6614,874762.5,1249.01082
0.56859,8.60231,0.52958,874776.6475,874862.5,1241.57377
0.56858,8.61399,0.5303,874779.3611,874825,1246.62923
0.56854,8.65316,0.53271,874775.2895,874800,1241.1835
0.56854,8.65236,0.53266,874778.1001,874825,1240.81222
0.56854,8.65365,0.53274,874777.7666,874737.5,1240.83548
0.5685,8.69506,0.53529,874775.7313,874800,1243.34928
0.5685,8.6989,0.53553,874774.6433,874787.5,1243.38621
0.56846,8.73472,0.53773,874774.8155,874812.5,1243.52953
0.56842,8.77597,0.54027,874775.0042,874737.5,1244.273
0.56846,8.73392,0.53768,874775.2523,874825,1244.86863
0.56842,8.77438,0.54017,874775.3629,874800,1243.77128
0.56841,8.78972,0.54112,874779.4685,874825,1233.70465
0.56838,8.81275,0.54253,874771.9323,874775,1241.40748
0.56834,8.85321,0.54503,874779.1243,874862.5,1236.42884
0.56834,8.85529,0.54515,874775.8804,874800,1237.84034
0.56831,8.88855,0.5472,874775.577,874812.5,1239.35597
0.5683,8.89191,0.54741,874775.8502,874812.5,1247.25085
0.56827,8.92485,0.54944,874774.658,874837.5,1240.73487
0.56826,8.93285,0.54993,874777.0163,874825,1246.21732
0.56826,8.93269,0.54992,874775.4961,874812.5,1243.51273
0.56822,8.9725,0.55237,874777.2521,874812.5,1247.7136
0.56822,8.97219,0.55235,874774.2876,874800,1244.2889
0.56822,8.97266,0.55238,874776.3859,874800,1240.75695
0.56822,8.97443,0.55249,874775.3428,874787.5,1243.15174
0.56818,9.01456,0.55496,874777.4659,874800,1245.97657
0.56814,9.05325,0.55734,874778.8101,874825,1241.09111
0.56814,9.0539,0.55738,874774.7276,874750,1242.01638
0.56814,9.05357,0.55736,874777.6656,874775,1241.99288
0.56814,9.0539,0.55738,874776.9391,874762.5,1235.17126
0.56814,9.0539,0.55738,874776.3503,874787.5,1241.39592
0.5681,9.09291,0.55978,874775.94,874750,1236.91222
0.56806,9.13401,0.56231,874777.402,874825,1241.25252
0.56806,9.13401,0.56231,874775.1335,874850,1244.03101
0.56806,9.13305,0.56225,874773.4061,874787.5,1241.92321
0.56802,9.17462,0.56481,874776.7584,874775,1244.22672
0.56799,9.20372,0.5666,874775.2888,874787.5,1242.24904
0.56798,9.21492,0.56729,874772.901,874787.5,1240.78202
0.56798,9.21636,0.56738,874777.3626,874825,1244.81655
0.56794,9.25554,0.56979,874775.5983,874737.5,1242.80896
0.56798,9.21907,0.56755,874778.289,874762.5,1246.55719
0.56794,9.2541,0.56971,874776.2905,874862.5,1248.50527
0.5679,9.29231,0.57206,874774.9958,874787.5,1244.80165
0.56787,9.3275,0.57422,874776.1162,874837.5,1240.71055
0.56786,9.33357,0.5746,874773.0364,874762.5,1240.56596
0.56782,9.37579,0.5772,874776.0176,874825,1250.03716
0.56782,9.37482,0.57714,874776.244,874787.5,1239.13734
0.56778,9.41673,0.57972,874776.6083,874787.5,1244.91587
0.56778,9.41481,0.5796,874773.1703,874825,1238.91151
0.56778,9.41609,0.57968,874776.4821,874812.5,1246.44734
0.56775,9.44806,0.58165,874774.7728,874825,1248.25829
0.56774,9.45479,0.58206,874775.6355,874800,1242.27654
0.5677,9.49636,0.58462,874775.9319,874787.5,1236.21171
0.5677,9.49652,0.58463,874776.319,874825,1243.39365
0.5677,9.497,0.58466,874775.99,874787.5,1239.12546
0.56766,9.53586,0.58705,874776.9839,874787.5,1245.40658
0.56758,9.61021,0.59163,874775.5944,874762.5,1242.74921
0.56758,9.61549,0.59195,874776.4907,874775,1242.41825
0.56754,9.65051,0.59411,874777.7274,874762.5,1243.77383
0.56754,9.65595,0.59444,874774.4055,874837.5,1244.51124
0.56754,9.65611,0.59445,874776.1385,874812.5,1236.56738
0.5675,9.69433,0.59681,874777.0821,874850,1239.36897
0.5675,9.69656,0.59694,874775.1738,874800,1244.08894
0.5675,9.69609,0.59692,874774.4629,874812.5,1244.83928
0.56746,9.73782,0.59948,874776.8628,874787.5,1242.69222
0.56744,9.75812,0.60073,874775.4416,874800,1236.27781
0.56742,9.7762,0.60185,874775.964,874737.5,1248.48276
0.56742,9.7762,0.60185,874775.1889,874775,1247.42504
0.56742,9.77444,0.60174,874773.3084,874812.5,1239.59339
0.56738,9.81761,0.6044,874777.2958,874800,1241.30989
0.56737,9.82354,0.60476,874775.0146,874775,1245.92943
0.56734,9.85295,0.60657,874777.0701,874837.5,1240.99923
0.56734,9.85679,0.60681,874777.3863,874800,1242.81212
0.5673,9.89597,0.60922,874775.2758,874800,1242.21781
0.5673,9.89597,0.60922,874777.3849,874775,1245.21512
0.5673,9.89549,0.60919,874777.4463,874800,1248.00425
0.56726,9.93387,0.61155,874775.916,874800,1242.18968
0.56726,9.93691,0.61174,874777.7206,874737.5,1244.42321
0.56722,9.97736,0.61423,874776.6243,874737.5,1241.27841
0.56722,9.97673,0.61419,874775.7657,874775,1239.14274
0.56718,10.01542,0.61657,874776.6868,874837.5,1239.53378
0.56718,10.01606,0.61661,874776.1335,874800,1236.89742
0.56714,10.05524,0.61903,874776.7527,874787.5,1241.89864
0.56718,10.01686,0.61666,874778.1505,874750,1244.75003
0.56714,10.05667,0.61911,874775.3872,874812.5,1238.80808
0.5671,10.09314,0.62136,874774.6429,874787.5,1238.62307
0.5671,10.09506,0.62148,874775.4338,874812.5,1249.31964
0.5671,10.09665,0.62158,874775.7235,874862.5,1241.36351
0.56706,10.13568,0.62398,874776.4999,874737.5,1245.17332
0.56705,10.13999,0.62424,874776.3477,874775,1234.15916
0.56702,10.17677,0.62651,874777.9615,874762.5,1240.15349
0.56702,10.17517,0.62641,874772.1382,874812.5,1242.77651
0.56698,10.21211,0.62868,874778.3092,874825,1232.03132
0.56702,10.17598,0.62646,874774.3221,874800,1239.34811
0.56698,10.21626,0.62894,874776.6793,874812.5,1243.86396
0.56698,10.21451,0.62883,874776.473,874775,1244.08576
0.56694,10.25336,0.63122,874776.5661,874787.5,1237.51798
0.56697,10.22075,0.62921,874777.5926,874837.5,1238.49715
0.5669,10.28999,0.63348,874774.9637,874837.5,1242.59609
0.5669,10.2967,0.63389,874775.2373,874800,1244.53764
0.5669,10.29814,0.63398,874776.6075,874812.5,1237.89749
0.56686,10.3362,0.63632,874776.4023,874775,1232.81718
0.56687,10.3274,0.63578,874775.6673,874825,1247.6739
0.56686,10.33604,0.63631,874774.1031,874825,1246.30893
0.56686,10.3338,0.63617,874775.9105,874737.5,1242.16292
0.56682,10.37137,0.63849,874777.7162,874875,1241.17954
0.56679,10.40751,0.64071,874775.9738,874775,1242.3199
0.56682,10.37761,0.63887,874775.7912,874800,1244.82144
0.56678,10.41728,0.64131,874776.5673,874787.5,1239.39159
0.56678,10.41664,0.64127,874776.2232,874775,1246.82537
0.56675,10.44494,0.64302,874778.2651,874837.5,1241.3273
0.56674,10.45709,0.64376,874776.8004,874787.5,1245.35453
0.5667,10.49722,0.64624,874776.8793,874837.5,1244.74624
0.5667,10.49819,0.64629,874776.0472,874775,1239.09335
0.56666,10.53816,0.64876,874776.6291,874775,1237.33957
0.56666,10.5388,0.64879,874774.8779,874812.5,1243.11021
0.56666,10.53736,0.64871,874776.5099,874787.5,1236.76668
0.56665,10.54024,0.64888,874776.9743,874812.5,1243.802
0.56662,10.57542,0.65105,874776.1741,874837.5,1242.63073
0.56654,10.65697,0.65607,874773.302,874787.5,1238.78705
0.56654,10.65729,0.65609,874778.9574,874825,1237.40433
0.56654,10.65777,0.65612,874773.6947,874800,1243.69799
0.5665,10.69807,0.6586,874777.8271,874812.5,1243.22046
0.5665,10.69631,0.65849,874773.9681,874812.5,1242.43982
0.56646,10.73676,0.66098,874778.3696,874762.5,1243.36371
0.56646,10.73629,0.66095,874774.4062,874775,1243.71506
0.56642,10.77866,0.66356,874777.5202,874800,1243.16784
0.56642,10.77626,0.66341,874775.4814,874825,1240.931
0.56639,10.80616,0.66525,874776.208,874800,1245.84682
0.56638,10.81704,0.66592,874775.5064,874775,1242.77995
0.56637,10.82216,0.66624,874776.079,874800,1240.68902
0.56634,10.85558,0.6683,874777.6593,874762.5,1241.31998
0.56634,10.85637,0.66835,874775.3595,874800,1240.37488
0.5663,10.8978,0.6709,874775.8079,874787.5,1248.72236
0.56628,10.91555,0.67199,874777.3279,874800,1237.92127
0.56626,10.93698,0.67331,874777.0562,874825,1245.5199
0.56626,10.93761,0.67335,874777.6841,874825,1240.85377
0.56622,10.97728,0.67579,874776.8479,874787.5,1236.70047
0.56622,10.97742,0.6758,874775.9654,874837.5,1247.03541
0.56619,11.00397,0.67743,874777.6276,874812.5,1239.85569
0.56618,11.01836,0.67832,874777.5711,874837.5,1238.6033
0.56618,11.01853,0.67833,874776.4364,874787.5,1243.56128
0.56616,11.03627,0.67942,874775.9986,874825,1244.43025
0.56614,11.05914,0.68083,874774.8558,874750,1232.83552
0.56614,11.05899,0.68082,874777.6206,874787.5,1241.08708
0.56614,11.05739,0.68072,874773.8686,874800,1245.87527
0.5661,11.09784,0.68321,874778.3221,874762.5,1244.64812
0.56609,11.10151,0.68344,874773.6528,874862.5,1247.80515
0.56605,11.14085,0.68586,874776.3648,874800,1246.81762
0.56605,11.14214,0.68594,874776.986,874800,1242.68368
0.56605,11.1407,0.68585,874776.5343,874837.5,1242.48133
0.56601,11.18211,0.6884,874776.6832,874837.5,1246.03646
0.56601,11.18179,0.68838,874776.34,874812.5,1251.61846
0.56601,11.18259,0.68843,874778.0241,874825,1241.80707
0.566,11.19954,0.68947,874775.5207,874812.5,1248.91097
0.56597,11.22096,0.69079,874776.4174,874837.5,1245.46079
0.56593,11.26126,0.69327,874776.4178,874862.5,1239.69866
0.56593,11.26095,0.69325,874776.3241,874762.5,1239.59795
0.56592,11.27197,0.69393,874777.5235,874737.5,1233.73471
0.56589,11.29996,0.69565,874777.1956,874750,1239.83843
0.56589,11.30109,0.69572,874775.9433,874750,1239.25998
0.56589,11.30189,0.69577,874778.0161,874750,1243.84028
0.56585,11.34026,0.69813,874774.4719,874787.5,1242.65085
0.56582,11.37192,0.70008,874776.5827,874787.5,1246.47513
0.56581,11.3812,0.70066,874777.361,874787.5,1246.92616
0.56581,11.38151,0.70067,874776.3263,874775,1241.59895
0.56577,11.42134,0.70313,874775.7165,874800,1247.2729
0.56577,11.42165,0.70315,874775.0356,874787.5,1240.15466
0.56573,11.46147,0.7056,874776.6159,874787.5,1236.42165
0.56573,11.46067,0.70555,874775.3646,874812.5,1240.37297
0.56572,11.4733,0.70633,874777.6311,874825,1243.14316
0.56569,11.50192,0.70809,874776.6819,874825,1240.50659
0.56569,11.50192,0.70809,874776.3348,874825,1244.42975
0.56569,11.50049,0.708,874776.1381,874800,1239.6778
0.56566,11.5395,0.7104,874775.9296,874800,1239.73095
0.56566,11.53855,0.71034,874779.2549,874825,1241.55085
0.56562,11.5798,0.71288,874773.0506,874787.5,1239.78319
0.56562,11.57949,0.71286,874779.218,874800,1237.82522
0.56559,11.60027,0.71414,874773.7955,874800,1237.95594
0.56561,11.58044,0.71292,874776.6175,874800,1239.81685
0.56557,11.62042,0.71538,874776.2264,874787.5,1244.18344
0.56553,11.66647,0.71822,874778.9475,874812.5,1241.71217
0.56549,11.70085,0.72033,874775.3343,874787.5,1240.53147
0.56548,11.71572,0.72125,874774.9001,874812.5,1238.66527
0.56545,11.74306,0.72293,874778.3183,874800,1239.11034
0.56543,11.7685,0.7245,874777.0945,874812.5,1238.1619
0.56541,11.78049,0.72524,874778.2453,874787.5,1247.71184
0.56541,11.78145,0.7253,874776.1164,874750,1241.34418
0.56541,11.78176,0.72531,874777.5538,874812.5,1240.88578
0.56537,11.82046,0.7277,874774.539,874825,1244.5603
0.56534,11.8574,0.72997,874775.382,874787.5,1239.54052
0.56533,11.86124,0.73021,874775.6285,874837.5,1243.27434
0.56533,11.86172,0.73024,874778.3321,874812.5,1236.03521
0.5653,11.89657,0.73238,874780.007,874775,1243.00091
0.56529,11.90121,0.73267,874775.5023,874750,1243.74915
0.56526,11.9388,0.73498,874776.3052,874787.5,1247.58075
0.56525,11.94167,0.73516,874773.8707,874775,1237.83316
0.56521,11.98278,0.73769,874777.3073,874750,1242.84352
0.56521,11.98309,0.73771,874775.2692,874787.5,1234.52749
0.56521,11.98197,0.73764,874775.439,874812.5,1234.23471
0.56517,12.02275,0.74015,874777.7472,874800,1240.32323
0.56517,12.02195,0.7401,874778.0004,874750,1232.965
0.56513,12.0624,0.74259,874777.2891,874825,1245.53148
0.56513,12.06096,0.7425,874776.8285,874762.5,1241.90227
0.56509,12.10286,0.74508,874773.7558,874800,1240.99454
0.56508,12.1123,0.74566,874776.4712,874775,1241.89737
0.56505,12.14267,0.74753,874776.3153,874762.5,1246.12291
0.56505,12.1414,0.74745,874774.4726,874787.5,1240.51613
0.56505,12.14267,0.74753,874775.1473,874850,1241.58241
0.56501,12.18137,0.74992,874776.1395,874825,1242.75822
0.565,12.1988,0.75099,874776.5065,874800,1241.43611
0.56497,12.22119,0.75237,874777.7026,874837.5,1241.55423
0.56495,12.24262,0.75369,874774.5258,874837.5,1239.68919
0.56493,12.26292,0.75494,874777.7885,874775,1241.66809
0.56493,12.26261,0.75492,874776.2316,874762.5,1241.43921
0.56489,12.30355,0.75744,874776.676,874850,1236.54549
0.56489,12.30355,0.75744,874774.6652,874812.5,1240.5414
0.56488,12.31522,0.75816,874776.589,874787.5,1233.83644
0.56487,12.32689,0.75887,874776.7976,874837.5,1236.8899
0.56485,12.34289,0.75986,874777.9522,874800,1240.1595
0.56483,12.36846,0.76143,874776.4733,874800,1238.25996
0.56481,12.38317,0.76234,874776.8088,874875,1235.81613
0.56481,12.3827,0.76231,874776.2167,874762.5,1243.66605
0.56481,12.38302,0.76233,874776.3366,874787.5,1239.72568
0.56477,12.42555,0.76495,874776.1569,874800,1238.17874
0.56477,12.4238,0.76484,874777.5747,874837.5,1235.94915
0.56473,12.46425,0.76733,874777.4065,874800,1246.58497
0.56473,12.46409,0.76732,874775.8929,874787.5,1237.84299
0.56471,12.48936,0.76888,874775.8189,874762.5,1234.14935
0.56469,12.50455,0.76981,874775.6469,874775,1237.52211
0.56465,12.54325,0.77219,874776.8417,874800,1234.60873
0.56468,12.51495,0.77045,874772.7598,874812.5,1234.65434
0.56465,12.54373,0.77222,874779.8133,874800,1241.87534
0.56461,12.58419,0.77471,874775.2309,874837.5,1245.1463
0.56461,12.58419,0.77471,874778.9681,874812.5,1234.731
0.56457,12.62464,0.7772,874776.3073,874800,1236.39978
0.56457,12.62369,0.77715,874779.3535,874800,1241.50504
0.56457,12.62432,0.77719,874776.8893,874775,1230.03858
0.56457,12.62384,0.77715,874776.8716,874825,1240.4633
0.56453,12.66238,0.77953,874774.9306,874850,1241.87189
0.56453,12.66254,0.77954,874777.9913,874812.5,1237.52446
0.56453,12.66381,0.77962,874775.3465,874787.5,1238.35384
0.56445,12.74057,0.78434,874776.3855,874862.5,1237.25234
0.56445,12.74314,0.7845,874775.7732,874800,1239.61231
0.56444,12.75656,0.78533,874776.4195,874775,1236.83901
0.56441,12.78391,0.78701,874777.6424,874825,1236.48373
0.56441,12.78311,0.78696,874776.2955,874812.5,1239.70686
0.5644,12.79366,0.78761,874776.9282,874812.5,1235.21668
0.56437,12.82309,0.78942,874774.7946,874762.5,1235.63573
0.56433,12.86434,0.79196,874775.8192,874787.5,1240.58693
0.56433,12.86466,0.79198,874777.4014,874750,1239.42917
0.56432,12.8717,0.79241,874777.2306,874825,1236.36656
0.56429,12.90464,0.79444,874776.7077,874800,1240.16277
0.56429,12.90336,0.79436,874777.6063,874850,1231.11916
0.56425,12.94317,0.79681,874777.2244,874787.5,1240.98739
0.56421,12.98267,0.79925,874777.9571,874800,1238.56038
0.56421,12.98347,0.7993,874776.4556,874762.5,1236.6917
0.56421,12.983,0.79927,874775.5667,874825,1236.76234
0.56417,13.02489,0.80184,874776.7178,874775,1235.84403
0.56417,13.02409,0.8018,874775.1593,874762.5,1240.28234
0.56413,13.06486,0.80431,874777.4401,874850,1243.31839
0.56409,13.10452,0.80675,874774.5929,874775,1242.57772
0.56409,13.10389,0.80671,874778.0889,874775,1236.34388
0.56409,13.1042,0.80673,874775.2394,874812.5,1235.35934
0.56409,13.1034,0.80668,874774.9614,874812.5,1237.63641
0.56405,13.14419,0.80919,874777.0498,874737.5,1236.66167
0.56404,13.15905,0.8101,874776.227,874850,1240.04703
0.56401,13.18513,0.81171,874774.8629,874800,1241.92643
0.56401,13.18447,0.81167,874776.9527,874787.5,1235.80841
0.56397,13.22445,0.81413,874776.1059,874800,1238.57964
0.56397,13.22461,0.81414,874774.068,874762.5,1245.64143
0.56397,13.22414,0.81411,874774.6088,874775,1239.59206
0.56393,13.26459,0.8166,874776.6496,874800,1239.34517
0.56393,13.26364,0.81654,874778.1849,874750,1237.87361
0.56389,13.30312,0.81897,874774.8764,874837.5,1241.40427
0.56389,13.30457,0.81906,874777.3108,874775,1238.63627
0.56389,13.30378,0.81901,874777.5263,874825,1234.67744
0.56385,13.34455,0.82152,874775.32,874837.5,1237.79802
0.56381,13.38485,0.824,874777.0636,874787.5,1238.7149
0.56381,13.38356,0.82393,874777.4369,874800,1236.29495
0.56377,13.42434,0.82644,874776.5064,874850,1231.11008
0.56378,13.41459,0.82584,874776.3388,874775,1241.46398
0.56377,13.4245,0.82645,874775.8746,874812.5,1243.98832
0.56377,13.4237,0.8264,874777.8392,874812.5,1239.79146
0.56376,13.43026,0.8268,874774.872,874750,1244.24524
0.56373,13.46351,0.82885,874777.4572,874825,1235.87353
0.56369,13.50206,0.83122,874777.4232,874812.5,1240.7376
0.5637,13.49359,0.8307,874776.5961,874787.5,1246.30722
0.56369,13.5035,0.83131,874776.3248,874775,1244.33491
0.56369,13.50174,0.8312,874776.5565,874825,1236.39577
0.56369,13.50254,0.83125,874778.3724,874787.5,1237.81222
0.56366,13.53676,0.83336,874776.2449,874800,1237.26298
0.56365,13.54379,0.83379,874777.8195,874825,1243.88121
0.56365,13.54204,0.83368,874776.3555,874800,1240.00189
0.56361,13.58281,0.83619,874775.9571,874825,1236.87219
0.56358,13.61767,0.83834,874778.5595,874825,1236.59025
0.5636,13.594,0.83688,874774.1472,874787.5,1238.85756
0.56357,13.62406,0.83873,874777.8956,874800,1236.27494
0.56353,13.66276,0.84111,874777.3096,874800,1240.12813
0.56349,13.70354,0.84362,874775.5021,874812.5,1244.46658
0.56351,13.68371,0.8424,874775.2574,874775,1238.51232
0.56349,13.70354,0.84362,874776.7307,874737.5,1241.28167
0.56342,13.77277,0.84789,874775.2843,874812.5,1245.04197
0.56341,13.78557,0.84867,874776.0449,874800,1240.782
0.56341,13.78381,0.84857,874776.3176,874725,1244.2302
0.56337,13.82379,0.85103,874776.5876,874812.5,1242.39481
0.56333,13.86473,0.85355,874776.2245,874775,1234.09101
0.56337,13.82442,0.85107,874774.9148,874837.5,1235.32953
0.56333,13.86505,0.85357,874775.3499,874800,1240.20547
0.56329,13.90182,0.85583,874775.2555,874812.5,1239.28148
0.56329,13.90439,0.85599,874777.0754,874812.5,1241.34903
0.56329,13.90726,0.85617,874776.4671,874812.5,1238.14369
0.56325,13.94484,0.85848,874778.222,874825,1239.74714
0.56325,13.94533,0.85851,874776.9436,874800,1237.9973
0.56325,13.94372,0.85841,874777.8618,874750,1233.90974
0.56321,13.98386,0.86088,874776.7083,874800,1237.55446
0.56321,13.98626,0.86103,874777.6113,874800,1241.00062
0.56317,14.02591,0.86347,874775.8336,874725,1238.1245
0.56317,14.02959,0.8637,874773.0508,874762.5,1235.32004
0.56313,14.06525,0.86589,874777.7945,874862.5,1240.96824
0.56313,14.06829,0.86608,874776.1613,874787.5,1242.282
0.56309,14.10587,0.86839,874776.8215,874762.5,1237.88168
0.56309,14.10442,0.8683,874777.6466,874825,1239.85058
0.56309,14.10507,0.86834,874774.3607,874775,1239.45234
0.56305,14.1476,0.87096,874777.3227,874762.5,1238.97997
0.56305,14.14649,0.87089,874774.9427,874775,1243.23448
0.56304,14.15767,0.87158,874775.7981,874825,1236.15803
0.56301,14.1847,0.87325,874778.1742,874825,1239.2373
0.56301,14.18599,0.87332,874776.0277,874800,1234.39469
0.56299,14.20214,0.87432,874774.2109,874825,1238.88261
0.56297,14.22547,0.87576,874776.5845,874887.5,1240.48722
0.56297,14.22547,0.87576,874774.1153,874875,1241.12546
0.56293,14.26466,0.87817,874777.2926,874825,1241.40808
0.56293,14.26546,0.87822,874776.7234,874812.5,1239.7609
0.56289,14.3056,0.88069,874774.8306,874812.5,1232.74219
0.56285,14.34494,0.88311,874779.1127,874800,1242.5919
0.56285,14.34429,0.88307,874775.1668,874750,1231.21763
0.56285,14.34958,0.8834,874776.8753,874812.5,1240.64882
0.56279,14.4089,0.88705,874777.0513,874825,1243.67042
0.56281,14.38571,0.88562,874777.4256,874775,1240.81711
0.56277,14.42489,0.88803,874777.6968,874725,1241.92525
0.56273,14.46599,0.89056,874776.5174,874837.5,1245.43848
0.56271,14.48229,0.89157,874775.6948,874837.5,1237.08099
0.56271,14.48981,0.89203,874776.8048,874825,1244.64401
0.56265,14.54641,0.89551,874776.3307,874812.5,1238.72419
0.56269,14.50628,0.89304,874777.3493,874787.5,1236.29526
0.56265,14.54754,0.89558,874775.1504,874825,1239.98514
0.56265,14.54801,0.89561,874775.0688,874762.5,1233.62034
0.56261,14.58671,0.89799,874775.7414,874787.5,1243.55343
0.56261,14.58704,0.89801,874775.3824,874800,1239.59733
0.56261,14.58527,0.89791,874776.6401,874775,1232.27765
0.56261,14.58735,0.89803,874774.9431,874812.5,1236.94193
0.56257,14.62876,0.90058,874774.4132,874800,1245.87496
0.56257,14.62589,0.90041,874777.3161,874812.5,1238.05142
0.56253,14.66715,0.90295,874774.8972,874750,1236.08659
0.56253,14.66619,0.90289,874777.0155,874762.5,1242.40103
0.56253,14.66699,0.90294,874776.5028,874812.5,1234.32701
0.56253,14.66602,0.90288,874774.9709,874787.5,1234.52201
0.56249,14.70649,0.90537,874776.2873,874812.5,1240.86232
0.56249,14.70712,0.90541,874775.1204,874800,1244.50794
0.56249,14.706,0.90534,874778.0572,874837.5,1235.09521
0.56245,14.74663,0.90784,874776.2765,874800,1243.1949
0.56245,14.7455,0.90777,874776.1222,874750,1242.21879
0.56244,14.75158,0.90814,874774.7125,874800,1243.73849
0.56237,14.82705,0.91279,874776.8618,874812.5,1242.23701
0.56233,14.86655,0.91522,874775.5101,874787.5,1240.14343
0.56233,14.86782,0.9153,874777.6651,874812.5,1243.80479
0.56233,14.86719,0.91526,874776.2881,874812.5,1233.82787
0.56233,14.86704,0.91525,874775.9099,874775,1236.14049
0.56229,14.90669,0.91769,874777.1922,874750,1236.16159
0.56226,14.93004,0.91913,874776.5038,874762.5,1237.20655
0.56225,14.94602,0.92011,874777.8629,874812.5,1236.57077
0.56225,14.94826,0.92025,874776.4218,874787.5,1238.35451
0.56221,14.98712,0.92264,874775.9066,874800,1239.7047
0.56221,14.98729,0.92265,874774.2329,874800,1234.86953
0.56221,14.98664,0.92261,874777.6149,874787.5,1234.17285
0.56218,15.01862,0.92458,874777.1227,874775,1234.79231
0.56217,15.02742,0.92513,874777.1109,874800,1238.45275
0.56217,15.0279,0.92516,874778.4282,874825,1238.68088
0.56213,15.06691,0.92756,874777.812,874850,1240.23007
0.56209,15.10721,0.93004,874776.0214,874800,1235.68916
0.56209,15.10785,0.93008,874777.4102,874787.5,1239.99626
0.56209,15.10641,0.92999,874776.3298,874812.5,1228.80575
0.56205,15.14735,0.93251,874777.3643,874787.5,1240.0344
0.56205,15.14639,0.93245,874778.6688,874800,1242.61992
0.56202,15.17741,0.93436,874772.8377,874837.5,1240.38033
0.56201,15.18701,0.93495,874777.9613,874775,1237.95914
0.56198,15.21484,0.93666,874773.1375,874800,1237.59522
0.56197,15.22075,0.93703,874777.3587,874787.5,1245.79984
0.56197,15.22682,0.9374,874773.8743,874837.5,1233.42566
0.56194,15.25736,0.93928,874778.0748,874775,1241.03325
0.56193,15.26792,0.93993,874776.5841,874812.5,1243.09984
0.56193,15.26649,0.93984,874776.2495,874787.5,1234.36493
0.56189,15.30197,0.94203,874775.7197,874775,1232.00431
0.56189,15.30741,0.94236,874777.2512,874812.5,1235.2655
0.56188,15.3135,0.94274,874776.8008,874800,1239.97999
0.56185,15.34707,0.9448,874775.239,874787.5,1246.61143
0.56185,15.34627,0.94476,874776.4194,874787.5,1235.80065
0.56181,15.38545,0.94717,874777.1185,874850,1237.13201
0.56181,15.38577,0.94719,874774.413,874800,1238.43357
0.56181,15.38705,0.94727,874777.2458,874825,1235.51387
0.56177,15.42751,0.94976,874777.0564,874787.5,1238.88017
0.56177,15.42495,0.9496,874779.0974,874837.5,1236.447
0.56173,15.46749,0.95222,874776.4053,874812.5,1244.15471
0.56173,15.46765,0.95223,874777.4323,874775,1239.69234
0.56169,15.50794,0.95471,874776.9194,874812.5,1244.98893
0.56168,15.51626,0.95522,874776.8247,874750,1234.58295
0.56168,15.51721,0.95528,874775.158,874862.5,1235.66563
0.56165,15.54664,0.95709,874776.3715,874737.5,1238.28466
0.56161,15.58965,0.95974,874777.3179,874787.5,1235.70977
0.56161,15.5887,0.95968,874776.8468,874762.5,1235.71913
0.56161,15.5871,0.95958,874777.6298,874812.5,1246.15336
0.56157,15.6274,0.96206,874775.7053,874762.5,1241.85744
0.56157,15.62787,0.96209,874776.0856,874800,1234.18066
0.56157,15.62819,0.96211,874776.0307,874775,1239.68689
0.56153,15.66721,0.96451,874774.0987,874800,1237.77215
0.56153,15.66625,0.96445,874778.5612,874837.5,1244.30582
0.56152,15.67856,0.96521,874777.9995,874725,1239.80034
0.56149,15.70751,0.96699,874777.0303,874725,1239.44955
0.56149,15.70655,0.96693,874777.8007,874800,1234.90771
0.56148,15.71534,0.96748,874775.9574,874837.5,1243.29677
0.56149,15.70462,0.96682,874778.5506,874750,1237.68157
0.56145,15.74829,0.9695,874776.7129,874750,1237.32367
0.56144,15.75884,0.97015,874775.8642,874850,1238.02623
0.56141,15.78619,0.97184,874776.1146,874800,1240.0015
0.56138,15.81625,0.97369,874777.8911,874775,1243.40206
0.56133,15.86741,0.97684,874776.7762,874787.5,1234.55724
0.56133,15.8687,0.97692,874775.281,874800,1230.03662
0.56131,15.88229,0.97775,874777.0942,874812.5,1243.09293
0.56129,15.90691,0.97927,874774.9468,874812.5,1239.20167
0.56125,15.94849,0.98183,874774.7246,874812.5,1233.205
0.56122,15.97904,0.98371,874774.4937,874775,1242.04994
0.56125,15.94929,0.98188,874776.3912,874787.5,1242.80633
0.56121,15.98735,0.98422,874774.6562,874787.5,1239.15862
0.56121,15.98719,0.98421,874777.227,874812.5,1227.53411
0.56117,16.0238,0.98647,874774.7484,874737.5,1237.32164
0.56117,16.0238,0.98647,874776.7603,874812.5,1238.87806
0.56109,16.10024,0.99117,874775.7758,874800,1236.79234
0.56113,16.06697,0.98912,874779.4655,874825,1235.95939
0.56112,16.07945,0.98989,874775.2127,874787.5,1239.93718
0.56109,16.1076,0.99162,874778.1587,874825,1233.87189
0.56105,16.1431,0.99381,874778.2052,874787.5,1245.5451
0.56105,16.14454,0.9939,874776.4263,874775,1242.01146
0.56105,16.14294,0.9938,874775.9789,874775,1241.3798
0.56101,16.1834,0.99629,874776.2419,874787.5,1239.25988
0.56101,16.18435,0.99635,874774.2238,874837.5,1236.20398
0.56097,16.22465,0.99883,874775.8524,874775,1233.64922
0.56097,16.22449,0.99882,874774.7856,874800,1239.55987
0.56097,16.22353,0.99876,874777.5764,874762.5,1232.85202
0.56097,16.22274,0.99871,874776.0246,874775,1236.21552
0.56093,16.26351,1.00122,874776.405,874850,1230.4609
0.56093,16.26351,1.00122,874775.2827,874787.5,1245.50618
0.56089,16.30445,1.00374,874777.8098,874812.5,1243.23279
0.56089,16.30445,1.00374,874777.1514,874787.5,1243.84589
0.56089,16.30732,1.00392,874776.8775,874775,1237.09754
0.56085,16.34154,1.00603,874776.0618,874787.5,1238.142
0.56082,16.37256,1.00794,874778.052,874812.5,1240.21201
0.56081,16.38536,1.00872,874777.5436,874837.5,1235.12897
0.56081,16.3836,1.00862,874776.6179,874775,1230.71854
0.56077,16.4255,1.01119,874775.6374,874850,1240.95123
0.56077,16.42501,1.01116,874775.9734,874850,1238.33848
0.56073,16.46371,1.01355,874775.1876,874812.5,1236.34649
0.56073,16.46659,1.01372,874776.5582,874750,1235.95959
0.56069,16.50689,1.01621,874777.6493,874812.5,1237.74041
0.56069,16.50785,1.01626,874776.4581,874775,1241.14956
0.56069,16.50609,1.01616,874777.8404,874800,1240.70919
0.56065,16.5467,1.01866,874777.4939,874825,1242.40781
0.56061,16.58236,1.02085,874775.069,874825,1233.80166
0.56061,16.5854,1.02104,874777.4017,874775,1235.78576
0.56061,16.58109,1.02077,874776.5869,874787.5,1241.76866
0.56061,16.58604,1.02108,874776.7752,874787.5,1239.60471
0.56057,16.62457,1.02345,874774.6806,874787.5,1239.68462
0.56057,16.62346,1.02338,874776.6688,874812.5,1236.23115
0.56057,16.62314,1.02336,874773.9241,874787.5,1240.96732
0.56053,16.66184,1.02574,874776.1481,874787.5,1229.73588
0.56053,16.66487,1.02593,874775.0298,874800,1235.13409
0.56049,16.70405,1.02834,874775.7786,874775,1235.58444
0.56049,16.7023,1.02824,874775.7794,874812.5,1234.92873
0.56049,16.70277,1.02826,874776.4446,874762.5,1236.19336
0.56045,16.74259,1.03072,874777.2424,874800,1244.42384
0.56045,16.74291,1.03074,874775.4342,874812.5,1238.5255
0.56043,16.76258,1.03195,874778.1467,874787.5,1233.99534
0.56041,16.78353,1.03324,874776.3214,874850,1235.05868
0.56041,16.78496,1.03332,874776.092,874787.5,1244.04674
0.56041,16.78401,1.03327,874774.9307,874787.5,1237.71831
0.56037,16.8235,1.0357,874776.9957,874775,1238.91706
0.56034,16.85389,1.03757,874776.5856,874787.5,1233.52898
0.56034,16.85532,1.03766,874775.6958,874812.5,1238.74357
0.56034,16.85565,1.03768,874776.2418,874775,1236.9978
0.56025,16.9452,1.04319,874777.5954,874812.5,1241.65649
0.56025,16.94376,1.0431,874773.7339,874787.5,1237.19597
0.56025,16.94471,1.04316,874774.9246,874725,1235.10013
0.56021,16.98357,1.04555,874777.4421,874775,1236.47762
0.56021,16.98405,1.04558,874776.6302,874837.5,1236.92592
0.56021,16.98949,1.04592,874775.0034,874775,1237.8003
0.56017,17.02595,1.04816,874777.4056,874787.5,1243.1766
0.56013,17.06432,1.05052,874776.4014,874800,1234.69845
0.56013,17.06561,1.0506,874775.9104,874775,1230.39503
0.56009,17.1051,1.05303,874776.7389,874812.5,1238.83367
0.56009,17.1067,1.05313,874776.4462,874862.5,1234.60371
0.56005,17.1438,1.05542,874777.1049,874800,1236.44647
0.56005,17.14349,1.0554,874774.8798,874737.5,1236.9242
0.56005,17.1454,1.05551,874777.6304,874800,1238.66275
0.56001,17.1849,1.05795,874777.5275,874850,1234.45753
0.56001,17.1865,1.05804,874775.5263,874737.5,1239.67112
0.55997,17.22711,1.06054,874777.2401,874775,1231.26102
0.55997,17.22727,1.06055,874778.2977,874775,1241.66356
0.55997,17.22664,1.06051,874775.2838,874762.5,1234.9679
0.55993,17.26614,1.06295,874777.0755,874850,1240.25664
0.5599,17.29748,1.06488,874775.3033,874787.5,1234.3025
0.55989,17.30515,1.06535,874776.183,874775,1235.27009
0.55989,17.30515,1.06535,874776.1748,874825,1239.53295
0.55989,17.30562,1.06538,874775.4832,874762.5,1236.44907
0.55988,17.31139,1.06573,874775.9418,874800,1236.34887
0.55985,17.34592,1.06786,874776.3429,874825,1236.47483
0.55981,17.38574,1.07031,874774.4716,874787.5,1236.57422
0.55981,17.38542,1.07029,874777.3037,874775,1225.98365
0.55981,17.38574,1.07031,874776.2795,874775,1239.54986
0.5598,17.39821,1.07108,874772.9197,874762.5,1238.88421
0.55977,17.42716,1.07286,874776.3175,874762.5,1232.78761
0.55977,17.42796,1.07291,874774.3921,874825,1239.55826
0.55975,17.44651,1.07405,874776.3894,874837.5,1238.21646
0.55973,17.4673,1.07533,874775.8869,874737.5,1232.53469
0.55973,17.46665,1.07529,874775.2546,874775,1234.41462
0.55969,17.50664,1.07775,874775.664,874787.5,1234.76627
0.55969,17.5052,1.07766,874776.1553,874762.5,1230.59245
0.55969,17.50679,1.07776,874776.9761,874750,1231.12055
0.55965,17.54549,1.08014,874773.4048,874737.5,1239.15762
0.55965,17.54741,1.08026,874775.4135,874787.5,1234.62654
0.55964,17.55092,1.08048,874775.1078,874812.5,1239.63404
0.55961,17.58611,1.08265,874776.6039,874850,1239.83674
0.55961,17.58979,1.08287,874776.8339,874800,1239.03796
0.55957,17.62672,1.08515,874776.796,874812.5,1237.52027
0.55957,17.62609,1.08511,874775.3509,874775,1234.30297
0.55957,17.62432,1.085,874775.5685,874775,1231.85029
0.55953,17.66734,1.08765,874777.2529,874825,1234.79097
0.55951,17.68558,1.08877,874776.9192,874775,1239.80519
0.55949,17.70587,1.09002,874775.627,874837.5,1238.45553
0.55949,17.707,1.09009,874777.7778,874812.5,1232.38537
0.55949,17.70587,1.09002,874774.7062,874800,1226.78666
0.55945,17.74825,1.09263,874778.1516,874775,1241.33136
0.55943,17.76585,1.09371,874774.6177,874787.5,1237.75561
0.55945,17.74521,1.09244,874775.1033,874825,1241.9253
0.55942,17.77656,1.09437,874775.0871,874762.5,1238.36279
0.55941,17.78711,1.09502,874777.2394,874825,1240.00845
0.55938,17.8167,1.09684,874776.4998,874800,1239.18709
0.55937,17.82533,1.09737,874775.8974,874737.5,1236.65619
0.55936,17.83109,1.09773,874777.3879,874812.5,1239.82322
0.55933,17.86626,1.09989,874776.853,874800,1240.86882
0.55929,17.90704,1.1024,874777.3733,874837.5,1245.60756
0.55929,17.9024,1.10212,874776.9978,874775,1230.63186
0.55929,17.90576,1.10232,874775.546,874837.5,1241.12951
0.55926,17.93326,1.10402,874777.8098,874800,1235.2703
0.55921,17.9854,1.10723,874775.1517,874775,1233.3008
0.55919,18.00266,1.10829,874777.0601,874812.5,1229.3563
0.55917,18.02745,1.10981,874776.2368,874762.5,1240.4235
0.55917,18.02665,1.10977,874776.7487,874837.5,1242.59283
0.55913,18.06184,1.11193,874776.1068,874737.5,1234.33177
0.55913,18.06711,1.11226,874776.4185,874812.5,1234.84976
0.55909,18.10693,1.11471,874775.9727,874737.5,1239.15427
0.55909,18.10869,1.11482,874776.0279,874775,1240.50244
0.55909,18.10629,1.11467,874777.043,874800,1236.29175
0.55905,18.14675,1.11716,874774.7053,874850,1244.15236
0.55901,18.18512,1.11952,874776.1919,874837.5,1234.13388
0.55905,18.1469,1.11717,874777.7181,874837.5,1241.99871
0.55901,18.18767,1.11968,874774.4073,874762.5,1240.65126
0.55897,18.22974,1.12227,874775.4337,874737.5,1241.02128
0.55897,18.22734,1.12212,874775.6354,874787.5,1237.84885
0.55893,18.26731,1.12458,874774.7885,874762.5,1234.59543
0.55893,18.26571,1.12448,874776.2137,874737.5,1241.49769
0.55889,18.30729,1.12704,874775.7802,874850,1237.04264
0.55891,18.28506,1.12567,874776.671,874775,1238.39214
0.55889,18.30714,1.12703,874777.2895,874800,1231.13731
0.55888,18.31225,1.12735,874775.0203,874812.5,1236.59933
0.55885,18.34855,1.12958,874777.9338,874787.5,1236.14081
0.55883,18.36918,1.13085,874776.48,874850,1239.84076
0.55883,18.36039,1.13031,874774.5157,874762.5,1240.12048
0.55879,18.40595,1.13312,874774.2168,874775,1232.91006
0.55878,18.41875,1.1339,874774.4975,874787.5,1242.31335
0.55877,18.42595,1.13435,874774.7829,874800,1239.2276
0.55877,18.42706,1.13442,874775.4091,874762.5,1240.54907
0.55874,18.45712,1.13627,874776.6822,874887.5,1236.18195
0.55873,18.4672,1.13689,874774.5204,874800,1233.40406
0.55873,18.46736,1.1369,874776.0058,874800,1240.06737
0.55873,18.46496,1.13675,874775.9357,874850,1236.77999
0.55869,18.50366,1.13913,874778.0753,874812.5,1239.16046
0.55865,18.54604,1.14174,874775.2332,874837.5,1243.47626
0.55865,18.54635,1.14176,874777.7986,874775,1234.09503
0.55865,18.54731,1.14182,874774.1172,874800,1237.38322
0.55865,18.547,1.1418,874775.029,874837.5,1243.27184
0.55857,18.62679,1.14671,874775.819,874800,1243.68291
0.55857,18.62759,1.14676,874775.3222,874775,1237.03284
0.55857,18.62886,1.14684,874773.3605,874862.5,1236.08697
0.55853,18.6674,1.14921,874776.0698,874762.5,1234.84947
0.55853,18.66709,1.14919,874775.0407,874787.5,1241.26466
0.55852,18.6738,1.14961,874777.4819,874762.5,1233.72937
0.55849,18.70882,1.15176,874776.599,874812.5,1241.10906
0.55845,18.74656,1.15409,874776.213,874762.5,1235.24051
0.55845,18.74656,1.15409,874777.4188,874787.5,1238.57986
0.55845,18.74656,1.15409,874776.1951,874737.5,1237.06323
0.55844,18.75375,1.15453,874775.7709,874825,1237.03504
0.55841,18.78861,1.15667,874775.5397,874800,1242.95014
0.55837,18.82764,1.15908,874774.9278,874762.5,1241.85206
0.55837,18.82924,1.15917,874773.5079,874850,1237.37546
0.55837,18.82795,1.1591,874778.1404,874837.5,1244.58616
0.55833,18.86889,1.16162,874776.0724,874812.5,1242.07204
0.55832,18.87272,1.16185,874774.871,874812.5,1229.66813
0.55829,18.90726,1.16398,874771.9554,874762.5,1238.37046
0.55829,18.90775,1.16401,874776.9713,874762.5,1234.68323
0.55825,18.94645,1.16639,874776.1324,874812.5,1239.79213
0.55825,18.94772,1.16647,874776.8658,874775,1235.1493
0.55817,19.028,1.17141,874776.7882,874762.5,1237.47924
0.55817,19.02816,1.17142,874774.8542,874800,1238.41394
0.55816,19.03679,1.17195,874775.1522,874825,1224.87823
0.55813,19.06557,1.17372,874775.741,874775,1240.76557
0.55813,19.0667,1.17379,874776.4784,874800,1232.57366
0.55813,19.06798,1.17387,874777.1384,874787.5,1240.59254
0.55809,19.10635,1.17623,874778.8757,874787.5,1234.22374
0.55809,19.10619,1.17622,874776.2415,874812.5,1236.61874
0.55805,19.14712,1.17874,874775.1108,874787.5,1240.22718
0.55805,19.14712,1.17874,874775.5993,874800,1241.67483
0.55801,19.18711,1.18121,874776.8441,874800,1239.05653
0.55801,19.18615,1.18115,874773.6257,874750,1225.19
0.55801,19.18711,1.18121,874774.3405,874762.5,1241.81606
0.55801,19.18806,1.18127,874776.4023,874862.5,1238.70809
0.55797,19.22532,1.18356,874775.4151,874812.5,1238.23592
0.55797,19.22516,1.18355,874775.6616,874812.5,1242.35928
0.55793,19.26577,1.18605,874774.9661,874787.5,1238.47438
0.55793,19.26546,1.18603,874776.3907,874837.5,1231.91955
0.55792,19.27314,1.1865,874774.2713,874825,1242.62764
0.55793,19.26642,1.18609,874777.8077,874812.5,1238.01845
0.5579,19.29152,1.18763,874775.7042,874800,1244.62323
0.55789,19.30496,1.18846,874775.5723,874825,1235.9485
0.55789,19.30624,1.18854,874774.9631,874750,1237.53815
0.55785,19.34734,1.19107,874777.0585,874812.5,1235.44248
0.55784,19.35037,1.19126,874773.5112,874800,1233.09309
0.55785,19.34734,1.19107,874777.1332,874775,1242.36547
0.55781,19.38859,1.19361,874772.6966,874787.5,1238.22093
0.5578,19.39083,1.19375,874775.937,874862.5,1236.47774
0.55776,19.43096,1.19622,874776.6893,874800,1239.89587
0.55777,19.42952,1.19613,874774.5504,874725,1230.23058
0.55773,19.46966,1.1986,874775.3778,874775,1235.15838
0.55769,19.50469,1.20076,874775.9,874787.5,1244.55767
0.55768,19.51028,1.2011,874774.1946,874812.5,1239.27236
0.55765,19.54866,1.20346,874776.5555,874750,1236.92626
0.55765,19.5469,1.20336,874776.0968,874762.5,1236.78512
0.55765,19.5493,1.2035,874773.6583,874800,1236.82118
0.55761,19.5888,1.20594,874775.01,874825,1235.28321
0.5576,19.59135,1.20609,874774.6006,874775,1238.42373
0.55756,19.63005,1.20847,874775.2493,874800,1240.81074
0.55756,19.63037,1.20849,874774.9123,874775,1240.66506
0.55753,19.66939,1.2109,874777.714,874725,1245.18175
0.55752,19.66986,1.21093,874773.8132,874812.5,1237.56239
0.55749,19.70856,1.21331,874776.8175,874825,1236.51596
0.55749,19.70889,1.21333,874774.4914,874750,1232.90481
0.55749,19.70776,1.21326,874775.4598,874787.5,1235.36031
0.55745,19.74886,1.21579,874776.0772,874825,1236.32438
0.55745,19.74919,1.21581,874775.5081,874750,1233.15647
0.55743,19.7639,1.21672,874777.7739,874787.5,1240.59759
0.55741,19.78916,1.21827,874774.1446,874837.5,1235.16677
0.5574,19.79107,1.21839,874776.063,874775,1232.04562
0.5574,19.79044,1.21835,874774.2776,874800,1237.96284
0.55736,19.83026,1.2208,874774.0841,874800,1237.39615
0.55736,19.83297,1.22097,874774.3907,874775,1235.47503
0.55732,19.87119,1.22332,874776.3559,874800,1233.39733
0.55732,19.87039,1.22327,874771.9725,874800,1238.39818
0.55728,19.91101,1.22577,874778.8817,874812.5,1235.77419
0.55728,19.91021,1.22572,874775.2284,874825,1242.54402
0.55728,19.91117,1.22578,874775.9547,874800,1231.81154
0.55724,19.95019,1.22818,874775.8467,874775,1233.87601
0.5572,19.99129,1.23071,874776.7371,874787.5,1235.46075
0.55721,19.9892,1.23059,874775.273,874775,1239.95129
0.55724,19.95819,1.22868,874774.5738,874762.5,1232.63881
0.55712,20.07316,1.23575,874774.7323,874762.5,1244.08681
0.55712,20.07091,1.23562,874776.4794,874787.5,1238.19663
0.55708,20.11041,1.23805,874775.3057,874825,1243.62536
0.55708,20.1117,1.23813,874775.6597,874812.5,1241.52642
0.55708,20.11185,1.23814,874775.6011,874762.5,1239.24903
0.55704,20.15215,1.24062,874773.8267,874762.5,1240.65145
0.55704,20.15391,1.24073,874775.7298,874775,1238.92407
0.557,20.19229,1.24309,874776.0455,874812.5,1237.28288
0.557,20.19181,1.24306,874776.4014,874800,1241.77103
0.557,20.19101,1.24301,874774.3656,874787.5,1239.05729
0.55696,20.23226,1.24555,874774.7392,874812.5,1234.4012
0.55696,20.23035,1.24543,874774.7304,874750,1235.60183
0.55696,20.23146,1.2455,874775.9804,874787.5,1239.92414
0.55692,20.27176,1.24798,874772.9523,874762.5,1239.49298
0.55689,20.30006,1.24972,874777.1843,874825,1241.6706
0.55688,20.31206,1.25046,874775.2849,874750,1235.90015
0.55688,20.31206,1.25046,874775.7738,874825,1242.39189
0.55688,20.3127,1.2505,874775.4437,874787.5,1240.47157
0.55684,20.35235,1.25294,874775.0283,874762.5,1244.17506
0.55685,20.34676,1.2526,874776.5439,874800,1238.13398
0.55684,20.35267,1.25296,874772.1752,874850,1239.63023
0.55684,20.3522,1.25293,874777.0975,874812.5,1235.32692
0.55682,20.3733,1.25423,874771.8344,874850,1238.44842
0.5568,20.39074,1.2553,874773.7682,874812.5,1236.52548
0.55679,20.40496,1.25618,874775.1975,874825,1242.96524
0.55676,20.43262,1.25788,874777.2089,874750,1239.79575
0.55676,20.43199,1.25784,874775.8132,874750,1231.34986
0.55676,20.43646,1.25812,874773.6002,874762.5,1233.96891
0.55672,20.47036,1.26021,874772.9988,874800,1236.7746
0.55671,20.4822,1.26094,874776.2619,874737.5,1235.51173
0.55672,20.47836,1.2607,874774.4912,874825,1238.05211
0.55669,20.5097,1.26263,874774.5285,874762.5,1236.94534
0.55664,20.55032,1.26513,874772.5143,874787.5,1231.34205
0.55664,20.55192,1.26523,874778.0109,874850,1244.67988
0.55661,20.58359,1.26718,874776.4824,874800,1239.17747
0.5566,20.59206,1.2677,874773.7141,874825,1242.7727
0.55658,20.61796,1.26929,874774.1863,874775,1232.53451
0.55657,20.62285,1.26959,874773.8113,874762.5,1238.64753
0.55656,20.63229,1.27018,874775.4587,874825,1234.88672
0.55652,20.6705,1.27253,874775.4207,874787.5,1243.05351
0.55652,20.67114,1.27257,874776.4308,874787.5,1236.20104
0.55652,20.67146,1.27259,874775.0708,874775,1237.36179
0.55648,20.71127,1.27504,874776.114,874775,1230.57871
0.55644,20.75254,1.27758,874775.497,874762.5,1236.91232
0.55644,20.75174,1.27753,874774.025,874787.5,1235.88412
0.55644,20.75301,1.27761,874773.5073,874850,1231.22995
0.5564,20.79267,1.28005,874774.4134,874800,1239.90169
0.5564,20.79155,1.27998,874775.7953,874775,1234.6701
0.5564,20.79044,1.27991,874777.9196,874812.5,1242.07695
0.55639,20.80962,1.28109,874775.207,874787.5,1231.91187
0.55636,20.83216,1.28248,874774.7858,874787.5,1232.33426
0.55635,20.8416,1.28306,874773.4914,874775,1231.81297
0.55632,20.87199,1.28493,874776.1411,874775,1234.03639
0.55632,20.8731,1.285,874774.0832,874837.5,1231.4165
0.55628,20.9118,1.28738,874777.2182,874825,1240.22141
0.55628,20.91132,1.28735,874773.9854,874825,1242.27707
0.55625,20.9441,1.28937,874777.7827,874812.5,1239.05685
0.55622,20.96985,1.29096,874773.2434,874775,1240.27185
0.55623,20.96952,1.29094,874774.7195,874750,1235.5231
0.5562,20.99111,1.29227,874775.9891,874787.5,1239.65266
0.5562,20.99064,1.29224,874774.2413,874800,1233.86606
0.55618,21.01414,1.29368,874775.9967,874825,1241.61598
0.55616,21.03125,1.29474,874776.0226,874775,1235.82754
0.55608,21.11136,1.29967,874776.4591,874862.5,1228.90576
0.55609,21.10929,1.29954,874776.7717,874787.5,1231.47308
0.55604,21.15279,1.30222,874775.6398,874775,1238.49433
0.55604,21.15359,1.30227,874773.6343,874825,1237.32944
0.55602,21.17805,1.30377,874775.9323,874775,1237.94535
0.55602,21.17772,1.30375,874774.5096,874800,1243.43648
0.556,21.19404,1.30476,874774.8059,874800,1244.64474
0.556,21.19308,1.3047,874774.0894,874825,1238.96579
0.55596,21.2337,1.3072,874774.6671,874787.5,1228.22962
0.55596,21.23274,1.30714,874774.6939,874825,1231.78088
0.55596,21.23657,1.30738,874775.929,874837.5,1234.19772
0.55592,21.27448,1.30971,874776.1397,874787.5,1240.04632
0.55588,21.31412,1.31215,874776.0674,874787.5,1232.26976
0.55588,21.31478,1.31219,874774.1214,874837.5,1232.95732
0.55588,21.31429,1.31216,874776.166,874800,1231.89987
0.55584,21.35522,1.31468,874776.4174,874775,1232.73854
0.5558,21.39616,1.3172,874775.4552,874812.5,1230.41907
0.5558,21.39584,1.31718,874777.0314,874812.5,1232.14698
0.55576,21.43517,1.3196,874774.4716,874800,1240.04648
0.55576,21.43566,1.31963,874773.6928,874775,1235.08293
0.55576,21.43534,1.31961,874772.5004,874775,1249.11611
0.55572,21.47724,1.32219,874777.3589,874775,1230.67236
0.55568,21.51514,1.32453,874774.1312,874825,1234.08125
0.55568,21.51545,1.32454,874774.9233,874800,1235.08428
0.55564,21.55622,1.32706,874774.9464,874787.5,1229.69581
0.55564,21.55687,1.3271,874772.5559,874775,1232.62636
0.5556,21.59685,1.32956,874774.1538,874825,1232.4871
0.5556,21.59492,1.32944,874776.9754,874812.5,1239.4429
0.55556,21.63395,1.33184,874777.1332,874787.5,1232.45483
0.55556,21.63379,1.33183,874776.0423,874762.5,1236.64146
0.55556,21.6349,1.3319,874777.2099,874787.5,1237.78701
0.55556,21.63443,1.33187,874775.3225,874712.5,1248.47927
0.55556,21.63475,1.33189,874773.4374,874787.5,1231.31981
0.55548,21.7147,1.33681,874777.8039,874862.5,1237.68718
0.55552,21.67489,1.33436,874775.2686,874825,1236.25469
0.55548,21.71806,1.33702,874776.754,874812.5,1230.99835
0.55548,21.7155,1.33686,874775.4566,874812.5,1228.28084
0.55544,21.7566,1.33939,874775.3729,874800,1235.63718
0.55544,21.75691,1.33941,874776.8053,874800,1232.17146
0.55544,21.75547,1.33932,874774.3403,874825,1241.33544
0.5554,21.79577,1.3418,874774.1587,874850,1237.57288
0.5554,21.79561,1.34179,874775.9662,874750,1227.52917
0.5554,21.79594,1.34181,874773.7704,874800,1242.32957
0.55536,21.83511,1.34422,874774.4412,874775,1238.83406
0.55535,21.84422,1.34479,874775.7759,874762.5,1243.77214
0.55532,21.87573,1.34672,874776.3853,874787.5,1240.81655
0.55532,21.87685,1.34679,874775.6599,874812.5,1237.42912
0.55528,21.91186,1.34895,874776.0356,874800,1237.88791
0.55528,21.9133,1.34904,874774.1034,874775,1243.8044
0.55524,21.95489,1.3516,874775.8287,874762.5,1230.5392
0.55524,21.95536,1.35163,874773.0044,874825,1229.53603
0.55524,21.95633,1.35169,874775.212,874787.5,1234.67528
0.55524,21.95633,1.35169,874771.6339,874787.5,1240.68539
0.5552,21.99534,1.35409,874775.3443,874837.5,1240.20417
0.5552,21.99614,1.35414,874772.3018,874762.5,1231.43389
0.55516,22.03595,1.35659,874776.0353,874825,1238.99149
0.55514,22.04986,1.35744,874774.2408,874775,1244.80362
0.55512,22.07641,1.35908,874775.5321,874812.5,1241.37783
0.55512,22.07561,1.35903,874775.3064,874850,1237.37217
0.55512,22.07832,1.3592,874773.9924,874800,1238.77727
0.55504,22.1562,1.36399,874776.4356,874775,1237.1569
0.55504,22.15733,1.36406,874774.1551,874787.5,1234.917
0.55504,22.157,1.36404,874776.0323,874800,1233.79544
0.555,22.19619,1.36645,874774.0918,874812.5,1236.4669
0.555,22.19746,1.36653,874775.9325,874800,1232.19754
0.555,22.19843,1.36659,874776.479,874775,1239.22169
0.55496,22.23632,1.36892,874776.1838,874725,1237.59443
0.55496,22.23712,1.36897,874774.7261,874750,1231.8765
0.55492,22.27741,1.37145,874774.0989,874800,1230.83647
0.55492,22.27661,1.3714,874775.11,874812.5,1233.97933
0.55489,22.30891,1.37339,874774.2701,874787.5,1233.75676
0.55488,22.31787,1.37394,874776.2828,874762.5,1232.30909
0.55487,22.32123,1.37415,874775.0828,874787.5,1236.59844
0.55484,22.35465,1.37621,874775.4692,874812.5,1240.05246
0.55484,22.35592,1.37629,874774.2655,874812.5,1234.254
0.5548,22.39575,1.37874,874775.0005,874837.5,1231.97304
0.55479,22.4047,1.37929,874773.9412,874787.5,1233.80707
0.5548,22.39606,1.37876,874773.4927,874800,1237.79328
0.55476,22.43796,1.38134,874773.9787,874775,1237.68786
0.55476,22.43796,1.38134,874775.7796,874800,1239.85153
0.55472,22.47826,1.38382,874775.4591,874850,1235.07772
0.5547,22.49361,1.38476,874775.1478,874787.5,1232.96937
0.55472,22.47794,1.3838,874772.2259,874825,1237.42091
0.55468,22.51791,1.38626,874776.8335,874862.5,1238.59232
0.55466,22.53311,1.38719,874774.3095,874800,1243.07804
0.55464,22.5587,1.38877,874774.0566,874775,1231.01354
0.55464,22.55614,1.38861,874774.9785,874762.5,1235.992
0.55464,22.55741,1.38869,874775.5505,874775,1234.11145
0.5546,22.59595,1.39106,874772.916,874850,1241.7832
0.5546,22.59579,1.39105,874774.6344,874775,1233.05531
0.55456,22.63609,1.39353,874774.0867,874812.5,1240.36851
0.55456,22.63737,1.39361,874777.8134,874850,1240.98356
0.55454,22.65049,1.39442,874773.0914,874787.5,1240.75013
0.55452,22.6775,1.39608,874775.3289,874812.5,1239.4728
0.55452,22.67815,1.39612,874776.0477,874775,1235.59967
0.55448,22.71636,1.39848,874775.5485,874837.5,1244.58505
0.55448,22.71812,1.39858,874776.6219,874800,1236.24415
0.55448,22.71876,1.39862,874774.5778,874825,1231.04088
0.55444,22.75746,1.40101,874775.4576,874725,1245.62622
0.55443,22.76114,1.40123,874775.3172,874787.5,1236.34533
0.5544,22.79711,1.40345,874774.3433,874787.5,1235.93594
0.5544,22.79584,1.40337,874774.6081,874800,1236.74703
0.55436,22.83661,1.40588,874773.5651,874762.5,1237.74404
0.55436,22.83645,1.40587,874774.4725,874812.5,1238.85079
0.55434,22.85485,1.407,874773.1018,874825,1236.79001
0.55432,22.87675,1.40835,874774.561,874775,1232.48777
0.55432,22.87691,1.40836,874774.1153,874787.5,1238.02563
0.55428,22.91689,1.41082,874776.6758,874850,1237.76866
0.55424,22.95495,1.41316,874773.9768,874825,1238.19074
0.55424,22.95622,1.41324,874775.1018,874750,1229.74448
0.55422,22.97957,1.41468,874776.233,874825,1236.562
0.5542,22.99893,1.41587,874777.1965,874787.5,1234.65502
0.55419,23.00036,1.41596,874773.3933,874837.5,1228.72753
0.55416,23.03666,1.41819,874774.4944,874750,1235.60033
0.55416,23.0381,1.41828,874777.9344,874825,1240.15066
0.55412,23.07791,1.42073,874777.2994,874762.5,1242.23472
0.55412,23.0768,1.42067,874770.4738,874825,1235.68747
0.55411,23.08767,1.42133,874778.8041,874812.5,1236.90318
0.55408,23.11581,1.42307,874774.1777,874762.5,1235.1225
0.55408,23.11645,1.42311,874774.7924,874750,1238.72043
0.55408,23.11629,1.4231,874771.2932,874750,1239.70748
0.554,23.19736,1.42809,874775.0242,874850,1241.25676
0.554,23.19769,1.42811,874773.2277,874800,1238.92832
0.55397,23.22055,1.42952,874774.4954,874800,1237.2038
0.55396,23.23062,1.43014,874774.5234,874800,1237.80175
0.55396,23.2367,1.43051,874775.4408,874800,1235.66427
0.55392,23.27589,1.43292,874775.2216,874850,1237.76142
0.55396,23.2367,1.43051,874777.4241,874825,1230.2333
0.55392,23.277,1.43299,874774.3577,874850,1229.37172
0.5539,23.29667,1.4342,874775.4453,874800,1232.17579
0.55388,23.31874,1.43556,874775.4244,874812.5,1235.08778
0.55388,23.3181,1.43552,874774.2247,874812.5,1242.61649
0.55386,23.33041,1.43628,874775.6165,874775,1240.96179
0.55385,23.34224,1.43701,874773.2457,874812.5,1236.2834
0.55384,23.35711,1.43792,874774.5426,874800,1238.76227
0.55384,23.35615,1.43786,874774.7352,874762.5,1240.54933
0.55384,23.35775,1.43796,874774.2029,874800,1238.81901
0.5538,23.39757,1.44041,874773.1756,874775,1236.2011
0.5538,23.39614,1.44032,874771.4505,874825,1228.10114
0.55376,23.43675,1.44282,874775.4869,874787.5,1240.20207
0.55376,23.43707,1.44284,874774.5053,874787.5,1232.11286
0.55372,23.47753,1.44534,874775.8902,874812.5,1237.66604
0.55368,23.51799,1.44783,874775.4505,874812.5,1236.97002
0.55368,23.51799,1.44783,874773.6753,874725,1231.6887
0.55368,23.5175,1.4478,874776.273,874812.5,1237.29956
0.55368,23.51734,1.44779,874771.5196,874787.5,1238.03703
0.55364,23.55604,1.45017,874776.7215,874812.5,1245.24402
0.55364,23.557,1.45023,874774.4959,874875,1238.05152
0.5536,23.59698,1.45269,874776.394,874750,1235.56918
0.5536,23.59746,1.45272,874772.6057,874837.5,1238.05593
0.55356,23.63695,1.45515,874776.0497,874812.5,1237.82814
0.55356,23.63711,1.45516,874773.5925,874837.5,1233.85733
0.55352,23.67917,1.45775,874773.3745,874775,1243.03871
0.55352,23.67869,1.45772,874774.7113,874850,1239.44199
0.55351,23.68189,1.45792,874773.7272,874762.5,1238.43257
0.55351,23.68012,1.45781,874774.8904,874800,1234.42047
0.55347,23.7249,1.46056,874774.9741,874825,1233.34107
0.55344,23.75689,1.46253,874775.2021,874812.5,1233.06584
0.55344,23.75225,1.46225,874776.3246,874825,1231.36606
0.55344,23.75689,1.46253,874775.6688,874775,1243.57326
0.55344,23.7572,1.46255,874773.6677,874825,1237.68217
0.5534,23.79719,1.46501,874773.8245,874800,1236.54534
0.5534,23.79877,1.46511,874774.6263,874825,1226.12936
0.5534,23.79702,1.465,874775.6368,874825,1232.92991
0.55336,23.83876,1.46757,874774.4449,874812.5,1238.70826
0.55332,23.87794,1.46999,874774.1238,874775,1236.14346
0.55332,23.87697,1.46993,874773.7388,874800,1241.27608
0.55332,23.87634,1.46989,874774.2758,874762.5,1234.38739
0.55327,23.92095,1.47263,874774.4376,874800,1231.91045
0.55328,23.91871,1.4725,874774.1648,874775,1236.86982
0.55328,23.91744,1.47242,874775.4745,874775,1237.24952
0.55328,23.91871,1.4725,874773.6659,874750,1235.46662
0.55324,23.95645,1.47482,874773.1751,874825,1237.6947
0.55322,23.9702,1.47567,874772.9658,874750,1237.06199
0.5532,23.99771,1.47736,874776.0185,874837.5,1239.62289
0.5532,23.9985,1.47741,874773.9784,874762.5,1236.85487
0.55316,24.03705,1.47978,874774.4745,874762.5,1236.61665
0.55316,24.038,1.47984,874771.6441,874812.5,1233.38758
0.55312,24.07686,1.48223,874777,874837.5,1234.42
0.55312,24.0791,1.48237,874772.167,874775,1235.19638
0.55308,24.1186,1.4848,874774.7524,874775,1234.0771
0.5531,24.09349,1.48326,874771.7561,874837.5,1237.17219
0.55308,24.11716,1.48471,874774.5485,874775,1239.0841
0.55308,24.11747,1.48473,874774.8514,874812.5,1232.39727
0.55304,24.15905,1.48729,874775.0662,874812.5,1237.33185
0.55304,24.15937,1.48731,874772.2923,874787.5,1236.28777
0.55294,24.25227,1.49303,874776.1334,874725,1238.2471
0.55296,24.23789,1.49214,874773.1309,874837.5,1236.12055
0.55292,24.27835,1.49464,874775.0634,874762.5,1230.73505
0.55292,24.2777,1.4946,874772.173,874775,1237.42018
0.55288,24.3196,1.49718,874774.3424,874800,1236.9842
0.55288,24.31944,1.49717,874773.6198,874825,1246.85138
0.55288,24.31913,1.49715,874773.267,874737.5,1232.15661
0.55284,24.35846,1.49957,874773.3722,874775,1234.27526
0.55284,24.35957,1.49964,874772.2656,874800,1245.47812
0.5528,24.39827,1.50202,874775.8484,874775,1238.02286
0.55276,24.43617,1.50435,874774.5791,874812.5,1232.36873
0.55275,24.44017,1.5046,874773.6569,874800,1240.46998
0.55275,24.44049,1.50462,874772.9477,874762.5,1233.0275
0.55272,24.47935,1.50701,874774.1293,874775,1240.62553
0.55272,24.47888,1.50698,874774.8742,874812.5,1240.0945
0.55268,24.51789,1.50938,874774.5383,874762.5,1232.16896
0.55268,24.51965,1.50949,874774.364,874812.5,1235.16568
0.55266,24.5398,1.51073,874775.1893,874850,1235.97403
0.55263,24.56026,1.51199,874775.1266,874775,1239.07254
0.55263,24.56219,1.51211,874773.6613,874762.5,1232.40816
0.55259,24.60136,1.51452,874774.9721,874762.5,1238.87717
0.5526,24.59927,1.51439,874773.2312,874762.5,1236.27748
0.5526,24.59976,1.51442,874774.3046,874825,1227.21368
0.55256,24.63814,1.51679,874773.7207,874750,1239.57485
0.55256,24.63894,1.51683,874772.8449,874812.5,1231.76175
0.55256,24.63861,1.51681,874776.5452,874750,1240.82177
0.55252,24.67875,1.51929,874774.5354,874850,1237.0355
0.55254,24.65189,1.51763,874774.7288,874812.5,1226.898
0.55252,24.67747,1.51921,874774.39,874800,1234.66992
0.55248,24.71889,1.52176,874774.1733,874737.5,1231.4636
0.55248,24.71889,1.52176,874773.6755,874850,1235.07197
0.55244,24.75935,1.52425,874772.7632,874762.5,1237.8107
0.55244,24.75982,1.52428,874774.3832,874737.5,1241.22522
0.55244,24.75935,1.52425,874774.7151,874800,1229.76962
0.55244,24.75871,1.52421,874774.8042,874812.5,1230.7031
0.55244,24.75791,1.52416,874774.4409,874787.5,1239.82293
0.5524,24.79805,1.52663,874773.2971,874800,1239.36563
0.55239,24.80012,1.52676,874772.3135,874837.5,1239.31012
0.55239,24.79996,1.52675,874777.2553,874750,1238.22974
0.55237,24.82602,1.52835,874774.7041,874800,1234.05708
0.55236,24.8385,1.52912,874773.9291,874825,1242.78489
0.55236,24.83883,1.52914,874772.8015,874812.5,1239.62819
0.55232,24.87016,1.53107,874773.4192,874787.5,1229.87788
0.55232,24.87976,1.53166,874771.5931,874825,1232.5449
0.55232,24.87976,1.53166,874774.1125,874837.5,1230.59108
0.55228,24.91462,1.53381,874773.8531,874775,1235.14384
0.55227,24.92021,1.53415,874773.424,874837.5,1235.68749
0.55227,24.92197,1.53426,874774.793,874762.5,1238.17974
0.55226,24.93157,1.53485,874774.0152,874862.5,1238.55037
0.55224,24.95907,1.53654,874772.7168,874812.5,1232.67008
0.5522,24.99921,1.53901,874773.0222,874825,1234.28888
0.55219,25.00129,1.53914,874774.0188,874837.5,1238.45366
0.55215,25.04062,1.54156,874772.6524,874812.5,1240.67204
0.55216,25.03919,1.54147,874774.6713,874787.5,1238.97884
0.55211,25.0806,1.54402,874772.2786,874800,1242.88415
0.55212,25.07949,1.54396,874774.4842,874800,1236.51044
0.55207,25.12217,1.54658,874775.6308,874775,1240.35765
0.55207,25.12234,1.54659,874772.9311,874750,1234.60925
0.55207,25.12057,1.54649,874774.6354,874775,1239.40723
0.55203,25.16056,1.54895,874773.3482,874837.5,1242.06023
0.55199,25.20021,1.55139,874774.3908,874812.5,1241.81793
0.55195,25.24115,1.55391,874773.8324,874812.5,1236.06004
0.55199,25.20101,1.55144,874772.3917,874737.5,1237.21375
0.55195,25.24035,1.55386,874773.1496,874850,1233.45169
0.5519,25.29472,1.55721,874773.2575,874812.5,1238.9306
0.55188,25.3195,1.55873,874773.7716,874862.5,1230.07505
0.55188,25.31902,1.5587,874774.0071,874787.5,1237.32475
0.55188,25.31871,1.55868,874773.6868,874775,1237.57429
0.55183,25.36204,1.56135,874773.9883,874837.5,1238.32151
0.55183,25.3606,1.56126,874772.1443,874800,1237.26758
0.55184,25.35949,1.56119,874772.8732,874800,1241.67824
0.55179,25.40154,1.56378,874774.0561,874775,1230.67952
0.55184,25.359,1.56116,874775.3796,874812.5,1241.60883
0.55179,25.39994,1.56368,874773.827,874850,1233.80759
0.55175,25.44327,1.56635,874773.0831,874800,1237.57525
0.55175,25.44024,1.56616,874773.0422,874737.5,1240.44836
0.55172,25.47557,1.56834,874775.4246,874812.5,1245.30283
0.55171,25.48054,1.56865,874773.3237,874812.5,1233.25622
0.55171,25.48374,1.56884,874773.3284,874825,1233.66146
0.55167,25.52068,1.57112,874773.4597,874837.5,1241.62842
0.55167,25.52082,1.57113,874774.1435,874787.5,1242.6119
0.55163,25.56032,1.57356,874772.8761,874787.5,1237.57434
0.55163,25.56176,1.57365,874771.9609,874825,1235.51447
0.5516,25.59903,1.57594,874773.6467,874762.5,1242.10174
0.5516,25.59919,1.57595,874773.0039,874762.5,1238.39686
0.55156,25.63852,1.57837,874772.7299,874762.5,1237.47349
0.55155,25.63996,1.57846,874773.1666,874750,1239.48787
0.55152,25.67914,1.58087,874773.6665,874812.5,1229.52713
0.55152,25.6793,1.58088,874770.4326,874800,1234.67916
0.55151,25.67994,1.58092,874773.9888,874787.5,1233.50819
0.55148,25.71944,1.58335,874772.3899,874825,1234.87377
0.55147,25.72007,1.58339,874772.1499,874812.5,1233.9986
0.55143,25.76134,1.58593,874773.1621,874750,1229.34244
0.55146,25.7391,1.58456,874773.2148,874775,1237.35125
0.55144,25.75925,1.5858,874772.8559,874800,1233.80767
0.55142,25.7738,1.5867,874773.2652,874837.5,1242.54581
0.5514,25.79922,1.58826,874775.1267,874787.5,1232.60865
0.5514,25.79859,1.58823,874774.0217,874775,1238.32208
0.55135,25.83985,1.59077,874771.3699,874812.5,1233.6136
0.55135,25.84049,1.59081,874773.7509,874787.5,1229.04821
0.55132,25.87935,1.5932,874774.1503,874762.5,1237.95615
0.55131,25.8835,1.59345,874774.9946,874775,1241.50908
0.55127,25.923,1.59588,874773.6079,874812.5,1233.93578
0.55127,25.92156,1.5958,874772.7388,874787.5,1229.48045
0.55127,25.92124,1.59578,874773.8886,874825,1238.19443
0.55126,25.93131,1.5964,874776.041,874775,1240.93073
0.55123,25.96106,1.59823,874773.4391,874800,1235.79937
0.55123,25.96201,1.59829,874773.3454,874825,1241.52056
0.5512,25.99671,1.60042,874774.4838,874775,1239.80822
0.55119,25.99991,1.60062,874774.4157,874800,1236.4011
0.55119,26.00024,1.60064,874774.8917,874800,1231.22599
0.55115,26.04117,1.60316,874774.4414,874825,1234.73024
0.55116,26.03957,1.60306,874775.2286,874850,1239.06288
0.55113,26.06611,1.6047,874774.282,874762.5,1238.98154
0.55112,26.07235,1.60508,874774.1141,874750,1240.09064
0.55111,26.08002,1.60555,874774.2478,874787.5,1232.72214
0.55107,26.12096,1.60807,874771.515,874750,1228.702
0.55107,26.12112,1.60808,874774.8944,874750,1240.73135
0.55104,26.15006,1.60986,874771.8749,874775,1235.08417
0.55104,26.15982,1.61046,874772.7486,874800,1238.37887
0.55103,26.1627,1.61064,874775.7876,874787.5,1237.24238
0.55099,26.20092,1.61299,874772.2368,874812.5,1231.51064
0.55099,26.20156,1.61303,874774.1951,874762.5,1241.31682
0.55096,26.23977,1.61539,874772.2207,874750,1244.00251
0.55095,26.24105,1.61546,874774.1529,874837.5,1239.36814
0.55091,26.28599,1.61823,874773.5639,874775,1236.7125
0.55091,26.28727,1.61831,874772.7316,874775,1238.64172
0.55091,26.28695,1.61829,874775.5292,874800,1239.20241
0.55084,26.35762,1.62264,874774.2093,874800,1235.03166
0.55083,26.36819,1.62329,874774.3542,874825,1238.8903
0.55079,26.40304,1.62544,874773.6019,874800,1241.80369
0.55079,26.40687,1.62567,874771.8012,874787.5,1233.59568
0.55079,26.40816,1.62575,874773.8152,874787.5,1232.3028
0.55075,26.44654,1.62811,874774.3313,874825,1235.30949
0.55075,26.44877,1.62825,874774.118,874800,1242.21821
0.5507,26.49051,1.63082,874772.2904,874737.5,1237.48683
0.5507,26.48988,1.63078,874773.6462,874812.5,1235.533
0.55069,26.50602,1.63178,874773.2126,874750,1233.51403
0.55067,26.52905,1.63319,874772.6565,874787.5,1236.8846
0.55063,26.56919,1.63567,874773.6695,874812.5,1237.78753
0.55063,26.56919,1.63567,874773.2636,874825,1235.51806
0.55063,26.56902,1.63566,874773.1415,874750,1238.72376
0.55062,26.57015,1.63572,874774.548,874837.5,1237.47814
0.55058,26.61012,1.63819,874770.419,874725,1239.54043
0.55059,26.60789,1.63805,874773.245,874787.5,1236.07337
0.55059,26.60549,1.6379,874773.2274,874750,1242.62492
0.55055,26.64722,1.64047,874773.9594,874762.5,1236.94977
0.55052,26.67152,1.64197,874774.451,874825,1236.74003
0.55051,26.68193,1.64261,874773.6031,874775,1239.35195
0.55051,26.68768,1.64296,874773.3341,874775,1236.4819
0.5505,26.69071,1.64315,874772.4636,874775,1239.32846
0.55047,26.72957,1.64554,874773.5687,874787.5,1244.16165
0.55047,26.72877,1.64549,874772.2821,874800,1237.83432
0.55043,26.76955,1.648,874772.7888,874812.5,1237.84606
0.55043,26.76891,1.64796,874772.5935,874762.5,1234.52848
0.55043,26.76891,1.64796,874770.4248,874762.5,1240.47694
0.55041,26.7817,1.64875,874774.506,874737.5,1233.63927
0.55039,26.80905,1.65043,874773.0066,874800,1233.96946
0.55039,26.80841,1.65039,874772.6298,874825,1242.82193
0.55038,26.81129,1.65057,874770.5585,874775,1232.88156
0.55034,26.84999,1.65295,874772.7838,874812.5,1234.40649
0.5503,26.89012,1.65542,874772.5004,874800,1232.26783
0.55031,26.88309,1.65499,874773.1772,874787.5,1234.94827
0.55031,26.88629,1.65519,874772.0809,874750,1238.60439
0.55027,26.92818,1.65777,874772.5274,874812.5,1223.96363
0.55027,26.9293,1.65784,874773.5702,874775,1234.33633
0.55027,26.92482,1.65756,874775.1725,874787.5,1235.70169
0.55023,26.9672,1.66017,874771.8457,874787.5,1236.28884
0.55023,26.96687,1.66015,874775.2644,874775,1238.74136
0.55019,27.00621,1.66257,874772.4307,874775,1242.70771
0.55019,27.00877,1.66273,874773.9191,874812.5,1236.59356
0.55015,27.04844,1.66517,874774.8343,874762.5,1236.75801
0.55015,27.04715,1.66509,874771.9754,874812.5,1229.22822
0.55013,27.06474,1.66617,874774.1865,874775,1236.54472
0.55011,27.08617,1.66749,874773.8104,874800,1228.71081
0.55007,27.12966,1.67017,874774.5921,874737.5,1243.24565
0.55007,27.12966,1.67017,874773.573,874850,1237.50457
0.55007,27.12902,1.67013,874775.433,874787.5,1230.33734
0.55002,27.17012,1.67266,874773.9713,874737.5,1241.72359
0.55003,27.16869,1.67257,874771.8558,874800,1242.38243
0.55,27.19411,1.67414,874773.1056,874775,1237.55037
0.54999,27.2093,1.67507,874774.2993,874775,1234.27666
0.54998,27.21137,1.6752,874772.3511,874800,1235.50329
0.54997,27.22274,1.6759,874772.3763,874875,1230.55486
0.54995,27.24847,1.67748,874773.1817,874762.5,1232.41223
0.54991,27.28894,1.67998,874772.6455,874825,1233.85664
0.54991,27.28734,1.67988,874773.9206,874737.5,1236.12533
0.54991,27.28894,1.67998,874773.2687,874787.5,1231.64511
0.5499,27.29054,1.68007,874775.0973,874775,1238.69329
0.54986,27.33131,1.68258,874772.7777,874825,1234.73289
0.54986,27.33067,1.68254,874776.1975,874837.5,1235.56974
0.54979,27.40886,1.68736,874773.1981,874812.5,1239.39496
0.54979,27.40966,1.68741,874772.7445,874812.5,1238.77018
0.54978,27.41014,1.68744,874773.1589,874800,1232.06763
0.54975,27.44916,1.68984,874772.7478,874825,1239.90401
0.54975,27.44947,1.68986,874770.7978,874825,1234.38598
0.54971,27.48866,1.69227,874772.6532,874762.5,1237.03973
0.54971,27.48946,1.69232,874775.8096,874787.5,1235.26835
0.54971,27.48914,1.6923,874772.7125,874787.5,1232.79168
0.54967,27.52096,1.69426,874772.6456,874800,1235.49711
0.54967,27.52895,1.69475,874774.0828,874800,1238.32856
0.54965,27.54479,1.69573,874771.7916,874762.5,1231.41706
0.54963,27.56781,1.69714,874772.621,874825,1231.0193
0.54959,27.60922,1.69969,874773.4273,874800,1236.19773
0.54959,27.60922,1.69969,874774.142,874787.5,1236.89516
0.54959,27.60891,1.69967,874773.8352,874775,1247.2676
0.54954,27.65032,1.70222,874773.1073,874812.5,1237.66834
0.54954,27.64985,1.70219,874774.2692,874800,1235.22881
0.54955,27.64856,1.70211,874772.9364,874775,1230.32874
0.54951,27.68679,1.70447,874773.6958,874825,1243.20292
0.54951,27.68886,1.7046,874774.7144,874750,1236.04194
0.54947,27.7282,1.70702,874772.5135,874825,1229.03017
0.54947,27.7282,1.70702,874775.0421,874800,1233.59122
0.54943,27.76786,1.70946,874774.0436,874825,1237.49089
0.54943,27.7677,1.70945,874773.6368,874737.5,1231.97356
0.54943,27.76706,1.70941,874774.1416,874800,1233.6982
0.54939,27.80927,1.71201,874774.2401,874787.5,1233.7379
0.54937,27.82495,1.71297,874770.4534,874762.5,1234.91283
0.54935,27.84892,1.71445,874771.8469,874787.5,1238.51102
0.54935,27.84861,1.71443,874770.2534,874762.5,1232.50485
0.54934,27.85629,1.7149,874773.748,874787.5,1232.68826
0.5493,27.89035,1.717,874769.8204,874800,1234.94025
0.54927,27.9284,1.71934,874775.0743,874800,1234.87347
0.5493,27.89402,1.71723,874771.1256,874762.5,1235.67156
0.54926,27.93049,1.71947,874772.863,874800,1239.76167
0.54922,27.9703,1.72192,874772.7233,874787.5,1240.9086
0.54922,27.96999,1.7219,874773.5041,874837.5,1243.08025
0.54919,28.00947,1.72433,874774.2384,874787.5,1234.70968
0.54923,27.9679,1.72177,874775.0936,874750,1239.2406
0.54919,28.009,1.7243,874770.6071,874787.5,1235.73391
0.54918,28.01908,1.72492,874773.7413,874812.5,1236.81638
0.54915,28.04818,1.72672,874771.9413,874837.5,1233.08586
0.54915,28.04866,1.72675,874771.7761,874762.5,1237.87165
0.54913,28.06849,1.72797,874772.9714,874787.5,1233.54812
0.54911,28.08959,1.72927,874774.0779,874800,1242.99897
0.5491,28.09007,1.7293,874772.1531,874787.5,1238.30145
0.54906,28.13196,1.73187,874772.9112,874737.5,1236.59297
0.54906,28.12989,1.73175,874773.1108,874775,1236.26498
0.54902,28.16986,1.73421,874773.6194,874800,1237.0044
0.54902,28.17834,1.73473,874772.3308,874775,1236.88084
0.54899,28.20936,1.73664,874772.4997,874800,1240.8261
0.54899,28.20825,1.73657,874772.3249,874750,1230.27978
0.54894,28.2503,1.73916,874774.5572,874800,1229.80552
0.54895,28.24918,1.73909,874773.8504,874812.5,1237.42544
0.5489,28.2906,1.74164,874774.0598,874825,1239.4877
0.54893,28.26885,1.7403,874771.4575,874837.5,1235.95279
0.5489,28.293,1.74179,874773.503,874775,1238.7943
0.54886,28.33121,1.74414,874772.8487,874762.5,1238.21896
0.54886,28.3309,1.74412,874772.3938,874850,1236.7082
0.54885,28.34256,1.74484,874771.3248,874775,1236.44259
0.54883,28.36959,1.7465,874770.6401,874787.5,1231.16797
0.54883,28.36879,1.74645,874773.4607,874825,1239.44762
0.54877,28.427,1.75004,874773.1951,874812.5,1235.44397
0.54874,28.45002,1.75145,874774.0213,874800,1230.98086
0.54874,28.45146,1.75154,874772.3279,874750,1234.94638
0.54871,28.48729,1.75375,874774.8933,874812.5,1232.91617
0.5487,28.49,1.75392,874771.7412,874762.5,1241.81977
0.5487,28.49176,1.75402,874773.8547,874837.5,1236.70783
0.54867,28.52983,1.75637,874772.7358,874800,1243.26707
0.54867,28.52886,1.75631,874773.0402,874787.5,1229.10708
0.54866,28.53046,1.75641,874773.1136,874712.5,1232.17619
0.54866,28.53221,1.75651,874774.2114,874787.5,1236.74603
0.54862,28.57044,1.75887,874772.3418,874737.5,1239.43704
0.54863,28.5698,1.75883,874773.2593,874762.5,1233.32494
0.54862,28.57091,1.7589,874773.4543,874787.5,1241.66698
0.54858,28.61025,1.76132,874774.267,874800,1231.73119
0.54858,28.61041,1.76133,874773.3916,874800,1233.00926
0.54857,28.62161,1.76202,874771.5434,874775,1233.71758
0.54854,28.64991,1.76376,874773.8361,874775,1236.24685
0.54854,28.65071,1.76381,874773.7068,874750,1241.11105
0.54853,28.66399,1.76463,874774.1033,874762.5,1233.8612
0.54851,28.68925,1.76618,874773.2551,874812.5,1240.73519
0.54851,28.68861,1.76614,874773.5571,874837.5,1239.02147
0.54846,28.72986,1.76868,874772.6669,874825,1226.79745
0.54844,28.75209,1.77005,874771.5915,874787.5,1242.80405
0.54843,28.7628,1.77071,874772.0774,874825,1233.6228
0.54842,28.77192,1.77127,874772.4348,874737.5,1233.67603
0.54839,28.80774,1.77348,874776.5331,874850,1230.04476
0.54838,28.81126,1.77369,874772.8528,874762.5,1236.86455
0.54838,28.81238,1.77376,874772.4912,874812.5,1231.57608
0.54834,28.85075,1.77612,874773.8771,874762.5,1240.71657
0.5483,28.89169,1.77864,874773.7003,874837.5,1235.60666
0.5483,28.89921,1.77911,874775.6795,874837.5,1232.46596
0.54826,28.93166,1.78111,874772.4831,874837.5,1234.6988
0.54826,28.93231,1.78115,874775.33,874837.5,1235.0378
0.54826,28.93119,1.78108,874770.8458,874787.5,1231.89718
0.54822,28.97149,1.78356,874776.1171,874737.5,1243.29364
0.54822,28.97165,1.78357,874772.028,874812.5,1232.88384
0.54818,29.01179,1.78604,874773.9932,874837.5,1233.95725
0.54819,28.99995,1.78531,874772.4139,874812.5,1236.3987
0.54818,29.01114,1.786,874773.4061,874800,1239.17913
0.54814,29.05256,1.78855,874771.3681,874800,1238.81729
0.54814,29.0524,1.78854,874772.3086,874762.5,1235.27961
0.54814,29.0516,1.78849,874773.243,874775,1236.04077
0.5481,29.09205,1.79098,874772.4534,874800,1240.3779
0.5481,29.09254,1.79101,874774.3651,874775,1235.30269
0.54809,29.10212,1.7916,874774.0889,874875,1230.46029
0.54806,29.13395,1.79356,874774.0821,874800,1232.12156
0.54806,29.13219,1.79345,874772.1581,874775,1235.78323
0.54806,29.13508,1.79363,874773.3494,874850,1235.57694
0.54806,29.13299,1.7935,874771.9449,874775,1240.91601
0.54799,29.20911,1.79819,874773.6224,874750,1234.77969
0.54798,29.21375,1.79847,874772.6701,874837.5,1240.31242
0.54798,29.21262,1.7984,874772.3999,874775,1240.33194
0.54798,29.21151,1.79833,874772.087,874812.5,1234.6473
0.54795,29.24701,1.80052,874772.719,874787.5,1238.38794
0.54794,29.25245,1.80085,874771.6685,874787.5,1237.75667
0.5479,29.29322,1.80336,874773.9017,874737.5,1234.01323
0.5479,29.29194,1.80328,874773.3815,874737.5,1237.59598
0.54786,29.33336,1.80584,874774.6703,874812.5,1242.29608
0.54786,29.33224,1.80577,874773.4536,874750,1235.31961
0.54785,29.34966,1.80684,874773.3371,874800,1239.05659
0.54782,29.3743,1.80836,874771.1657,874775,1234.36299
0.54782,29.37414,1.80835,874771.6236,874787.5,1227.95802
0.54778,29.41251,1.81071,874772.0623,874800,1240.22041
0.54778,29.41315,1.81075,874772.8184,874787.5,1234.91696
0.54775,29.44114,1.81247,874773.4386,874762.5,1237.23507
0.54778,29.41763,1.81102,874774.0858,874800,1234.21845
0.54766,29.53196,1.81806,874768.6509,874775,1231.96701
0.54766,29.53276,1.81811,874772.3451,874787.5,1232.48111
0.54766,29.53196,1.81806,874772.3317,874825,1233.42187
0.54762,29.57322,1.8206,874772.1179,874800,1241.95935
0.54762,29.57097,1.82046,874770.9596,874775,1232.75888
0.54758,29.61176,1.82297,874772.6834,874800,1233.78785
0.54758,29.61176,1.82297,874771.6739,874762.5,1239.72923
0.54758,29.61096,1.82292,874771.5633,874837.5,1240.37919
0.54754,29.65094,1.82539,874772.9969,874787.5,1234.45656
0.54754,29.65078,1.82538,874772.0416,874812.5,1235.457
0.54755,29.64965,1.82531,874771.2237,874812.5,1232.87139
0.54751,29.68691,1.8276,874775.0137,874762.5,1237.33993
0.5475,29.69251,1.82795,874770.5283,874750,1240.1865
0.5475,29.69187,1.82791,874771.6484,874812.5,1236.33268
0.5475,29.69282,1.82796,874771.3846,874775,1235.31183
0.5475,29.69108,1.82786,874774.0346,874812.5,1234.56046
0.54746,29.73072,1.8303,874772.4626,874787.5,1236.43248
0.54746,29.73057,1.83029,874771.3198,874800,1234.42476
0.54743,29.76495,1.8324,874772.3284,874812.5,1233.60694
0.54744,29.75024,1.8315,874772.7454,874762.5,1234.44611
0.54742,29.7739,1.83296,874773.4158,874787.5,1236.64202
0.54742,29.7739,1.83296,874773.4837,874800,1234.34369
0.54742,29.7763,1.8331,874774.1553,874787.5,1235.48868
0.54738,29.81276,1.83535,874772.14,874825,1242.32525
0.54738,29.81292,1.83536,874773.3119,874787.5,1235.58038
0.54738,29.81356,1.8354,874770.5393,874775,1238.88336
0.54734,29.85321,1.83784,874774.3532,874775,1240.56187
0.54734,29.85274,1.83781,874772.5667,874737.5,1238.20686
0.54734,29.85386,1.83788,874774.5889,874825,1238.7587
0.54732,29.87913,1.83943,874773.3295,874812.5,1236.19247
0.54726,29.93269,1.84273,874769.965,874787.5,1236.72316
0.54726,29.93334,1.84277,874771.4637,874775,1238.81808
0.54726,29.93254,1.84272,874773.8937,874750,1233.32042
0.54726,29.93317,1.84276,874771.4466,874775,1236.66194
0.54722,29.97442,1.8453,874772.3338,874837.5,1233.88784
0.54722,29.97442,1.8453,874768.7351,874800,1234.55094
0.54718,30.01312,1.84768,874771.6033,874825,1232.15371
0.54718,30.01393,1.84773,874771.3296,874775,1234.43879
0.54718,30.01425,1.84775,874771.2118,874762.5,1240.94904
0.54714,30.0539,1.85019,874771.9787,874800,1231.626
0.5471,30.0934,1.85262,874770.8129,874762.5,1239.32682
0.5471,30.0926,1.85258,874771.9469,874837.5,1241.72155
0.5471,30.09307,1.8526,874772.4391,874825,1244.8828
0.54707,30.12539,1.85459,874773.1007,874825,1241.91222
0.54706,30.13177,1.85499,874771.6253,874812.5,1232.62227
0.54706,30.13194,1.855,874771.9374,874800,1230.3071
0.54702,30.1732,1.85754,874769.3911,874825,1234.97823
0.54702,30.17335,1.85755,874773.1741,874812.5,1233.82153
0.54702,30.17304,1.85753,874770.6264,874775,1228.06637
0.54698,30.21269,1.85997,874772.284,874775,1234.02124
0.54698,30.21269,1.85997,874772.2891,874787.5,1237.64722
0.54694,30.25266,1.86243,874774.362,874750,1241.28419
0.54694,30.25331,1.86247,874771.2173,874812.5,1237.90757
0.54694,30.25235,1.86241,874772.3788,874812.5,1234.52742
0.54693,30.26657,1.86329,874772.9788,874825,1234.54803
0.5469,30.29169,1.86483,874769.9969,874825,1239.767
0.54686,30.33279,1.86736,874773.1503,874800,1231.734
0.54686,30.3331,1.86738,874773.1308,874825,1238.10557
0.54686,30.33597,1.86756,874771.8721,874775,1230.18689
0.54682,30.37373,1.86988,874770.9113,874750,1235.08475
0.54682,30.37388,1.86989,874772.3218,874787.5,1237.8253
0.54678,30.41354,1.87233,874771.9033,874800,1233.8304
0.54678,30.41337,1.87232,874774.1326,874762.5,1241.38004
0.54671,30.48501,1.87673,874773.8835,874825,1231.63454
0.54666,30.53282,1.87968,874767.7165,874825,1229.59904
0.54666,30.53235,1.87965,874772.3584,874800,1232.18167
0.54662,30.57409,1.88222,874770.6072,874787.5,1235.41932
0.54662,30.57216,1.8821,874773.6972,874762.5,1238.20102
0.54659,30.60222,1.88395,874770.8342,874837.5,1236.25098
0.54658,30.61423,1.88469,874771.3116,874775,1238.61673
0.54658,30.61454,1.88471,874771.2351,874825,1241.32013
0.54654,30.65356,1.88711,874774.7604,874825,1235.12416
0.54654,30.65276,1.88706,874771.1104,874812.5,1240.70018
0.54653,30.66539,1.88784,874772.5914,874737.5,1237.45209
0.5465,30.69385,1.88959,874771.3366,874812.5,1230.32946
0.5465,30.69401,1.8896,874772.4087,874775,1240.6133
0.5465,30.69434,1.88962,874772.4524,874800,1230.30896
0.54646,30.73415,1.89207,874771.7165,874862.5,1237.50821
0.54646,30.73304,1.892,874770.5094,874762.5,1240.92222
0.54646,30.73351,1.89203,874771.8149,874837.5,1241.47829
0.54642,30.77332,1.89448,874771.9734,874737.5,1238.58853
0.54642,30.77541,1.89461,874771.7984,874812.5,1235.10971
0.54638,30.81379,1.89697,874773.7397,874837.5,1236.04059
0.54638,30.81395,1.89698,874772.6612,874800,1228.96889
0.54634,30.85296,1.89939,874772.3404,874812.5,1238.2898
0.54638,30.81266,1.8969,874773.6861,874800,1232.01932
0.54634,30.85344,1.89941,874773.3538,874800,1239.23632
0.54633,30.86496,1.90012,874772.5492,874750,1235.22712
0.5463,30.89358,1.90189,874772.9211,874850,1237.4864
0.5463,30.89326,1.90187,874773.5794,874812.5,1230.0835
0.54626,30.93436,1.9044,874771.242,874775,1238.94078
0.5463,30.89406,1.90192,874770.9372,874800,1237.24774
0.54626,30.93371,1.90436,874771.8487,874825,1235.47556
0.54622,30.97514,1.90691,874770.5836,874775,1236.46875
0.54622,30.97481,1.90689,874772.4274,874800,1233.03734
0.5462,30.9988,1.90836,874769.6615,874737.5,1237.97123
0.54618,31.01511,1.90937,874773.5892,874750,1229.40904
0.54618,31.01495,1.90936,874773.4933,874800,1237.86384
0.54618,31.01671,1.90947,874770.6584,874825,1236.21859
0.54614,31.05445,1.91179,874772.5887,874787.5,1233.5897
0.54614,31.05621,1.9119,874771.4572,874787.5,1242.1432
0.5461,31.0949,1.91428,874771.4411,874775,1232.40762
0.5461,31.09426,1.91424,874770.9452,874775,1238.21782
0.5461,31.09266,1.91414,874772.3192,874775,1234.22078
0.54608,31.11681,1.91563,874771.06,874837.5,1233.54398
0.54606,31.13616,1.91682,874771.2892,874775,1231.95799
0.54605,31.14096,1.91712,874772.1169,874762.5,1239.45176
0.54602,31.17357,1.91912,874771.9085,874862.5,1237.65909
0.54602,31.17598,1.91927,874773.231,874800,1231.89291
0.54602,31.17598,1.91927,874772.1673,874812.5,1234.25828
0.54602,31.17918,1.91947,874771.3014,874737.5,1237.57176
0.54598,31.215,1.92167,874770.4263,874775,1238.47826
0.54594,31.25514,1.92414,874772.3064,874787.5,1230.60271
0.54594,31.25497,1.92413,874771.175,874825,1233.91777
0.54594,31.25434,1.9241,874773.2567,874787.5,1234.11014
0.54594,31.25561,1.92417,874770.8993,874787.5,1236.93591
0.5459,31.29415,1.92655,874773.4676,874762.5,1235.63707
0.54588,31.31334,1.92773,874771.7544,874762.5,1229.18352
0.54586,31.3394,1.92933,874771.7671,874725,1237.80888
0.54586,31.33765,1.92922,874770.4022,874800,1236.61494
0.54582,31.3717,1.93132,874771.3633,874850,1235.7007
0.54582,31.37539,1.93155,874771.023,874762.5,1229.46486
0.54578,31.41616,1.93406,874771.3722,874837.5,1233.14771
0.54574,31.4547,1.93643,874772.0958,874800,1236.26584
0.54576,31.43646,1.93531,874771.812,874812.5,1244.18354
0.54574,31.45934,1.93672,874772.063,874775,1239.2784
0.5457,31.49675,1.93902,874772.999,874787.5,1237.36176
0.54562,31.57782,1.94401,874772.0909,874837.5,1238.95801
0.54562,31.57766,1.944,874772.6462,874750,1236.95359
0.5456,31.59941,1.94534,874771.2219,874762.5,1236.43109
0.54558,31.61764,1.94646,874773.4546,874812.5,1233.05337
0.54554,31.6581,1.94895,874771.1924,874737.5,1235.52015
0.54554,31.65826,1.94896,874774.9854,874775,1233.74512
0.54554,31.65922,1.94902,874770.9411,874750,1238.52791
0.5455,31.69936,1.95149,874773.8248,874762.5,1244.91651
0.5455,31.6992,1.95148,874769.8962,874812.5,1231.72364
0.54546,31.73869,1.95391,874771.2588,874787.5,1231.26293
0.54546,31.7379,1.95386,874770.4205,874812.5,1235.89917
0.54546,31.73901,1.95393,874771.4688,874837.5,1234.82454
0.54542,31.77979,1.95644,874771.0805,874775,1235.68539
0.54542,31.77899,1.95639,874772.7272,874762.5,1240.47946
0.54542,31.77867,1.95637,874771.4149,874837.5,1236.64452
0.54539,31.80969,1.95828,874771.2374,874762.5,1237.67676
0.54537,31.81992,1.95891,874771.7807,874787.5,1235.3617
0.54533,31.86054,1.96141,874772.7267,874775,1233.87887
0.54533,31.86086,1.96143,874771.9545,874837.5,1233.26485
0.54534,31.85879,1.96131,874771.6116,874825,1235.43614
0.54531,31.88437,1.96288,874771.1001,874787.5,1233.32426
0.5453,31.89909,1.96379,874773.3507,874812.5,1235.29874
0.54528,31.91555,1.9648,874772.6435,874812.5,1242.32219
0.54526,31.93746,1.96615,874772.0907,874787.5,1237.45539
0.54525,31.94001,1.96631,874775.1219,874800,1238.18014
0.54522,31.97871,1.96869,874771.2204,874800,1237.45476
0.54522,31.9792,1.96872,874770.1267,874775,1239.48838
0.54517,32.01997,1.97123,874771.6556,874837.5,1236.87381
0.54518,32.01917,1.97118,874770.4924,874787.5,1240.40973
0.54517,32.02141,1.97132,874771.2793,874775,1235.13049
0.54514,32.05642,1.97347,874774.5417,874837.5,1236.49714
0.54514,32.05755,1.97354,874772.2489,874812.5,1235.99669
0.54514,32.05915,1.97364,874768.4192,874800,1240.51678
0.5451,32.09705,1.97597,874771.7542,874762.5,1236.41793
0.5451,32.09721,1.97598,874770.6124,874787.5,1238.76308
0.54506,32.13686,1.97843,874771.1088,874775,1232.84514
0.54506,32.13702,1.97844,874771.2265,874762.5,1239.23768
0.54506,32.13543,1.97834,874772.1372,874775,1236.23581
0.54502,32.17796,1.98096,874769.7076,874800,1235.78918
0.54502,32.177,1.9809,874773.8756,874762.5,1233.58425
0.54501,32.18116,1.98115,874770.0235,874737.5,1236.72428
0.54498,32.21346,1.98314,874773.0643,874862.5,1239.10519
0.54498,32.2181,1.98343,874770.9024,874812.5,1233.50472
0.54494,32.25775,1.98587,874773.9204,874812.5,1245.56177
0.54494,32.25871,1.98593,874770.7392,874775,1231.32267
0.54494,32.25791,1.98588,874770.2415,874812.5,1241.96038
0.54494,32.2576,1.98586,874771.2606,874787.5,1239.01987
0.5449,32.29725,1.9883,874770.5361,874750,1236.54503
0.5449,32.29789,1.98834,874769.0438,874787.5,1238.9414
0.54486,32.33802,1.99081,874771.8347,874775,1238.22126
0.54486,32.33739,1.99077,874771.4462,874800,1234.80507
0.54486,32.33755,1.99078,874770.7664,874850,1239.58069
0.54486,32.33851,1.99084,874770.7161,874787.5,1228.15085
0.54482,32.37816,1.99328,874771.6527,874762.5,1239.68543
0.54481,32.38409,1.99365,874772.8438,874812.5,1237.34342
0.54478,32.4191,1.9958,874774.2291,874787.5,1231.52391
0.54477,32.42806,1.99635,874773.1246,874762.5,1233.88362
0.54477,32.42022,1.99587,874772.4763,874825,1233.42243
0.5447,32.4957,2.00052,874772.4628,874812.5,1244.55223
0.5447,32.49586,2.00053,874772.1087,874775,1233.9453
0.54471,32.4861,1.99993,874771.5018,874737.5,1244.74777
0.5447,32.49857,2.00069,874770.5051,874787.5,1232.572
0.54466,32.53904,2.00318,874770.2689,874750,1233.28402
0.54462,32.57805,2.00559,874770.8709,874862.5,1234.27019
0.54462,32.57852,2.00562,874771.7556,874787.5,1235.97019
0.54461,32.58925,2.00628,874771.2174,874762.5,1237.84741
0.54454,32.65913,2.01058,874772.8654,874775,1239.77809
0.54453,32.66552,2.01097,874772.2418,874875,1236.48566
0.54449,32.70677,2.01351,874772.1888,874775,1235.8587
0.5445,32.69943,2.01306,874771.3427,874837.5,1240.79147
0.54446,32.73891,2.01549,874771.8436,874800,1237.36415
0.54442,32.77874,2.01794,874771.9042,874812.5,1229.09697
0.54442,32.77954,2.01799,874769.2434,874775,1235.3145
0.54442,32.77794,2.01789,874771.3694,874837.5,1238.261
0.54442,32.77937,2.01798,874772.8114,874762.5,1236.45132
0.54438,32.81311,2.02006,874770.373,874825,1241.3431
0.54438,32.81951,2.02045,874773.529,874812.5,1241.65059
0.54434,32.85933,2.0229,874770.5298,874787.5,1235.13693
0.54434,32.85918,2.02289,874771.4453,874775,1236.90868
0.54434,32.85918,2.02289,874771.1844,874800,1231.74276
0.54434,32.85901,2.02288,874770.2478,874812.5,1238.63697
0.5443,32.8993,2.02536,874769.7692,874812.5,1242.2187
0.5443,32.89962,2.02538,874769.6265,874775,1229.34708
0.54426,32.93912,2.02781,874770.9991,874800,1239.98512
0.54426,32.9396,2.02784,874771.0488,874775,1237.04111
0.54422,32.97862,2.03025,874773.0667,874812.5,1232.1826
0.54421,32.98054,2.03036,874771.9352,874750,1236.03354
0.54422,32.97814,2.03022,874772.2746,874825,1237.56594
0.54418,33.01891,2.03273,874771.3741,874850,1237.53768
0.54415,33.04674,2.03444,874771.4029,874762.5,1236.60958
0.54413,33.05985,2.03525,874770.0872,874787.5,1238.73153
0.54412,33.07041,2.0359,874772.4208,874825,1238.12784
0.5441,33.09902,2.03766,874770.9152,874762.5,1238.33941
0.5441,33.09855,2.03763,874772.7531,874737.5,1238.38888
0.54407,33.12397,2.03919,874769.1591,874737.5,1235.46241
0.54405,33.14029,2.0402,874771.8228,874800,1230.52119
0.54405,33.14173,2.04029,874771.4525,874787.5,1240.34862
0.54401,33.18042,2.04267,874769.1747,874762.5,1232.07924
0.54401,33.18266,2.04281,874771.0782,874812.5,1239.03887
0.54401,33.18059,2.04268,874770.5785,874812.5,1238.98174
0.544,33.19834,2.04377,874771.3528,874775,1239.49176
0.54397,33.222,2.04523,874771.48,874812.5,1233.15885
0.54397,33.22087,2.04516,874771.4407,874762.5,1239.46946
0.54393,33.26214,2.0477,874771.0099,874800,1236.30359
0.54394,33.25877,2.04749,874771.599,874850,1236.73304
0.54393,33.26326,2.04777,874770.2546,874750,1236.59759
0.54393,33.26214,2.0477,874772.5363,874850,1237.15655
0.54389,33.30115,2.0501,874767.6127,874762.5,1232.59481
0.54389,33.3002,2.05004,874773.2929,874812.5,1232.68847
0.54389,33.30051,2.05006,874771.8546,874762.5,1236.42266
0.54386,33.33937,2.05246,874770.5986,874762.5,1232.55271
0.54389,33.30115,2.0501,874771.5588,874787.5,1233.03381
0.54385,33.33985,2.05248,874772.5997,874775,1231.55141
0.54385,33.34129,2.05257,874769.3076,874787.5,1238.32606
0.54381,33.38062,2.05499,874772.6575,874762.5,1232.83222
0.54381,33.38127,2.05503,874771.5418,874800,1235.69609
0.5438,33.39374,2.0558,874771.2874,874762.5,1234.56682
0.54378,33.41916,2.05737,874768.9519,874787.5,1230.01631
0.54373,33.46106,2.05995,874773.3194,874837.5,1238.67661
0.54373,33.46139,2.05997,874771.2244,874800,1239.52592
0.54369,33.5012,2.06242,874770.9617,874762.5,1238.6965
0.54369,33.50232,2.06249,874772.881,874775,1234.5763
0.54368,33.51191,2.06308,874770.7105,874775,1237.47882
0.54365,33.54294,2.06499,874770.8555,874775,1231.64989
0.54365,33.54117,2.06488,874771.1238,874837.5,1236.03169
0.54361,33.58067,2.06731,874770.4363,874787.5,1235.55726
0.54359,33.60114,2.06857,874771.0516,874787.5,1231.91661
0.54358,33.61905,2.06967,874771.1737,874775,1234.56057
0.54353,33.66255,2.07235,874770.3288,874787.5,1228.83632
0.54349,33.70156,2.07475,874769.7903,874800,1234.86243
0.54357,33.62192,2.06985,874771.9354,874775,1237.49605
0.54349,33.70173,2.07476,874773.0531,874775,1231.28491
0.54347,33.72331,2.07609,874770.509,874825,1233.55859
0.54344,33.75039,2.07776,874771.0948,874787.5,1233.82981
0.54341,33.78332,2.07979,874773.0141,874775,1239.20178
0.54341,33.78253,2.07974,874770.1077,874775,1235.88178
0.54341,33.78172,2.07969,874770.8825,874800,1237.13666
0.54337,33.82139,2.08213,874769.4699,874800,1241.72654
0.54337,33.82506,2.08236,874770.5948,874825,1231.36497
0.54337,33.82075,2.08209,874769.4044,874737.5,1237.9629
0.54333,33.86089,2.08456,874771.1801,874762.5,1231.35712
0.54333,33.8612,2.08458,874768.7597,874800,1236.54068
0.54329,33.9023,2.08711,874771.4871,874775,1240.01691
0.54329,33.90086,2.08702,874769.5335,874800,1235.20324
0.54325,33.9426,2.08959,874773.0278,874775,1236.77881
0.54325,33.94307,2.08962,874770.2413,874837.5,1231.73813
0.54325,33.94067,2.08947,874772.0394,874750,1232.15643
0.54321,33.97985,2.09188,874773.0027,874787.5,1229.73668
0.54321,33.98065,2.09193,874771.2403,874825,1243.26188
0.54317,34.01999,2.09436,874771.6449,874762.5,1237.28499
0.54317,34.02159,2.09445,874770.2093,874862.5,1233.31991
0.54317,34.02942,2.09494,874771.3659,874762.5,1232.19721
0.54313,34.06156,2.09691,874769.3199,874837.5,1236.63953
0.54313,34.06236,2.09696,874772.6144,874837.5,1233.24243
0.54309,34.1025,2.09944,874771.6871,874812.5,1238.46808
0.54309,34.1017,2.09939,874772.1585,874787.5,1238.16433
0.54305,34.14232,2.10189,874769.5923,874787.5,1225.21158
0.54305,34.14216,2.10188,874772.102,874825,1242.59667
0.54305,34.14216,2.10188,874769.4826,874800,1230.94401
0.54302,34.17622,2.10397,874770.7931,874825,1237.48324
0.54301,34.1823,2.10435,874771.6976,874850,1243.67416
0.543,34.19301,2.10501,874771.8545,874812.5,1230.65768
0.54301,34.18181,2.10432,874771.2302,874762.5,1235.33616
0.54297,34.22211,2.1068,874771.3503,874787.5,1240.51927
0.54297,34.22051,2.1067,874771.3773,874750,1230.0696
0.54297,34.22131,2.10675,874771.1653,874762.5,1235.99098
0.54293,34.26241,2.10928,874772.5251,874762.5,1236.15967
0.54293,34.26161,2.10923,874771.3344,874800,1234.87602
0.54295,34.24259,2.10806,874770.6387,874775,1230.54917
0.54289,34.30015,2.1116,874771.9519,874825,1236.59647
0.5429,34.29982,2.11158,874772.3357,874800,1236.22209
0.54285,34.34092,2.11411,874766.1748,874737.5,1234.03453
0.54285,34.34012,2.11406,874772.8701,874812.5,1234.62134
0.54284,34.35851,2.1152,874767.0187,874762.5,1237.0519
0.54281,34.38122,2.11659,874771.8317,874800,1236.89284
0.54281,34.38059,2.11655,874771.1536,874787.5,1240.66506
0.54277,34.42088,2.11904,874771.4344,874787.5,1243.63124
0.54277,34.42072,2.11903,874769.15,874787.5,1234.70873
0.54277,34.42056,2.11902,874769.3788,874812.5,1236.74733
0.54273,34.46054,2.12148,874768.5963,874812.5,1236.0638
0.5427,34.49524,2.12361,874771.7016,874775,1237.32532
0.54271,34.489,2.12323,874771.7518,874750,1235.84575
0.54269,34.50067,2.12395,874769.4165,874787.5,1239.34218
0.54268,34.51763,2.12499,874769.6491,874800,1240.90969
0.54265,34.54241,2.12652,874771.3874,874725,1234.18174
0.54265,34.54225,2.12651,874771.5635,874737.5,1227.75802
0.54262,34.57631,2.1286,874770.878,874837.5,1239.4136
0.54261,34.58366,2.12906,874772.7667,874837.5,1238.53801
0.54261,34.58222,2.12897,874770.23,874762.5,1237.14067
0.54257,34.62109,2.13136,874770.6834,874812.5,1239.959
0.54254,34.65899,2.13369,874770.1071,874787.5,1242.48021
0.54253,34.66394,2.134,874771.0885,874787.5,1234.18602
0.54253,34.66234,2.1339,874771.0554,874787.5,1226.87157
0.54253,34.66346,2.13397,874770.9026,874775,1236.61644
0.54245,34.74245,2.13883,874772.5117,874812.5,1235.16168
0.54241,34.78244,2.14129,874768.8859,874812.5,1236.6083
0.54241,34.78275,2.14131,874772.0344,874825,1239.45883
0.54237,34.82321,2.1438,874770.868,874850,1237.9451
0.54239,34.80386,2.14261,874768.8405,874812.5,1231.09093
0.54237,34.82385,2.14384,874770.2685,874787.5,1228.06298
0.54233,34.86446,2.14634,874771.0855,874812.5,1239.70279
0.54233,34.8643,2.14633,874770.5096,874862.5,1236.30962
0.5423,34.89805,2.14841,874769.7766,874812.5,1234.52366
0.54229,34.9038,2.14877,874770.1526,874837.5,1231.6274
0.54229,34.90316,2.14873,874770.1588,874812.5,1239.12603
0.54227,34.92219,2.1499,874770.5467,874812.5,1234.0595
0.54225,34.94426,2.15126,874771.9162,874775,1229.90477
0.54225,34.94378,2.15123,874769.0464,874775,1240.40109
0.54221,34.9876,2.15392,874768.2996,874787.5,1242.52277
0.54221,34.98775,2.15393,874769.9299,874762.5,1238.73786
0.54221,34.98391,2.1537,874769.8671,874775,1232.84312
0.54217,35.0231,2.15611,874772.8309,874762.5,1231.95056
0.54213,35.06244,2.15853,874771.5417,874837.5,1231.72133
0.54217,35.02357,2.15614,874771.0477,874812.5,1233.60201
0.54214,35.0586,2.1583,874771.2304,874787.5,1235.10856
0.54213,35.06419,2.15864,874768.8972,874787.5,1238.16038
0.54213,35.06324,2.15858,874771.7797,874812.5,1239.85394
0.54209,35.10178,2.16095,874770.0455,874762.5,1232.56899
0.54209,35.10305,2.16103,874771.2605,874787.5,1241.39941
0.54209,35.10161,2.16094,874771.0488,874775,1240.59423
0.54205,35.14335,2.16351,874771.4235,874750,1240.50674
0.54201,35.18156,2.16586,874770.2296,874837.5,1238.74253
0.54201,35.1822,2.1659,874773.6409,874825,1229.19932
0.54204,35.15357,2.16414,874772.0085,874787.5,1240.35883
0.54201,35.183,2.16595,874770.0626,874812.5,1237.62501
0.54198,35.21754,2.16808,874769.2995,874800,1236.48247
0.54197,35.22377,2.16846,874770.147,874775,1239.66044
0.54197,35.22202,2.16836,874769.4757,874800,1231.55006
0.54193,35.26296,2.17088,874769.4005,874812.5,1240.32494
0.54193,35.26455,2.17097,874769.5426,874737.5,1236.56784
0.54189,35.30374,2.17339,874770.6985,874850,1236.27222
0.54189,35.30389,2.1734,874769.4969,874800,1237.13397
0.54189,35.30454,2.17344,874772.38,874787.5,1235.17403
0.54189,35.30454,2.17344,874770.894,874787.5,1243.20789
0.54185,35.34482,2.17592,874772.2482,874837.5,1237.92107
0.54181,35.38576,2.17844,874770.7633,874825,1239.09176
0.54181,35.38625,2.17847,874770.09,874787.5,1236.70571
0.54181,35.38545,2.17842,874770.5111,874750,1237.5063
0.54179,35.40191,2.17943,874769.2067,874775,1240.27923
0.54177,35.42446,2.18082,874770.8913,874800,1227.301
0.54177,35.42494,2.18085,874770.4133,874775,1240.86398
0.54177,35.4243,2.18081,874771.8394,874800,1240.43538
0.54173,35.46427,2.18327,874767.5983,874812.5,1233.7572
0.5417,35.49514,2.18517,874772.8548,874775,1243.39433
0.54169,35.50554,2.18581,874767.3224,874825,1231.90802
0.54169,35.50537,2.1858,874772.3282,874775,1235.26257
0.54165,35.54487,2.18823,874770.6569,874812.5,1237.34692
0.54165,35.54567,2.18828,874771.0744,874750,1233.68718
0.54161,35.58421,2.19065,874771.4053,874775,1241.71237
0.54161,35.58485,2.19069,874768.9836,874837.5,1240.02289
0.54161,35.58485,2.19069,874767.7676,874762.5,1240.09384
0.54161,35.58501,2.1907,874768.3508,874762.5,1237.90598
0.54157,35.62546,2.19319,874771.5982,874862.5,1236.48834
0.54156,35.63937,2.19405,874771.7154,874825,1234.69818
0.54153,35.66432,2.19559,874769.9666,874812.5,1239.67663
0.54149,35.70559,2.19813,874769.3536,874787.5,1236.42893
0.54149,35.70559,2.19813,874769.8556,874812.5,1234.68613
0.54141,35.78377,2.20294,874770.068,874775,1240.39177
0.54149,35.7043,2.19805,874769.7832,874787.5,1237.07278
0.54141,35.78377,2.20294,874769.9155,874712.5,1232.92711
0.54141,35.78394,2.20295,874769.9111,874837.5,1242.79035
0.54137,35.82311,2.20536,874768.3977,874775,1235.18668
0.54134,35.85814,2.20752,874770.5343,874800,1231.16107
0.54133,35.86437,2.2079,874769.6731,874812.5,1232.30385
0.54133,35.86389,2.20787,874770.8211,874800,1235.97039
0.54133,35.86373,2.20786,874771.0719,874787.5,1231.5719
0.54129,35.90451,2.21037,874769.2987,874737.5,1246.56147
0.54129,35.90339,2.2103,874771.3839,874787.5,1241.65217
0.54129,35.90579,2.21045,874770.9158,874812.5,1234.67116
0.54128,35.91794,2.2112,874770.0032,874812.5,1243.22657
0.54125,35.94545,2.21289,874770.4623,874800,1234.12051
0.54125,35.9432,2.21275,874771.294,874800,1237.79876
0.54121,35.98399,2.21526,874770.5759,874762.5,1234.37319
0.54121,35.98494,2.21532,874772.8637,874800,1239.46446
0.54121,35.9843,2.21528,874769.7216,874837.5,1235.02746
0.54119,36.00669,2.21666,874769.7703,874725,1235.10509
0.54117,36.02587,2.21784,874770.2291,874837.5,1240.40087
0.54116,36.03371,2.21833,874770.5796,874787.5,1231.82195
0.54113,36.0641,2.2202,874768.6355,874825,1233.08012
0.54113,36.06474,2.22024,874771.4575,874762.5,1232.2726
0.54109,36.10647,2.2228,874768.8636,874812.5,1235.15358
0.54109,36.10584,2.22277,874771.7436,874775,1236.59015
0.54107,36.12966,2.22423,874769.9539,874825,1237.62775
0.54105,36.14629,2.22526,874770.1101,874775,1242.54896
0.54108,36.11079,2.22307,874770.4073,874737.5,1234.66471
0.54105,36.14485,2.22517,874769.7298,874825,1239.3708
0.54101,36.18451,2.22761,874769.8516,874787.5,1234.54423
0.54101,36.18419,2.22759,874771.6046,874787.5,1239.0648
0.541,36.19537,2.22828,874767.6914,874787.5,1237.83396
0.54101,36.18546,2.22767,874770.0816,874762.5,1236.29809
0.54097,36.22225,2.22993,874768.7618,874762.5,1237.67937
0.54097,36.22289,2.22997,874772.4399,874750,1240.44497
0.54097,36.22352,2.23001,874769.8866,874837.5,1235.40945
0.54093,36.2643,2.23252,874770.6886,874812.5,1239.19218
0.54089,36.30251,2.23487,874768.9797,874812.5,1233.26405
0.54091,36.28109,2.23355,874771.4951,874787.5,1240.79971
0.54089,36.3038,2.23495,874768.7753,874862.5,1236.8487
0.54089,36.30476,2.23501,874771.6409,874775,1236.64083
0.54085,36.34265,2.23734,874771.76,874800,1232.79841
0.54085,36.34361,2.2374,874769.4752,874800,1236.68942
0.54081,36.38344,2.23986,874770.3216,874775,1236.00077
0.54081,36.38311,2.23984,874770.1344,874800,1236.02253
0.54081,36.38679,2.24006,874769.6812,874787.5,1238.38251
0.54079,36.40006,2.24088,874771.2612,874775,1240.36051
0.54077,36.42676,2.24252,874770.0697,874737.5,1234.06436
0.54073,36.46642,2.24496,874769.8435,874750,1234.27253
0.54073,36.46659,2.24497,874767.9448,874800,1235.04968
0.54069,36.50687,2.24745,874767.6338,874775,1240.20879
0.54069,36.50704,2.24746,874765.8663,874787.5,1241.78339
0.54069,36.50609,2.24741,874773.1473,874787.5,1238.5098
0.54065,36.54206,2.24962,874768.5269,874750,1228.27659
0.54065,36.54797,2.24998,874768.3622,874800,1234.72351
0.54061,36.58044,2.25198,874766.6672,874800,1235.97893
0.54061,36.58347,2.25217,874770.7455,874787.5,1231.12622
0.54057,36.62025,2.25443,874771.7403,874825,1237.46797
0.54054,36.65784,2.25675,874771.1648,874787.5,1232.92943
0.54053,36.66087,2.25694,874769.3367,874837.5,1241.60068
0.54053,36.66342,2.25709,874770.0585,874775,1241.19497
0.54049,36.70069,2.25939,874769.0843,874825,1241.98935
0.54049,36.70038,2.25937,874770.5912,874787.5,1237.15379
0.54045,36.74051,2.26184,874769.0619,874787.5,1236.24376
0.54045,36.74179,2.26192,874769.5831,874762.5,1237.89477
0.54037,36.82157,2.26683,874770.326,874837.5,1246.71732
0.54037,36.82237,2.26688,874770.1611,874737.5,1235.72939
0.54037,36.82317,2.26693,874767.5892,874737.5,1235.2122
0.54033,36.86236,2.26934,874767.5385,874800,1235.49831
0.54033,36.86187,2.26931,874769.9571,874862.5,1236.21067
0.54033,36.86091,2.26925,874768.9463,874837.5,1239.10746
0.54027,36.9284,2.2734,874770.3881,874812.5,1233.47538
0.54025,36.94151,2.27421,874772.2981,874800,1239.03373
0.54025,36.94263,2.27428,874767.5929,874800,1238.85235
0.54025,36.94822,2.27463,874770.7241,874800,1240.72333
0.54021,36.98276,2.27675,874768.185,874787.5,1237.96879
0.54019,37.00804,2.27831,874768.8674,874812.5,1234.07614
0.5402,36.99476,2.27749,874768.0648,874787.5,1238.76012
0.54017,37.02226,2.27918,874771.3034,874800,1233.92673
0.54017,37.02146,2.27913,874770.1429,874775,1234.75016
0.54014,37.05072,2.28094,874768.1422,874775,1245.84983
0.54013,37.06416,2.28176,874770.7255,874787.5,1234.86931
0.54013,37.06336,2.28171,874768.5294,874762.5,1240.0984
0.54009,37.10366,2.28419,874768.8523,874750,1232.92067
0.54009,37.1035,2.28418,874769.9824,874812.5,1236.38643
0.54005,37.14204,2.28656,874770.293,874800,1233.48944
0.54009,37.10286,2.28414,874770.2846,874750,1239.74511
0.54005,37.14155,2.28653,874769.1514,874825,1239.44797
0.54005,37.1422,2.28657,874770.9725,874775,1230.21182
0.54001,37.18217,2.28903,874768.8755,874800,1240.74856
0.54001,37.18281,2.28907,874770.8559,874800,1240.43103
0.54001,37.18265,2.28906,874768.2093,874800,1236.95732
0.53997,37.22231,2.2915,874770.8045,874737.5,1236.15639
0.53997,37.22167,2.29146,874768.3133,874800,1236.39922
0.53997,37.22311,2.29155,874770.307,874737.5,1237.31864
0.53997,37.22775,2.29183,874770.7327,874837.5,1240.97705
0.53993,37.26133,2.2939,874770.37,874762.5,1236.38964
0.5399,37.29635,2.29606,874767.5558,874812.5,1236.54865
0.53989,37.30194,2.2964,874770.0495,874825,1237.43423
0.53989,37.3021,2.29641,874767.0909,874750,1235.50424
0.53985,37.34352,2.29896,874771.1017,874800,1237.83809
0.53985,37.34288,2.29892,874770.183,874725,1231.40188
0.53981,37.38398,2.30145,874768.4399,874775,1237.49224
0.53981,37.38334,2.30141,874770.4912,874812.5,1240.4889
0.53977,37.42459,2.30395,874771.1855,874862.5,1232.33443
0.53981,37.38398,2.30145,874772.0984,874775,1228.29263
0.53977,37.42475,2.30396,874769.9944,874787.5,1235.12421
0.53973,37.46361,2.30635,874770.3584,874800,1238.79366
0.53973,37.46472,2.30642,874770.3758,874775,1235.25133
0.53973,37.46521,2.30645,874769.6087,874762.5,1245.79976
0.53969,37.50311,2.30879,874768.9621,874775,1228.16074
0.53969,37.50279,2.30877,874769.5132,874775,1238.42504
0.53967,37.52021,2.30984,874769.0492,874837.5,1239.1224
0.53965,37.54293,2.31124,874771.1029,874800,1243.34403
0.53965,37.54436,2.31132,874769.3477,874812.5,1233.83976
0.53961,37.5853,2.31385,874770.566,874775,1234.73912
0.53958,37.6136,2.31559,874770.2823,874812.5,1233.8998
0.53957,37.62336,2.31619,874767.2208,874812.5,1242.93663
0.53957,37.62431,2.31625,874769.864,874875,1237.00726
0.53953,37.66365,2.31867,874767.3392,874787.5,1238.60791
0.53949,37.70507,2.32122,874768.6703,874812.5,1235.16939
0.53952,37.67229,2.3192,874771.6054,874812.5,1234.92802
0.5395,37.69052,2.32032,874769.5216,874850,1237.30337
0.53949,37.70427,2.32117,874770.1156,874750,1238.71124
0.53949,37.70491,2.32121,874764.9038,874825,1241.36775
0.53946,37.73274,2.32292,874771.7942,874825,1239.58331
0.53945,37.74265,2.32353,874769.4397,874787.5,1235.23503
0.53941,37.78326,2.32603,874770.8947,874787.5,1241.21279
0.53941,37.78326,2.32603,874768.9382,874775,1243.00204
0.53941,37.78326,2.32603,874770.766,874825,1236.00383
0.53941,37.78215,2.32596,874769.0825,874750,1238.51981
0.53941,37.78806,2.32633,874770.7342,874825,1236.97899
0.53933,37.86417,2.33101,874768.9966,874775,1235.99474
0.53933,37.86594,2.33112,874771.0627,874812.5,1244.28329
0.53933,37.86146,2.33085,874769.8937,874825,1236.34888
0.53933,37.86242,2.33091,874770.3464,874850,1233.64285
0.53929,37.9032,2.33342,874769.0251,874825,1240.18903
0.53929,37.90224,2.33336,874770.3241,874787.5,1234.2372
0.53929,37.90271,2.33339,874769.1292,874775,1238.85814
0.53925,37.9435,2.3359,874771.3157,874800,1242.06453
0.53925,37.94318,2.33588,874768.0371,874837.5,1234.93048
0.53924,37.95661,2.3367,874767.7549,874812.5,1231.78758
0.53921,37.98379,2.33838,874769.4892,874812.5,1236.79544
0.53921,37.98235,2.33829,874769.7629,874812.5,1231.63988
0.53917,38.02649,2.34101,874768.8686,874837.5,1230.33786
0.53917,38.02505,2.34092,874769.1466,874762.5,1238.73151
0.53913,38.05991,2.34306,874769.7505,874812.5,1240.45904
0.53917,38.02536,2.34094,874769.8826,874787.5,1236.56922
0.53913,38.0647,2.34336,874768.7597,874787.5,1233.40207
0.53909,38.10484,2.34583,874768.9734,874787.5,1240.80458
0.53909,38.10693,2.34596,874766.4695,874825,1232.52697
0.53909,38.10596,2.3459,874769.3853,874812.5,1240.39367
0.53909,38.10549,2.34587,874769.2204,874775,1240.68544
0.53905,38.1445,2.34827,874769.3121,874850,1244.29968
0.53905,38.14354,2.34821,874769.6619,874762.5,1244.64129
0.53904,38.15537,2.34894,874770.6874,874800,1244.62329
0.53901,38.18431,2.35072,874767.2979,874787.5,1236.0895
0.53897,38.22558,2.35326,874771.9606,874762.5,1238.78534
0.53897,38.22654,2.35332,874768.312,874775,1238.27506
0.53897,38.22621,2.3533,874770.5071,874787.5,1235.36179
0.53892,38.27306,2.35619,874768.1134,874737.5,1237.65873
0.53892,38.27195,2.35612,874769.3151,874775,1237.75309
0.5389,38.29529,2.35755,874767.8413,874837.5,1238.10895
0.53888,38.31736,2.35891,874769.4433,874737.5,1236.79778
0.53886,38.33879,2.36023,874769.6432,874775,1237.85872
0.53881,38.38627,2.36316,874772.1491,874775,1237.78074
0.53881,38.38644,2.36317,874766.5148,874800,1233.48353
0.53881,38.38676,2.36319,874768.0289,874750,1242.53728
0.53877,38.41986,2.36522,874767.2462,874800,1231.25754
0.53877,38.4253,2.36556,874767.4521,874750,1239.81517
0.53877,38.42578,2.36559,874768.5228,874775,1238.615
0.53873,38.46447,2.36797,874767.5145,874750,1240.0199
0.53873,38.4648,2.36799,874767.8201,874750,1239.65852
0.53873,38.46704,2.36813,874769.879,874812.5,1234.86909
0.53873,38.46384,2.36793,874769.1707,874800,1237.53095
0.53869,38.50445,2.37043,874769.6112,874812.5,1241.55034
0.53869,38.50414,2.37041,874768.246,874812.5,1237.77162
0.53869,38.50381,2.37039,874768.5389,874800,1233.7118
0.53865,38.54491,2.37292,874768.3132,874775,1234.17375
0.53865,38.54619,2.373,874768.9042,874825,1236.73687
0.53861,38.58505,2.37539,874767.2207,874762.5,1237.22328
0.53861,38.58665,2.37549,874767.3976,874787.5,1238.35664
0.53857,38.62454,2.37782,874768.1745,874737.5,1239.62004
0.5386,38.59527,2.37602,874767.6577,874837.5,1244.00121
0.53857,38.62279,2.37772,874768.8381,874775,1239.967
0.53857,38.62439,2.37781,874770.8438,874762.5,1242.20319
0.53854,38.65764,2.37986,874768.3132,874812.5,1230.74337
0.53853,38.66547,2.38034,874768.8116,874812.5,1238.47903
0.53853,38.66564,2.38035,874768.1883,874750,1240.02322
0.53853,38.66547,2.38034,874768.099,874825,1234.0184
0.53849,38.70577,2.38282,874767.6064,874725,1245.26046
0.53849,38.70466,2.38276,874766.7851,874787.5,1234.93567
0.53849,38.70497,2.38278,874769.4868,874850,1235.55239
0.53846,38.73904,2.38487,874765.2623,874787.5,1234.53214
0.53845,38.74544,2.38527,874765.9951,874775,1236.87597
0.53845,38.74495,2.38524,874771.2849,874800,1240.92486
0.53841,38.78412,2.38765,874766.644,874787.5,1236.58106
0.53841,38.78525,2.38772,874768.1963,874737.5,1236.22537
0.53837,38.82442,2.39013,874764.1088,874800,1237.24696
0.53837,38.82666,2.39027,874769.4342,874775,1233.84999
0.53837,38.82666,2.39027,874767.8054,874762.5,1236.38542
0.53829,38.90662,2.39519,874769.9931,874737.5,1236.4861
0.53829,38.9079,2.39527,874767.7655,874837.5,1230.61867
0.53825,38.94676,2.39766,874768.9402,874750,1233.72621
0.53825,38.9474,2.3977,874766.4845,874762.5,1238.74507
0.53825,38.94627,2.39763,874767.1672,874775,1230.13231
0.53821,38.9869,2.40013,874768.6084,874800,1232.63164
0.53821,38.98721,2.40015,874768.8873,874800,1230.59018
0.53817,39.02847,2.40269,874766.6143,874787.5,1234.62351
0.53817,39.02735,2.40262,874768.2797,874800,1236.03116
0.53817,39.02703,2.4026,874768.5785,874775,1238.66765
0.53813,39.06605,2.405,874766.9251,874812.5,1240.66834
0.5381,39.09147,2.40657,874769.1939,874800,1242.61369
0.53812,39.07789,2.40573,874767.7642,874787.5,1231.99792
0.53806,39.13912,2.4095,874768.8808,874775,1236.41516
0.53805,39.14792,2.41004,874768.0483,874762.5,1239.66874
0.53805,39.14649,2.40996,874768.7055,874762.5,1236.77764
0.53805,39.14553,2.4099,874767.7247,874800,1236.63784
0.53801,39.18357,2.41224,874767.1247,874762.5,1240.33554
0.538,39.19317,2.41283,874767.7626,874787.5,1237.27199
0.53797,39.22308,2.41467,874768.59,874762.5,1234.3322
0.53797,39.22724,2.41493,874768.7608,874800,1233.93199
0.53794,39.25442,2.4166,874768.5164,874825,1233.27095
0.53793,39.26689,2.41737,874768.2089,874787.5,1236.39146
0.53793,39.26818,2.41745,874767.3746,874762.5,1238.52505
0.53792,39.27552,2.4179,874764.9926,874750,1235.36984
0.53789,39.30782,2.41989,874767.7567,874762.5,1240.49624
0.53789,39.30767,2.41988,874767.7549,874800,1235.96394
0.53785,39.34636,2.42226,874764.9965,874775,1238.72823
0.53785,39.34685,2.42229,874769.5665,874762.5,1237.25397
0.53781,39.38794,2.42482,874767.1141,874825,1230.71439
0.53781,39.38762,2.4248,874769.9332,874837.5,1240.14677
0.53781,39.38586,2.42469,874767.6192,874825,1237.48313
0.53781,39.38619,2.42471,874767.8954,874762.5,1233.5666
0.53777,39.42313,2.42699,874767.2226,874862.5,1238.20786
0.53777,39.4268,2.42721,874766.9801,874775,1236.47943
0.53777,39.42569,2.42714,874765.2037,874725,1239.0869
0.53774,39.45206,2.42877,874767.5066,874800,1240.44851
0.53775,39.44071,2.42807,874769.4439,874775,1240.32679
0.53769,39.5074,2.43217,874767.0102,874762.5,1237.98423
0.5377,39.48996,2.4311,874767.2009,874800,1238.24815
0.53767,39.52195,2.43307,874766.3439,874762.5,1235.81471
0.53765,39.54657,2.43459,874767.7495,874750,1230.65485
0.53765,39.54497,2.43449,874767.535,874787.5,1239.31757
0.53765,39.54594,2.43455,874767.6474,874800,1242.22182
0.53765,39.54594,2.43455,874768.1746,874812.5,1236.53953
0.53761,39.58671,2.43706,874768.7011,874812.5,1239.38798
0.53757,39.62621,2.43949,874766.2579,874762.5,1233.74813
0.53757,39.62716,2.43955,874768.4174,874787.5,1234.3848
0.53757,39.6278,2.43959,874766.8805,874737.5,1230.17779
0.53757,39.62572,2.43946,874767.2773,874800,1242.47124
0.53749,39.70696,2.44446,874768.5641,874787.5,1238.37578
0.53751,39.68281,2.44297,874767.9562,874750,1233.61448
0.53749,39.70712,2.44447,874767.7419,874737.5,1240.38933
0.53749,39.7068,2.44445,874766.8678,874800,1233.78228
0.53749,39.7076,2.4445,874766.384,874825,1236.1923
0.53741,39.78724,2.4494,874767.8105,874800,1240.29332
0.53741,39.78787,2.44944,874768.531,874762.5,1230.80738
0.53741,39.78708,2.44939,874767.0212,874737.5,1235.48345
0.53737,39.82865,2.45195,874767.6359,874775,1239.73249
0.53737,39.82752,2.45188,874768.7726,874737.5,1241.19947
0.53733,39.86782,2.45436,874768.4996,874812.5,1230.20043
0.53733,39.86799,2.45437,874768.532,874750,1243.6469
0.53725,39.94666,2.45922,874767.0254,874775,1233.82616
0.53721,39.98584,2.46163,874769.2922,874775,1234.29796
0.53721,39.98824,2.46178,874769.1619,874775,1239.88823
0.53721,39.98727,2.46172,874765.2149,874875,1238.5998
0.53718,40.01399,2.46336,874768.5305,874825,1244.15932
0.53717,40.0287,2.46427,874766.1634,874787.5,1237.32056
0.53713,40.06724,2.46664,874769.7102,874825,1231.18224
0.53713,40.06644,2.46659,874768.1702,874825,1239.71173
0.53709,40.10801,2.46915,874769.1232,874775,1239.08738
0.53709,40.10801,2.46915,874765.8333,874837.5,1241.66141
0.53709,40.10737,2.46911,874768.1426,874762.5,1239.84235
0.53705,40.14799,2.47161,874769.0862,874812.5,1235.48692
0.53705,40.14686,2.47154,874769.2165,874812.5,1231.69305
0.53701,40.18764,2.47405,874766.8872,874762.5,1245.11509
0.53701,40.18685,2.474,874770.0528,874787.5,1237.22244
0.53701,40.18685,2.474,874766.0179,874812.5,1237.39006
0.53697,40.2249,2.47635,874769.2538,874825,1238.29161
0.53697,40.2281,2.47654,874767.1163,874825,1238.00611
0.53697,40.2273,2.47649,874767.5132,874750,1233.23414
0.53696,40.23066,2.4767,874768.5061,874762.5,1240.9694
0.53695,40.24569,2.47763,874767.2833,874762.5,1238.11605
0.53693,40.2684,2.47902,874766.1254,874812.5,1240.70958
0.53689,40.3071,2.48141,874768.8577,874787.5,1239.93944
0.53689,40.30901,2.48152,874768.4296,874812.5,1237.47514
0.53689,40.30854,2.48149,874768.5223,874800,1237.50697
0.53685,40.34579,2.48379,874766.8666,874800,1237.31565
0.53684,40.35042,2.48407,874766.0229,874775,1242.8808
0.53685,40.34947,2.48401,874766.3787,874787.5,1241.89716
0.53683,40.36514,2.48498,874769.0381,874800,1231.02273
0.53685,40.34867,2.48397,874768.1097,874787.5,1235.19642
0.53681,40.38801,2.48639,874766.8847,874775,1241.4756
0.53677,40.42782,2.48884,874767.8081,874800,1235.27555
0.53677,40.42879,2.4889,874765.4982,874737.5,1235.97376
0.53677,40.42782,2.48884,874768.4764,874750,1241.24789
0.53676,40.43694,2.4894,874764.6631,874762.5,1243.21797
0.53673,40.46829,2.49133,874768.5285,874837.5,1237.10431
0.53673,40.46876,2.49136,874767.6312,874775,1231.47296
0.53669,40.5089,2.49383,874766.9177,874775,1240.50711
0.53669,40.50874,2.49382,874766.5585,874825,1233.95575
0.53665,40.5492,2.49631,874765.6894,874787.5,1232.638
0.53665,40.54855,2.49627,874767.8411,874812.5,1232.58181
0.53661,40.58965,2.4988,874767.5859,874800,1236.53164
0.53661,40.58854,2.49873,874767.1425,874787.5,1232.59441
0.53657,40.62819,2.50117,874767.9501,874825,1228.98344
0.53657,40.62691,2.50109,874768.3672,874800,1234.51125
0.53656,40.63266,2.50145,874767.3602,874800,1236.27496
0.53657,40.62868,2.5012,874767.6318,874750,1238.35964
0.53653,40.66881,2.50367,874767.9276,874812.5,1240.01566
0.53651,40.68735,2.50481,874766.5193,874750,1232.95819
0.53648,40.71006,2.50621,874769.2015,874850,1239.14336
0.53649,40.70815,2.5061,874767.4469,874787.5,1241.62507
0.53646,40.73885,2.50799,874767.916,874862.5,1238.66041
0.53644,40.75067,2.50871,874766.2526,874812.5,1239.95429
0.53644,40.75036,2.50869,874768.8388,874800,1235.22891
0.5364,40.79001,2.51114,874765.2208,874812.5,1241.42046
0.5364,40.79017,2.51115,874768.9949,874762.5,1236.08027
0.53641,40.78841,2.51104,874765.9547,874787.5,1236.54805
0.53639,40.80665,2.51216,874766.6146,874800,1232.41103
0.53637,40.82935,2.51356,874766.8523,874812.5,1236.3457
0.53637,40.82024,2.513,874768.9595,874800,1234.35908
0.53634,40.85701,2.51526,874765.078,874775,1236.05627
0.53633,40.86934,2.51602,874767.1153,874712.5,1233.92233
0.53633,40.86934,2.51602,874765.3859,874787.5,1233.43138
0.53633,40.86949,2.51603,874770.6432,874787.5,1235.66351
0.53633,40.86949,2.51603,874767.7075,874800,1240.38079
0.53629,40.90946,2.51849,874766.8122,874750,1235.87165
0.53629,40.90899,2.51846,874767.6833,874762.5,1235.28169
0.53628,40.91475,2.51881,874766.3271,874725,1237.12729
0.53625,40.94736,2.52082,874769.2931,874762.5,1237.15672
0.53625,40.94865,2.5209,874765.5267,874812.5,1232.38197
0.53625,40.94896,2.52092,874768.2331,874750,1234.4348
0.53617,41.02747,2.52575,874766.3396,874812.5,1236.7472
0.53617,41.027,2.52572,874768.508,874787.5,1239.66182
0.53617,41.02684,2.52571,874763.6466,874825,1235.82209
0.53613,41.0681,2.52825,874767.0159,874787.5,1240.79087
0.53613,41.06794,2.52824,874764.208,874812.5,1236.22977
0.53613,41.06937,2.52833,874767.4548,874775,1235.82067
0.53609,41.10808,2.53072,874766.2813,874800,1237.59675
0.53609,41.10919,2.53078,874766.3627,874762.5,1240.80994
0.53605,41.1399,2.53268,874768.389,874725,1228.62405
0.53605,41.14821,2.53319,874767.9804,874812.5,1240.5645
0.53601,41.18771,2.53562,874767.4658,874787.5,1243.21719
0.53601,41.18819,2.53565,874766.5346,874825,1237.58998
0.53601,41.18979,2.53575,874767.4236,874825,1241.10005
0.536,41.1949,2.53606,874765.186,874800,1233.33389
0.53596,41.23009,2.53823,874764.4819,874812.5,1242.92405
0.53595,41.2472,2.53928,874766.4465,874812.5,1241.21822
0.53592,41.27054,2.54072,874766.4102,874825,1237.26305
0.53592,41.2699,2.54068,874767.185,874800,1239.51826
0.53588,41.3102,2.54316,874766.3593,874737.5,1230.23518
0.53588,41.30987,2.54314,874766.2266,874775,1235.05526
0.53585,41.34825,2.5455,874766.1217,874725,1238.87997
0.53584,41.35017,2.54562,874767.7978,874800,1237.57525
0.53585,41.34841,2.54551,874766.4272,874750,1233.86417
0.53581,41.38904,2.54801,874766.7148,874737.5,1235.83379
0.53581,41.38951,2.54804,874768.67,874800,1236.58116
0.5358,41.38999,2.54807,874767.0668,874787.5,1236.75572
0.53577,41.42932,2.55049,874765.9184,874812.5,1238.60899
0.53577,41.42869,2.55045,874767.8602,874787.5,1241.42886
0.53577,41.42981,2.55052,874767.1073,874762.5,1238.4376
0.53572,41.47123,2.55307,874767.6774,874737.5,1232.17907
0.53572,41.46995,2.55299,874766.1034,874800,1242.96558
0.5357,41.49105,2.55429,874769.9342,874825,1236.74931
0.53565,41.54606,2.55768,874766.8159,874850,1236.00978
0.53569,41.50816,2.55535,874768.1042,874737.5,1240.29413
0.53566,41.53679,2.55711,874766.9704,874775,1240.67082
0.53565,41.5483,2.55782,874766.7923,874825,1235.78611
0.53564,41.55182,2.55803,874766.9479,874775,1234.35721
0.53565,41.54894,2.55786,874768.4189,874762.5,1238.0284
0.53561,41.58764,2.56024,874765.3918,874800,1231.82062
0.53561,41.58891,2.56032,874767.7812,874787.5,1242.32187
0.53561,41.587,2.5602,874766.4033,874762.5,1235.44202
0.53557,41.62761,2.5627,874766.9661,874750,1244.17401
0.53557,41.62794,2.56272,874764.5821,874787.5,1235.61332
0.53557,41.62777,2.56271,874767.4619,874775,1233.16736
0.53557,41.62841,2.56275,874766.4771,874787.5,1243.18438
0.53552,41.67128,2.56539,874767.7316,874787.5,1236.51797
0.53552,41.67062,2.56535,874765.9946,874825,1235.91727
0.53549,41.70358,2.56738,874767.5459,874750,1233.61951
0.53544,41.75186,2.57035,874765.0841,874800,1235.89108
0.53544,41.75266,2.5704,874767.1849,874800,1235.99455
0.5354,41.7912,2.57277,874764.6603,874800,1239.15773
0.5354,41.792,2.57282,874766.0309,874812.5,1236.23911
0.5354,41.79167,2.5728,874764.0202,874787.5,1245.81513
0.53536,41.83021,2.57517,874766.2147,874725,1233.97721
0.53536,41.83118,2.57523,874765.7048,874750,1242.78341
0.53532,41.87164,2.57772,874765.6482,874762.5,1242.95398
0.53532,41.87324,2.57782,874767.309,874762.5,1236.33922
0.53528,41.91049,2.58011,874766.6728,874787.5,1241.19446
0.53528,41.91209,2.58021,874762.8328,874812.5,1237.7014
0.53528,41.91145,2.58017,874766.6145,874737.5,1238.09932
0.53524,41.95271,2.58271,874766.659,874800,1233.02148
0.5352,41.99156,2.58511,874768.3498,874762.5,1243.23319
0.5352,41.99205,2.58514,874769.172,874837.5,1240.2355
0.5352,41.993,2.58519,874766.8128,874800,1232.69277
0.53512,42.0728,2.59011,874767.1109,874800,1240.11025
0.53512,42.07153,2.59003,874768.1898,874787.5,1231.75282
0.53512,42.07312,2.59013,874766.0758,874775,1243.62175
0.53508,42.11341,2.59261,874766.3165,874762.5,1240.05664
0.53508,42.11246,2.59255,874767.1911,874787.5,1242.19699
0.53504,42.15355,2.59508,874765.3595,874787.5,1240.71759
0.53506,42.13773,2.5941,874765.1654,874750,1241.01257
0.53504,42.15275,2.59503,874767.3655,874762.5,1234.99293
0.53503,42.16011,2.59548,874767.2399,874712.5,1239.67101
0.535,42.19385,2.59756,874766.6346,874787.5,1234.98059
0.535,42.19305,2.59751,874767.1077,874775,1238.14207
0.53496,42.23495,2.60009,874768.3276,874775,1240.57433
0.53496,42.23302,2.59997,874765.9488,874762.5,1236.38772
0.53496,42.23286,2.59996,874765.6011,874737.5,1233.9596
0.53496,42.23415,2.60004,874767.9255,874825,1235.7629
0.53492,42.2722,2.60238,874766.4519,874775,1234.87087
0.53493,42.26277,2.6018,874766.4997,874762.5,1238.10639
0.53492,42.27429,2.60251,874766.7702,874825,1239.81306
0.53492,42.27332,2.60245,874766.9727,874800,1233.90461
0.53488,42.3133,2.60491,874766.9694,874750,1239.00467
0.53488,42.3133,2.60491,874767.5791,874775,1239.45671
0.53488,42.31297,2.60489,874766.1841,874825,1237.33636
0.53484,42.3544,2.60744,874765.2217,874825,1235.84561
0.53484,42.3528,2.60734,874765.7901,874750,1236.64524
0.5348,42.39565,2.60998,874766.553,874825,1235.15603
0.53484,42.35408,2.60742,874767.2388,874812.5,1237.40133
0.5348,42.39374,2.60986,874768.3026,874750,1240.64757
0.53476,42.43404,2.61235,874768.0118,874825,1235.87198
0.53476,42.43291,2.61228,874765.1516,874800,1236.98296
0.53472,42.47385,2.6148,874766.1479,874825,1235.11821
0.53471,42.48952,2.61576,874768.2208,874775,1244.48483
0.53469,42.50727,2.61685,874768.1884,874787.5,1235.29763
0.53468,42.5151,2.61734,874766.4051,874787.5,1236.72321
0.53468,42.51366,2.61725,874765.4657,874800,1233.76703
0.53464,42.55349,2.6197,874765.8372,874775,1234.28812
0.53464,42.55236,2.61963,874765.9461,874787.5,1235.98128
0.5346,42.59377,2.62218,874764.884,874787.5,1235.90875
0.5346,42.59314,2.62214,874767.1613,874800,1240.48612
0.53456,42.63296,2.62459,874767.8465,874837.5,1233.61924
0.53456,42.6344,2.62468,874764.384,874825,1232.42242
0.53452,42.67325,2.62707,874765.5414,874762.5,1236.44397
0.53452,42.67197,2.62699,874764.5671,874800,1236.49078
0.53452,42.67325,2.62707,874765.651,874775,1236.60279
0.53448,42.71307,2.62952,874765.1962,874825,1233.60295
0.53448,42.71275,2.6295,874766.9311,874775,1235.4267
0.53444,42.75385,2.63203,874762.5724,874800,1245.33217
0.53444,42.75336,2.632,874768.4974,874775,1238.73889
0.5344,42.79366,2.63448,874765.7324,874800,1242.38149
0.5344,42.7927,2.63443,874767.809,874750,1232.19915
0.5344,42.79206,2.63439,874765.2042,874762.5,1236.37372
0.53439,42.80421,2.63513,874766.2886,874787.5,1234.29452
0.53436,42.83236,2.63687,874765.246,874750,1235.97732
0.53436,42.8322,2.63686,874767.3704,874787.5,1239.12962
0.53436,42.83524,2.63704,874767.5924,874800,1239.23544
0.53436,42.83253,2.63688,874764.8189,874787.5,1236.26538
0.53432,42.8733,2.63939,874766.673,874775,1237.29527
0.53432,42.87346,2.6394,874766.435,874812.5,1233.43157
0.53428,42.91455,2.64193,874766.8708,874812.5,1242.14068
0.53428,42.91264,2.64181,874764.634,874800,1241.45506
0.53424,42.95214,2.64424,874765.698,874762.5,1237.84605
0.53425,42.94637,2.64389,874766.4415,874775,1238.73195
0.53422,42.97467,2.64563,874764.8518,874837.5,1235.9896
0.5342,42.99307,2.64676,874765.0099,874737.5,1237.19641
0.5342,42.99211,2.6467,874766.6371,874825,1236.33675
0.53416,43.03161,2.64913,874763.3651,874850,1233.90473
0.53416,43.03225,2.64917,874767.3031,874812.5,1237.52702
0.53412,43.0703,2.65152,874765.2233,874775,1237.69158
0.53411,43.08117,2.65218,874765.4476,874837.5,1244.36713
0.53408,43.11267,2.65412,874766.9032,874825,1238.26479
0.53406,43.13955,2.65578,874764.8377,874750,1239.32165
0.53404,43.15201,2.65655,874767.257,874750,1238.35546
0.53403,43.16305,2.65723,874766.573,874762.5,1236.19769
0.53402,43.1744,2.65792,874766.3643,874750,1233.72537
0.534,43.1944,2.65916,874766.9455,874787.5,1240.00134
0.534,43.19631,2.65927,874766.8742,874825,1240.38291
0.53396,43.23517,2.66167,874766.3333,874837.5,1232.85505
0.53396,43.23981,2.66195,874766.1473,874775,1235.46861
0.53392,43.27291,2.66399,874766.7429,874812.5,1238.23129
0.53392,43.27435,2.66408,874764.6347,874725,1232.00563
0.53388,43.31081,2.66632,874766.7649,874825,1237.05244
0.53388,43.31609,2.66665,874766.5495,874725,1235.50096
0.53388,43.31449,2.66655,874765.3269,874825,1242.87206
0.53388,43.31432,2.66654,874766.8349,874762.5,1244.25191
0.53384,43.35557,2.66908,874766.9796,874787.5,1240.64963
0.53384,43.35557,2.66908,874765.6812,874775,1241.8348
0.53384,43.35526,2.66906,874764.3561,874737.5,1238.34505
0.5338,43.39587,2.67156,874764.8924,874787.5,1234.36407
0.5338,43.39604,2.67157,874765.686,874812.5,1234.72097
0.5338,43.39507,2.67151,874766.1471,874762.5,1234.87005
0.53376,43.43521,2.67398,874766.0178,874837.5,1234.42853
0.53376,43.43537,2.67399,874766.5673,874837.5,1237.7699
0.53376,43.43521,2.67398,874768.1605,874825,1238.74916
0.53372,43.47551,2.67646,874765.5226,874775,1239.92276
0.53375,43.44945,2.67486,874766.4192,874750,1236.86169
0.5337,43.49359,2.67757,874767.4304,874762.5,1236.36432
0.53369,43.50014,2.67798,874765.6126,874837.5,1234.29
0.53368,43.51597,2.67895,874764.8587,874800,1243.31873
0.53368,43.51692,2.67901,874765.1406,874787.5,1238.65192
0.53364,43.55595,2.68141,874768.5956,874825,1244.93988
0.53364,43.55499,2.68135,874764.7266,874800,1235.36116
0.5336,43.59544,2.68384,874766.9806,874725,1242.56147
0.53364,43.55802,2.68154,874767.8958,874787.5,1242.03107
0.5336,43.59673,2.68392,874766.1151,874775,1241.03413
0.53357,43.62839,2.68587,874765.3564,874775,1236.98772
0.53356,43.63654,2.68637,874767.1164,874800,1238.88224
0.53352,43.67651,2.68884,874765.3796,874775,1236.65629
0.53352,43.6762,2.68882,874766.003,874787.5,1234.00236
0.53352,43.6746,2.68872,874767.0821,874787.5,1237.17306
0.53348,43.71601,2.69127,874766.7427,874800,1235.46831
0.53348,43.71634,2.69129,874765.9575,874762.5,1238.6303
0.53344,43.75424,2.69362,874765.0607,874775,1227.74205
0.53344,43.75535,2.69369,874767.0515,874812.5,1237.35068
0.5334,43.79612,2.6962,874767.7996,874800,1236.7873
0.5334,43.79629,2.69621,874763.2557,874800,1233.47203
0.53339,43.80716,2.69688,874767.7578,874800,1238.36418
0.53338,43.81516,2.69737,874765.972,874825,1241.73247
0.53336,43.83579,2.69864,874768.8952,874737.5,1243.37218
0.53335,43.84474,2.69919,874763.8152,874725,1232.81602
0.53332,43.87784,2.70123,874765.2347,874825,1238.22163
0.53331,43.8852,2.70168,874764.7857,874837.5,1241.18503
0.53328,43.91014,2.70322,874766.0949,874787.5,1245.43466
0.53328,43.91557,2.70355,874764.4974,874787.5,1243.71659
0.53324,43.9554,2.706,874766.429,874775,1242.21329
0.53324,43.95555,2.70601,874765.7134,874800,1238.83334
0.53324,43.95604,2.70604,874766.0323,874800,1237.52517
0.53321,43.98881,2.70806,874767.4234,874850,1237.26549
0.5332,43.99634,2.70852,874766.5428,874800,1234.40408
0.5332,43.99505,2.70845,874766.9115,874750,1237.9145
0.53316,44.03631,2.71099,874766.8567,874750,1231.6206
0.5332,43.99585,2.70849,874767.2014,874850,1238.7526
0.53316,44.03759,2.71106,874765.449,874850,1243.98804
0.53316,44.03647,2.711,874766.0212,874775,1239.31597
0.53312,44.07596,2.71343,874767.2301,874762.5,1241.89937
0.53312,44.07692,2.71349,874764.2964,874762.5,1237.59033
0.53312,44.07692,2.71349,874765.7881,874775,1238.26163
0.53304,44.15768,2.71846,874764.9023,874787.5,1231.14572
0.53304,44.15816,2.71849,874764.8288,874800,1238.1104
0.533,44.19254,2.7206,874765.6126,874812.5,1238.64088
0.533,44.19781,2.72093,874765.8205,874800,1235.90716
0.53297,44.22613,2.72267,874766.689,874812.5,1234.28172
0.53296,44.23635,2.7233,874766.1778,874812.5,1234.25591
0.53292,44.27265,2.72554,874768.1291,874775,1240.12407
0.53293,44.26194,2.72488,874766.9281,874775,1236.22629
0.53289,44.29984,2.72721,874765.2401,874800,1247.8327
0.53288,44.31646,2.72823,874764.8399,874825,1241.48481
0.53288,44.31599,2.7282,874765.9726,874812.5,1231.59066
0.53284,44.35596,2.73066,874764.413,874787.5,1235.55
0.53284,44.3566,2.7307,874766.3024,874837.5,1238.58703
0.53282,44.37691,2.73195,874765.788,874737.5,1235.41088
0.5328,44.39626,2.73314,874762.6368,874762.5,1239.0745
0.5328,44.39626,2.73314,874765.0823,874812.5,1233.11683
0.53276,44.43752,2.73569,874764.9867,874787.5,1242.06278
0.53276,44.43784,2.7357,874765.6871,874850,1239.06144
0.53272,44.47574,2.73804,874766.1444,874762.5,1242.75296
0.53272,44.47717,2.73813,874763.8624,874775,1241.03854
0.53272,44.4767,2.7381,874766.4505,874837.5,1244.77596
0.53268,44.51684,2.74057,874765.1529,874800,1236.91527
0.53268,44.51699,2.74058,874766.4905,874837.5,1248.10505
0.53266,44.5365,2.74178,874766.4823,874812.5,1233.28646
0.53264,44.55441,2.74288,874767.6259,874800,1235.58885
0.53264,44.55537,2.74294,874764.4428,874750,1242.53574
0.53264,44.55905,2.74317,874766.6786,874812.5,1233.02659
0.5326,44.59599,2.74544,874765.9738,874850,1234.65225
0.5326,44.59742,2.74553,874765.6053,874825,1238.656
0.5326,44.59662,2.74548,874765.2374,874812.5,1236.84205
0.5326,44.59662,2.74548,874766.7105,874800,1236.2255
0.53256,44.63709,2.74797,874765.9897,874787.5,1235.54728
0.53252,44.67802,2.75049,874764.7505,874762.5,1232.98727
0.53256,44.6374,2.74799,874766.1329,874862.5,1242.34229
0.53252,44.67674,2.75041,874767.9176,874750,1240.4359
0.5325,44.69481,2.75152,874766.424,874800,1244.8478
0.53248,44.71784,2.75294,874766.3712,874750,1239.52491
0.53248,44.7172,2.7529,874764.7241,874812.5,1245.70778
0.53245,44.74422,2.75457,874766.7632,874800,1240.19984
0.53244,44.75221,2.75506,874763.808,874737.5,1234.20441
0.53244,44.7583,2.75543,874767.7252,874787.5,1234.89674
0.53244,44.75717,2.75536,874765.5542,874825,1237.82214
0.5324,44.79779,2.75786,874766.169,874787.5,1241.54587
0.5324,44.79699,2.75781,874765.9721,874775,1242.60933
0.53237,44.82514,2.75955,874766.6363,874787.5,1241.40427
0.53236,44.83745,2.76031,874765.2724,874787.5,1241.00385
0.53232,44.86991,2.7623,874766.6593,874812.5,1231.51381
0.53232,44.87582,2.76267,874766.2859,874825,1235.11838
0.53231,44.88206,2.76305,874765.564,874775,1237.21601
0.53228,44.9174,2.76523,874765.4431,874837.5,1237.04007
0.53228,44.91789,2.76526,874764.961,874800,1242.03335
0.53224,44.95577,2.76759,874764.9283,874750,1243.00289
0.53224,44.95737,2.76769,874765.2152,874762.5,1238.64781
0.53224,44.95754,2.7677,874766.6204,874825,1236.10035
0.5322,44.99671,2.77011,874763.7258,874800,1235.91927
0.5322,44.99656,2.7701,874766.4242,874750,1235.17565
0.5322,44.99704,2.77013,874764.7711,874737.5,1234.36186
0.53216,45.03685,2.77258,874765.8323,874737.5,1229.83634
0.53213,45.06771,2.77448,874766.4315,874812.5,1237.49292
0.53212,45.07604,2.77499,874765.8453,874787.5,1240.28285
0.53211,45.08819,2.77574,874765.6816,874812.5,1238.30563
0.53208,45.11665,2.77749,874767.3986,874750,1238.54482
0.53208,45.11681,2.7775,874766.8779,874762.5,1240.04244
0.53205,45.14064,2.77897,874764.8878,874787.5,1240.13589
0.532,45.19596,2.78238,874766.0662,874825,1242.78111
0.532,45.19709,2.78245,874765.7942,874775,1233.57361
0.532,45.19612,2.78239,874765.4511,874875,1230.57793
0.53196,45.23737,2.78493,874764.1487,874750,1235.99819
0.53196,45.23706,2.78491,874763.3035,874750,1237.72922
0.53192,45.27768,2.78741,874766.1467,874775,1233.9989
0.53192,45.27751,2.7874,874764.0623,874750,1234.66604
0.53189,45.30437,2.78905,874765.6029,874750,1241.18107
0.53192,45.27768,2.78741,874767.9495,874787.5,1237.43147
0.53188,45.31814,2.7899,874767.2297,874775,1237.70362
0.53188,45.31734,2.78985,874764.9427,874775,1243.56929
0.53185,45.34947,2.79183,874765.9654,874800,1237.00591
0.53184,45.35715,2.7923,874766.6226,874812.5,1238.58574
0.5318,45.39696,2.79475,874763.8587,874787.5,1241.18249
0.5318,45.39505,2.79463,874767.1308,874812.5,1236.30031
0.53176,45.43759,2.79725,874765.4071,874787.5,1243.66324
0.53176,45.4387,2.79732,874765.3615,874837.5,1241.76389
0.53174,45.45501,2.79832,874765.4301,874737.5,1237.09017
0.53172,45.47804,2.79974,874765.1292,874787.5,1233.34249
0.53172,45.47756,2.79971,874765.5412,874825,1243.20384
0.53168,45.51737,2.80216,874764.4701,874762.5,1239.81325
0.53168,45.51498,2.80202,874767.022,874787.5,1234.0406
0.53164,45.55687,2.8046,874765.8491,874775,1235.60542
0.53164,45.55624,2.80456,874766.2484,874800,1240.29454
0.53164,45.55624,2.80456,874766.915,874825,1240.876
0.53158,45.6138,2.8081,874763.1513,874775,1236.82102
0.53159,45.60021,2.80726,874767.5686,874812.5,1236.0911
0.53156,45.63875,2.80964,874764.5793,874800,1240.93452
0.53155,45.64242,2.80986,874766.5192,874812.5,1245.83756
0.53152,45.67809,2.81206,874763.9488,874762.5,1236.13641
0.53152,45.67729,2.81201,874766.1212,874775,1239.04749
0.53148,45.71774,2.8145,874763.6858,874762.5,1242.18533
0.53152,45.6784,2.81208,874764.7164,874800,1234.12863
0.53148,45.71759,2.81449,874765.8591,874787.5,1240.66843
0.53148,45.71726,2.81447,874767.9244,874800,1248.81844
0.53144,45.75836,2.817,874765.916,874787.5,1239.75258
0.53144,45.75867,2.81702,874767.2446,874800,1240.31401
0.53144,45.75836,2.817,874764.5409,874750,1239.15834
0.53144,45.75756,2.81695,874766.7272,874812.5,1236.77234
0.5314,45.79881,2.81949,874765.2629,874762.5,1238.86255
0.5314,45.79865,2.81948,874764.1135,874800,1237.13441
0.53136,45.83144,2.8215,874766.2868,874737.5,1238.69032
0.53136,45.83831,2.82192,874764.6055,874825,1237.08887
0.53136,45.83847,2.82193,874763.5883,874762.5,1237.58109
0.53132,45.87861,2.8244,874763.9805,874800,1236.94609
0.53132,45.87749,2.82433,874767.0776,874762.5,1236.58851
0.53132,45.87877,2.82441,874765.327,874787.5,1244.94797
0.53127,45.92019,2.82696,874767.4826,874800,1237.76341
0.53128,45.91811,2.82683,874764.5391,874750,1238.30076
0.53123,45.96,2.82941,874766.5458,874762.5,1241.80409
0.53124,45.95889,2.82934,874764.8483,874825,1236.44134
0.5312,45.99854,2.83178,874765.5732,874800,1239.36217
0.5312,45.99774,2.83174,874765.7554,874775,1249.33427
0.53116,46.03612,2.8341,874768.5453,874862.5,1235.92706
0.53117,46.02189,2.83322,874765.0344,874787.5,1234.81057
0.53116,46.0382,2.83423,874763.6184,874837.5,1237.95633
0.53115,46.04764,2.83481,874765.6761,874812.5,1240.21489
0.53111,46.08297,2.83698,874764.9899,874787.5,1240.57129
0.53109,46.1076,2.8385,874764.9948,874812.5,1237.03614
0.53108,46.11911,2.83921,874766.3018,874825,1238.56509
0.53108,46.11911,2.83921,874762.7433,874775,1239.64354
0.53108,46.11895,2.8392,874765.2963,874812.5,1236.07205
0.53104,46.14997,2.84111,874764.5739,874762.5,1235.12062
0.53106,46.1303,2.8399,874765.5894,874750,1242.32858
0.53104,46.15749,2.84157,874763.654,874800,1234.88243
0.53101,46.181,2.84302,874765.8009,874812.5,1236.33916
0.53096,46.23665,2.84644,874764.4435,874762.5,1234.59471
0.53096,46.23889,2.84658,874765.2164,874762.5,1239.1685
0.53096,46.23824,2.84654,874764.8925,874787.5,1236.24437
0.53096,46.23936,2.84661,874763.253,874825,1237.61275
0.53095,46.24847,2.84717,874764.1122,874775,1236.83984
0.53092,46.27918,2.84906,874765.2815,874800,1235.38849
0.53091,46.2803,2.84913,874765.3448,874775,1232.51645
0.53092,46.27774,2.84897,874765.7673,874762.5,1238.31444
0.53088,46.31804,2.85145,874765.5046,874762.5,1238.24684
0.53088,46.31851,2.85148,874764.7879,874812.5,1239.23493
0.53088,46.31787,2.85144,874765.7315,874775,1238.0177
0.53084,46.35945,2.854,874766.6478,874775,1240.87501
0.53084,46.35897,2.85397,874765.9535,874800,1239.07673
0.5308,46.39911,2.85645,874767.4491,874850,1241.8124
0.5308,46.39927,2.85646,874764.0472,874762.5,1235.29029
0.5308,46.39942,2.85646,874763.9996,874812.5,1237.69913
0.53076,46.43925,2.85892,874764.4883,874825,1238.33514
0.53072,46.47699,2.86124,874765.981,874775,1237.8452
0.53068,46.51889,2.86382,874766.7281,874787.5,1234.25258
0.53071,46.48754,2.86189,874764.4228,874762.5,1241.84654
0.53068,46.51936,2.86385,874765.1145,874787.5,1235.05645
0.53063,46.56046,2.86638,874765.5084,874775,1238.16993
0.53064,46.5587,2.86627,874764.9713,874762.5,1234.70981
0.53064,46.55917,2.8663,874764.0353,874800,1238.71163
0.53064,46.55678,2.86615,874765,874800,1234.86268
0.5306,46.59724,2.86864,874762.8311,874762.5,1238.55031
0.5306,46.5982,2.8687,874766.804,874787.5,1238.39048
0.5306,46.59964,2.86879,874765.0628,874812.5,1238.00862
0.53058,46.61882,2.86997,874765.4776,874762.5,1239.66018
0.53056,46.63849,2.87118,874765.6672,874750,1239.84848
0.53056,46.63914,2.87122,874765.5125,874787.5,1232.48132
0.53055,46.63994,2.87127,874765.8671,874750,1238.77749
0.53052,46.67879,2.87366,874764.0036,874800,1234.61415
0.53052,46.67848,2.87364,874765.847,874812.5,1236.69228
0.53048,46.71397,2.87583,874764.5851,874800,1239.5461
0.53048,46.71925,2.87615,874765.2097,874775,1236.07025
0.53044,46.75442,2.87832,874763.1528,874775,1231.88964
0.53044,46.75826,2.87856,874766.0403,874775,1242.79554
0.53043,46.75986,2.87865,874766.0825,874775,1242.72763
0.5304,46.79504,2.88082,874766.9473,874775,1241.1989
0.5304,46.79504,2.88082,874763.1257,874800,1235.25461
0.5304,46.79456,2.88079,874763.609,874762.5,1237.89258
0.53036,46.83636,2.88336,874765.1226,874800,1237.57197
0.53032,46.87506,2.88575,874765.9156,874800,1237.94126
0.53032,46.87537,2.88577,874765.5733,874712.5,1238.11811
0.53028,46.91535,2.88823,874764.8593,874775,1241.11929
0.53025,46.94446,2.89002,874766.4507,874762.5,1236.44771
0.53027,46.92862,2.88904,874764.8274,874775,1237.49457
0.53024,46.95357,2.89058,874764.3466,874775,1237.25175
0.53022,46.97836,2.89211,874764.1765,874837.5,1238.98879
0.53017,47.02041,2.89469,874764.3575,874825,1243.08343
0.53016,47.03689,2.89571,874767.3655,874775,1239.69777
0.53016,47.03736,2.89574,874767.1582,874800,1242.71383
0.53015,47.04696,2.89633,874762.9046,874787.5,1237.9192
0.53012,47.07686,2.89817,874767.4649,874787.5,1232.14013
0.53012,47.07654,2.89815,874763.9608,874762.5,1236.41202
0.53011,47.08486,2.89866,874765.7378,874800,1236.20624
0.53008,47.11652,2.90061,874766.9111,874762.5,1238.59427
0.53012,47.07686,2.89817,874767.1463,874775,1238.34723
0.53006,47.13059,2.90148,874765.872,874812.5,1239.70195
0.53004,47.15618,2.90305,874765.048,874800,1238.60234
0.53004,47.15586,2.90303,874764.9602,874787.5,1229.93684
0.53004,47.15666,2.90308,874766.4165,874762.5,1243.94028
0.53,47.19695,2.90556,874765.7835,874787.5,1239.6559
0.53,47.1912,2.90521,874764.209,874750,1239.32146
0.53,47.19664,2.90554,874763.0922,874775,1239.12505
0.53,47.19695,2.90556,874763.4175,874762.5,1239.50421
0.52992,47.27435,2.91033,874764.0061,874737.5,1237.13811
0.52988,47.31336,2.91273,874764.1259,874762.5,1244.21421
0.52988,47.31609,2.9129,874764.7439,874775,1230.22416
0.52984,47.35654,2.91539,874764.5705,874837.5,1238.74803
0.52984,47.35654,2.91539,874763.2287,874825,1237.38191
0.5298,47.39652,2.91785,874763.9628,874737.5,1237.37902
0.5298,47.39587,2.91781,874765.1819,874762.5,1237.03171
0.52978,47.41268,2.91884,874764.2972,874800,1240.55088
0.52976,47.4349,2.92021,874763.9548,874750,1246.89343
0.52976,47.43537,2.92024,874765.7208,874787.5,1235.11386
0.52972,47.47535,2.9227,874765.7749,874750,1240.81824
0.52972,47.47695,2.9228,874765.7161,874825,1242.50862
0.5297,47.49439,2.92387,874763.9666,874762.5,1236.3573
0.52968,47.51533,2.92516,874766.3278,874825,1242.48725
0.52968,47.51389,2.92507,874765.8935,874837.5,1237.69735
0.52968,47.51549,2.92517,874765.1655,874812.5,1237.75607
0.52968,47.51581,2.92519,874763.2723,874812.5,1239.58821
0.52968,47.51501,2.92514,874763.5572,874762.5,1239.02418
0.52968,47.51661,2.92524,874762.8123,874775,1230.96502
0.52968,47.51629,2.92522,874765.8631,874775,1237.82333
0.52968,47.51597,2.9252,874765.1737,874800,1231.94451
0.52968,47.51933,2.92541,874764.4125,874787.5,1238.07611
0.52964,47.55643,2.92769,874766.5481,874725,1238.09189
0.52964,47.55595,2.92766,874765.6156,874787.5,1240.26347
0.52962,47.57977,2.92913,874764.1613,874825,1240.89835
0.5296,47.59609,2.93013,874764.7296,874812.5,1237.29803
0.5296,47.59529,2.93008,874763.3376,874837.5,1243.23045
0.52959,47.60536,2.93071,874763.9544,874737.5,1241.32177
0.5296,47.5988,2.9303,874765.2271,874787.5,1234.93845
0.52956,47.63798,2.93271,874764.2658,874825,1236.61093
0.52954,47.65477,2.93375,874765.4794,874850,1241.03274
0.52952,47.67827,2.93519,874764.8601,874812.5,1241.73162
0.52952,47.67636,2.93508,874765.7914,874787.5,1232.91205
0.52948,47.71777,2.93763,874765.6921,874800,1242.3296
0.52948,47.71681,2.93757,874765.0632,874775,1243.64692
0.52946,47.73553,2.93872,874764.1118,874750,1240.89403
0.52942,47.77006,2.94084,874762.5855,874800,1237.88957
0.52944,47.75424,2.93987,874763.7935,874812.5,1240.84216
0.5294,47.79581,2.94243,874764.5649,874737.5,1236.76924
0.5294,47.79916,2.94264,874764.4218,874787.5,1238.1005
0.5294,47.79501,2.94238,874765.8826,874800,1239.06678
0.52936,47.83722,2.94498,874760.9793,874787.5,1234.16776
0.52936,47.83546,2.94487,874767.1449,874775,1240.12617
0.52932,47.87736,2.94745,874763.5186,874737.5,1237.53484
0.52932,47.8764,2.94739,874766.6117,874787.5,1240.65347
0.52932,47.87672,2.94741,874763.4309,874750,1239.27342
0.52932,47.87736,2.94745,874763.0518,874750,1234.9209
0.5293,47.89255,2.94839,874764.3413,874787.5,1245.35345
0.52928,47.91638,2.94985,874763.9073,874712.5,1244.2666
0.52927,47.92405,2.95032,874763.5683,874812.5,1235.7871
0.52928,47.91717,2.9499,874763.8198,874687.5,1237.99809
0.52924,47.957,2.95235,874764.4423,874787.5,1236.66124
0.52924,47.95556,2.95226,874764.2766,874762.5,1236.72756
0.5292,47.99698,2.95481,874765.3722,874800,1242.28441
0.52916,48.03231,2.95699,874763.8983,874737.5,1237.95703
0.52918,48.0176,2.95608,874766.0097,874800,1241.8989
0.52916,48.03823,2.95735,874763.8028,874762.5,1243.61205
0.52916,48.03662,2.95725,874763.8411,874787.5,1240.35507
0.52912,48.07533,2.95964,874763.8942,874800,1241.54537
0.52909,48.10107,2.96122,874765.5513,874775,1236.93773
0.52908,48.11722,2.96222,874761.916,874750,1241.64705
0.52908,48.11659,2.96218,874765.6943,874837.5,1231.94432
0.52908,48.11722,2.96222,874764.1849,874725,1231.41844
0.52904,48.15784,2.96472,874763.4227,874737.5,1230.82588
0.52903,48.16456,2.96513,874763.7257,874850,1240.9038
0.529,48.19734,2.96715,874765.2854,874800,1240.95371
0.529,48.19766,2.96717,874762.2671,874800,1244.42379
0.52896,48.237,2.96959,874764.4736,874800,1239.59679
0.52896,48.23844,2.96968,874763.5235,874762.5,1239.47817
0.52888,48.31871,2.97462,874763.9968,874725,1241.5951
0.52888,48.31711,2.97452,874765.1299,874812.5,1242.16492
0.52888,48.31727,2.97453,874764.9236,874775,1241.07092
0.52888,48.31791,2.97457,874763.5701,874812.5,1230.0342
0.52885,48.3435,2.97615,874766.7115,874825,1236.4313
0.52884,48.3582,2.97705,874764.5943,874750,1241.87751
0.52884,48.35741,2.977,874764.7299,874762.5,1241.13091
0.52883,48.3694,2.97774,874765.01,874762.5,1239.98031
0.5288,48.39723,2.97945,874766.6511,874787.5,1241.5649
0.52879,48.4041,2.97988,874765.3709,874800,1232.58822
0.52877,48.42729,2.9813,874764.0284,874775,1235.67198
0.52876,48.43704,2.98191,874762.6854,874725,1234.63157
0.52876,48.4364,2.98187,874762.6462,874787.5,1232.03001
0.52872,48.4775,2.9844,874763.4306,874800,1230.79952
0.52872,48.47541,2.98427,874763.8483,874762.5,1237.04312
0.52871,48.48774,2.98503,874766.4782,874812.5,1233.42948
0.52864,48.55793,2.98935,874765.3414,874800,1234.37596
0.52864,48.55745,2.98932,874765.1192,874825,1239.15408
0.52864,48.55761,2.98933,874762.9795,874750,1234.95818
0.52863,48.56336,2.98968,874767.2159,874800,1235.0519
0.52856,48.63756,2.99425,874765.6779,874812.5,1243.43039
0.5286,48.59662,2.99173,874762.9974,874775,1236.28208
0.52853,48.66363,2.99585,874763.2604,874775,1244.89155
0.52852,48.67706,2.99668,874766.2459,874762.5,1241.27484
0.52852,48.67706,2.99668,874763.5308,874825,1239.07944
0.52848,48.71847,2.99923,874764.4308,874762.5,1239.48552
0.52848,48.71752,2.99917,874765.1234,874737.5,1237.0815
0.52848,48.71673,2.99912,874762.9071,874762.5,1236.45316
0.52844,48.75894,3.00172,874763.1939,874750,1236.53461
0.52844,48.75798,3.00166,874764.8149,874750,1243.18212
0.52844,48.75766,3.00164,874764.04,874762.5,1240.65735
0.5284,48.79844,3.00415,874764.9878,874812.5,1236.47793
0.5284,48.79859,3.00416,874764.9228,874825,1232.21896
0.52839,48.79987,3.00424,874764.5261,874800,1239.90549
0.52837,48.82194,3.0056,874763.6128,874812.5,1233.74615
0.52836,48.83889,3.00664,874765.8797,874750,1236.22727
0.52835,48.84049,3.00674,874764.9758,874787.5,1232.16646
0.52832,48.87966,3.00915,874764.7198,874787.5,1237.97199
0.52831,48.88063,3.00921,874764.4993,874762.5,1224.33129
0.52832,48.87966,3.00915,874763.2367,874837.5,1243.37724
0.52828,48.9198,3.01163,874761.8435,874800,1237.31913
0.52823,48.95994,3.0141,874765.8224,874800,1233.06466
0.52823,48.95994,3.0141,874766.7677,874787.5,1233.23911
0.52824,48.95962,3.01408,874766.5586,874837.5,1242.91785
0.52823,48.96042,3.01413,874765.381,874812.5,1239.60148
0.52819,49.0012,3.01664,874765.6748,874787.5,1236.55737
0.52819,49.00071,3.01661,874765.5751,874787.5,1241.10377
0.52815,49.04005,3.01903,874762.3096,874737.5,1240.37966
0.52819,48.99991,3.01656,874763.2177,874762.5,1233.34742
0.52815,49.04005,3.01903,874764.6414,874812.5,1241.63361
0.52816,49.0391,3.01897,874763.0872,874750,1230.32391
0.52812,49.07924,3.02144,874764.1154,874712.5,1236.57112
0.52816,49.03814,3.01891,874765.7004,874837.5,1241.76113
0.52811,49.08242,3.02164,874765.0338,874812.5,1233.04157
0.5281,49.09937,3.02268,874763.8269,874787.5,1237.139
0.52808,49.11872,3.02387,874766.4073,874775,1241.37986
0.52808,49.11889,3.02388,874765.8243,874737.5,1231.60412
0.52807,49.12001,3.02395,874763.9618,874762.5,1233.66544
0.52807,49.11985,3.02394,874764.1899,874775,1235.91558
0.52804,49.15935,3.02637,874765.3892,874800,1229.90965
0.52804,49.15982,3.0264,874764.6146,874825,1232.86891
0.528,49.19836,3.02877,874762.9609,874775,1238.18019
0.52802,49.17854,3.02755,874763.4006,874800,1232.83044
0.528,49.19933,3.02883,874763.5193,874800,1242.39073
0.52799,49.20507,3.02919,874763.8019,874787.5,1236.80231
0.52796,49.23946,3.0313,874763.1241,874775,1234.59591
0.52792,49.27864,3.03372,874764.994,874750,1241.80074
0.52792,49.2796,3.03378,874762.7858,874737.5,1237.56071
0.52788,49.31894,3.0362,874764.4058,874800,1244.48493
0.52788,49.31925,3.03622,874761.5654,874850,1241.39277
0.52788,49.31798,3.03614,874763.2597,874850,1239.53105
0.5278,49.39776,3.04105,874764.6375,874775,1242.46685
0.52776,49.43455,3.04331,874763.7395,874725,1235.6534
0.52775,49.43999,3.04365,874764.0912,874812.5,1241.77346
0.52775,49.44174,3.04376,874764.8031,874775,1247.87246
0.52775,49.44142,3.04374,874765.0791,874750,1243.08559
0.52771,49.48027,3.04613,874765.4326,874775,1238.82436
0.52771,49.48027,3.04613,874765.6219,874812.5,1244.48406
0.52768,49.51898,3.04851,874764.2993,874812.5,1240.70205
0.52767,49.52121,3.04865,874764.1976,874725,1237.04241
0.52767,49.52137,3.04866,874763.3831,874750,1236.0154
0.52763,49.56071,3.05108,874764.3674,874787.5,1241.33354
0.52763,49.56007,3.05104,874765.2118,874750,1241.04692
0.52763,49.56167,3.05114,874763.6937,874787.5,1235.26046
0.52764,49.55895,3.05097,874765.8612,874775,1237.09637
0.52759,49.60181,3.05361,874764.6277,874787.5,1239.74561
0.52757,49.62068,3.05477,874762.2507,874725,1230.56071
0.52755,49.64035,3.05598,874765.1038,874800,1242.87423
0.52755,49.64002,3.05596,874763.8081,874775,1241.06728
0.52755,49.64035,3.05598,874766.6849,874787.5,1241.70678
0.52751,49.68193,3.05854,874764.3793,874775,1235.59416
0.52752,49.67905,3.05837,874764.6221,874837.5,1241.4004
0.52747,49.72062,3.06093,874760.6317,874775,1233.27953
0.52743,49.7606,3.06339,874763.227,874800,1236.61669
0.52744,49.75436,3.063,874764.2973,874800,1240.06522
0.52743,49.76044,3.06338,874764.29,874775,1237.45255
0.52739,49.80137,3.0659,874764.4833,874762.5,1240.58785
0.52739,49.80121,3.06589,874765.4504,874775,1235.68512
0.52735,49.84007,3.06828,874765.4325,874787.5,1239.34707
0.52733,49.86886,3.07005,874764.6074,874775,1240.50098
0.52735,49.84215,3.06841,874763.2915,874800,1237.78397
0.52731,49.88197,3.07086,874765.0059,874725,1245.71134
0.52731,49.88213,3.07087,874763.1169,874812.5,1245.74009
0.52727,49.92019,3.07321,874762.4001,874800,1236.46076
0.52727,49.92162,3.0733,874765.7013,874825,1233.00145
0.52726,49.93314,3.07401,874764.2018,874800,1245.89927
0.52723,49.96209,3.07579,874762.1608,874737.5,1235.8394
0.52723,49.96336,3.07587,874765.2398,874762.5,1242.4717
0.52721,49.98527,3.07722,874765.8524,874750,1241.85679
0.52719,50.0003,3.07814,874764.2525,874825,1235.18922
0.52719,50.00237,3.07827,874765.2437,874775,1244.71503
0.52715,50.04124,3.08066,874763.7679,874775,1245.05411
0.52712,50.07019,3.08245,874764.3184,874812.5,1238.99797
0.52711,50.08154,3.08314,874764.6448,874750,1232.02233
0.52711,50.08218,3.08318,874765.6931,874812.5,1234.78405
0.52708,50.11848,3.08542,874764.1801,874825,1245.02491
0.52707,50.12311,3.0857,874763.3916,874787.5,1239.45229
0.52707,50.12359,3.08573,874764.1991,874787.5,1241.2485
0.52707,50.12135,3.0856,874763.9147,874812.5,1239.9888
0.52703,50.16229,3.08812,874765.7183,874800,1246.78887
0.52703,50.16276,3.08815,874764.7989,874750,1232.89063
0.527,50.19971,3.09042,874764.826,874750,1235.2579
0.527,50.19268,3.08999,874763.6989,874750,1240.64374
0.52697,50.22257,3.09183,874765.5905,874787.5,1235.12175
0.52699,50.2037,3.09067,874760.871,874787.5,1234.13384
0.52695,50.24224,3.09304,874765.2126,874812.5,1235.73398
0.52695,50.2448,3.0932,874760.4334,874750,1234.34326
0.52695,50.24256,3.09306,874765.7526,874750,1240.53725
0.52691,50.2803,3.09538,874763.868,874812.5,1233.45282
0.52691,50.2827,3.09553,874764.3427,874837.5,1242.31795
0.52691,50.28334,3.09557,874766.2098,874750,1242.50894
0.52691,50.28397,3.09561,874764.5981,874800,1233.40002
0.52691,50.2835,3.09558,874763.0294,874812.5,1239.59871
0.52686,50.33851,3.09896,874765.0228,874750,1243.69909
0.52687,50.32331,3.09803,874764.2284,874737.5,1243.78741
0.52683,50.36249,3.10044,874763.511,874775,1242.10328
0.52681,50.386,3.10189,874764.4264,874837.5,1238.27875
0.52675,50.4458,3.10557,874764.7951,874750,1243.59936
0.52675,50.44229,3.10535,874763.9368,874750,1239.10866
0.52671,50.48323,3.10787,874763.8057,874787.5,1234.49103
0.52671,50.4829,3.10785,874762.6326,874750,1239.09661
0.52671,50.48386,3.10791,874764.0377,874800,1234.16376
0.52667,50.52353,3.11035,874762.7072,874825,1240.23384
0.52667,50.52353,3.11035,874764.2248,874812.5,1236.40638
0.52667,50.52512,3.11045,874764.1167,874775,1241.44139
0.52663,50.5643,3.11286,874764.9218,874800,1240.31137
0.52663,50.5635,3.11282,874764.2511,874787.5,1232.90902
0.52663,50.5627,3.11277,874761.7671,874737.5,1241.84674
0.52659,50.60331,3.11527,874764.0439,874812.5,1235.88688
0.52659,50.60188,3.11518,874763.0499,874750,1236.3163
0.52656,50.63146,3.117,874763.533,874775,1237.79609
0.52655,50.64154,3.11762,874763.0275,874800,1243.67105
0.52651,50.68199,3.12011,874763.7403,874812.5,1237.27928
0.52651,50.68151,3.12008,874765.3503,874800,1236.38493
0.52651,50.68262,3.12015,874764.7575,874762.5,1240.9694
0.52651,50.68167,3.12009,874764.4021,874737.5,1227.86999
0.52647,50.72132,3.12253,874765.4823,874787.5,1242.50287
0.52647,50.72165,3.12255,874765.2804,874800,1236.37207
0.52643,50.76274,3.12508,874763.8292,874812.5,1234.03912
0.52643,50.76146,3.125,874764.7815,874737.5,1242.43758
0.52639,50.80127,3.12745,874764.1517,874850,1236.25643
0.52639,50.80272,3.12754,874763.3268,874775,1237.24311
0.52639,50.80176,3.12748,874763.2494,874825,1240.8297
0.52635,50.8419,3.12995,874763.6749,874812.5,1238.22139
0.52635,50.84206,3.12996,874763.1948,874737.5,1236.00513
0.52633,50.86316,3.13126,874763.3949,874812.5,1241.62773
0.52631,50.88268,3.13246,874764.6024,874787.5,1244.05252
0.52631,50.88155,3.1324,874764.4662,874700,1244.39951
0.52627,50.92185,3.13488,874762.6307,874787.5,1230.21627
0.52627,50.92249,3.13492,874765.1853,874750,1237.85188
0.52627,50.92905,3.13532,874764.8391,874737.5,1243.36131
0.52623,50.96742,3.13768,874766.0748,874812.5,1235.73764
0.52623,50.96295,3.13741,874765.1099,874775,1237.02005
0.52623,50.96391,3.13747,874765.8559,874762.5,1245.87446
0.52619,51.00405,3.13994,874763.8529,874825,1233.9763
0.52618,51.01267,3.14047,874763.2415,874800,1237.82427
0.52615,51.04259,3.14231,874763.9062,874787.5,1245.0925
0.52615,51.04194,3.14227,874765.6923,874800,1241.00634
0.52615,51.04146,3.14224,874760.7721,874787.5,1234.47427
0.52615,51.04194,3.14227,874763.2992,874787.5,1239.13781
0.52611,51.08304,3.1448,874764.1574,874750,1238.69032
0.52609,51.10351,3.14606,874765.5209,874762.5,1231.37223
0.52611,51.08224,3.14475,874764.3717,874825,1234.2757
0.5261,51.09711,3.14567,874764.0209,874787.5,1241.90253
0.52607,51.12254,3.14723,874761.8134,874750,1242.45943
0.52606,51.13245,3.14784,874763.1263,874787.5,1239.91854
0.52603,51.16011,3.14954,874762.0713,874812.5,1235.84555
0.52603,51.16331,3.14974,874762.4935,874800,1240.29901
0.52603,51.16044,3.14956,874762.5685,874712.5,1235.15152
0.52599,51.20169,3.1521,874763.504,874762.5,1235.12205
0.52597,51.2212,3.15331,874761.1129,874850,1236.43005
0.52595,51.24199,3.15458,874762.246,874800,1238.79053
0.52591,51.28245,3.15708,874762.8779,874812.5,1242.08737
0.52591,51.2818,3.15704,874763.5942,874775,1237.58653
0.52591,51.28245,3.15708,874762.5968,874787.5,1236.86737
0.52589,51.30739,3.15861,874763.6872,874762.5,1234.11942
0.52587,51.32194,3.15951,874762.8236,874825,1239.45182
0.52587,51.32114,3.15946,874761.6857,874787.5,1231.27073
0.52584,51.35713,3.16167,874763.1453,874787.5,1241.89852
0.52583,51.36287,3.16203,874763.8777,874775,1232.66416
0.52583,51.36224,3.16199,874764.6474,874800,1234.54569
0.52583,51.36176,3.16196,874761.3542,874787.5,1247.54391
0.5258,51.3987,3.16423,874763.0033,874812.5,1246.29432
0.52583,51.36528,3.16217,874765.9239,874825,1239.42207
0.52579,51.40141,3.1644,874763.3512,874775,1238.46499
0.52574,51.45979,3.16799,874763.4642,874800,1239.87471
0.52571,51.48169,3.16934,874765.4224,874787.5,1239.82304
0.52569,51.50904,3.17103,874765.1288,874737.5,1235.67554
0.52567,51.52246,3.17185,874761.5801,874800,1236.06415
0.52567,51.52183,3.17181,874762.1326,874762.5,1240.6652
0.52564,51.55765,3.17402,874763.0113,874787.5,1240.03882
0.52565,51.54325,3.17313,874763.3145,874800,1242.12094
0.52563,51.56356,3.17438,874766.5648,874787.5,1247.34885
0.52561,51.58882,3.17594,874760.2069,874737.5,1238.54626
0.52559,51.59986,3.17662,874764.0999,874800,1235.54129
0.52559,51.60097,3.17669,874764.7578,874775,1244.70492
0.52559,51.60977,3.17723,874762.8227,874800,1240.00029
0.52556,51.63376,3.1787,874763.1274,874812.5,1242.10186
0.52555,51.64271,3.17925,874763.7493,874712.5,1236.88676
0.52551,51.68317,3.18175,874764.2024,874812.5,1236.49631
0.52551,51.68269,3.18172,874762.8814,874762.5,1235.62877
0.52551,51.68365,3.18177,874764.3035,874800,1233.00556
0.52551,51.6819,3.18167,874762.2008,874812.5,1235.36364
0.52551,51.68574,3.1819,874763.6786,874825,1238.60892
0.52547,51.72267,3.18418,874761.6823,874750,1238.41663
0.52547,51.72347,3.18423,874762.1224,874837.5,1242.67298
0.52543,51.76361,3.1867,874764.0071,874787.5,1238.81059
0.52541,51.78535,3.18804,874765.645,874787.5,1237.92666
0.52539,51.8039,3.18918,874765.0852,874837.5,1236.06728
0.52539,51.80166,3.18904,874761.2461,874725,1236.55271
0.52536,51.83316,3.19098,874763.022,874725,1242.84607
0.52535,51.84387,3.19164,874761.8448,874837.5,1239.82035
0.52531,51.88354,3.19408,874764.587,874775,1239.23841
0.52531,51.88306,3.19405,874761.9729,874775,1244.42869
0.52527,51.9248,3.19662,874764.9117,874762.5,1237.41956
0.52527,51.92575,3.19668,874763.2237,874837.5,1235.96297
0.52527,51.92431,3.19659,874761.9989,874787.5,1245.5865
0.52523,51.96558,3.19913,874763.5322,874787.5,1234.05947
0.52523,51.96509,3.1991,874761.262,874737.5,1239.65955
0.52523,51.96621,3.19917,874760.3031,874775,1236.4394
0.52519,52.00682,3.20167,874764.2879,874750,1245.75062
0.52519,52.00619,3.20163,874763.2502,874800,1239.98337
0.52515,52.04329,3.20391,874764.9038,874737.5,1233.38798
0.52515,52.04649,3.20411,874761.8903,874775,1237.89411
0.52515,52.04649,3.20411,874764.0854,874762.5,1239.39887
0.52514,52.05831,3.20484,874764.1032,874787.5,1243.17266
0.52511,52.0863,3.20656,874763.5925,874837.5,1240.0951
0.52507,52.12611,3.20901,874763.1194,874787.5,1233.12015
0.52507,52.12644,3.20903,874762.8819,874787.5,1230.33268
0.52507,52.12756,3.2091,874765.8218,874787.5,1229.88273
0.52503,52.1637,3.21133,874760.7118,874775,1236.42174
0.52503,52.16754,3.21156,874763.9342,874775,1237.84726
0.525,52.19376,3.21318,874762.1941,874825,1236.28383
0.52499,52.20831,3.21407,874762.654,874850,1235.68651
0.52499,52.20927,3.21413,874763.2298,874787.5,1233.25695
0.52498,52.21422,3.21444,874765.2394,874812.5,1239.76006
0.52495,52.24478,3.21632,874761.3433,874775,1240.19522
0.52491,52.28699,3.21892,874763.4629,874812.5,1234.85539
0.52491,52.28411,3.21874,874762.237,874762.5,1243.17489
0.52491,52.28411,3.21874,874763.1308,874750,1237.45748
0.52487,52.32536,3.22128,874760.8339,874800,1235.0219
0.52487,52.32569,3.2213,874764.1576,874800,1245.31931
0.52487,52.32505,3.22126,874760.7423,874812.5,1234.48731
0.52487,52.3252,3.22127,874763.122,874762.5,1235.08267
0.52483,52.36694,3.22384,874758.3926,874812.5,1229.93795
0.52479,52.40484,3.22617,874763.0183,874812.5,1237.82215
0.5248,52.3962,3.22564,874761.3211,874800,1236.53554
0.52478,52.41188,3.22661,874763.7544,874762.5,1239.12432
0.52475,52.44641,3.22873,874762.7462,874837.5,1237.86906
0.52479,52.40676,3.22629,874763.0097,874812.5,1236.37921
0.5247,52.49742,3.23187,874762.9461,874750,1236.292
0.52467,52.52636,3.23365,874764.0519,874762.5,1238.59059
0.52467,52.52636,3.23365,874762.0744,874800,1231.83451
0.52463,52.56666,3.23614,874763.9942,874800,1238.17195
0.52463,52.56763,3.23619,874764.7337,874800,1243.87949
0.52463,52.5673,3.23617,874760.1263,874762.5,1239.45585
0.5246,52.59449,3.23785,874762.6369,874750,1244.16586
0.52459,52.6068,3.23861,874762.6506,874787.5,1241.06487
0.52459,52.60584,3.23855,874760.5077,874787.5,1236.16286
0.52455,52.64503,3.24096,874764.1739,874750,1238.54132
0.52455,52.64646,3.24105,874762.1179,874750,1240.7106
0.52455,52.6471,3.24109,874760.9848,874787.5,1237.05451
0.52451,52.68755,3.24358,874763.1251,874800,1236.6319
0.52451,52.68755,3.24358,874762.1369,874737.5,1236.20017
0.52451,52.68884,3.24366,874762.7784,874775,1240.22747
0.52451,52.68675,3.24353,874761.7207,874800,1233.38039
0.52451,52.6874,3.24357,874764.459,874800,1239.97131
0.52451,52.6882,3.24362,874763.2561,874775,1238.987
0.52447,52.72545,3.24591,874765.1035,874812.5,1246.14945
0.52447,52.7253,3.2459,874763.8483,874837.5,1238.35853
0.52447,52.72705,3.24601,874764.7377,874825,1239.29645
0.52443,52.76879,3.24858,874763.8434,874762.5,1231.91448
0.52447,52.72721,3.24602,874765.4662,874825,1241.83935
0.52443,52.76768,3.24851,874763.3411,874800,1236.52061
0.52443,52.76831,3.24855,874763.2972,874787.5,1240.8007
0.52443,52.76831,3.24855,874763.0629,874825,1239.65761
0.5244,52.79965,3.25048,874763.6938,874787.5,1240.00184
0.52443,52.76911,3.2486,874762.2463,874787.5,1236.04651
0.52442,52.77695,3.24908,874763.3739,874750,1244.06113
0.52439,52.80893,3.25105,874762.8614,874762.5,1235.05814
0.52438,52.81069,3.25116,874762.4949,874762.5,1234.29479
0.52439,52.80652,3.2509,874760.7963,874737.5,1237.72126
0.52435,52.8481,3.25346,874762.5645,874837.5,1241.37172
0.52435,52.8481,3.25346,874761.841,874787.5,1236.28493
0.52431,52.88792,3.25591,874764.1777,874787.5,1232.79862
0.52431,52.88792,3.25591,874762.5903,874787.5,1241.10173
0.52431,52.88792,3.25591,874762.3695,874812.5,1240.87027
0.52431,52.8868,3.25584,874763.7883,874725,1241.74492
0.52426,52.93605,3.25888,874762.516,874775,1236.17416
0.52423,52.96356,3.26057,874763.5159,874787.5,1234.78911
0.52423,52.969,3.2609,874765.865,874787.5,1240.07203
0.52422,52.97188,3.26108,874761.7994,874775,1233.89048
0.52418,53.01057,3.26346,874765.0214,874812.5,1230.56026
0.52419,53.00977,3.26341,874762.5847,874812.5,1242.3046
0.52419,53.00929,3.26338,874764.1158,874775,1236.45696
0.52415,53.04831,3.26579,874762.2523,874800,1235.05218
0.5241,53.0902,3.26837,874761.884,874787.5,1237.53208
0.52407,53.12922,3.27077,874761.5853,874762.5,1239.87852
0.52407,53.12859,3.27073,874763.894,874775,1236.09406
0.52406,53.13034,3.27084,874762.6553,874787.5,1236.84397
0.52402,53.17047,3.27331,874763.7578,874787.5,1242.93404
0.52403,53.16824,3.27317,874762.2972,874825,1241.58513
0.52401,53.18135,3.27398,874763.4014,874775,1237.00893
0.52396,53.23396,3.27722,874760.8042,874762.5,1235.5593
0.52396,53.23364,3.2772,874763.3484,874837.5,1233.37486
0.52395,53.24899,3.27814,874763.7019,874837.5,1239.2708
0.52395,53.24964,3.27818,874761.5435,874812.5,1241.20081
0.52391,53.28945,3.28063,874763.1867,874825,1241.3302
0.52391,53.28849,3.28057,874760.6921,874837.5,1241.45497
0.52387,53.32942,3.28309,874762.3551,874787.5,1236.67693
0.52386,53.3299,3.28312,874762.6412,874775,1247.91808
0.52383,53.36876,3.28551,874763.374,874750,1235.50793
0.52382,53.3702,3.2856,874762.554,874800,1229.08787
0.52383,53.36845,3.2855,874765.0349,874800,1240.78408
0.52379,53.40874,3.28798,874764.7212,874812.5,1238.5742
0.52379,53.40906,3.288,874763.4043,874762.5,1243.32922
0.52379,53.40842,3.28796,874765.0365,874812.5,1238.04054
0.52374,53.45144,3.2906,874762.6086,874762.5,1237.44585
0.52374,53.45016,3.29053,874763.1057,874750,1232.13688
0.52371,53.48837,3.29288,874761.2498,874775,1233.7148
0.52375,53.44904,3.29046,874762.2934,874800,1242.28244
0.52371,53.48901,3.29292,874762.3873,874750,1238.19413
0.5237,53.49014,3.29299,874761.7,874775,1243.41132
0.52367,53.52355,3.29504,874763.5356,874737.5,1230.7881
0.52361,53.5832,3.29872,874763.1618,874787.5,1238.3978
0.52362,53.57025,3.29792,874762.1411,874725,1239.32904
0.52359,53.60846,3.30027,874763.1002,874775,1245.19309
0.52359,53.60862,3.30028,874765.757,874787.5,1235.7552
0.52359,53.60846,3.30027,874761.2567,874825,1237.75507
0.52355,53.647,3.30264,874764.8805,874837.5,1241.70435
0.52355,53.64892,3.30276,874760.0421,874787.5,1237.64091
0.52354,53.65292,3.30301,874761.2353,874737.5,1238.57956
0.52351,53.68874,3.30521,874762.4771,874775,1237.63934
0.52351,53.68937,3.30525,874761.5419,874762.5,1234.85648
0.52347,53.72967,3.30773,874760.3443,874762.5,1244.04861
0.52346,53.72984,3.30774,874764.1936,874787.5,1242.19116
0.52347,53.7284,3.30765,874760.4197,874712.5,1238.91684
0.52347,53.72951,3.30772,874763.9417,874775,1238.42024
0.52343,53.76869,3.31013,874761.3376,874787.5,1240.22666
0.52343,53.76949,3.31018,874763.6135,874775,1235.55653
0.52342,53.77045,3.31024,874763.0972,874787.5,1229.05881
0.52343,53.76918,3.31016,874763.555,874812.5,1235.1333
0.5234,53.79333,3.31165,874763.3034,874812.5,1239.91308
0.52338,53.81155,3.31277,874762.5241,874825,1237.21784
0.52338,53.81028,3.3127,874762.9164,874712.5,1241.59428
0.52336,53.83841,3.31443,874761.6716,874775,1241.34588
0.52336,53.83905,3.31447,874763.7884,874800,1239.59779
0.52335,53.84865,3.31506,874764.3573,874800,1241.492
0.5233,53.8899,3.3176,874761.3935,874837.5,1240.45205
0.5233,53.89006,3.31761,874761.6003,874762.5,1240.37966
0.5233,53.89134,3.31769,874761.4267,874787.5,1236.28187
0.52326,53.93004,3.32007,874763.0797,874737.5,1232.55051
0.52325,53.94939,3.32126,874762.5465,874825,1236.003
0.52322,53.97194,3.32265,874762.8042,874850,1235.56998
0.52322,53.97146,3.32262,874762.6731,874812.5,1233.46781
0.52321,53.98521,3.32346,874762.4864,874787.5,1240.42412
0.52319,54.00855,3.3249,874761.9725,874800,1239.92954
0.52319,54.00855,3.3249,874762.5877,874800,1236.40195
0.52315,54.04901,3.32739,874762.9339,874775,1232.6918
0.52311,54.08883,3.32984,874762.5806,874787.5,1238.4813
0.52311,54.08867,3.32983,874761.9181,874800,1241.71841
0.52311,54.08883,3.32984,874762.4697,874800,1240.92141
0.52306,54.1312,3.33245,874762.7209,874737.5,1238.33618
0.52306,54.1312,3.33245,874762.4859,874762.5,1235.61978
0.52306,54.13025,3.33239,874764.146,874812.5,1235.17341
0.52303,54.16894,3.33478,874763.0717,874800,1236.43214
0.52299,54.20956,3.33728,874763.469,874787.5,1236.73451
0.52298,54.20987,3.3373,874763.0711,874762.5,1238.66726
0.52295,54.24826,3.33966,874764.2685,874800,1238.38564
0.52294,54.24986,3.33976,874761.7593,874737.5,1241.83494
0.52294,54.25097,3.33983,874762.659,874800,1244.66458
0.5229,54.29144,3.34232,874763.1884,874812.5,1240.58495
0.5229,54.29095,3.34229,874760.4322,874800,1241.27821
0.52287,54.32949,3.34466,874764.7141,874762.5,1230.48417
0.52286,54.33077,3.34474,874760.5937,874775,1232.96814
0.52286,54.33237,3.34484,874763.2222,874800,1245.3172
0.52286,54.33172,3.3448,874760.8022,874825,1241.90742
0.52282,54.37282,3.34733,874761.2374,874800,1246.82549
0.52282,54.37219,3.34729,874763.0386,874775,1236.91912
0.52278,54.412,3.34974,874763.3764,874825,1235.99505
0.52278,54.4136,3.34984,874762.3109,874812.5,1238.11006
0.52274,54.45197,3.3522,874764.9038,874800,1230.73687
0.52274,54.45262,3.35224,874762.2676,874750,1237.57806
0.52274,54.45183,3.35219,874761.6373,874787.5,1239.24419
0.52272,54.47229,3.35345,874761.1246,874800,1236.90389
0.5227,54.49084,3.35459,874762.6553,874800,1232.22662
0.5227,54.48988,3.35453,874761.7068,874825,1235.63655
0.52266,54.53001,3.357,874761.635,874725,1235.45572
0.52266,54.53081,3.35705,874761.3174,874750,1239.06405
0.52261,54.58246,3.36023,874763.7426,874862.5,1236.60355
0.52258,54.61141,3.36202,874762.8342,874787.5,1239.81732
0.52258,54.61205,3.36205,874762.0122,874787.5,1234.46249
0.52258,54.61029,3.36195,874763.2346,874750,1239.12781
0.52255,54.64115,3.36385,874762.566,874712.5,1236.68083
0.52251,54.68385,3.36647,874762.271,874775,1239.16356
0.5225,54.69136,3.36694,874762.9512,874775,1239.38312
0.5225,54.69249,3.36701,874763.029,874787.5,1236.10122
0.5225,54.69184,3.36697,874761.1599,874800,1230.75304
0.52251,54.68976,3.36684,874761.5982,874850,1235.23648
0.52248,54.71151,3.36818,874763.6465,874750,1241.79241
0.52246,54.73118,3.36939,874761.1067,874750,1232.46074
0.52242,54.77131,3.37186,874759.704,874762.5,1238.03729
0.52242,54.77036,3.3718,874762.6826,874812.5,1231.78998
0.52242,54.77051,3.37181,874763.1311,874812.5,1239.97967
0.52241,54.78411,3.37265,874763.3935,874812.5,1245.18619
0.52242,54.77068,3.37182,874762.6737,874787.5,1236.25183
0.52242,54.77036,3.3718,874762.7609,874837.5,1238.66199
0.52238,54.8105,3.37427,874761.7384,874825,1235.76893
0.52238,54.81752,3.3747,874762.5946,874850,1230.14696
0.52238,54.81001,3.37424,874762.4019,874787.5,1239.31547
0.52234,54.85031,3.37672,874763.4348,874787.5,1243.52067
0.52234,54.85031,3.37672,874762.2077,874800,1236.84138
0.52231,54.88981,3.37915,874762.4665,874800,1241.15615
0.5223,54.89172,3.37927,874760.1358,874800,1241.01133
0.52226,54.93026,3.38164,874759.5588,874750,1238.52015
0.52226,54.9325,3.38178,874762.2539,874837.5,1245.9752
0.52226,54.93106,3.38169,874764.436,874737.5,1236.51538
0.52222,54.96992,3.38409,874762.5567,874825,1236.37993
0.52222,54.9712,3.38416,874760.8203,874825,1238.04042
0.52218,55.0115,3.38665,874763.2993,874775,1238.92942
0.52218,55.01054,3.38659,874759.8328,874750,1241.17062
0.52214,55.05067,3.38906,874762.0131,874775,1239.52023
0.52218,55.01006,3.38656,874761.9718,874800,1233.04044
0.52214,55.051,3.38908,874761.6362,874725,1238.92139
0.52211,55.0825,3.39102,874760.0649,874800,1236.09227
0.5221,55.09081,3.39153,874761.3671,874812.5,1238.99623
0.52207,55.12982,3.39393,874763.987,874787.5,1244.33271
0.52206,55.13048,3.39397,874762.2855,874737.5,1243.94223
0.52202,55.17156,3.3965,874761.4109,874787.5,1241.35351
0.52205,55.14294,3.39474,874762.7966,874775,1241.68896
0.52198,55.21234,3.39901,874761.5105,874762.5,1231.88228
0.52202,55.17924,3.39697,874761.69,874762.5,1236.58912
0.52198,55.21234,3.39901,874763.4041,874800,1246.43632
0.52195,55.24769,3.40119,874763.0912,874800,1238.22604
0.52195,55.24369,3.40094,874763.3597,874800,1240.44344
0.52192,55.27391,3.4028,874762.3687,874812.5,1236.61689
0.52194,55.2512,3.4014,874761.3366,874787.5,1235.31265
0.5219,55.29181,3.4039,874762.9957,874750,1240.5784
0.52186,55.33307,3.40644,874761.8909,874787.5,1236.75196
0.52186,55.33307,3.40644,874762.1463,874712.5,1238.0176
0.52186,55.3318,3.40636,874760.3468,874762.5,1235.76172
0.52185,55.34491,3.40717,874763.4668,874787.5,1239.12459
0.52182,55.37145,3.4088,874760.0265,874787.5,1242.02921
0.52182,55.37225,3.40885,874761.8284,874712.5,1241.75249
0.52174,55.45156,3.41374,874761.2302,874725,1240.01754
0.52178,55.41206,3.41131,874762.1197,874787.5,1234.25962
0.52176,55.4343,3.41267,874762.8118,874775,1238.55496
0.52174,55.45013,3.41365,874764.2464,874750,1230.87372
0.5217,55.4909,3.41616,874760.9502,874762.5,1237.17497
0.5217,55.49122,3.41618,874762.0755,874700,1236.70419
0.5217,55.49299,3.41629,874760.9439,874775,1240.31648
0.52166,55.53184,3.41868,874761.1002,874762.5,1236.05066
0.52167,55.5296,3.41854,874762.3677,874737.5,1240.45067
0.52166,55.5304,3.41859,874761.8164,874775,1236.35331
0.52162,55.57086,3.42108,874761.4763,874837.5,1243.99098
0.52163,55.56637,3.4208,874761.4256,874800,1236.25239
0.52162,55.57261,3.42119,874762.0297,874775,1241.31164
0.52161,55.58572,3.422,874762.5216,874800,1235.28156
0.52158,55.61723,3.42394,874762.5252,874787.5,1243.18678
0.5216,55.5982,3.42276,874761.9374,874750,1239.45921
0.52154,55.65049,3.42598,874761.2755,874750,1240.68383
0.52158,55.61755,3.42396,874762.3163,874812.5,1236.90534
0.52154,55.65112,3.42602,874763.0142,874850,1238.53579
0.52154,55.64985,3.42594,874764.092,874787.5,1245.39227
0.52151,55.68951,3.42839,874763.7479,874800,1239.59273
0.5215,55.69191,3.42853,874761.5796,874775,1243.48827
0.5215,55.69063,3.42845,874760.7402,874762.5,1239.67939
0.5215,55.69175,3.42852,874762.4051,874812.5,1235.07992
0.52146,55.7306,3.43092,874760.9662,874737.5,1236.70302
0.52146,55.73109,3.43095,874761.8324,874800,1240.24198
0.52146,55.73076,3.43093,874762.8134,874812.5,1236.5297
0.52142,55.77026,3.43336,874761.8423,874750,1233.81496
0.52142,55.77874,3.43388,874765.0357,874800,1232.78912
0.52138,55.81087,3.43586,874763.2117,874787.5,1236.78352
0.52138,55.81376,3.43603,874761.4533,874775,1238.61144
0.52134,55.85085,3.43832,874762.3866,874800,1239.66164
0.52134,55.85021,3.43828,874763.6614,874762.5,1242.52825
0.5213,55.89131,3.44081,874763.5602,874812.5,1247.18536
0.5213,55.88987,3.44072,874761.8937,874800,1237.19357
0.52126,55.93257,3.44335,874765.3474,874800,1234.46628
0.52126,55.93001,3.44319,874760.8781,874775,1242.0592
0.52122,55.97046,3.44568,874763.2411,874762.5,1237.52533
0.52122,55.97191,3.44577,874759.6494,874725,1237.71253
0.52118,56.01204,3.44824,874764.7306,874837.5,1243.99376
0.52115,56.04435,3.45023,874760.5672,874812.5,1237.50933
0.52114,56.05506,3.45089,874762.9489,874787.5,1238.1807
0.52114,56.05234,3.45072,874759.8111,874762.5,1240.17475
0.5211,56.09071,3.45308,874762.9713,874737.5,1235.83372
0.5211,56.09024,3.45306,874759.6005,874775,1239.43163
0.52107,56.12861,3.45542,874762.8772,874787.5,1238.06169
0.52106,56.13054,3.45554,874762.7955,874750,1243.86394
0.52106,56.13214,3.45563,874763.4788,874812.5,1244.14447
0.52102,56.17291,3.45814,874761.2669,874837.5,1235.04538
0.52098,56.21385,3.46067,874762.386,874775,1240.34181
0.52098,56.21369,3.46066,874763.5178,874800,1239.39676
0.52095,56.24199,3.4624,874761.9364,874787.5,1238.30655
0.52094,56.25366,3.46312,874761.6546,874762.5,1237.1417
0.52094,56.25159,3.46299,874762.4159,874762.5,1243.08207
0.52094,56.25302,3.46308,874762.9821,874800,1242.57433
0.52094,56.25382,3.46313,874761.509,874775,1232.45707
0.5209,56.29364,3.46558,874760.4312,874800,1238.90246
0.5209,56.29349,3.46557,874762.4838,874800,1246.38409
0.5209,56.2938,3.46559,874759.7859,874762.5,1229.83096
0.52086,56.3341,3.46807,874762.896,874787.5,1242.50322
0.52083,56.3656,3.47001,874761.0078,874787.5,1239.76965
0.52082,56.37471,3.47057,874761.3607,874750,1245.66982
0.52082,56.37295,3.47046,874761.3772,874800,1240.38271
0.52082,56.37391,3.47052,874763.8631,874800,1236.12595
0.52078,56.41021,3.47275,874763.1958,874762.5,1245.23991
0.52078,56.41261,3.4729,874762.1042,874762.5,1235.88438
0.52078,56.41229,3.47288,874761.9184,874787.5,1236.48704
0.52077,56.4254,3.47369,874762.9964,874750,1241.93201
0.52078,56.41134,3.47282,874762.2672,874775,1234.8272
0.52074,56.45242,3.47535,874760.9403,874762.5,1240.5388
0.52074,56.45259,3.47536,874763.1321,874762.5,1236.17031
0.52074,56.45131,3.47528,874762.174,874787.5,1238.00981
0.52074,56.45147,3.47529,874762.7959,874787.5,1244.77801
0.5207,56.49321,3.47786,874762.7104,874800,1248.06369
0.5207,56.49416,3.47792,874763.2073,874762.5,1235.21367
0.5207,56.49689,3.47809,874758.5177,874800,1236.95477
0.52066,56.53095,3.48019,874761.0098,874800,1234.29781
0.52064,56.55269,3.48152,874760.4693,874750,1234.91246
0.52065,56.54774,3.48122,874760.4586,874775,1231.912
0.52065,56.54501,3.48105,874762.2176,874750,1243.06035
0.52062,56.5722,3.48273,874761.8508,874762.5,1238.02949
0.52058,56.6125,3.48521,874762.6477,874800,1244.21692
0.52058,56.61474,3.48534,874761.6597,874800,1248.24474
0.52058,56.61297,3.48524,874761.8818,874787.5,1238.1435
0.5205,56.69437,3.49025,874761.1199,874775,1248.45677
0.5205,56.69229,3.49012,874761.1142,874812.5,1233.20466
0.52046,56.73371,3.49267,874760.8977,874775,1236.36026
0.52046,56.73211,3.49257,874763.1053,874787.5,1239.22319
0.52042,56.77449,3.49518,874760.2294,874825,1231.30959
0.52042,56.7732,3.4951,874762.9873,874775,1244.34893
0.52038,56.81126,3.49744,874761.6375,874825,1243.12513
0.52038,56.81254,3.49752,874760.9712,874800,1240.45096
0.52034,56.85316,3.50002,874760.9093,874825,1241.16705
0.52034,56.85332,3.50003,874761.7125,874800,1244.08185
0.5203,56.89394,3.50253,874760.7806,874787.5,1243.90639
0.5203,56.8933,3.50249,874761.9688,874762.5,1232.7195
0.5203,56.8917,3.5024,874760.4426,874800,1235.87652
0.52026,56.93247,3.50491,874761.8511,874787.5,1237.90056
0.52026,56.93359,3.50497,874761.2829,874775,1241.87235
0.52024,56.95517,3.5063,874763.5953,874775,1236.21116
0.52022,56.97358,3.50744,874763.2613,874825,1239.986
0.52022,56.97661,3.50762,874760.2963,874787.5,1232.75665
0.52021,56.98365,3.50806,874761.7876,874750,1240.93645
0.52018,57.01291,3.50986,874759.9933,874825,1239.52641
0.52018,57.01322,3.50988,874763.4351,874850,1239.22881
0.52017,57.02474,3.51059,874763.173,874787.5,1232.60494
0.52015,57.04921,3.51209,874759.9216,874862.5,1237.93096
0.52015,57.04776,3.512,874760.0164,874750,1242.74321
0.52015,57.04776,3.512,874760.1765,874825,1232.0358
0.52011,57.08919,3.51455,874762.2384,874787.5,1231.03256
0.52011,57.08903,3.51454,874763.6504,874750,1244.42713
0.52007,57.12947,3.51703,874761.9197,874800,1234.85855
0.5201,57.09557,3.51495,874761.0084,874775,1238.93685
0.52006,57.12996,3.51706,874761.0341,874812.5,1238.01705
0.52007,57.12933,3.51702,874761.608,874775,1236.19684
0.52002,57.17041,3.51955,874762.9623,874775,1242.07825
0.52002,57.17026,3.51954,874761.0889,874737.5,1245.07747
0.52002,57.17106,3.51959,874762.3847,874825,1240.50346
0.52002,57.17121,3.5196,874763.581,874750,1242.29908
0.52002,57.17106,3.51959,874761.6535,874800,1246.41349
0.51998,57.21088,3.52204,874762.7931,874750,1242.05568
0.51998,57.21055,3.52202,874761.4405,874787.5,1243.05828
0.51997,57.22399,3.52285,874761.5652,874775,1244.41731
0.51998,57.21135,3.52207,874761.325,874775,1235.7305
0.51994,57.25021,3.52447,874760.8045,874762.5,1237.03889
0.51994,57.25101,3.52452,874762.4549,874750,1241.872
0.5199,57.29066,3.52696,874762.4149,874812.5,1236.50339
0.51986,57.33129,3.52946,874761.2875,874737.5,1241.2365
0.51986,57.3308,3.52943,874760.6393,874787.5,1235.47488
0.51983,57.36982,3.53183,874761.2171,874825,1237.90147
0.51982,57.3711,3.53191,874762.5904,874750,1237.29795
0.51982,57.36999,3.53184,874760.515,874762.5,1244.49775
0.51978,57.41107,3.53437,874763.1769,874712.5,1239.96811
0.51978,57.4114,3.53439,874762.6088,874787.5,1229.15005
0.51976,57.4365,3.53593,874761.3382,874800,1237.30506
0.51974,57.45057,3.5368,874760.4181,874725,1236.97175
0.51973,57.46576,3.53774,874760.4729,874700,1241.44827
0.5197,57.49184,3.53934,874761.3877,874737.5,1243.38049
0.51967,57.51997,3.54107,874761.6645,874812.5,1237.54499
0.51967,57.52909,3.54163,874761.354,874787.5,1242.71586
0.51966,57.53021,3.5417,874762.6964,874750,1233.99649
0.51966,57.53276,3.54186,874762.7622,874750,1242.81905
0.51962,57.57066,3.54419,874760.0192,874775,1237.3348
0.51962,57.57066,3.54419,874761.9341,874787.5,1242.78149
0.51958,57.61113,3.54668,874761.8927,874762.5,1235.22142
0.51958,57.61767,3.54709,874761.7874,874800,1240.31125
0.51958,57.61144,3.5467,874760.6927,874775,1246.81228
0.51951,57.6802,3.55094,874759.6954,874712.5,1242.94296
0.5195,57.69091,3.5516,874762.2891,874775,1247.09139
0.51953,57.66581,3.55005,874762.2898,874837.5,1242.06568
0.5195,57.69236,3.55169,874758.2528,874750,1241.3704
0.5195,57.69251,3.5517,874763.9041,874800,1236.19417
0.51942,57.77183,3.55658,874760.7049,874762.5,1240.00147
0.51943,57.76511,3.55616,874763.0694,874762.5,1238.75111
0.51942,57.77135,3.55655,874759.3028,874750,1238.66663
0.51942,57.77215,3.5566,874763.3731,874750,1238.28232
0.51942,57.77119,3.55654,874762.2599,874787.5,1236.33193
0.51938,57.81229,3.55907,874763.7055,874837.5,1232.96832
0.51938,57.81132,3.55901,874762.7677,874775,1246.07011
0.51938,57.81276,3.5591,874762.7344,874737.5,1241.95977
0.51934,57.85082,3.56144,874761.4408,874787.5,1235.2088
0.51934,57.85066,3.56143,874762.7386,874800,1241.5323
0.51934,57.85082,3.56144,874762.0893,874762.5,1236.39747
0.51934,57.85115,3.56146,874761.8602,874800,1243.88569
0.51934,57.8513,3.56147,874763.4747,874762.5,1244.21601
0.5193,57.8932,3.56405,874762.743,874737.5,1240.05401
0.5193,57.89272,3.56402,874760.4877,874762.5,1236.86499
0.51926,57.93094,3.56637,874761.3734,874775,1239.01305
0.51926,57.93063,3.56635,874759.9995,874750,1242.94155
0.51925,57.94565,3.56728,874761.744,874787.5,1239.91388
0.51922,57.97044,3.56881,874760.7665,874775,1237.14644
0.51922,57.97027,3.5688,874762.5867,874787.5,1237.37606
0.51919,58.00834,3.57114,874761.3069,874812.5,1236.14723
0.51915,58.04848,3.57361,874759.8379,874825,1242.12423
0.51915,58.04928,3.57366,874760.3215,874800,1235.4181
0.51915,58.04959,3.57368,874759.6439,874775,1236.3795
0.51911,58.08109,3.57562,874764.5669,874800,1235.84866
0.51911,58.08925,3.57612,874760.9117,874775,1243.51594
0.51908,58.11211,3.57753,874759.771,874750,1229.56524
0.51907,58.12826,3.57852,874760.2523,874775,1243.44358
0.51906,58.12986,3.57862,874762.4778,874775,1238.43686
0.51903,58.1692,3.58104,874759.312,874775,1243.52686
0.51902,58.16984,3.58108,874760.0494,874787.5,1235.36012
0.51898,58.21174,3.58366,874760.449,874775,1240.97002
0.51898,58.2111,3.58362,874760.9792,874762.5,1237.81037
0.51894,58.25187,3.58613,874759.8768,874750,1242.29304
0.51898,58.21094,3.58361,874760.2059,874775,1239.47859
0.51894,58.2506,3.58605,874760.8113,874825,1240.8084
0.51894,58.25444,3.58629,874763.0635,874775,1243.90788
0.5189,58.29041,3.5885,874759.413,874787.5,1237.86636
0.5189,58.29185,3.58859,874760.3468,874787.5,1241.13996
0.51889,58.30592,3.58946,874761.3331,874812.5,1237.34692
0.51886,58.33167,3.59104,874762.6125,874775,1243.13915
0.51886,58.33183,3.59105,874761.6767,874812.5,1246.29489
0.51886,58.33151,3.59103,874762.0459,874762.5,1245.59081
0.51886,58.33326,3.59114,874761.4492,874750,1231.8776
0.51886,58.33039,3.59096,874760.4887,874712.5,1232.22312
0.51882,58.37052,3.59344,874760.1669,874800,1239.50914
0.51882,58.37196,3.59352,874759.2708,874737.5,1233.22922
0.51879,58.40075,3.5953,874761.1778,874750,1241.81175
0.51878,58.41226,3.596,874762.7475,874787.5,1247.56654
0.51878,58.41818,3.59637,874759.7036,874787.5,1233.02301
0.51874,58.45224,3.59847,874762.0987,874750,1235.14409
0.51874,58.45273,3.5985,874761.2239,874825,1244.32064
0.51873,58.45991,3.59894,874762.2921,874800,1241.56775
0.51868,58.51156,3.60212,874761.5101,874775,1239.828
0.51866,58.53315,3.60345,874758.6177,874812.5,1236.70841
0.51866,58.53284,3.60343,874760.9869,874812.5,1240.84491
0.51862,58.57232,3.60586,874761.9324,874762.5,1235.58344
0.51862,58.57249,3.60587,874761.8356,874787.5,1238.83499
0.51859,58.60815,3.60806,874760.0542,874762.5,1234.05003
0.51858,58.61295,3.60836,874760.6916,874775,1243.06015
0.51858,58.61199,3.6083,874761.9379,874837.5,1235.04547
0.51858,58.61071,3.60822,874762.163,874800,1241.86197
0.51855,58.64845,3.61055,874760.3482,874762.5,1237.6686
0.5185,58.69099,3.61316,874760.7448,874762.5,1240.03507
0.5185,58.6913,3.61318,874761.5324,874825,1232.58465
0.51846,58.73064,3.6156,874761.0171,874762.5,1233.50365
0.51849,58.70841,3.61424,874760.5507,874775,1239.8276
0.51838,58.81187,3.62061,874761.7038,874800,1237.53705
0.51838,58.81124,3.62057,874759.5144,874825,1242.53158
0.51838,58.81139,3.62058,874761.4603,874812.5,1231.51967
0.51838,58.80995,3.62049,874757.9769,874800,1236.29876
0.51838,58.81059,3.62053,874761.4219,874812.5,1244.79455
0.51834,58.85041,3.62298,874758.1738,874825,1233.55778
0.5183,58.89055,3.62545,874763.1891,874775,1236.40224
0.5183,58.89135,3.6255,874758.7909,874762.5,1240.92893
0.5183,58.89086,3.62547,874762.0492,874762.5,1231.73586
0.5183,58.89262,3.62558,874760.1407,874812.5,1245.06691
0.51826,58.93292,3.62806,874760.3622,874775,1236.55862
0.51826,58.93229,3.62802,874760.2329,874825,1246.37287
0.51826,58.93229,3.62802,874760.4677,874775,1230.09743
0.51826,58.9318,3.62799,874760.2037,874750,1240.72771
0.51825,58.9414,3.62858,874762.662,874725,1242.84826
0.51823,58.96859,3.63025,874758.8896,874812.5,1239.0532
0.51822,58.9705,3.63037,874760.8793,874837.5,1238.24592
0.51819,59.00136,3.63227,874761.1754,874812.5,1237.88472
0.5182,58.9996,3.63216,874761.2279,874762.5,1236.89119
0.51818,59.01048,3.63283,874759.3755,874725,1238.82462
0.51818,59.01111,3.63287,874762.196,874762.5,1241.07402
0.51814,59.05061,3.6353,874760.5396,874775,1226.75054
0.51814,59.05205,3.63539,874761.9015,874787.5,1237.82835
0.51812,59.07827,3.63701,874759.9853,874812.5,1236.72845
0.5181,59.09124,3.6378,874762.1219,874725,1237.58171
0.51806,59.13137,3.64028,874759.02,874800,1244.94134
0.51806,59.13633,3.64058,874762.1719,874800,1238.90609
0.51805,59.1432,3.641,874759.0553,874750,1234.25973
0.51802,59.17071,3.6427,874760.6783,874837.5,1241.90564
0.51802,59.17182,3.64277,874758.9352,874762.5,1236.90754
0.51798,59.21276,3.64529,874763.6825,874825,1230.90246
0.51794,59.25178,3.64769,874760.8346,874750,1232.04953
0.51798,59.21212,3.64525,874762.5195,874737.5,1235.94259
0.51794,59.25162,3.64768,874760.1068,874825,1238.65771
0.51794,59.2521,3.64771,874760.2054,874737.5,1236.69636
0.5179,59.29111,3.65011,874759.7376,874812.5,1231.66678
0.5179,59.29367,3.65027,874761.4333,874825,1240.89779
0.5179,59.29255,3.6502,874757.1288,874737.5,1245.2572
0.51786,59.33397,3.65275,874761.2765,874737.5,1237.82411
0.51786,59.33429,3.65277,874760.7678,874787.5,1241.94028
0.51786,59.33877,3.65304,874761.4618,874712.5,1235.86023
0.51784,59.35844,3.65425,874758.9435,874825,1240.96884
0.51782,59.37299,3.65515,874762.2695,874750,1241.86697
0.51782,59.37315,3.65516,874759.5819,874787.5,1233.71737
0.51782,59.37299,3.65515,874761.6033,874737.5,1246.29309
0.51779,59.40769,3.65729,874759.4939,874787.5,1236.43053
0.51778,59.41361,3.65765,874761.9772,874800,1236.24837
0.51778,59.41345,3.65764,874759.0749,874837.5,1233.59448
0.51774,59.45215,3.66002,874760.2706,874812.5,1231.25062
0.51774,59.45326,3.66009,874758.5052,874750,1236.42645
0.51774,59.45295,3.66007,874760.9654,874825,1245.95289
0.51774,59.45326,3.66009,874758.1198,874725,1231.02851
0.51774,59.45342,3.6601,874762.1964,874800,1239.54579
0.51774,59.45215,3.66002,874757.1073,874725,1234.85546
0.5177,59.4934,3.66256,874762.7722,874787.5,1240.34123
0.5177,59.49484,3.66265,874761.2074,874737.5,1239.11015
0.51769,59.50011,3.66298,874762.2826,874737.5,1240.18952
0.51766,59.53434,3.66508,874758.9981,874800,1239.31029
0.51764,59.55976,3.66665,874762.8584,874825,1236.62053
0.51762,59.57351,3.66749,874759.0931,874787.5,1232.5349
0.51758,59.61141,3.66983,874762.8627,874825,1241.12841
0.51758,59.61174,3.66985,874760.7322,874750,1240.08977
0.51758,59.61157,3.66984,874760.9448,874775,1241.14509
0.51754,59.65091,3.67226,874760.8349,874725,1233.89926
0.51754,59.65171,3.67231,874760.6232,874762.5,1236.02845
0.5175,59.69105,3.67473,874760.031,874775,1238.3197
0.5175,59.6936,3.67489,874761.4572,874775,1242.9964
0.51746,59.7339,3.67737,874760.2907,874750,1241.81708
0.51746,59.73519,3.67745,874761.3805,874800,1234.02741
0.51742,59.77244,3.67974,874759.3183,874737.5,1238.61078
0.51742,59.77276,3.67976,874760.5796,874800,1239.40852
0.51734,59.8524,3.68466,874760.2658,874750,1242.24118
0.51737,59.82441,3.68294,874758.4468,874775,1239.0705
0.51734,59.85287,3.68469,874760.5271,874737.5,1241.45847
0.5173,59.89349,3.68719,874759.4843,874775,1239.17856
0.51728,59.91491,3.68851,874759.0803,874762.5,1235.79911
0.51726,59.93155,3.68954,874760.5437,874812.5,1240.17928
0.51729,59.90405,3.68784,874759.9169,874737.5,1241.41119
0.51726,59.93219,3.68958,874756.6137,874762.5,1242.91059
0.51726,59.93763,3.68991,874762.4933,874812.5,1234.39395
0.51722,59.9727,3.69207,874760.3563,874800,1236.48238
0.51722,59.9727,3.69207,874760.8088,874750,1237.25296
0.51722,59.97398,3.69215,874758.5247,874800,1238.47939
0.5172,59.99332,3.69334,874760.0648,874787.5,1239.70427
0.51718,60.01571,3.69472,874760.2788,874812.5,1240.30948
0.51722,59.97525,3.69223,874761.0863,874850,1238.4936
0.51715,60.04114,3.69628,874758.2447,874787.5,1233.05635
0.51716,60.03586,3.69596,874759.9062,874825,1233.50297
0.51714,60.05505,3.69714,874758.0687,874825,1240.77642
0.51714,60.05569,3.69718,874760.2725,874762.5,1238.48822
0.5171,60.09455,3.69957,874758.7513,874750,1243.73707
0.5171,60.09422,3.69955,874762.16,874825,1237.89735
0.51706,60.13452,3.70203,874761.6247,874750,1236.6768
0.51706,60.1358,3.70211,874763.8653,874750,1243.89568
0.51702,60.17481,3.70451,874758.3902,874775,1234.86803
0.51702,60.17019,3.70423,874762.4743,874862.5,1237.00903
0.51702,60.17354,3.70443,874759.2884,874750,1241.78286
0.51698,60.21448,3.70695,874759.6282,874775,1240.61425
0.51698,60.21431,3.70694,874759.8976,874800,1238.18178
0.51697,60.22343,3.7075,874762.7912,874850,1241.55368
0.51694,60.25301,3.70933,874759.356,874787.5,1233.86232
0.51694,60.25349,3.70936,874760.9864,874800,1242.40931
0.5169,60.29522,3.71192,874758.6052,874762.5,1230.12636
0.5169,60.29442,3.71188,874760.9233,874775,1236.49951
0.5169,60.29411,3.71186,874760.7153,874750,1239.86088
0.51686,60.33472,3.71436,874761.2259,874825,1234.53161
0.51686,60.33696,3.71449,874759.7162,874787.5,1240.99518
0.51684,60.35775,3.71577,874760.6744,874750,1236.1012
0.51682,60.37519,3.71685,874759.6818,874800,1239.17598
0.51682,60.37439,3.7168,874759.262,874837.5,1243.399
0.51682,60.3731,3.71672,874759.5624,874787.5,1243.15331
0.51678,60.4142,3.71925,874758.3589,874837.5,1233.63919
0.51682,60.37519,3.71685,874758.8591,874787.5,1241.71634
0.51678,60.41436,3.71926,874761.6947,874800,1237.52426
0.51674,60.45434,3.72172,874759.4175,874750,1241.83999
0.51674,60.45401,3.7217,874761.2074,874812.5,1238.84763
0.51674,60.45497,3.72176,874758.3365,874812.5,1239.11203
0.51674,60.45386,3.72169,874761.4412,874812.5,1230.90976
0.5167,60.49495,3.72422,874760.0166,874825,1236.57666
0.5167,60.49415,3.72417,874761.7427,874800,1237.70855
0.51666,60.53429,3.72664,874759.2425,874775,1239.64378
0.5167,60.49367,3.72414,874760.6512,874787.5,1237.10882
0.51666,60.53349,3.72659,874758.7498,874825,1237.84518
0.51666,60.53445,3.72665,874759.7129,874775,1239.41513
0.51662,60.57523,3.72916,874759.3907,874787.5,1232.64327
0.51661,60.5885,3.72998,874761.6641,874750,1245.56204
0.51658,60.61361,3.73153,874759.013,874737.5,1232.02653
0.51656,60.63871,3.73307,874761.1117,874800,1241.52099
0.51654,60.65502,3.73407,874759.1966,874787.5,1240.8013
0.5165,60.69644,3.73662,874760.7182,874737.5,1235.56884
0.5165,60.69532,3.73656,874759.2253,874800,1237.04594
0.5165,60.69596,3.7366,874759.6132,874762.5,1229.47325
0.5165,60.69484,3.73653,874760.9627,874725,1239.48238
0.51646,60.7353,3.73902,874760.5831,874812.5,1236.63268
0.51646,60.73577,3.73905,874756.7318,874775,1236.33411
0.51646,60.73625,3.73908,874761.3076,874812.5,1236.74469
0.51642,60.77639,3.74155,874758.7926,874750,1238.84229
0.51642,60.77655,3.74156,874762.0961,874825,1240.42434
0.51641,60.78135,3.74185,874758.6478,874762.5,1237.40005
0.5164,60.79702,3.74282,874758.2354,874812.5,1236.90745
0.51638,60.81621,3.744,874759.8146,874800,1236.98839
0.51638,60.81605,3.74399,874760.8882,874737.5,1242.13271
0.51638,60.81637,3.74401,874757.2244,874787.5,1241.51738
0.5164,60.79559,3.74273,874759.8241,874800,1240.96168
0.5163,60.89713,3.74898,874760.367,874800,1242.16144
0.5163,60.89616,3.74892,874759.9007,874775,1242.59194
0.5163,60.896,3.74891,874760.5997,874825,1241.85612
0.5163,60.8952,3.74886,874759.8914,874737.5,1232.09285
0.51626,60.93677,3.75142,874759.999,874800,1236.28697
0.51626,60.9371,3.75144,874758.2394,874812.5,1232.0875
0.51625,60.9483,3.75213,874760.6503,874812.5,1241.28402
0.51622,60.97676,3.75388,874759.0906,874750,1240.14079
0.51622,60.97676,3.75388,874762.654,874787.5,1233.82228
0.51621,60.98922,3.75465,874759.6869,874825,1242.23746
0.51614,61.05575,3.75874,874759.4257,874812.5,1242.14313
0.51614,61.05575,3.75874,874759.6888,874800,1236.04964
0.51614,61.05559,3.75873,874759.2207,874737.5,1237.40889
0.5161,61.09701,3.76128,874759.9159,874775,1242.9596
0.5161,61.09813,3.76135,874760.1067,874875,1239.72342
0.51608,61.11204,3.76221,874759.9007,874800,1235.50877
0.51606,61.13939,3.76389,874760.9681,874750,1232.27077
0.51606,61.13682,3.76374,874761.8275,874725,1236.12757
0.51606,61.13699,3.76375,874759.3871,874800,1243.51905
0.51605,61.14482,3.76423,874761.1682,874775,1237.3255
0.51602,61.17824,3.76629,874761.2283,874775,1240.38341
0.51602,61.17809,3.76628,874759.9995,874825,1240.22773
0.51602,61.17744,3.76624,874760.3446,874800,1235.18455
0.51598,61.21774,3.76872,874756.8927,874775,1239.2841
0.51596,61.23389,3.76971,874761.6572,874737.5,1241.33878
0.51597,61.22285,3.76903,874761.0382,874812.5,1236.83099
0.51594,61.25691,3.77113,874759.0299,874762.5,1241.17626
0.51594,61.25755,3.77117,874760.1723,874762.5,1239.80765
0.51593,61.26971,3.77192,874759.5871,874750,1240.28371
0.5159,61.29625,3.77355,874757.5869,874825,1236.32145
0.51589,61.30345,3.77399,874760.5594,874800,1241.94998
0.51586,61.33543,3.77596,874758.6555,874800,1242.70152
0.51586,61.33543,3.77596,874758.9589,874837.5,1236.18663
0.51584,61.35094,3.77692,874760.7263,874750,1241.3173
0.51582,61.37556,3.77843,874760.063,874725,1241.9647
0.51582,61.37556,3.77843,874759.8835,874837.5,1237.13002
0.51578,61.4165,3.78095,874762.1699,874750,1241.55551
0.51574,61.45649,3.78342,874758.3782,874800,1245.06857
0.51574,61.456,3.78338,874759.3616,874775,1241.1436
0.51574,61.456,3.78338,874760.2469,874837.5,1238.36297
0.5157,61.4955,3.78582,874759.4663,874775,1236.97316
0.5157,61.49502,3.78579,874758.8502,874787.5,1239.96333
0.51568,61.51372,3.78694,874759.2816,874787.5,1239.45877
0.51566,61.53548,3.78828,874760.9827,874800,1238.09622
0.51566,61.53564,3.78829,874759.7436,874775,1244.93772
0.51562,61.57625,3.79079,874760.0814,874800,1238.69323
0.51562,61.57674,3.79082,874759.5654,874750,1242.44355
0.51562,61.57721,3.79085,874760.453,874750,1238.81936
0.51562,61.57545,3.79074,874759.9191,874750,1240.07168
0.51558,61.61719,3.79331,874760.4222,874812.5,1240.20941
0.51558,61.61608,3.79324,874759.2204,874737.5,1247.97887
0.51558,61.61815,3.79337,874759.5783,874812.5,1240.76737
0.51557,61.62103,3.79354,874757.7889,874812.5,1239.07516
0.51554,61.65765,3.7958,874759.2674,874800,1244.25714
0.51554,61.65636,3.79572,874759.5443,874737.5,1235.87451
0.51553,61.66947,3.79653,874759.7421,874787.5,1241.32256
0.5155,61.69202,3.79792,874758.0142,874800,1239.92787
0.5155,61.69602,3.79816,874760.6192,874762.5,1245.40203
0.5155,61.69666,3.7982,874760.9082,874762.5,1227.58447
0.51546,61.73616,3.80063,874760.348,874800,1233.31497
0.51545,61.74271,3.80104,874760.2224,874787.5,1238.18511
0.51544,61.75359,3.80171,874758.9452,874825,1238.18642
0.51541,61.77998,3.80333,874757.8292,874750,1239.16632
0.51542,61.77661,3.80312,874760.0537,874800,1234.92189
0.51535,61.8425,3.80718,874760.057,874787.5,1236.40782
0.51537,61.82571,3.80615,874758.4743,874737.5,1237.48782
0.51534,61.85497,3.80795,874761.9154,874787.5,1246.04463
0.51526,61.93636,3.81296,874758.4896,874775,1236.38865
0.51526,61.93589,3.81293,874760.0182,874775,1238.02725
0.51526,61.93589,3.81293,874758.8853,874750,1245.10357
0.51526,61.93573,3.81292,874759.2178,874762.5,1237.97477
0.51523,61.96291,3.81459,874761.9215,874812.5,1241.01524
0.5152,61.99169,3.81636,874758.1867,874750,1239.9158
0.51519,62.00576,3.81723,874757.6948,874737.5,1245.40131
0.51518,62.00993,3.81749,874761.5587,874762.5,1238.86158
0.51518,62.01647,3.81789,874757.7841,874750,1242.00782
0.51516,62.03423,3.81898,874759.3137,874800,1236.36936
0.51514,62.0579,3.82044,874759.7657,874800,1238.96738
0.51514,62.05677,3.82037,874760.214,874725,1237.03492
0.51514,62.05757,3.82042,874758.4839,874812.5,1238.18681
0.51514,62.05725,3.8204,874760.2077,874787.5,1246.2175
0.5151,62.09659,3.82282,874759.4301,874812.5,1240.29613
0.5151,62.09724,3.82286,874759.8285,874787.5,1245.34889
0.5151,62.09707,3.82285,874761.0407,874837.5,1236.04939
0.5151,62.09755,3.82288,874758.8077,874762.5,1233.79503
0.5151,62.09819,3.82292,874757.8268,874837.5,1244.35535
0.51506,62.13849,3.8254,874760.1653,874750,1239.16421
0.51503,62.16871,3.82726,874758.6095,874837.5,1243.81957
0.51506,62.13609,3.82525,874759.9814,874737.5,1237.94734
0.51502,62.17815,3.82784,874758.6588,874825,1243.47214
0.51502,62.1783,3.82785,874759.0809,874750,1237.5631
0.51498,62.21956,3.83039,874759.208,874812.5,1240.63849
0.51498,62.2194,3.83038,874759.483,874750,1247.07815
0.51498,62.21749,3.83026,874759.0166,874787.5,1238.46451
0.51489,62.3,3.83534,874759.2654,874812.5,1240.03546
0.5149,62.29856,3.83526,874760.7739,874825,1239.63916
0.5149,62.29887,3.83527,874757.6292,874787.5,1244.20293
0.5149,62.29871,3.83526,874760.8215,874762.5,1242.23583
0.51486,62.33581,3.83755,874760.7404,874812.5,1228.66721
0.51486,62.3379,3.83768,874761.1696,874787.5,1242.26816
0.51483,62.36716,3.83948,874757.7335,874800,1237.25255
0.51482,62.37947,3.84024,874759.5361,874737.5,1240.86164
0.51484,62.35532,3.83875,874757.3288,874762.5,1243.78643
0.51482,62.37899,3.84021,874759.7606,874750,1239.93155
0.51481,62.37995,3.84027,874760.1444,874800,1244.12335
0.51478,62.41913,3.84268,874760.0385,874775,1232.56127
0.51474,62.45926,3.84515,874758.3875,874787.5,1240.70103
0.51473,62.4615,3.84529,874758.4189,874750,1238.55171
0.51473,62.4607,3.84524,874758.8056,874800,1241.6866
0.5147,62.49716,3.84748,874760.2514,874775,1240.23536
0.5147,62.49924,3.84761,874760.9226,874775,1237.01058
0.51465,62.53986,3.85011,874758.666,874775,1234.84381
0.51465,62.54066,3.85016,874760.587,874825,1244.46658
0.51465,62.54081,3.85017,874757.5928,874787.5,1239.96438
0.51462,62.57056,3.852,874762.2811,874762.5,1234.83768
0.51462,62.57951,3.85255,874758.1571,874750,1236.21873
0.51461,62.58064,3.85262,874758.8548,874775,1240.98245
0.51458,62.61981,3.85503,874758.776,874750,1237.83491
0.51457,62.62029,3.85506,874759.4541,874775,1239.28631
0.51457,62.61997,3.85504,874757.943,874737.5,1246.85581
0.51453,62.66075,3.85755,874755.7732,874750,1239.65154
0.51454,62.65948,3.85747,874757.3601,874762.5,1241.17428
0.51454,62.65899,3.85744,874760.0231,874750,1239.87302
0.51449,62.70056,3.86,874759.0231,874737.5,1238.29984
0.51449,62.70089,3.86002,874758.0525,874787.5,1235.98464
0.51449,62.70009,3.85997,874759.6981,874800,1241.30895
0.51449,62.70073,3.86001,874758.4435,874762.5,1236.19049
0.51449,62.70664,3.86038,874759.9515,874775,1241.44536
0.51446,62.73974,3.86242,874757.0567,874775,1237.11064
0.51445,62.7407,3.86247,874759.2483,874762.5,1240.75952
0.51446,62.73974,3.86242,874758.082,874812.5,1238.37946
0.51441,62.781,3.86496,874761.8592,874737.5,1237.58219
0.51441,62.785,3.8652,874758.0846,874762.5,1243.96116
0.51439,62.80914,3.86669,874760.6655,874800,1242.52033
0.51437,62.81986,3.86735,874757.7714,874750,1241.75335
0.51434,62.85487,3.8695,874761.2219,874775,1237.49373
0.51433,62.86047,3.86985,874757.1791,874775,1240.28959
0.51432,62.87535,3.87076,874758.7135,874787.5,1242.08662
0.51433,62.86031,3.86984,874760.6577,874825,1236.1359
0.51433,62.86464,3.8701,874756.8264,874787.5,1238.18198
0.51429,62.90012,3.87229,874759.9383,874825,1238.60856
0.51421,62.98056,3.87724,874759.2278,874775,1237.23905
0.51428,62.91213,3.87303,874758.1265,874812.5,1234.31448
0.51421,62.98136,3.87729,874759.2594,874725,1245.65636
0.51417,63.02134,3.87975,874759.8349,874762.5,1240.12321
0.51417,63.0207,3.87971,874758.2331,874750,1245.87642
0.51417,63.02358,3.87989,874758.5689,874787.5,1238.33997
0.51413,63.06131,3.88221,874758.4463,874762.5,1242.16736
0.51413,63.06051,3.88216,874758.4196,874762.5,1232.10151
0.51409,63.1013,3.88467,874759.4507,874850,1243.70688
0.51407,63.12927,3.8864,874760.947,874775,1238.91596
0.51407,63.12289,3.886,874758.7746,874762.5,1238.67802
0.51405,63.14399,3.8873,874757.2551,874775,1242.41101
0.51404,63.15966,3.88827,874758.2313,874787.5,1237.0145
0.51401,63.18125,3.8896,874758.1235,874775,1235.04482
0.51401,63.18125,3.8896,874758.5974,874737.5,1235.31818
0.51397,63.22106,3.89205,874760.2184,874825,1236.91815
0.51401,63.18396,3.88976,874758.7656,874787.5,1238.73778
0.51397,63.21995,3.89198,874758.2761,874787.5,1239.23475
0.51397,63.2217,3.89209,874758.0213,874775,1238.29057
0.51394,63.25305,3.89402,874759.3289,874850,1241.20231
0.51393,63.26104,3.89451,874759.1669,874775,1240.01002
0.51393,63.26089,3.8945,874760.622,874787.5,1239.27755
0.51393,63.26136,3.89453,874756.4008,874825,1233.05259
0.51391,63.28983,3.89628,874761.2505,874775,1236.28062
0.5139,63.29862,3.89682,874758.7611,874762.5,1227.51233
0.5139,63.29926,3.89686,874760.8204,874825,1241.19224
0.51389,63.30406,3.89716,874757.0137,874825,1239.68665
0.51386,63.33844,3.89927,874759.1422,874837.5,1236.83788
0.51385,63.34548,3.89971,874758.7771,874737.5,1235.82973
0.51386,63.3394,3.89933,874759.9071,874787.5,1238.40947
0.51381,63.38001,3.90183,874758.1368,874787.5,1239.05216
0.5138,63.39792,3.90293,874757.6585,874775,1236.94841
0.51378,63.41807,3.90418,874759.8962,874775,1238.93374
0.51378,63.41951,3.90426,874756.8714,874800,1237.99749
0.51377,63.42047,3.90432,874759.4458,874812.5,1239.94247
0.51373,63.46012,3.90676,874756.6162,874812.5,1243.59811
0.51373,63.45998,3.90675,874760.7819,874750,1234.92453
0.51371,63.48108,3.90805,874757.2233,874812.5,1238.7302
0.51369,63.50042,3.90924,874759.0219,874725,1238.31519
0.51369,63.50139,3.9093,874757.9443,874800,1238.31396
0.51365,63.54169,3.91179,874761.7104,874775,1244.32479
0.51365,63.542,3.9118,874757.2016,874800,1233.36586
0.51365,63.54153,3.91178,874756.6945,874787.5,1236.60441
0.51361,63.5831,3.91433,874757.8665,874812.5,1247.29116
0.51361,63.58277,3.91431,874758.8708,874775,1237.2832
0.51358,63.6194,3.91657,874758.4252,874787.5,1236.46035
0.51357,63.621,3.91667,874759.0524,874750,1241.86208
0.51357,63.62036,3.91663,874757.3089,874812.5,1235.60182
0.51354,63.6597,3.91905,874757.5707,874762.5,1245.28611
0.51353,63.66114,3.91914,874760.9089,874762.5,1242.28965
0.51353,63.66049,3.9191,874757.2799,874737.5,1237.2557
0.5135,63.69904,3.92147,874761.1637,874750,1240.73171
0.5135,63.69855,3.92144,874758.4275,874787.5,1234.12864
0.5135,63.69855,3.92144,874759.5655,874850,1234.86849
0.51349,63.70062,3.92157,874759.1593,874775,1240.60173
0.51349,63.70111,3.9216,874758.4987,874800,1241.89254
0.51345,63.74092,3.92405,874757.816,874775,1241.9862
0.51345,63.74141,3.92408,874758.5014,874787.5,1236.5172
0.51345,63.74236,3.92414,874757.1988,874787.5,1240.85241
0.51345,63.74189,3.92411,874759.0997,874687.5,1238.21699
0.51345,63.74029,3.92401,874758.4154,874837.5,1240.70336
0.51342,63.77979,3.92644,874758.7539,874712.5,1236.58239
0.51338,63.81065,3.92834,874758.2567,874800,1243.65219
0.51342,63.77915,3.9264,874757.6558,874787.5,1246.61097
0.51337,63.82072,3.92896,874760.4747,874737.5,1240.92115
0.51337,63.82089,3.92897,874757.827,874812.5,1239.01718
0.51333,63.86134,3.93146,874761.5649,874775,1236.04627
0.51333,63.8607,3.93142,874757.8683,874737.5,1243.26138
0.51333,63.86805,3.93188,874760.8887,874775,1245.53679
0.51333,63.8631,3.93157,874758.1622,874787.5,1241.36679
0.51329,63.90035,3.93387,874760.5107,874737.5,1241.13819
0.51329,63.90131,3.93392,874759.6084,874737.5,1240.49934
0.51328,63.91028,3.93448,874760.2583,874712.5,1238.5542
0.51325,63.94145,3.9364,874759.672,874800,1241.3618
0.51317,64.023,3.94142,874758.3719,874762.5,1240.35739
0.51318,64.01069,3.94066,874758.9232,874825,1234.41247
0.51313,64.0609,3.94375,874758.8941,874775,1238.45335
0.51313,64.06026,3.94371,874759.3372,874812.5,1235.95449
0.51314,64.05946,3.94366,874758.7865,874787.5,1237.52955
0.51313,64.06186,3.94381,874759.4386,874762.5,1249.39466
0.51309,64.10104,3.94622,874757.4178,874787.5,1241.94638
0.51309,64.1012,3.94623,874760.8563,874725,1249.58321
0.51309,64.10184,3.94627,874756.292,874812.5,1239.20235
0.51305,64.14325,3.94882,874758.311,874762.5,1235.9044
0.51305,64.14197,3.94874,874757.7404,874837.5,1241.38743
0.51305,64.14294,3.9488,874760.899,874775,1245.05398
0.51301,64.18355,3.9513,874760.3866,874812.5,1241.64349
0.51301,64.18244,3.95123,874757.7618,874800,1237.78522
0.51297,64.22369,3.95377,874759.2054,874775,1234.22673
0.51297,64.22352,3.95376,874758.9904,874775,1235.81435
0.51297,64.22241,3.95369,874758.2265,874800,1238.23135
0.51293,64.26302,3.95619,874756.162,874812.5,1232.24798
0.51293,64.26286,3.95618,874762.2362,874825,1244.25106
0.51293,64.26302,3.95619,874758.0792,874775,1238.18266
0.51293,64.26271,3.95617,874760.3708,874775,1240.85647
0.51289,64.30396,3.95871,874756.8983,874750,1242.01195
0.51289,64.30364,3.95869,874759.2536,874825,1238.53431
0.51288,64.31436,3.95935,874759.794,874812.5,1233.36944
0.51285,64.34426,3.96119,874760.2106,874737.5,1241.27293
0.51285,64.34378,3.96116,874760.8521,874775,1236.94064
0.51283,64.36729,3.96261,874759.1465,874762.5,1233.27051
0.51281,64.38456,3.96367,874758.7423,874762.5,1240.79331
0.51281,64.38504,3.9637,874758.1327,874762.5,1245.33897
0.51277,64.42214,3.96599,874759.4401,874800,1241.4448
0.51277,64.42245,3.96601,874757.4789,874725,1239.96342
0.51277,64.42245,3.96601,874760.0029,874800,1237.01485
0.51273,64.46291,3.9685,874757.2766,874787.5,1239.95133
0.51273,64.46339,3.96853,874757.8348,874750,1238.76609
0.51273,64.46291,3.9685,874757.0168,874800,1231.87827
0.51269,64.50321,3.97098,874759.8482,874775,1235.37283
0.51269,64.50129,3.97086,874759.0599,874825,1240.2453
0.51269,64.50129,3.97086,874760.0643,874812.5,1246.78564
0.51268,64.51376,3.97163,874757.0016,874812.5,1240.90065
0.51265,64.54255,3.9734,874759.8711,874787.5,1235.68048
0.51265,64.54222,3.97338,874757.2252,874812.5,1235.50463
0.51262,64.57516,3.97541,874757.7038,874812.5,1234.83404
0.51261,64.58236,3.97585,874757.5701,874850,1242.20773
0.51261,64.5806,3.97574,874759.4052,874812.5,1241.74595
0.51258,64.6177,3.97803,874757.9135,874800,1234.18592
0.51261,64.58156,3.9758,874758.1241,874812.5,1236.53918
0.51257,64.62202,3.97829,874759.1981,874775,1240.92791
0.51257,64.62362,3.97839,874758.9262,874762.5,1242.24802
0.51256,64.63034,3.97881,874759.5667,874812.5,1240.66335
0.51253,64.66264,3.98079,874758.7068,874712.5,1239.59362
0.51253,64.6636,3.98085,874757.8858,874775,1243.89044
0.51249,64.70181,3.98321,874755.9759,874737.5,1243.03938
0.51249,64.70261,3.98325,874759.9495,874787.5,1243.26726
0.51248,64.71109,3.98378,874759.3033,874775,1241.955
0.51245,64.74147,3.98565,874758.1483,874750,1239.54399
0.51245,64.74164,3.98566,874760.6625,874812.5,1239.33925
0.51244,64.75442,3.98644,874759.0167,874787.5,1234.58258
0.51241,64.78161,3.98812,874760.5189,874812.5,1240.11347
0.51241,64.78113,3.98809,874759.542,874812.5,1241.97846
0.51241,64.78049,3.98805,874757.7925,874787.5,1242.41203
0.51237,64.82335,3.99069,874756.4086,874787.5,1240.69718
0.51237,64.82543,3.99082,874758.7026,874762.5,1240.23826
0.51233,64.8606,3.99298,874758.4528,874812.5,1245.21266
0.51233,64.863,3.99313,874761.1588,874825,1243.42814
0.51233,64.863,3.99313,874759.2175,874750,1238.41952
0.51232,64.87324,3.99376,874759.4122,874762.5,1239.58352
0.51229,64.9025,3.99556,874756.8618,874837.5,1234.2606
0.51229,64.9017,3.99551,874761.5964,874787.5,1240.7527
0.51229,64.90666,3.99582,874757.7761,874700,1236.50098
0.51229,64.90137,3.99549,874759.1126,874787.5,1240.86709
0.51225,64.94151,3.99796,874756.1184,874812.5,1242.15865
0.51221,64.98421,4.00059,874760.6911,874750,1236.83201
0.51221,64.98134,4.00041,874756.2476,874812.5,1239.41037
0.51221,64.98037,4.00035,874757.2463,874737.5,1235.09238
0.51217,65.02451,4.00307,874758.8201,874737.5,1242.09839
0.51217,65.02228,4.00293,874757.7378,874787.5,1238.73299
0.51217,65.02323,4.00299,874759.9804,874837.5,1238.29602
0.51211,65.08847,4.00701,874757.7673,874762.5,1240.62119
0.51209,65.10255,4.00788,874759.1051,874725,1240.72382
0.51209,65.10286,4.00789,874757.3493,874787.5,1242.14133
0.51205,65.14204,4.01031,874757.0272,874737.5,1243.18244
0.51205,65.1422,4.01032,874758.6309,874800,1239.98155
0.51205,65.14172,4.01029,874757.9406,874812.5,1239.16165
0.51201,65.18314,4.01284,874759.8881,874787.5,1234.8238
0.51201,65.18346,4.01286,874757.4896,874737.5,1240.32747
0.51201,65.18281,4.01282,874759.195,874775,1241.00438
0.51201,65.18297,4.01283,874758.0065,874812.5,1240.64354
0.51197,65.22311,4.0153,874757.2174,874775,1243.67566
0.51197,65.22391,4.01535,874757.9642,874800,1246.5374
0.51193,65.26405,4.01782,874759.5135,874762.5,1245.91726
0.51193,65.26469,4.01786,874758.1218,874812.5,1241.36516
0.51193,65.26437,4.01784,874758.1297,874762.5,1239.28305
0.51193,65.26437,4.01784,874758.8993,874787.5,1238.87371
0.51189,65.30451,4.02031,874758.4899,874762.5,1235.02141
0.51189,65.30515,4.02035,874758.0201,874750,1231.68046
0.51189,65.30579,4.02039,874756.8342,874800,1237.28991
0.51187,65.3237,4.02149,874759.6833,874762.5,1239.15149
0.51185,65.34352,4.02271,874757.1369,874825,1236.18693
0.51181,65.38399,4.0252,874759.0188,874825,1243.28298
0.51181,65.38462,4.02524,874757.6004,874825,1235.6911
0.51181,65.38174,4.02506,874758.7689,874825,1243.58996
0.51177,65.42364,4.02764,874757.4039,874825,1239.40562
0.51177,65.42267,4.02758,874758.9391,874737.5,1244.3755
0.51173,65.46281,4.03005,874759.0573,874812.5,1236.24164
0.51174,65.45322,4.02946,874757.0449,874800,1236.60065
0.51173,65.4641,4.03013,874759.7479,874725,1246.78645
0.51173,65.46346,4.03009,874759.8496,874762.5,1239.38591
0.5117,65.49193,4.03185,874758.2198,874800,1238.02588
0.51165,65.54245,4.03496,874759.1992,874725,1246.21188
0.51169,65.50488,4.03264,874757.1065,874775,1235.85646
0.51165,65.54421,4.03507,874758.775,874800,1241.23812
0.51165,65.54229,4.03495,874758.0909,874825,1230.29452
0.51161,65.58291,4.03745,874756.5122,874837.5,1237.97668
0.51161,65.5869,4.03769,874757.2504,874787.5,1240.88791
0.51159,65.60241,4.03865,874757.6169,874825,1236.82685
0.51157,65.62465,4.04002,874757.6039,874762.5,1241.66751
0.51157,65.6248,4.04003,874756.5674,874775,1236.64064
0.51155,65.64879,4.0415,874758.8686,874800,1242.32472
0.51153,65.66366,4.04242,874757.026,874775,1241.45737
0.51153,65.66383,4.04243,874757.6768,874787.5,1241.19071
0.51149,65.70476,4.04495,874758.4445,874800,1241.062
0.51146,65.73482,4.0468,874758.7569,874837.5,1246.58803
0.51145,65.74297,4.0473,874757.0601,874812.5,1239.38161
0.51145,65.7449,4.04742,874758.3297,874775,1237.67501
0.51145,65.74649,4.04752,874755.6956,874712.5,1238.30552
0.51141,65.78104,4.04965,874758.3387,874737.5,1233.34964
0.51141,65.78279,4.04975,874757.6848,874775,1237.38926
0.51141,65.78375,4.04981,874758.9193,874787.5,1243.99571
0.51137,65.82357,4.05226,874757.8068,874787.5,1243.8953
0.51137,65.82452,4.05232,874756.9506,874725,1243.51846
0.51137,65.82245,4.05219,874757.7904,874787.5,1242.71818
0.51137,65.82389,4.05228,874756.4168,874725,1241.49479
0.51133,65.8653,4.05483,874759.806,874762.5,1233.89789
0.51133,65.86515,4.05482,874756.7012,874787.5,1242.88895
0.51131,65.88417,4.05599,874758.0943,874787.5,1234.45253
0.51129,65.90513,4.05728,874757.3747,874850,1239.7559
0.51129,65.90464,4.05725,874757.3603,874800,1245.11883
0.51129,65.90496,4.05727,874758.2584,874800,1245.08996
0.51129,65.90513,4.05728,874757.9765,874737.5,1238.09712
0.51125,65.94302,4.05962,874757.1992,874800,1239.46771
0.51124,65.95358,4.06027,874759.0432,874750,1235.04529
0.51125,65.94382,4.05967,874758.3862,874762.5,1232.08491
0.51125,65.9443,4.0597,874758.9817,874725,1240.22206
0.51121,65.9846,4.06218,874756.6463,874712.5,1242.86374
0.51119,66.00426,4.06339,874756.1485,874837.5,1239.61082
0.51117,66.02521,4.06468,874758.9156,874787.5,1237.37574
0.51117,66.02441,4.06463,874758.2215,874737.5,1243.79883
0.51117,66.0241,4.06461,874758.154,874762.5,1238.22321
0.51117,66.02489,4.06466,874757.9356,874837.5,1240.95202
0.51115,66.0476,4.06606,874758.1295,874787.5,1240.27761
0.51113,66.06519,4.06714,874758.8188,874787.5,1237.45816
0.51113,66.06422,4.06708,874758.0729,874812.5,1233.68749
0.51105,66.14466,4.07203,874757.0186,874800,1235.88248
0.51105,66.14579,4.0721,874757.2932,874787.5,1236.96288
0.51105,66.14499,4.07205,874758.3682,874787.5,1237.34332
0.51101,66.18624,4.07459,874757.9115,874825,1245.44801
0.51097,66.22303,4.07685,874759.3561,874837.5,1244.23163
0.51097,66.22606,4.07704,874757.1765,874800,1246.08595
0.51097,66.22654,4.07707,874757.9981,874800,1238.42268
0.51093,66.26524,4.07945,874757.5368,874725,1238.79898
0.51093,66.26587,4.07949,874758.3283,874825,1238.28345
0.51089,66.30569,4.08194,874758.2015,874800,1240.2102
0.5109,66.29897,4.08153,874756.5068,874762.5,1240.16247
0.51089,66.30489,4.08189,874759.7648,874762.5,1235.87562
0.51087,66.32312,4.08302,874756.9454,874800,1233.64238
0.51085,66.34439,4.08433,874757.9274,874812.5,1239.1922
0.51081,66.38373,4.08675,874756.3459,874800,1245.02453
0.51081,66.3866,4.08693,874758.6035,874775,1250.42441
0.51081,66.38501,4.08683,874756.723,874787.5,1240.20213
0.51077,66.42003,4.08898,874755.6659,874787.5,1239.09588
0.51077,66.42419,4.08924,874756.5824,874787.5,1246.9227
0.51077,66.42466,4.08927,874757.6586,874775,1242.20185
0.51075,66.44961,4.0908,874759.3128,874800,1238.47285
0.51074,66.45072,4.09087,874757.5701,874775,1237.79094
0.51073,66.46433,4.09171,874757.6727,874750,1240.33449
0.51069,66.50574,4.09426,874758.0532,874750,1240.086
0.51072,66.47935,4.09263,874758.4218,874737.5,1236.03557
0.51069,66.50461,4.09419,874757.5295,874787.5,1242.97522
0.51065,66.5422,4.0965,874757.4856,874762.5,1237.95994
0.51065,66.54395,4.09661,874759.036,874800,1235.1307
0.51065,66.54507,4.09668,874758.1906,874825,1237.61688
0.51065,66.54604,4.09674,874758.1699,874837.5,1236.40899
0.51058,66.61735,4.10113,874756.3959,874762.5,1238.33552
0.51061,66.58537,4.09916,874759.1243,874812.5,1234.50352
0.51057,66.62486,4.10159,874755.0631,874737.5,1236.10846
0.51053,66.66085,4.10381,874758.2719,874787.5,1242.39512
0.51053,66.66389,4.104,874754.9096,874812.5,1238.35322
0.51053,66.6642,4.10401,874757.1551,874762.5,1245.93685
0.51053,66.66516,4.10407,874757.0545,874800,1239.84878
0.51049,66.70579,4.10658,874756.2359,874787.5,1241.46109
0.51049,66.70466,4.10651,874757.875,874787.5,1232.29152
0.51045,66.74576,4.10904,874758.0136,874787.5,1236.14565
0.51045,66.74464,4.10897,874757.5588,874787.5,1241.58033
0.51042,66.77806,4.11102,874757.2049,874812.5,1235.86296
0.51041,66.78366,4.11137,874758.6173,874812.5,1244.10285
0.51041,66.78478,4.11144,874757.9676,874750,1247.70385
0.51038,66.81069,4.11303,874757.6789,874825,1242.88834
0.51038,66.81308,4.11318,874755.8645,874750,1232.62725
0.51037,66.82235,4.11375,874759.3043,874812.5,1226.73755
0.51036,66.83291,4.1144,874756.4392,874787.5,1237.50284
0.51033,66.86601,4.11644,874759.3045,874787.5,1233.27578
0.51033,66.86538,4.1164,874757.3515,874775,1236.19388
0.51029,66.90486,4.11883,874758.3897,874762.5,1231.80716
0.51029,66.90631,4.11892,874758.1206,874812.5,1244.36807
0.51029,66.90599,4.1189,874758.5427,874762.5,1245.89785
0.51025,66.94612,4.12137,874756.8457,874775,1241.51812
0.51024,66.9594,4.12219,874757.1223,874825,1239.39036
0.51021,66.98498,4.12376,874758.6136,874812.5,1242.89139
0.51021,66.98466,4.12374,874754.0812,874762.5,1241.6536
0.51017,67.02624,4.1263,874757.1403,874812.5,1243.13958
0.51017,67.02576,4.12627,874757.7049,874837.5,1241.09101
0.51014,67.05726,4.12821,874757.2096,874725,1240.41401
0.51013,67.0659,4.12874,874759.3116,874737.5,1242.34939
0.51013,67.06605,4.12875,874756.1702,874737.5,1238.10195
0.51012,67.07101,4.12906,874758.3953,874825,1245.12921
0.51009,67.10699,4.13127,874755.816,874800,1238.02912
0.51001,67.18599,4.13614,874758.2636,874800,1242.2364
0.51001,67.1863,4.13616,874758.2787,874850,1243.72739
0.51,67.19526,4.13671,874757.6066,874762.5,1239.65218
0.50997,67.22229,4.13837,874757.1023,874762.5,1235.61146
0.50997,67.2266,4.13864,874756.5955,874775,1238.61459
0.50997,67.22516,4.13855,874757.861,874762.5,1244.33099
0.50994,67.25699,4.14051,874758.7432,874762.5,1242.98898
0.50993,67.26626,4.14108,874758.7102,874800,1236.69216
0.50993,67.26626,4.14108,874757.021,874825,1237.61766
0.50988,67.31199,4.14389,874759.155,874787.5,1250.16645
0.50988,67.31071,4.14382,874757.285,874787.5,1241.21155
0.50984,67.35213,4.14637,874757.3126,874750,1244.23981
0.50984,67.35245,4.14639,874757.5326,874750,1238.79356
0.50982,67.37387,4.1477,874757.5612,874775,1237.91535
0.50981,67.38395,4.14832,874758.3363,874800,1243.32276
0.5098,67.39226,4.14884,874756.9776,874812.5,1238.81995
0.50978,67.41929,4.1505,874757.2115,874775,1245.23241
0.50976,67.43304,4.15135,874756.8587,874800,1239.24041
0.50976,67.43,4.15116,874759.4946,874775,1243.57027
0.50975,67.44184,4.15189,874755.7623,874762.5,1238.6504
0.50973,67.46326,4.15321,874757.7047,874800,1242.16161
0.50972,67.4727,4.15379,874758.296,874775,1240.12773
0.50968,67.51091,4.15614,874757.4826,874750,1236.646
0.50968,67.51268,4.15625,874758.2122,874775,1236.7814
0.50968,67.51171,4.15619,874759.8804,874825,1238.0106
0.50968,67.51316,4.15628,874758.0667,874800,1239.14272
0.50964,67.55201,4.15867,874758.3573,874800,1237.70697
0.50964,67.5533,4.15875,874758.609,874725,1239.32343
0.50964,67.55618,4.15893,874758.1825,874762.5,1242.34244
0.5096,67.59342,4.16122,874758.8782,874837.5,1239.57935
0.50958,67.61677,4.16266,874755.4494,874762.5,1235.23729
0.50956,67.63245,4.16362,874757.0898,874762.5,1238.03095
0.50956,67.63261,4.16363,874759.6605,874787.5,1243.76761
0.50956,67.63212,4.1636,874755.1372,874762.5,1243.94757
0.50954,67.65595,4.16507,874759.2612,874800,1234.31622
0.50952,67.67306,4.16612,874755.0337,874762.5,1233.75958
0.50952,67.67242,4.16608,874759.2552,874825,1238.66177
0.50948,67.71256,4.16855,874756.4243,874825,1232.50258
0.50948,67.71272,4.16856,874756.6861,874787.5,1237.66998
0.50945,67.74726,4.17069,874758.6152,874725,1240.04477
0.50944,67.75382,4.17109,874756.4839,874775,1239.74739
0.50944,67.75382,4.17109,874756.9208,874825,1238.76195
0.50942,67.77172,4.1722,874757.2172,874750,1234.93276
0.5094,67.7938,4.17356,874756.7915,874787.5,1234.06512
0.5094,67.79316,4.17352,874756.731,874800,1238.37011
0.50936,67.83329,4.17599,874758.6541,874825,1243.5075
0.50936,67.83249,4.17594,874758.0619,874787.5,1237.10496
0.50936,67.83201,4.17591,874754.5827,874787.5,1244.32068
0.50932,67.87168,4.17835,874761.5326,874762.5,1231.89726
0.50931,67.88719,4.1793,874758.0889,874812.5,1238.02177
0.50928,67.91181,4.18082,874756.4835,874762.5,1239.98824
0.50928,67.91293,4.18089,874758.0225,874775,1244.87507
0.50928,67.91293,4.18089,874757.1058,874725,1242.47371
0.50926,67.93787,4.18243,874756.5309,874787.5,1235.63242
0.50924,67.9513,4.18325,874755.8424,874787.5,1245.27267
0.50924,67.9513,4.18325,874756.32,874787.5,1237.00863
0.5092,67.994,4.18588,874756.9134,874825,1239.31524
0.5092,67.9924,4.18578,874756.7174,874750,1243.96471
0.5092,67.99129,4.18571,874755.6753,874825,1242.83127
0.50916,68.03334,4.1883,874756.4069,874800,1239.89634
0.50916,68.03301,4.18828,874757.0343,874775,1235.13649
0.50916,68.03414,4.18835,874757.5411,874775,1243.01405
0.50912,68.07588,4.19092,874756.3013,874775,1240.14907
0.50912,68.07604,4.19093,874756.3285,874775,1234.04437
0.50908,68.11314,4.19322,874757.1726,874812.5,1237.29134
0.50908,68.11361,4.19324,874758.117,874775,1243.61965
0.50908,68.11377,4.19325,874757.2798,874762.5,1242.4056
0.50904,68.15342,4.1957,874759.3643,874750,1242.90116
0.50904,68.15391,4.19573,874756.1558,874812.5,1234.19816
0.50902,68.1723,4.19686,874756.3801,874762.5,1238.46526
0.50896,68.23546,4.20075,874757.4265,874812.5,1243.60778
0.50895,68.24905,4.20158,874756.901,874750,1240.89955
0.50892,68.27367,4.2031,874758.8943,874725,1240.68908
0.50892,68.27224,4.20301,874757.8614,874775,1239.97247
0.50888,68.31318,4.20553,874758.4112,874750,1242.68182
0.50888,68.31446,4.20561,874756.1194,874737.5,1239.07364
0.50884,68.35411,4.20805,874756.3529,874850,1242.02609
0.50884,68.35395,4.20804,874758.6458,874825,1235.00755
0.50884,68.35491,4.2081,874755.2334,874762.5,1242.50221
0.5088,68.39489,4.21056,874756.5103,874750,1239.51698
0.5088,68.39521,4.21058,874755.7298,874812.5,1244.55777
0.5088,68.39585,4.21062,874757.6253,874825,1239.11618
0.50876,68.43455,4.213,874756.2698,874800,1240.97258
0.50876,68.43551,4.21306,874755.3874,874812.5,1239.26844
0.50872,68.4758,4.21554,874758.2283,874750,1238.68422
0.50872,68.47436,4.21545,874758.2331,874800,1245.02111
0.50872,68.47485,4.21548,874757.1106,874750,1240.28185
0.50872,68.47756,4.21565,874754.9128,874737.5,1239.66957
0.50869,68.50715,4.21747,874759.5146,874787.5,1239.30842
0.50868,68.51802,4.21814,874758.3117,874837.5,1235.87272
0.50864,68.55607,4.22048,874755.5167,874837.5,1240.8933
0.50864,68.55544,4.22044,874758.077,874775,1235.25963
0.50864,68.55591,4.22047,874755.2594,874737.5,1242.49468
0.50864,68.55576,4.22046,874756.8869,874737.5,1241.92595
0.5086,68.5959,4.22294,874756.8328,874787.5,1245.1322
0.5086,68.5959,4.22294,874756.0635,874812.5,1244.78236
0.5086,68.59494,4.22288,874757.5693,874775,1239.01109
0.50856,68.63779,4.22551,874756.2617,874762.5,1242.54072
0.50853,68.66018,4.22689,874757.9404,874737.5,1242.60486
0.50852,68.67425,4.22776,874758.2881,874775,1240.2258
0.50849,68.70575,4.2297,874757.4357,874725,1243.21778
0.50851,68.68256,4.22827,874758.4242,874725,1239.86846
0.50848,68.71695,4.23039,874755.6894,874825,1241.50168
0.50848,68.71806,4.23046,874756.9384,874762.5,1241.84684
0.50848,68.71839,4.23048,874757.5691,874800,1236.22744
0.50844,68.75389,4.23266,874756.6883,874750,1241.5484
0.50844,68.75469,4.23271,874754.5714,874750,1238.93251
0.5084,68.79466,4.23517,874757.9751,874800,1241.38134
0.5084,68.79497,4.23519,874755.5303,874800,1234.13792
0.5084,68.79466,4.23517,874758.5556,874787.5,1236.53489
0.5084,68.79466,4.23517,874755.9303,874750,1246.21056
0.50836,68.8356,4.23769,874758.1076,874825,1238.46987
0.50836,68.8348,4.23764,874756.3433,874800,1241.38637
0.50836,68.834,4.23759,874755.617,874850,1240.52204
0.50832,68.87397,4.24005,874758.1144,874750,1235.88458
0.50832,68.87445,4.24008,874758.7132,874825,1239.48378
0.50828,68.91364,4.2425,874758.6828,874800,1241.99449
0.50828,68.91235,4.24242,874756.732,874750,1240.9646
0.50828,68.91395,4.24252,874756.2314,874800,1242.59761
0.50824,68.95392,4.24498,874757.7916,874750,1239.97738
0.50824,68.95473,4.24503,874754.0773,874812.5,1236.36493
0.50822,68.97744,4.24642,874757.2633,874787.5,1241.77321
0.50824,68.95569,4.24508,874754.4296,874775,1243.57313
0.50824,68.95553,4.24507,874755.9479,874775,1244.7274
0.5082,68.99646,4.24759,874758.3105,874800,1239.94141
0.5082,68.99662,4.2476,874757.209,874750,1233.98015
0.50817,69.0278,4.24952,874755.3361,874762.5,1241.64036
0.50816,69.03516,4.24998,874756.7949,874775,1240.63353
0.50816,69.03452,4.24994,874756.5916,874750,1241.18368
0.50812,69.07786,4.25261,874758.7051,874812.5,1240.23237
0.50812,69.07738,4.25258,874756.2024,874775,1238.10679
0.50812,69.07594,4.25249,874755.3819,874750,1241.33596
0.50808,69.1148,4.25488,874755.3345,874800,1235.50033
0.50808,69.11751,4.25505,874757.1832,874800,1241.35946
0.50804,69.15589,4.25741,874754.9133,874787.5,1242.60742
0.50808,69.11384,4.25482,874755.4346,874750,1236.53384
0.50804,69.15717,4.25749,874757.4317,874800,1234.13423
0.508,69.19667,4.25992,874757.7721,874762.5,1241.56029
0.508,69.19651,4.25991,874758.6213,874775,1243.84193
0.508,69.19779,4.25999,874756.3995,874800,1242.69631
0.50792,69.27534,4.26476,874757.7979,874812.5,1241.84576
0.50792,69.27759,4.2649,874755.6538,874787.5,1240.66323
0.50792,69.27614,4.26481,874755.9048,874762.5,1235.45946
0.50788,69.3166,4.2673,874756.0287,874750,1232.72842
0.50788,69.3166,4.2673,874755.4841,874762.5,1241.71635
0.50788,69.31612,4.26727,874755.225,874775,1240.32183
0.50785,69.3457,4.26909,874757.9535,874787.5,1239.7897
0.50784,69.35641,4.26975,874754.8634,874775,1241.10631
0.5078,69.39575,4.27218,874758.9828,874825,1241.14621
0.5078,69.39575,4.27218,874756.5299,874725,1238.51411
0.5078,69.39447,4.2721,874757.5844,874750,1241.15676
0.5078,69.39511,4.27214,874757.2467,874787.5,1235.71616
0.50776,69.43461,4.27457,874756.6343,874787.5,1236.3505
0.50776,69.43541,4.27462,874755.8859,874787.5,1242.86686
0.50776,69.43541,4.27462,874756.7161,874775,1234.16293
0.50772,69.47539,4.27708,874758.6517,874825,1238.26333
0.50772,69.47602,4.27712,874755.9544,874787.5,1248.67188
0.50772,69.47635,4.27714,874754.8298,874750,1233.88936
0.50772,69.47602,4.27712,874756.8189,874812.5,1237.7558
0.50768,69.51585,4.27957,874753.8013,874750,1239.01964
0.50768,69.51505,4.27952,874758.4222,874787.5,1242.32262
0.50768,69.51873,4.27975,874756.6098,874787.5,1242.21162
0.50765,69.54799,4.28155,874756.3309,874762.5,1237.47894
0.50764,69.55519,4.28199,874755.869,874725,1236.7225
0.5076,69.59467,4.28442,874759.0599,874737.5,1243.21471
0.5076,69.59516,4.28445,874757.6444,874737.5,1240.93107
0.5076,69.59916,4.2847,874757.2503,874750,1239.81371
0.50759,69.60364,4.28497,874755.3906,874800,1240.36656
0.50756,69.63466,4.28688,874756.4622,874862.5,1247.07529
0.50756,69.63321,4.28679,874757.9019,874750,1239.99349
0.50752,69.67655,4.28946,874756.1667,874750,1234.42676
0.50752,69.67575,4.28941,874756.7106,874800,1238.17889
0.50752,69.67655,4.28946,874754.7184,874825,1239.40864
0.50748,69.71589,4.29188,874756.1985,874812.5,1238.85792
0.50748,69.71445,4.2918,874756.042,874775,1242.80598
0.50748,69.71429,4.29179,874754.6786,874737.5,1240.87883
0.50744,69.75506,4.2943,874757.8064,874812.5,1237.95459
0.50744,69.75586,4.29435,874755.8659,874750,1238.7617
0.50744,69.75522,4.29431,874756.6946,874750,1237.5927
0.50743,69.76499,4.29491,874757.004,874800,1242.23541
0.5074,69.7968,4.29687,874756.15,874800,1239.15492
0.5074,69.79665,4.29686,874756.2738,874775,1240.58403
0.5074,69.79649,4.29685,874755.9638,874812.5,1244.39711
0.50739,69.8024,4.29721,874756.9577,874762.5,1242.62462
0.50732,69.87564,4.30172,874755.0078,874812.5,1240.66543
0.50736,69.83726,4.29936,874758.5143,874825,1242.69324
0.50732,69.87707,4.30181,874755.4342,874825,1238.27425
0.50732,69.87516,4.30169,874754.8131,874762.5,1245.19062
0.50732,69.87548,4.30171,874756.615,874750,1244.53994
0.50728,69.91705,4.30427,874755.6652,874775,1235.46846
0.50728,69.91801,4.30433,874757.4298,874762.5,1236.36289
0.50727,69.92776,4.30493,874755.9724,874712.5,1242.22064
0.50724,69.95767,4.30677,874754.9219,874800,1234.5448
0.50724,69.95751,4.30676,874756.3192,874762.5,1243.37551
0.5072,69.99845,4.30928,874754.9631,874750,1237.31652
0.5072,69.99845,4.30928,874756.5767,874762.5,1235.349
0.5072,69.99829,4.30927,874755.3678,874800,1240.55755
0.50718,70.01796,4.31048,874757.9441,874787.5,1240.61147
0.50716,70.03635,4.31161,874756.0777,874775,1241.56812
0.50716,70.03571,4.31157,874755.5327,874800,1239.93568
0.50712,70.07616,4.31406,874755.7581,874787.5,1240.36983
0.50712,70.07712,4.31412,874755.7984,874737.5,1247.53512
0.50712,70.07664,4.31409,874755.6546,874750,1238.76476
0.5071,70.09551,4.31525,874757.19,874775,1242.76375
0.50708,70.11854,4.31667,874756.7062,874787.5,1235.69232
0.50708,70.1171,4.31658,874758.4795,874762.5,1236.1871
0.50704,70.15196,4.31873,874755.8135,874787.5,1244.62941
0.50704,70.15771,4.31908,874755.6529,874825,1240.98362
0.50704,70.15804,4.3191,874754.0583,874787.5,1243.24212
0.50704,70.15724,4.31905,874758.0136,874775,1239.81809
0.507,70.19721,4.32152,874756.5979,874750,1240.61264
0.50699,70.20538,4.32202,874755.4507,874787.5,1237.45729
0.50696,70.23927,4.32411,874754.8767,874775,1240.48886
0.50696,70.23879,4.32408,874757.0613,874750,1234.52972
0.50696,70.23719,4.32398,874754.6039,874800,1233.93557
0.50688,70.31779,4.32894,874755.8587,874775,1239.00222
0.50688,70.31699,4.32889,874753.796,874837.5,1236.27705
0.50686,70.33697,4.33012,874756.4131,874737.5,1229.15921
0.50688,70.31603,4.32883,874757.9269,874800,1243.66253
0.50684,70.35569,4.33127,874754.9658,874775,1238.59822
0.50684,70.35744,4.33138,874755.6836,874750,1242.2195
0.50684,70.35872,4.33146,874757.6463,874775,1244.56282
0.50683,70.36576,4.33189,874755.6279,874787.5,1247.31944
0.5068,70.39838,4.3339,874758.0359,874825,1239.8142
0.50678,70.41581,4.33497,874755.8164,874825,1242.37991
0.50679,70.40574,4.33435,874759.9992,874837.5,1237.61431
0.50676,70.43868,4.33638,874755.4216,874825,1238.02006
0.50676,70.43804,4.33634,874755.4096,874737.5,1238.17869
0.50676,70.43724,4.33629,874756.5446,874750,1237.77775
0.50672,70.47674,4.33872,874754.2234,874787.5,1246.02144
0.50672,70.47737,4.33876,874756.9352,874775,1237.88817
0.50672,70.47817,4.33881,874755.5931,874762.5,1247.71386
0.50668,70.51735,4.34122,874755.8981,874762.5,1236.26526
0.50668,70.51591,4.34114,874757.2687,874800,1236.91638
0.50668,70.51671,4.34119,874755.8013,874762.5,1232.90485
0.50664,70.55749,4.3437,874756.6538,874775,1237.88357
0.50664,70.55749,4.3437,874754.4743,874787.5,1238.68267
0.5066,70.59746,4.34616,874757.5217,874825,1242.64158
0.5066,70.59666,4.34611,874756.0475,874812.5,1242.69233
0.50659,70.60146,4.3464,874755.6411,874800,1241.08363
0.50658,70.61745,4.34739,874755.6363,874787.5,1238.93411
0.50656,70.63793,4.34865,874756.4232,874737.5,1231.7724
0.50656,70.63664,4.34857,874756.0494,874750,1242.5693
0.50656,70.6376,4.34863,874756.0889,874775,1241.63712
0.50652,70.67517,4.35094,874755.81,874775,1237.81533
0.50652,70.67726,4.35107,874754.2571,874762.5,1231.05176
0.50648,70.71708,4.35352,874756.4801,874787.5,1237.53381
0.50648,70.7174,4.35354,874755.9873,874750,1241.41586
0.50647,70.72475,4.35399,874756.5157,874762.5,1243.86942
0.50645,70.74746,4.35539,874755.0152,874737.5,1237.09423
0.50644,70.75801,4.35604,874754.0001,874800,1245.40057
0.50644,70.75689,4.35597,874757.7653,874762.5,1241.92603
0.5064,70.79702,4.35844,874755.8897,874825,1240.77652
0.5064,70.79782,4.35849,874756.6594,874800,1240.28126
0.5064,70.79815,4.35851,874754.4462,874787.5,1238.55628
0.50636,70.83636,4.36086,874755.9569,874750,1232.18749
0.50636,70.83749,4.36093,874755.6763,874775,1243.93802
0.50632,70.87923,4.3635,874753.6256,874762.5,1240.26387
0.50632,70.8789,4.36348,874758.0505,874725,1242.05962
0.50628,70.9192,4.36596,874757.1912,874787.5,1239.50307
0.50628,70.91936,4.36597,874757.4384,874800,1240.01634
0.50628,70.9192,4.36596,874755.6911,874775,1239.09438
0.50628,70.91824,4.3659,874756.4424,874737.5,1234.51823
0.50628,70.91856,4.36592,874757.2149,874775,1234.84169
0.50624,70.95838,4.36837,874758.3267,874787.5,1240.69092
0.5062,70.99884,4.37087,874753.6392,874750,1243.49895
0.50619,71.00011,4.37094,874757.8355,874775,1238.1565
0.50616,71.03017,4.3728,874754.7263,874787.5,1244.1974
0.50616,71.03801,4.37328,874758.2944,874825,1232.13265
0.50616,71.03817,4.37329,874756.9264,874800,1236.05718
0.50612,71.07879,4.37579,874754.9222,874775,1245.88849
0.50612,71.07782,4.37573,874755.0474,874800,1241.01275
0.50612,71.07959,4.37584,874755.6728,874775,1234.33485
0.50608,71.1186,4.37824,874755.6152,874825,1232.02634
0.50608,71.11844,4.37823,874755.4632,874825,1234.98367
0.50608,71.11876,4.37825,874753.8398,874787.5,1239.56651
0.50604,71.15874,4.38071,874756.8256,874775,1239.47428
0.50604,71.1589,4.38072,874756.4218,874800,1234.1539
0.506,71.19744,4.38309,874759.3695,874762.5,1238.42333
0.506,71.19807,4.38313,874755.9352,874825,1243.23291
0.50599,71.20191,4.38337,874756.2626,874800,1239.47682
0.50596,71.23854,4.38562,874758.1492,874825,1236.6247
0.50596,71.23918,4.38566,874756.9007,874762.5,1237.7491
0.50596,71.23901,4.38565,874757.7181,874800,1242.17259
0.50591,71.27995,4.38817,874758.768,874850,1240.98802
0.50592,71.27884,4.3881,874756.2874,874750,1238.05869
0.50584,71.3591,4.39304,874756.6992,874787.5,1239.86025
0.50584,71.35942,4.39306,874757.5122,874775,1245.25076
0.5058,71.3994,4.39553,874754.6573,874787.5,1235.79524
0.50583,71.36742,4.39356,874755.1365,874787.5,1240.26387
0.50579,71.4002,4.39557,874757.3252,874787.5,1240.78509
0.50576,71.43026,4.39743,874755.3429,874750,1236.11895
0.50575,71.44034,4.39805,874756.7013,874825,1243.7164
0.50573,71.46176,4.39936,874754.999,874737.5,1237.03977
0.50571,71.48,4.40049,874756.5784,874712.5,1242.33842
0.50573,71.46656,4.39966,874754.0755,874812.5,1237.21618
0.50568,71.51965,4.40293,874756.2743,874762.5,1234.84997
0.50567,71.51997,4.40295,874755.7452,874775,1236.1445
0.50567,71.51997,4.40295,874755.621,874762.5,1239.65504
0.50563,71.56027,4.40543,874754.6982,874775,1246.61156
0.50563,71.55995,4.40541,874755.3481,874775,1236.21035
0.50563,71.56075,4.40546,874756.8885,874750,1237.67214
0.5056,71.59945,4.40784,874755.1294,874812.5,1243.81267
0.50559,71.60025,4.40789,874755.8286,874775,1241.57207
0.50556,71.63959,4.41031,874755.3086,874775,1235.78376
0.5056,71.59881,4.4078,874756.0552,874762.5,1239.29554
0.50556,71.63895,4.41027,874758.9407,874812.5,1249.35115
0.50552,71.67509,4.4125,874755.523,874762.5,1248.19131
0.50551,71.68053,4.41283,874756.7727,874725,1240.33074
0.50552,71.67956,4.41277,874755.8715,874775,1238.79847
0.50551,71.68084,4.41285,874754.1814,874800,1236.66334
0.50547,71.72081,4.41531,874755.913,874787.5,1245.67204
0.50547,71.72034,4.41528,874756.8785,874812.5,1238.36793
0.50548,71.7197,4.41524,874755.6857,874775,1237.13262
0.50547,71.72274,4.41543,874755.0962,874837.5,1241.35029
0.50544,71.75935,4.41768,874756.1846,874800,1238.17803
0.5054,71.79965,4.42017,874756.6102,874762.5,1233.98558
0.50543,71.76064,4.41776,874755.8615,874750,1233.59315
0.5054,71.79854,4.4201,874753.8843,874787.5,1241.83612
0.5054,71.79837,4.42009,874758.0238,874800,1242.68058
0.50535,71.84026,4.42267,874757.0918,874812.5,1242.77309
0.50537,71.82444,4.42169,874753.3926,874812.5,1238.7558
0.50535,71.84026,4.42267,874755.3411,874750,1243.612
0.50536,71.83899,4.42259,874756.7773,874787.5,1249.97024
0.50533,71.86794,4.42437,874753.8221,874750,1244.84013
0.50532,71.87912,4.42506,874755.2736,874775,1238.06179
0.50532,71.87945,4.42508,874756.1966,874775,1240.70521
0.50529,71.90135,4.42643,874756.1024,874787.5,1239.4139
0.50528,71.9191,4.42752,874754.992,874762.5,1240.65583
0.50532,71.8788,4.42504,874756.66,874787.5,1239.02428
0.50527,71.9215,4.42767,874757.2833,874787.5,1239.20295
0.50527,71.92054,4.42761,874757.7734,874787.5,1242.012
0.50523,71.96036,4.43006,874757.6665,874762.5,1241.09234
0.50524,71.9522,4.42956,874756.3743,874750,1234.58501
0.50523,71.9602,4.43005,874755.1531,874725,1237.82308
0.50524,71.95956,4.43001,874756.5481,874837.5,1244.24637
0.50522,71.97491,4.43096,874757.04,874787.5,1236.41853
0.50519,72.00097,4.43256,874757.7794,874812.5,1234.24811
0.50515,72.04128,4.43504,874755.3839,874725,1244.4226
0.50516,72.03967,4.43494,874756.0686,874775,1245.92873
0.50515,72.04144,4.43505,874756.0042,874800,1244.08914
0.50511,72.08092,4.43748,874759.4048,874812.5,1235.70248
0.50511,72.08078,4.43747,874755.8977,874787.5,1244.02724
0.50508,72.11866,4.43981,874756.2213,874800,1234.452
0.50511,72.08141,4.43751,874756.1597,874800,1244.86601
0.50507,72.12186,4.44,874754.4468,874775,1238.54455
0.50503,72.16089,4.4424,874756.2916,874725,1235.70087
0.50505,72.14825,4.44163,874755.6265,874812.5,1243.86167
0.50503,72.1604,4.44237,874754.6482,874800,1244.95139
0.50503,72.16089,4.4424,874757.4936,874787.5,1242.66061
0.505,72.19303,4.44438,874755.1815,874787.5,1239.03429
0.50499,72.20118,4.44488,874755.5656,874737.5,1241.94528
0.50499,72.20023,4.44483,874755.5338,874725,1232.95351
0.50495,72.24131,4.44736,874753.8472,874837.5,1242.25265
0.50496,72.23796,4.44715,874755.3472,874750,1244.22151
0.50496,72.2386,4.44719,874756.2821,874762.5,1240.64731
0.50492,72.27874,4.44966,874753.3785,874775,1247.83056
0.50492,72.27858,4.44965,874755.3503,874787.5,1238.18087
0.50487,72.32015,4.45221,874755.4156,874725,1238.68638
0.50485,72.34142,4.45352,874757.2145,874787.5,1242.5723
0.50481,72.38331,4.4561,874756.323,874775,1238.30195
0.5048,72.39946,4.45709,874756.4381,874725,1241.06279
0.5048,72.39962,4.4571,874757.1719,874775,1237.74052
0.50471,72.48262,4.46221,874753.785,874812.5,1246.36802
0.50471,72.48086,4.4621,874754.4765,874787.5,1232.11818
0.50467,72.52147,4.4646,874754.4122,874800,1238.00297
0.50471,72.4815,4.46214,874754.9946,874775,1236.66913
0.50467,72.5218,4.46462,874755.7956,874825,1241.34339
0.50467,72.5226,4.46467,874755.8784,874800,1237.36848
0.50463,72.56209,4.4671,874754.4196,874762.5,1245.42385
0.50463,72.56161,4.46707,874755.1198,874762.5,1244.32944
0.50459,72.60191,4.46956,874753.0156,874825,1233.29964
0.50459,72.60239,4.46958,874755.8326,874837.5,1236.19276
0.50459,72.60511,4.46975,874756.0264,874762.5,1241.40637
0.50455,72.64236,4.47205,874754.7294,874775,1240.14316
0.50455,72.64316,4.47209,874756.1893,874800,1236.39296
0.50455,72.64669,4.47231,874756.8488,874787.5,1248.64474
0.50451,72.68186,4.47448,874754.8127,874800,1242.57236
0.50451,72.68235,4.47451,874756.3927,874775,1239.26984
0.50447,72.72344,4.47704,874755.3981,874775,1246.46989
0.50447,72.72344,4.47704,874754.4389,874750,1243.87651
0.50446,72.73495,4.47775,874753.0666,874787.5,1239.52403
0.50446,72.73191,4.47756,874755.3593,874787.5,1246.40574
0.50443,72.7623,4.47943,874754.262,874825,1233.19098
0.50439,72.80211,4.48188,874755.576,874750,1238.90028
0.50436,72.83521,4.48392,874755.8519,874762.5,1239.85494
0.50435,72.84225,4.48435,874755.5053,874737.5,1247.54803
0.50431,72.88271,4.48684,874755.4481,874737.5,1246.60437
0.50431,72.88303,4.48686,874755.2455,874775,1242.35041
0.50427,72.92285,4.48931,874756.6622,874762.5,1244.67094
0.50426,72.93931,4.49033,874755.0674,874825,1238.948
0.5042,72.9964,4.49384,874757.3703,874725,1240.69785
0.50419,73.00312,4.49425,874755.967,874837.5,1241.21501
0.50419,73.00264,4.49422,874755.2448,874812.5,1237.25819
0.50415,73.0439,4.49677,874754.3436,874712.5,1233.15335
0.50415,73.04844,4.49704,874755.5796,874800,1242.33889
0.5041,73.09065,4.49964,874755.4024,874812.5,1234.2088
0.50405,73.14758,4.50315,874754.4381,874800,1240.20612
0.50403,73.16325,4.50411,874754.4921,874725,1245.6988
0.50403,73.16341,4.50412,874755.3776,874787.5,1242.55408
0.50407,73.12407,4.5017,874754.1447,874837.5,1240.60615
0.50403,73.16278,4.50408,874755.9872,874762.5,1242.08279
0.50404,73.15525,4.50362,874753.8414,874737.5,1241.67628
0.50404,73.15941,4.50388,874755.7411,874750,1239.64172
0.50401,73.18212,4.50527,874754.227,874787.5,1239.7136
0.50407,73.12424,4.50171,874756.3219,874800,1240.1954
0.50403,73.16117,4.50398,874756.4844,874800,1237.5312
0.50407,73.12455,4.50173,874757.2031,874762.5,1236.25477
0.50404,73.1527,4.50346,874754.1296,874850,1241.78272
0.50411,73.08585,4.49935,874754.77,874812.5,1243.48414
0.50412,73.07306,4.49856,874758.1613,874762.5,1247.17788
0.50415,73.04485,4.49682,874754.2983,874762.5,1236.7414
0.50419,73.00296,4.49424,874754.08,874750,1240.04793
0.50419,73.0044,4.49433,874756.1601,874737.5,1237.24162
0.50421,72.98361,4.49305,874756.0409,874750,1237.85378
0.50419,73.00327,4.49426,874756.6083,874750,1241.00343
0.50419,73.00407,4.49431,874756.226,874812.5,1240.52659
0.50415,73.04214,4.49666,874755.3456,874775,1244.09961
0.50416,73.03446,4.49618,874755.8357,874800,1244.03626
0.50411,73.08281,4.49916,874756.6249,874762.5,1243.65498
0.50407,73.12231,4.50159,874756.7758,874775,1239.99055
0.50404,73.15909,4.50386,874754.4918,874825,1240.32208
0.50403,73.16278,4.50408,874754.735,874737.5,1241.51365
0.50395,73.24352,4.50905,874757.1615,874787.5,1242.99482
0.50395,73.24256,4.509,874755.3638,874762.5,1242.08523
0.50391,73.28463,4.51158,874754.1078,874800,1238.73698
0.50383,73.36521,4.51655,874755.9208,874787.5,1241.07273
0.50383,73.36378,4.51646,874754.8801,874812.5,1243.81746
0.50377,73.42214,4.52005,874754.0053,874800,1244.2987
0.50373,73.46724,4.52283,874753.6704,874812.5,1238.89035
0.50367,73.52384,4.52631,874755.0841,874750,1241.72504
0.50364,73.55119,4.52799,874755.696,874787.5,1242.87569
0.50364,73.55519,4.52824,874755.6859,874750,1236.52301
0.50359,73.60475,4.53129,874753.225,874762.5,1237.87825
0.50359,73.60571,4.53135,874755.3249,874775,1245.96212
0.50355,73.64185,4.53358,874754.4299,874787.5,1232.8146
0.50356,73.63514,4.53316,874754.943,874787.5,1242.07996
0.50356,73.63546,4.53318,874757.1603,874812.5,1233.74193
0.50355,73.64425,4.53372,874754.9767,874762.5,1241.84649
0.50355,73.64554,4.5338,874757.0199,874725,1237.61641
0.50355,73.64345,4.53367,874755.2013,874850,1241.3947
0.50351,73.68455,4.53621,874755.7498,874800,1243.60773
0.50351,73.68487,4.53623,874756.6502,874800,1240.58384
0.50351,73.68407,4.53618,874754.9513,874750,1238.33721
0.50351,73.68263,4.53609,874753.587,874787.5,1233.31166
0.50351,73.68519,4.53624,874754.9874,874750,1243.33582
0.50351,73.68439,4.5362,874755.6608,874787.5,1235.72029
0.50353,73.66887,4.53524,874755.1045,874812.5,1237.91962
0.50351,73.68535,4.53625,874755.3556,874837.5,1236.7986
0.50347,73.72389,4.53863,874757.5336,874800,1245.44056
0.50348,73.71478,4.53807,874753.6939,874837.5,1238.82548
0.50347,73.72356,4.53861,874756.8609,874837.5,1238.06101
0.50347,73.72549,4.53873,874755.3407,874837.5,1239.64343
0.50343,73.76594,4.54122,874753.5164,874775,1241.81081
0.50339,73.80544,4.54365,874757.4168,874800,1240.73898
0.50339,73.80112,4.54338,874755.2309,874775,1238.31095
0.50339,73.80544,4.54365,874756.9137,874787.5,1241.05708
0.50339,73.80369,4.54354,874755.5647,874812.5,1245.30879
0.50335,73.84477,4.54607,874754.2962,874775,1243.00335
0.50335,73.84446,4.54605,874754.2819,874725,1241.26191
0.50335,73.84558,4.54612,874756.8023,874787.5,1235.06919
0.50335,73.84477,4.54607,874755.5152,874775,1238.42095
0.50335,73.8467,4.54619,874754.8491,874737.5,1236.85077
0.50331,73.8854,4.54857,874756.509,874812.5,1241.33574
0.50331,73.8846,4.54852,874754.8807,874787.5,1243.13332
0.50331,73.8862,4.54862,874754.7285,874787.5,1242.79777
0.5033,73.89626,4.54924,874756.2613,874825,1234.32203
0.50327,73.92425,4.55096,874752.1376,874787.5,1240.67299
0.50327,73.92618,4.55108,874755.5702,874775,1240.39613
0.50327,73.92377,4.55093,874754.9011,874750,1239.9199
0.50327,73.92969,4.5513,874754.8136,874775,1237.62059
0.50323,73.96439,4.55343,874754.5548,874850,1238.20607
0.50323,73.96679,4.55358,874756.4688,874787.5,1234.27517
0.50323,73.96503,4.55347,874755.6167,874812.5,1248.03722
0.50319,74.00805,4.55612,874754.9269,874762.5,1239.37202
0.50319,74.00565,4.55597,874754.0054,874762.5,1240.0393
0.50319,74.00612,4.556,874751.9692,874762.5,1236.54817
0.50317,74.02931,4.55743,874755.3202,874775,1235.07954
0.50315,74.04386,4.55833,874753.7606,874825,1237.89085
0.50315,74.0437,4.55832,874754.7313,874800,1239.50407
0.50315,74.04466,4.55837,874755.4718,874737.5,1244.86739
0.50312,74.07616,4.56031,874754.5583,874787.5,1233.94267
0.50311,74.08447,4.56083,874755.6172,874837.5,1234.1392
0.50311,74.08464,4.56084,874752.9646,874762.5,1236.95103
0.50311,74.0848,4.56085,874753.645,874787.5,1247.19697
0.50311,74.0856,4.56089,874755.7839,874750,1242.54025
0.50307,74.12526,4.56334,874755.6151,874750,1235.39915
0.50304,74.15276,4.56503,874755.4372,874800,1239.22687
0.50304,74.15756,4.56532,874755.5241,874800,1245.89662
0.50303,74.16491,4.56578,874753.9117,874675,1239.23266
0.50303,74.16587,4.56584,874755.2647,874812.5,1238.59262
0.50303,74.16475,4.56577,874754.7136,874725,1233.03734
0.50299,74.20505,4.56825,874753.601,874825,1243.83268
0.50299,74.20585,4.5683,874754.3203,874800,1243.65819
0.50295,74.24663,4.57081,874756.3401,874800,1242.00898
0.50295,74.24566,4.57075,874753.4555,874712.5,1240.81237
0.50295,74.24599,4.57077,874754.5103,874787.5,1243.902
0.50295,74.24551,4.57074,874757.0769,874800,1245.52999
0.50294,74.25046,4.57104,874752.1458,874825,1243.99441
0.50291,74.2858,4.57322,874756.1073,874750,1237.78197
0.50291,74.2866,4.57327,874754.5317,874712.5,1241.49299
0.50291,74.28485,4.57316,874755.9846,874762.5,1232.77096
0.50287,74.32546,4.57566,874753.3136,874700,1244.32245
0.50287,74.32514,4.57564,874755.5099,874825,1245.30758
0.50284,74.3576,4.57764,874753.5513,874825,1242.71515
0.50283,74.3664,4.57818,874753.9979,874787.5,1240.17586
0.50283,74.3656,4.57813,874752.1022,874787.5,1241.23625
0.50283,74.36544,4.57812,874753.0849,874775,1242.03418
0.50279,74.40621,4.58063,874756.7959,874762.5,1247.25755
0.50276,74.43147,4.58219,874753.6222,874812.5,1246.01779
0.50275,74.4414,4.5828,874755.4596,874775,1233.96674
0.50275,74.44555,4.58305,874755.339,874825,1243.30996
0.50275,74.44571,4.58306,874755.2798,874775,1244.20424
0.50275,74.44555,4.58305,874753.0234,874800,1234.32025
0.50267,74.5263,4.58803,874756.8811,874775,1242.90621
0.50264,74.55109,4.58955,874755.5654,874775,1239.43477
0.50263,74.56724,4.59055,874755.6829,874812.5,1242.69794
0.50263,74.56692,4.59053,874755.5299,874775,1242.08458
0.50261,74.58404,4.59158,874755.2245,874787.5,1241.22247
0.50259,74.60658,4.59297,874753.8542,874800,1242.63019
0.50259,74.60706,4.593,874753.7862,874825,1239.70451
0.50255,74.64784,4.59551,874754.7476,874762.5,1242.56063
0.50255,74.64815,4.59553,874754.8653,874750,1232.13213
0.50255,74.64784,4.59551,874754.6,874762.5,1241.10246
0.50255,74.64704,4.59546,874753.4751,874737.5,1240.70339
0.50251,74.68541,4.59782,874755.6919,874800,1236.48077
0.50247,74.72667,4.60036,874755.0814,874750,1242.45481
0.50249,74.7062,4.5991,874754.0921,874762.5,1237.51366
0.50247,74.72602,4.60032,874756.0142,874775,1244.52296
0.50247,74.72795,4.60044,874755.3125,874787.5,1242.44044
0.50243,74.76665,4.60282,874752.0793,874762.5,1242.94255
0.50243,74.76809,4.60291,874752.7955,874800,1241.25003
0.50243,74.76696,4.60284,874753.3314,874750,1239.46264
0.50239,74.8071,4.60531,874755.1149,874750,1245.88227
0.50239,74.8071,4.60531,874756.6085,874812.5,1250.07438
0.50239,74.80679,4.60529,874753.9679,874762.5,1233.45701
0.50239,74.80742,4.60533,874751.744,874800,1243.36913
0.50235,74.84804,4.60783,874754.55,874762.5,1243.87036
0.50231,74.88721,4.61024,874754.8804,874775,1246.28308
0.50231,74.88721,4.61024,874754.2666,874737.5,1233.70494
0.50231,74.8869,4.61022,874755.244,874787.5,1241.66663
0.50227,74.92848,4.61278,874754.145,874725,1238.25255
0.50227,74.92575,4.61262,874753.5755,874725,1242.94112
0.50227,74.9256,4.61261,874753.978,874787.5,1244.23118
0.50227,74.9264,4.61266,874755.5049,874775,1240.02017
0.50223,74.96509,4.61504,874757.5761,874812.5,1246.36389
0.50223,74.96621,4.61511,874755.9475,874737.5,1238.64303
0.50221,74.9806,4.61599,874751.8215,874837.5,1234.22426
0.50219,75.00539,4.61752,874752.2212,874800,1242.89086
0.50219,75.00475,4.61748,874753.7647,874737.5,1241.58066
0.50219,75.00602,4.61756,874754.3485,874812.5,1242.14974
0.50219,75.00555,4.61753,874756.0824,874825,1240.5557
0.50215,75.04616,4.62003,874755.7984,874825,1242.48095
0.50211,75.08646,4.62251,874754.3166,874800,1243.03254
0.50211,75.08646,4.62251,874752.3707,874812.5,1236.87408
0.50211,75.08486,4.62241,874754.5564,874762.5,1242.45638
0.50211,75.08502,4.62242,874754.2995,874750,1242.13159
0.50207,75.12612,4.62495,874754.431,874750,1233.50981
0.50207,75.1258,4.62493,874753.5543,874800,1237.87091
0.50204,75.15794,4.62691,874755.3569,874750,1246.51352
0.50203,75.16721,4.62748,874754.0212,874750,1243.9178
0.50203,75.16578,4.62739,874754.3246,874800,1241.64353
0.50199,75.20624,4.62988,874753.9516,874812.5,1238.92376
0.50201,75.18065,4.62831,874752.0238,874762.5,1243.05891
0.50199,75.20751,4.62996,874754.6834,874775,1240.15986
0.50196,75.23421,4.63161,874755.5006,874825,1243.176
0.50195,75.24797,4.63245,874752.2406,874837.5,1237.52069
0.50195,75.24701,4.63239,874754.7221,874737.5,1244.12078
0.50191,75.28715,4.63487,874752.0406,874725,1246.56301
0.50191,75.28762,4.63489,874753.2755,874775,1238.1446
0.50191,75.28779,4.6349,874752.8444,874750,1236.48775
0.50187,75.32569,4.63724,874754.8906,874725,1245.95777
0.50187,75.32536,4.63722,874754.9063,874775,1246.52631
0.50186,75.33656,4.63791,874754.3829,874737.5,1243.73403
0.50183,75.36679,4.63977,874754.0339,874787.5,1236.59038
0.50183,75.3679,4.63984,874753.837,874787.5,1241.38413
0.50183,75.3671,4.63979,874755.7878,874787.5,1235.58128
0.50179,75.4074,4.64227,874752.1057,874775,1239.1518
0.50179,75.4074,4.64227,874754.7101,874825,1244.30657
0.50175,75.44497,4.64458,874753.1875,874800,1239.34324
0.50175,75.44674,4.64469,874754.788,874800,1239.47806
0.50175,75.44754,4.64474,874754.5998,874737.5,1238.006
0.50171,75.48767,4.64721,874754.7222,874787.5,1238.15248
0.50171,75.48879,4.64728,874753.6417,874787.5,1249.43787
0.50171,75.48111,4.64681,874754.7759,874737.5,1242.63144
0.50163,75.56746,4.65212,874753.9939,874775,1241.21987
0.50163,75.56762,4.65213,874753.8158,874787.5,1241.54033
0.50162,75.57962,4.65287,874756.0487,874775,1241.09946
0.50159,75.6084,4.65464,874754.9203,874775,1235.7414
0.50158,75.61049,4.65477,874753.6482,874800,1238.16304
0.50158,75.61287,4.65492,874753.0791,874800,1245.38484
0.50155,75.64534,4.65692,874754.075,874775,1241.31756
0.50154,75.65877,4.65774,874753.3893,874812.5,1238.49121
0.50155,75.64599,4.65696,874755.1735,874725,1241.36866
0.50151,75.68691,4.65948,874753.6909,874762.5,1241.83592
0.5015,75.69475,4.65996,874752.8625,874787.5,1243.7187
0.50147,75.72785,4.662,874755.0624,874775,1242.82301
0.50147,75.72754,4.66198,874752.8919,874762.5,1245.74753
0.50145,75.74944,4.66332,874754.2145,874800,1236.63747
0.50143,75.76815,4.66448,874753.8296,874737.5,1237.89286
0.50143,75.76815,4.66448,874753.6003,874737.5,1241.40258
0.50143,75.76942,4.66456,874756.0922,874775,1240.86372
0.50139,75.80765,4.66691,874754.0448,874787.5,1245.72555
0.50139,75.80781,4.66692,874753.9432,874787.5,1240.72447
0.50136,75.83147,4.66838,874753.4579,874750,1247.45949
0.50135,75.84746,4.66936,874754.4294,874825,1236.91281
0.50135,75.84715,4.66934,874754.123,874825,1240.35981
0.50135,75.84762,4.66937,874753.4155,874787.5,1242.11028
0.50128,75.91222,4.67335,874755.6158,874725,1240.60948
0.50131,75.88744,4.67182,874753.2146,874775,1235.58492
0.50128,75.91815,4.67371,874753.4886,874787.5,1246.08688
0.50125,75.94549,4.67539,874755.3925,874812.5,1247.80206
0.50123,75.96788,4.67677,874754.3599,874750,1239.78877
0.50123,75.9666,4.67669,874753.6429,874775,1242.05005
0.50119,76.0061,4.67913,874755.6249,874762.5,1230.97773
0.50119,76.00657,4.67915,874754.0062,874800,1240.78029
0.50115,76.04702,4.68164,874753.3746,874750,1244.07335
0.50115,76.04687,4.68164,874755.7889,874700,1248.5699
0.50115,76.04655,4.68162,874754.1707,874737.5,1239.26093
0.50111,76.08701,4.68411,874755.1688,874775,1239.73195
0.50111,76.08685,4.6841,874753.8466,874800,1240.18185
0.50108,76.11802,4.68602,874753.7351,874750,1236.80716
0.50107,76.12699,4.68657,874754.4249,874725,1242.70408
0.50107,76.1273,4.68659,874753.0732,874787.5,1244.14656
0.50104,76.15785,4.68847,874753.7884,874787.5,1242.77683
0.50103,76.16744,4.68906,874756.5457,874700,1236.04371
0.50102,76.17671,4.68963,874753.4417,874787.5,1243.88632
0.50099,76.20214,4.69119,874755.5276,874750,1245.0641
0.50098,76.21974,4.69228,874753.7158,874812.5,1243.10959
0.50099,76.20854,4.69159,874754.6841,874725,1239.26316
0.50095,76.24835,4.69404,874755.2831,874812.5,1241.63799
0.50093,76.26099,4.69482,874755.0668,874750,1243.15065
0.50091,76.28737,4.69644,874753.4798,874775,1241.62553
0.50091,76.28689,4.69641,874754.7427,874787.5,1241.41143
0.50089,76.30816,4.69772,874753.2758,874787.5,1242.92744
0.50088,76.3144,4.69811,874754.8031,874737.5,1240.73846
0.50087,76.32799,4.69894,874754.6357,874762.5,1245.45952
0.50085,76.3403,4.6997,874754.0953,874837.5,1245.29165
0.50083,76.36796,4.7014,874754.5665,874787.5,1241.82318
0.50083,76.36605,4.70128,874753.9615,874800,1239.66768
0.5008,76.39819,4.70326,874755.4686,874812.5,1231.82655
0.50079,76.4089,4.70392,874753.0261,874762.5,1239.29571
0.50075,76.44249,4.70599,874753.2517,874787.5,1242.14629
0.50079,76.40906,4.70393,874754.1162,874787.5,1246.1255
0.50075,76.4476,4.70631,874754.0557,874737.5,1241.08596
0.50075,76.44727,4.70629,874756.1511,874775,1246.84246
0.50071,76.48726,4.70875,874753.965,874737.5,1235.97092
0.50071,76.48837,4.70882,874755.3486,874775,1243.2818
0.50071,76.48678,4.70872,874753.2868,874812.5,1251.01207
0.50071,76.4879,4.70879,874755.3377,874775,1244.52618
0.50067,76.52851,4.71129,874753.2549,874737.5,1240.706
0.50059,76.60895,4.71624,874753.2348,874775,1242.54827
0.50067,76.52835,4.71128,874753.6808,874775,1238.25321
0.50059,76.60751,4.71615,874755.3618,874725,1244.38802
0.50057,76.62766,4.71739,874754.7949,874850,1244.81497
0.50055,76.6494,4.71873,874753.6819,874762.5,1238.79909
0.50055,76.64892,4.7187,874754.1073,874787.5,1243.09278
0.5005,76.69003,4.72123,874754.4643,874787.5,1238.68226
0.5005,76.69017,4.72124,874752.8081,874762.5,1240.31688
0.50049,76.70074,4.72189,874754.1897,874812.5,1238.59126
0.50046,76.73016,4.7237,874751.6355,874787.5,1235.62616
0.50046,76.73,4.72369,874756.4281,874750,1246.18395
0.50046,76.73111,4.72376,874751.3868,874725,1243.25994
0.50043,76.76901,4.72609,874753.3845,874762.5,1240.13808
0.5004,76.79012,4.72739,874752.8771,874750,1238.01491
0.50039,76.80131,4.72808,874754.635,874762.5,1245.83764
0.50041,76.78389,4.72701,874753.8998,874775,1242.29624
0.50038,76.81027,4.72863,874752.7218,874762.5,1245.67569
0.50037,76.82579,4.72959,874755.8577,874800,1235.87485
0.50034,76.85073,4.73112,874754.7563,874787.5,1237.6292
0.50034,76.85009,4.73108,874752.0471,874737.5,1241.76144
0.50034,76.85873,4.73162,874752.4628,874762.5,1239.10414
0.5003,76.89006,4.73354,874753.5057,874725,1242.07173
0.50027,76.92909,4.73595,874753.4558,874750,1244.06182
0.50029,76.90446,4.73443,874753.9593,874775,1239.18557
0.50026,76.9318,4.73611,874754.3171,874775,1247.98714
0.50026,76.93052,4.73604,874753.1374,874712.5,1240.98549
0.50026,76.93596,4.73637,874752.7374,874800,1244.29958
0.50022,76.97017,4.73848,874754.1072,874825,1247.18702
0.50019,77.00504,4.74062,874752.0041,874800,1240.87356
0.50019,77.00968,4.74091,874752.8617,874800,1238.99045
0.50016,77.03862,4.74269,874753.6809,874800,1243.66376
0.50014,77.05045,4.74342,874755.0619,874787.5,1240.77321
0.50015,77.04885,4.74332,874753.9843,874800,1241.87964
0.50015,77.04885,4.74332,874753.2542,874787.5,1240.9677
0.50011,77.08036,4.74526,874754.1099,874725,1244.57595
0.50011,77.08962,4.74583,874754.318,874750,1244.47754
0.50011,77.08915,4.7458,874754.4296,874725,1239.92974
0.50009,77.10386,4.74671,874753.4723,874737.5,1249.89311
0.50007,77.12849,4.74822,874754.973,874750,1242.91758
0.50005,77.148,4.74942,874753.3109,874712.5,1238.45255
0.50007,77.12896,4.74825,874753.7284,874800,1242.07311
0.50003,77.16959,4.75075,874754.2137,874737.5,1238.76478
0.50003,77.16846,4.75068,874754.1148,874787.5,1236.97649
0.50002,77.17566,4.75113,874753.7627,874787.5,1244.44971
0.50002,77.17599,4.75115,874753.1538,874725,1240.36652
0.49998,77.21244,4.75339,874751.9248,874762.5,1240.92995
0.49998,77.21052,4.75327,874755.9955,874762.5,1245.04964
0.49995,77.24954,4.75567,874752.0456,874787.5,1237.37509
0.49994,77.25081,4.75575,874753.785,874775,1240.16988
0.49994,77.25754,4.75617,874751.4876,874812.5,1238.36295
0.49991,77.28967,4.75815,874753.2541,874750,1233.57035
0.4999,77.28984,4.75816,874751.6814,874775,1244.01737
0.49991,77.28936,4.75813,874753.1539,874787.5,1239.7049
0.49987,77.32869,4.76055,874751.4165,874750,1233.49647
0.49989,77.30502,4.75909,874753.5536,874800,1242.13433
0.49986,77.33077,4.76068,874754.4809,874775,1243.79552
0.49986,77.33174,4.76074,874753.5239,874775,1242.15277
0.49982,77.37028,4.76311,874753.8519,874775,1246.41409
0.49982,77.37091,4.76315,874751.2518,874825,1237.53933
0.49979,77.40449,4.76521,874754.3116,874750,1246.38199
0.49979,77.40961,4.76553,874754.0619,874775,1233.80548
0.49974,77.4499,4.76801,874752.9973,874787.5,1249.24015
0.49977,77.42224,4.76631,874754.0529,874825,1244.31966
0.49975,77.44959,4.76799,874752.6437,874825,1243.78735
0.49975,77.44895,4.76795,874752.7441,874825,1244.94864
0.49974,77.45582,4.76837,874755.7497,874787.5,1238.99986
0.4997,77.49036,4.7705,874753.1047,874787.5,1238.3988
0.49972,77.47452,4.76953,874756.8966,874812.5,1242.05293
0.49967,77.52906,4.77288,874755.2951,874787.5,1238.70855
0.49967,77.5289,4.77287,874751.8651,874800,1245.28733
0.49967,77.52954,4.77291,874753.3852,874750,1239.85311
0.49963,77.56391,4.77503,874752.0275,874737.5,1239.95979
0.49963,77.56551,4.77513,874752.868,874825,1236.78118
0.49963,77.56536,4.77512,874754.4737,874787.5,1244.57026
0.49961,77.58615,4.7764,874753.3724,874800,1237.22173
0.49955,77.64595,4.78008,874753.9307,874725,1240.81314
0.49955,77.64611,4.78009,874752.8322,874787.5,1245.045
0.49954,77.65426,4.78059,874753.172,874787.5,1239.78879
0.49951,77.68656,4.78258,874754.4947,874850,1240.09758
0.49948,77.71504,4.78433,874752.472,874825,1236.21515
0.49947,77.72542,4.78497,874754.5922,874762.5,1235.20919
0.49947,77.72846,4.78516,874752.5726,874737.5,1240.75403
0.49944,77.75229,4.78663,874753.9654,874737.5,1238.46866
0.49944,77.75501,4.78679,874754.1646,874775,1242.45634
0.49943,77.7686,4.78763,874752.7241,874787.5,1242.47793
0.49943,77.7678,4.78758,874753.5717,874737.5,1240.9101
0.49941,77.78315,4.78853,874752.9694,874775,1243.49812
0.49939,77.8073,4.79001,874754.6874,874775,1241.00049
0.49939,77.80777,4.79004,874752.6026,874787.5,1242.08072
0.49935,77.84871,4.79256,874751.9545,874775,1244.84573
0.49935,77.84775,4.7925,874753.7702,874725,1237.87665
0.49935,77.84744,4.79248,874751.8024,874775,1244.9397
0.49932,77.8735,4.79409,874751.4939,874725,1239.03176
0.49931,77.88774,4.79496,874753.4887,874775,1239.12981
0.49931,77.88645,4.79488,874755.1518,874750,1241.34975
0.49929,77.90484,4.79602,874753.251,874750,1239.98971
0.49927,77.92755,4.79741,874752.838,874800,1239.65906
0.49927,77.92659,4.79736,874752.9191,874800,1242.79102
0.49927,77.92707,4.79739,874754.0478,874812.5,1239.74322
0.49927,77.92707,4.79739,874753.55,874762.5,1247.51993
0.49923,77.96656,4.79982,874752.9497,874687.5,1240.33639
0.49923,77.96385,4.79965,874753.9211,874775,1238.12249
0.49919,78.00799,4.80237,874752.5849,874787.5,1242.20897
0.49919,78.0075,4.80234,874753.7096,874750,1242.44526
0.49919,78.00814,4.80238,874752.8607,874750,1242.62977
0.49918,78.01406,4.80274,874751.8951,874737.5,1241.66517
0.49915,78.0478,4.80482,874753.5146,874775,1242.62158
0.49915,78.04684,4.80476,874755.2168,874775,1243.53552
0.49915,78.04747,4.8048,874754.9342,874750,1244.59912
0.49913,78.06715,4.80601,874755.4366,874762.5,1245.16889
0.49911,78.0841,4.80705,874753.655,874800,1236.59827
0.49911,78.08681,4.80722,874753.4133,874850,1244.43736
0.49911,78.08714,4.80724,874752.2279,874775,1240.54497
0.49907,78.12791,4.80975,874753.0803,874762.5,1246.36108
0.49904,78.15237,4.81126,874751.2892,874837.5,1244.28097
0.49907,78.12744,4.80972,874752.641,874812.5,1243.1687
0.49903,78.16725,4.81217,874752.8838,874775,1243.26788
0.49899,78.20866,4.81472,874753.0391,874812.5,1239.57655
0.49899,78.20675,4.8146,874756.0633,874812.5,1243.89136
0.49899,78.20723,4.81463,874752.5535,874775,1241.42001
0.49898,78.21186,4.81492,874753.5289,874787.5,1237.76601
0.49897,78.22738,4.81587,874752.4314,874787.5,1244.51826
0.49895,78.24816,4.81715,874752.1406,874787.5,1240.76464
0.49891,78.2883,4.81962,874751.9669,874787.5,1241.45643
0.49895,78.24832,4.81716,874753.9784,874737.5,1244.13943
0.4989,78.29741,4.82018,874751.6003,874812.5,1239.75965
0.49887,78.32907,4.82213,874752.9848,874787.5,1242.31235
0.49887,78.32924,4.82214,874752.3236,874737.5,1239.11665
0.49887,78.32907,4.82213,874752.9917,874775,1234.92382
0.49887,78.32971,4.82217,874750.3071,874775,1242.30258
0.49885,78.34842,4.82332,874750.3826,874775,1239.68391
0.49883,78.36857,4.82457,874751.5405,874812.5,1239.33366
0.4988,78.39687,4.82631,874755.3362,874775,1243.0803
0.49882,78.37577,4.82501,874752.0693,874812.5,1244.61418
0.49879,78.40744,4.82696,874753.1334,874800,1233.30923
0.49879,78.40824,4.82701,874754.5861,874737.5,1239.85116
0.49879,78.40888,4.82705,874752.0351,874825,1240.07448
0.49879,78.40855,4.82703,874754.5756,874800,1243.55983
0.49876,78.4311,4.82841,874751.7026,874762.5,1253.31775
0.49875,78.44949,4.82955,874754.5899,874787.5,1241.60085
0.49875,78.44805,4.82946,874752.2642,874737.5,1243.84149
0.49875,78.44725,4.82941,874753.2451,874762.5,1245.36141
0.49871,78.48739,4.83188,874754.4268,874787.5,1242.98419
0.49871,78.48771,4.8319,874754.0805,874800,1240.97264
0.49871,78.48851,4.83195,874754.0042,874837.5,1238.79037
0.49868,78.51329,4.83347,874754.6973,874812.5,1239.92829
0.49867,78.52832,4.8344,874754.2129,874787.5,1240.50425
0.49867,78.52769,4.83436,874749.9615,874812.5,1237.62559
0.49863,78.56814,4.83685,874752.5094,874762.5,1246.00722
0.49864,78.55663,4.83614,874752.317,874800,1243.52635
0.49863,78.56814,4.83685,874753.395,874762.5,1238.89983
0.49863,78.56766,4.83682,874752.1058,874737.5,1241.84487
0.49861,78.58701,4.83801,874753.7427,874800,1243.43104
0.49859,78.60636,4.8392,874752.0631,874787.5,1242.21027
0.49859,78.60811,4.83931,874752.8615,874750,1244.43726
0.49859,78.60796,4.8393,874753.054,874762.5,1239.14251
0.49859,78.60731,4.83926,874752.4458,874800,1236.39149
0.49851,78.68711,4.84418,874752.4699,874762.5,1239.15076
0.49851,78.68824,4.84424,874751.396,874787.5,1242.974
0.49847,78.72901,4.84675,874753.684,874737.5,1239.48449
0.49847,78.72836,4.84671,874754.0093,874862.5,1244.26324
0.49847,78.72821,4.84671,874753.681,874825,1236.05343
0.49844,78.75842,4.84857,874752.8317,874812.5,1240.09225
0.49843,78.76819,4.84917,874751.8,874812.5,1252.67837
0.49843,78.76722,4.84911,874752.964,874825,1242.23782
0.49839,78.80576,4.85148,874753.9174,874812.5,1243.16011
0.49839,78.80832,4.85164,874754.876,874812.5,1241.64101
0.49839,78.80704,4.85156,874752.4505,874762.5,1240.46331
0.49835,78.84399,4.85383,874753.9884,874762.5,1243.46501
0.49839,78.80736,4.85158,874754.8851,874837.5,1244.22523
0.49835,78.8475,4.85405,874751.7343,874775,1237.19311
0.49835,78.8467,4.854,874752.9911,874750,1243.12497
0.49832,78.87085,4.85549,874754.0938,874800,1240.31129
0.49831,78.88844,4.85657,874753.4945,874750,1233.6009
0.49831,78.88796,4.85654,874751.5852,874762.5,1246.16182
0.4983,78.89371,4.85689,874751.1228,874775,1239.17483
0.49827,78.92825,4.85902,874752.9488,874825,1245.48404
0.49827,78.92794,4.859,874752.8038,874762.5,1240.99055
0.49826,78.93001,4.85913,874752.9458,874750,1248.61115
0.49822,78.97127,4.86167,874750.7981,874750,1235.39626
0.49823,78.96902,4.86153,874753.9215,874762.5,1245.60801
0.49822,78.96999,4.86159,874751.6716,874812.5,1242.79144
0.49819,79.00836,4.86395,874750.8051,874762.5,1241.91231
0.49819,79.00869,4.86397,874752.9995,874775,1238.60572
0.49819,79.00901,4.86399,874753.8708,874812.5,1244.94944
0.49817,79.02356,4.86489,874752.1943,874762.5,1242.6048
0.49815,79.0493,4.86647,874751.3051,874787.5,1240.88679
0.49811,79.08305,4.86855,874752.3773,874837.5,1235.09305
0.49811,79.08944,4.86894,874753.0255,874775,1240.24393
0.49811,79.08832,4.86888,874751.0836,874775,1240.47188
0.49811,79.08832,4.86888,874753.0879,874737.5,1246.60307
0.49807,79.12223,4.87096,874752.3597,874750,1232.98835
0.49807,79.12797,4.87132,874751.1937,874837.5,1240.48983
0.49805,79.14285,4.87223,874752.9466,874775,1244.2253
0.49804,79.15085,4.87272,874754.8723,874737.5,1237.60419
0.49803,79.16875,4.87383,874753.3987,874825,1234.88567
0.49802,79.17051,4.87393,874752.5385,874787.5,1240.50822
0.49802,79.17611,4.87428,874752.6749,874825,1240.5979
0.49798,79.21097,4.87643,874751.2521,874750,1236.9178
0.49798,79.21209,4.87649,874751.4936,874812.5,1242.39262
0.49796,79.23496,4.8779,874752.8642,874762.5,1242.67344
0.49794,79.25046,4.87886,874751.2561,874762.5,1237.94366
0.49794,79.25015,4.87884,874753.5961,874775,1242.27376
0.4979,79.2906,4.88133,874753.115,874750,1242.61994
0.49791,79.2898,4.88128,874752.5577,874787.5,1239.70547
0.4979,79.29109,4.88136,874752.1166,874787.5,1245.26321
0.4979,79.29029,4.88131,874751.806,874737.5,1247.25029
0.49789,79.3082,4.88241,874750.2162,874787.5,1240.86251
0.49787,79.32946,4.88372,874753.4951,874812.5,1237.86237
0.49783,79.36896,4.88615,874752.7504,874825,1241.72097
0.49783,79.36976,4.8862,874753.1689,874812.5,1247.22081
0.49783,79.36976,4.8862,874752.0168,874775,1240.93917
0.49782,79.37072,4.88626,874752.2118,874762.5,1236.52612
0.49779,79.40957,4.88865,874752.519,874737.5,1239.01218
0.49778,79.4099,4.88867,874751.6077,874737.5,1241.66869
0.49779,79.40941,4.88864,874753.6729,874737.5,1243.01589
0.49774,79.45019,4.89115,874752.7023,874725,1243.84786
0.49775,79.44971,4.89112,874751.3558,874737.5,1247.8498
0.49775,79.44891,4.89107,874750.6581,874800,1244.22063
0.49772,79.47834,4.89289,874751.7683,874712.5,1235.78517
0.49771,79.48952,4.89357,874752.6413,874737.5,1234.76944
0.49771,79.48841,4.89351,874751.6748,874725,1240.64163
0.49771,79.48937,4.89356,874753.0725,874762.5,1243.34208
0.49766,79.53031,4.89608,874752.5305,874800,1239.92053
0.49766,79.53366,4.89629,874754.5689,874837.5,1242.67529
0.49766,79.53239,4.89621,874750.7896,874837.5,1245.30115
0.49762,79.56996,4.89853,874753.5897,874787.5,1243.71467
0.49763,79.56932,4.89849,874753.2077,874712.5,1236.04714
0.49762,79.56996,4.89853,874753.7696,874775,1245.30038
0.49759,79.60962,4.90097,874752.7805,874787.5,1242.53773
0.49759,79.60754,4.90084,874752.9781,874787.5,1237.75552
0.49759,79.60419,4.90063,874752.0984,874750,1242.45691
0.49757,79.62498,4.90191,874754.5598,874775,1247.97685
0.49754,79.6504,4.90348,874753.4684,874762.5,1233.19204
0.49746,79.73035,4.9084,874752.7457,874750,1244.35563
0.49746,79.73004,4.90838,874752.0438,874812.5,1235.64012
0.49745,79.74586,4.90935,874753.5413,874775,1246.25163
0.49746,79.72987,4.90837,874751.4568,874787.5,1241.40107
0.49747,79.72907,4.90832,874752.2044,874737.5,1242.86161
0.49742,79.77017,4.91085,874750.4873,874800,1242.4348
0.49742,79.77145,4.91093,874754.2301,874775,1241.23012
0.49741,79.78407,4.91171,874753.0519,874787.5,1242.40886
0.49738,79.80999,4.9133,874752.432,874775,1244.57237
0.49738,79.81126,4.91338,874754.3063,874800,1241.82113
0.49735,79.84805,4.91565,874752.0679,874787.5,1240.83025
0.49735,79.8498,4.91575,874751.4203,874712.5,1240.24622
0.49734,79.85013,4.91577,874752.6768,874825,1241.85056
0.49733,79.86051,4.91641,874752.0281,874825,1241.80061
0.4973,79.89154,4.91832,874751.7195,874750,1242.46754
0.4973,79.89217,4.91836,874752.5957,874762.5,1244.03399
0.49726,79.93231,4.92083,874751.766,874775,1235.57233
0.49729,79.90912,4.91941,874753.4341,874737.5,1240.10706
0.49726,79.93151,4.92078,874752.5824,874762.5,1247.75869
0.49726,79.93136,4.92077,874752.7299,874762.5,1242.03359
0.49722,79.97165,4.92325,874749.6626,874750,1242.87558
0.49718,80.01162,4.92572,874752.8518,874812.5,1238.07197
0.49718,80.01099,4.92568,874751.707,874750,1241.60862
0.49715,80.04489,4.92776,874751.043,874812.5,1246.72672
0.49714,80.05289,4.92826,874751.5248,874812.5,1245.17461
0.49714,80.05192,4.9282,874752.3995,874775,1245.64385
0.49714,80.05032,4.9281,874750.2729,874775,1245.38276
0.4971,80.09255,4.9307,874752.5112,874775,1244.01174
0.4971,80.0919,4.93066,874752.4086,874750,1243.06405
0.4971,80.0951,4.93085,874753.1997,874762.5,1241.56789
0.49706,80.13156,4.9331,874750.5735,874800,1236.99993
0.49706,80.13076,4.93305,874749.8765,874737.5,1233.81201
0.49707,80.1298,4.93299,874750.9666,874775,1240.65654
0.49706,80.1306,4.93304,874753.5369,874775,1238.4834
0.49702,80.1709,4.93552,874753.1106,874775,1243.17399
0.49702,80.17106,4.93553,874748.9562,874775,1238.94648
0.49702,80.17121,4.93554,874750.8418,874762.5,1243.40469
0.49702,80.17106,4.93553,874751.5162,874787.5,1243.07325
0.49698,80.21087,4.93798,874751.5941,874750,1244.52262
0.49698,80.21055,4.93796,874752.2416,874750,1238.56827
0.49696,80.23423,4.93942,874751.2567,874725,1239.85372
0.49694,80.25021,4.9404,874750.8209,874750,1240.37372
0.49694,80.25229,4.94053,874751.2085,874750,1243.86488
0.49694,80.25085,4.94044,874750.5742,874800,1238.86565
0.49694,80.25229,4.94053,874752.7647,874750,1241.48652
0.4969,80.29067,4.94289,874750.0864,874762.5,1238.93339
0.4969,80.29195,4.94297,874751.6642,874750,1239.46047
0.49687,80.32569,4.94505,874751.9665,874825,1241.90088
0.49686,80.33081,4.94537,874751.1221,874775,1234.204
0.49686,80.33192,4.94543,874752.7053,874725,1238.32057
0.49683,80.36631,4.94755,874752.0937,874762.5,1243.14562
0.49682,80.37222,4.94792,874750.6534,874775,1242.37913
0.4968,80.39413,4.94926,874750.3709,874787.5,1239.77388
0.49678,80.41173,4.95035,874752.208,874775,1240.8208
0.49678,80.4114,4.95033,874752.2521,874775,1235.41867
0.49677,80.42755,4.95132,874750.5877,874787.5,1237.7198
0.49675,80.4493,4.95266,874750.8482,874762.5,1242.75563
0.49678,80.41107,4.95031,874750.4426,874825,1242.47065
0.4967,80.492,4.95529,874749.9243,874787.5,1246.20095
0.49674,80.4557,4.95305,874750.1529,874787.5,1239.48819
0.4967,80.49568,4.95551,874751.7647,874787.5,1235.16525
0.49667,80.52974,4.95761,874748.7473,874787.5,1241.64888
0.49666,80.53197,4.95775,874750.2497,874775,1243.82968
0.49666,80.53245,4.95778,874750.362,874787.5,1238.14726
0.49664,80.55611,4.95924,874749.4562,874775,1247.14707
0.49662,80.57242,4.96024,874751.4441,874787.5,1246.56978
0.49662,80.57067,4.96013,874750.8227,874762.5,1241.08853
0.49658,80.61129,4.96263,874752.4502,874762.5,1244.61842
0.49658,80.61049,4.96258,874753.3968,874762.5,1245.38627
0.49658,80.61112,4.96262,874752.2745,874787.5,1235.06018
0.49655,80.64582,4.96476,874752.6793,874800,1236.14304
0.49654,80.6511,4.96508,874750.9521,874762.5,1240.30782
0.49655,80.64839,4.96492,874749.1354,874762.5,1241.19266
0.49654,80.65159,4.96511,874753.4638,874825,1239.048
0.49653,80.6639,4.96587,874751.2501,874737.5,1238.13839
0.49654,80.65222,4.96515,874748.4267,874750,1249.71769
0.4965,80.69107,4.96754,874752.0627,874737.5,1235.84211
0.4965,80.6922,4.96761,874749.8669,874700,1250.95492
0.4965,80.69268,4.96764,874748.7176,874725,1241.27344
0.49642,80.77119,4.97248,874750.6665,874737.5,1238.28964
0.49643,80.76975,4.97239,874751.547,874762.5,1234.90391
0.49642,80.77007,4.97241,874749.5359,874775,1242.96129
0.49639,80.80941,4.97483,874749.0161,874787.5,1244.86338
0.49638,80.81052,4.9749,874748.4811,874775,1241.05769
0.49639,80.80941,4.97483,874750.7489,874812.5,1238.76638
0.49635,80.84762,4.97718,874748.8298,874837.5,1236.61162
0.49634,80.85051,4.97736,874749.0338,874750,1243.72038
0.4963,80.8916,4.97989,874752.5627,874762.5,1241.70166
0.49634,80.85003,4.97733,874750.7446,874712.5,1245.54846
0.49629,80.90296,4.98059,874751.499,874825,1238.14607
0.49626,80.9319,4.98237,874751.6597,874787.5,1249.00523
0.49626,80.9327,4.98242,874750.4909,874775,1239.78687
0.49626,80.93126,4.98233,874750.7226,874712.5,1242.85532
0.49623,80.96116,4.98417,874750.3289,874775,1241.18225
0.49622,80.97171,4.98482,874749.8902,874800,1239.40165
0.49622,80.97555,4.98506,874752.1699,874787.5,1243.95859
0.49618,81.01234,4.98732,874752.3426,874837.5,1248.51435
0.49618,81.01234,4.98732,874749.4683,874775,1236.56106
0.49616,81.0336,4.98863,874751.1711,874775,1236.53654
0.49614,81.05295,4.98982,874750.8204,874825,1244.96208
0.49614,81.05264,4.9898,874750.4154,874750,1239.82507
0.49614,81.05168,4.98974,874749.0233,874800,1238.79208
0.4961,81.09117,4.99218,874750.1241,874787.5,1232.9913
0.4961,81.09133,4.99218,874751.8184,874812.5,1241.07797
0.4961,81.09101,4.99217,874751.2398,874775,1242.84321
0.49606,81.13099,4.99463,874750.8412,874725,1245.85211
0.49606,81.13115,4.99464,874750.2486,874762.5,1234.50713
0.49602,81.17192,4.99715,874749.6489,874750,1241.16194
0.49602,81.17129,4.99711,874751.0297,874762.5,1237.79841
0.49602,81.17049,4.99706,874750.5417,874825,1242.08454
0.49601,81.18904,4.9982,874749.479,874787.5,1237.47924
0.49598,81.21126,4.99957,874751.6801,874775,1237.62655
0.49597,81.22772,5.00058,874752.8979,874762.5,1236.55754
0.49594,81.2514,5.00204,874748.8554,874825,1242.01953
0.49593,81.26004,5.00257,874749.567,874712.5,1245.86344
0.4959,81.29249,5.00457,874750.0231,874775,1242.12418
0.4959,81.29121,5.00449,874749.049,874750,1243.94558
0.4959,81.29712,5.00485,874751.8494,874750,1234.84695
0.49589,81.30592,5.0054,874750.5218,874750,1248.98524
0.4959,81.2909,5.00447,874750.3739,874787.5,1245.95529
0.49586,81.33182,5.00699,874750.6664,874762.5,1239.3757
0.49586,81.33182,5.00699,874749.158,874762.5,1232.96756
0.49582,81.37116,5.00941,874750.6691,874787.5,1236.21675
0.49582,81.37133,5.00942,874748.3283,874762.5,1238.82458
0.49582,81.37021,5.00935,874748.7335,874800,1250.03364
0.4958,81.39164,5.01067,874750.325,874737.5,1242.91421
0.49578,81.41195,5.01192,874750.335,874825,1235.25824
0.49578,81.41226,5.01194,874750.0862,874725,1242.98906
0.49578,81.41914,5.01237,874749.4373,874775,1235.49052
0.49574,81.4524,5.01441,874752.3908,874775,1247.84886
0.49574,81.45144,5.01435,874750.4488,874762.5,1240.26917
0.4957,81.4919,5.01685,874749.7156,874787.5,1241.86995
0.49574,81.45192,5.01438,874749.4783,874775,1243.11721
0.4957,81.49254,5.01688,874750.8985,874750,1246.57259
0.4957,81.49142,5.01682,874748.5838,874750,1238.73227
0.4957,81.4911,5.0168,874749.3991,874750,1242.20755
0.49566,81.53395,5.01943,874747.9254,874762.5,1241.80851
0.49563,81.5613,5.02112,874751.1336,874775,1242.15714
0.49566,81.53587,5.01955,874751.0474,874775,1242.34125
0.49562,81.57345,5.02187,874751.1841,874762.5,1241.4362
0.49562,81.57137,5.02174,874752.0659,874825,1229.45746
0.49558,81.61311,5.02431,874750.8417,874800,1243.5791
0.49558,81.61279,5.02429,874750.0694,874762.5,1238.26898
0.49558,81.61135,5.0242,874749.627,874800,1238.96507
0.49558,81.61342,5.02433,874750.9765,874787.5,1247.104
0.49554,81.65356,5.0268,874751.4336,874850,1239.84312
0.49552,81.67787,5.02829,874748.4542,874787.5,1244.0405
0.4955,81.69226,5.02918,874749.1385,874737.5,1238.25552
0.4955,81.69226,5.02918,874751.3123,874762.5,1247.17773
0.49546,81.73112,5.03157,874748.8852,874762.5,1242.99066
0.49546,81.73096,5.03156,874750.1387,874725,1240.36714
0.49543,81.7695,5.03393,874749.5962,874762.5,1247.46639
0.49546,81.73464,5.03179,874749.1272,874775,1236.73355
0.49543,81.76934,5.03392,874751.2819,874750,1239.52016
0.49542,81.7719,5.03408,874751.6996,874800,1238.61676
0.49534,81.85249,5.03904,874748.8503,874812.5,1240.34259
0.49534,81.85041,5.03892,874749.7585,874775,1234.83671
0.49534,81.85121,5.03897,874751.5302,874787.5,1248.39959
0.4953,81.89199,5.04148,874747.603,874762.5,1240.74928
0.4953,81.89151,5.04145,874751.3366,874787.5,1248.76702
0.4953,81.89262,5.04151,874749.9508,874775,1232.85444
0.4953,81.89102,5.04142,874750.5901,874800,1241.34658
0.4953,81.89071,5.0414,874749.7223,874775,1239.12225
0.49527,81.92876,5.04374,874748.364,874800,1244.42496
0.49526,81.93212,5.04395,874751.0601,874775,1245.59464
0.49522,81.9721,5.04641,874750.9456,874775,1238.04718
0.49522,81.97163,5.04638,874749.2398,874750,1237.28325
0.49522,81.97402,5.04653,874748.8669,874737.5,1241.97291
0.49522,81.97354,5.0465,874750.6156,874787.5,1240.04173
0.49522,81.97306,5.04647,874748.8365,874762.5,1246.10548
0.49518,82.01256,5.0489,874751.928,874750,1248.37493
0.49518,82.0116,5.04884,874749.6397,874762.5,1240.40476
0.49518,82.014,5.04899,874750.4039,874737.5,1235.89791
0.49518,82.01831,5.04925,874749.1871,874750,1242.22963
0.49514,82.05094,5.05126,874749.4739,874787.5,1242.74527
0.49514,82.0511,5.05127,874750.5304,874800,1237.58116
0.49511,82.08771,5.05352,874750.5044,874800,1242.94588
0.4951,82.09171,5.05377,874748.0426,874812.5,1243.59643
0.4951,82.09251,5.05382,874747.3669,874725,1240.4737
0.4951,82.09379,5.0539,874751.6365,874812.5,1244.22414
0.49506,82.13297,5.05631,874749.6673,874737.5,1244.89175
0.49506,82.13409,5.05638,874749.4341,874725,1241.47209
0.49502,82.17311,5.05878,874749.6168,874825,1238.57377
0.49502,82.17391,5.05883,874750.6231,874750,1239.82134
0.49502,82.17342,5.0588,874750.7692,874775,1240.78347
0.49502,82.17582,5.05895,874750.3058,874775,1238.05487
0.49498,82.21325,5.06125,874750.3907,874825,1238.64909
0.49494,82.2537,5.06374,874748.4395,874712.5,1239.31392
0.49498,82.21389,5.06129,874748.0691,874762.5,1234.13865
0.49494,82.25402,5.06376,874749.7431,874775,1241.07381
0.49494,82.2537,5.06374,874750.8534,874762.5,1236.36184
0.49494,82.25274,5.06368,874749.1855,874775,1235.65231
0.49494,82.25402,5.06376,874746.6104,874800,1241.56245
0.4949,82.29464,5.06626,874749.5305,874812.5,1241.24642
0.49488,82.31159,5.06731,874751.8698,874800,1237.83954
0.49486,82.33397,5.06869,874749.8062,874725,1241.3947
0.49486,82.33285,5.06862,874748.1742,874800,1241.59406
0.49482,82.37347,5.07112,874749.7484,874800,1244.6002
0.49482,82.37251,5.07106,874752.604,874737.5,1239.10809
0.49479,82.40161,5.07285,874749.6796,874812.5,1240.85031
0.49477,82.42687,5.0744,874748.0078,874762.5,1240.29158
0.49478,82.41409,5.07362,874748.9078,874762.5,1248.11613
0.49474,82.45566,5.07618,874749.4572,874775,1235.60591
0.49474,82.4547,5.07612,874750.1705,874737.5,1243.23755
0.4947,82.49549,5.07863,874750.0832,874712.5,1243.06177
0.4947,82.49532,5.07862,874749.5099,874812.5,1244.94373
0.49467,82.5241,5.08039,874750.3637,874850,1246.18537
0.49466,82.53497,5.08106,874750.3347,874812.5,1240.96642
0.49466,82.53497,5.08106,874748.659,874762.5,1235.09082
0.49462,82.57511,5.08353,874750.6996,874787.5,1239.28176
0.49462,82.57591,5.08358,874749.6361,874762.5,1241.85765
0.49462,82.57895,5.08377,874750.4787,874687.5,1245.41981
0.49458,82.61701,5.08611,874750.5569,874762.5,1249.54476
0.49458,82.61541,5.08601,874751.8392,874762.5,1243.96022
0.49454,82.65555,5.08848,874748.6148,874787.5,1241.31045
0.49454,82.65442,5.08841,874750.8781,874775,1243.11251
0.49454,82.65522,5.08846,874748.9448,874762.5,1241.19178
0.4945,82.69616,5.09098,874748.8982,874787.5,1239.22892
0.49451,82.68385,5.09022,874749.0676,874775,1243.89113
0.4945,82.69889,5.09115,874750.5193,874750,1243.60055
0.4945,82.69745,5.09106,874750.266,874775,1246.59813
0.4945,82.69536,5.09093,874749.1324,874787.5,1242.39909
0.49446,82.73679,5.09348,874749.5156,874775,1242.33668
0.49446,82.73774,5.09354,874749.1708,874762.5,1238.23084
0.49446,82.73646,5.09346,874749.4504,874725,1241.25887
0.49442,82.77676,5.09594,874748.5803,874787.5,1233.9841
0.49442,82.77707,5.09596,874752.308,874787.5,1243.20931
0.49442,82.77707,5.09596,874749.9603,874800,1246.54246
0.49442,82.77548,5.09587,874749.472,874725,1239.61533
0.4944,82.79467,5.09705,874749.4503,874787.5,1249.52115
0.49438,82.8185,5.09851,874749.466,874800,1242.29031
0.49438,82.81626,5.09838,874750.7405,874712.5,1238.51848
0.49438,82.81818,5.09849,874749.7757,874775,1245.72553
0.49433,82.86039,5.10109,874748.2046,874762.5,1238.55042
0.4943,82.89765,5.10339,874751.2594,874787.5,1234.25902
0.49426,82.93826,5.10589,874749.5677,874762.5,1240.0797
0.4943,82.89861,5.10345,874747.895,874812.5,1238.99073
0.49426,82.93762,5.10585,874748.381,874775,1244.03655
0.49426,82.93842,5.1059,874751.2895,874800,1244.38646
0.49421,82.98016,5.10847,874750.3292,874787.5,1234.48841
0.49422,82.9776,5.10831,874749.644,874775,1239.33303
0.49418,83.01774,5.11078,874747.5142,874725,1246.31368
0.49418,83.01806,5.1108,874748.2676,874812.5,1237.95716
0.49414,83.05596,5.11313,874750.3261,874775,1236.86254
0.49414,83.05867,5.1133,874750.7607,874800,1241.96565
0.49414,83.05787,5.11325,874747.9093,874737.5,1242.1474
0.49414,83.059,5.11332,874749.7896,874812.5,1241.03182
0.4941,83.0985,5.11575,874748.5097,874787.5,1243.50882
0.4941,83.09881,5.11577,874750.0154,874775,1236.52785
0.49408,83.11625,5.11684,874748.5609,874800,1243.67211
0.49405,83.14455,5.11859,874749.0339,874775,1242.30062
0.49406,83.13847,5.11821,874748.9578,874812.5,1240.89348
0.49402,83.17765,5.12062,874750.4828,874750,1237.99006
0.49402,83.17909,5.12071,874747.6092,874750,1244.93645
0.49398,83.21315,5.12281,874747.8141,874737.5,1240.89838
0.49398,83.21939,5.12319,874749.4712,874800,1236.96983
0.49396,83.23601,5.12422,874748.5278,874812.5,1240.65937
0.49394,83.25824,5.12559,874750.6754,874825,1243.13614
0.49394,83.25809,5.12558,874749.0645,874787.5,1239.53614
0.49391,83.28142,5.12701,874750.1324,874775,1241.97136
0.4939,83.29837,5.12806,874751.1825,874800,1229.23168
0.49393,83.26049,5.12572,874748.4673,874837.5,1238.72596
0.4939,83.2995,5.12813,874748.305,874750,1240.2535
0.4939,83.29742,5.128,874749.1189,874737.5,1243.29412
0.49389,83.30557,5.1285,874751.1033,874812.5,1241.77302
0.49386,83.33884,5.13055,874749.1524,874725,1237.79422
0.49386,83.339,5.13056,874749.5724,874837.5,1243.68463
0.49386,83.33867,5.13054,874749.7092,874812.5,1243.50453
0.49386,83.33804,5.1305,874748.2177,874787.5,1235.26287
0.49386,83.33804,5.1305,874747.7094,874787.5,1241.62411
0.49386,83.33851,5.13053,874749.8595,874750,1238.58296
0.49386,83.33851,5.13053,874749.7856,874787.5,1241.49055
0.49382,83.37929,5.13304,874749.4526,874737.5,1245.30477
0.49378,83.41655,5.13533,874747.4327,874800,1235.84371
0.49382,83.3769,5.13289,874749.3579,874737.5,1239.69475
0.49378,83.41767,5.1354,874748.4814,874762.5,1234.81793
0.49378,83.41751,5.13539,874749.4945,874762.5,1250.24407
0.49378,83.41624,5.13531,874751.1372,874800,1238.09893
0.49374,83.45829,5.1379,874750.8713,874812.5,1237.12282
0.49374,83.45716,5.13783,874748.5189,874725,1239.86623
0.49372,83.473,5.13881,874748.9107,874812.5,1247.43575
0.4937,83.49826,5.14036,874749.409,874762.5,1235.67021
0.4937,83.49795,5.14034,874747.6297,874725,1244.4608
0.49366,83.53744,5.14277,874750.2312,874737.5,1238.92907
0.49366,83.53713,5.14275,874749.1389,874775,1236.04998
0.49362,83.57343,5.14499,874749.8819,874812.5,1242.76464
0.49362,83.5787,5.14531,874748.858,874787.5,1243.77629
0.49362,83.57837,5.14529,874746.6895,874762.5,1248.72463
0.49357,83.62155,5.14795,874749.4577,874762.5,1239.39688
0.49357,83.62075,5.1479,874749.29,874762.5,1248.39327
0.49358,83.61964,5.14783,874749.9605,874762.5,1237.22262
0.49354,83.65961,5.15029,874750.672,874775,1248.80507
0.49349,83.70022,5.1528,874749.0359,874800,1245.80847
0.4935,83.69927,5.15274,874748.1237,874812.5,1244.65961
0.4935,83.69975,5.15277,874748.6109,874750,1237.29255
0.49347,83.72054,5.15405,874749.0054,874775,1238.47327
0.49346,83.73749,5.15509,874749.0813,874775,1247.24257
0.49346,83.7394,5.15521,874747.3406,874825,1234.90981
0.49341,83.77986,5.1577,874749.4517,874762.5,1233.2568
0.49342,83.77859,5.15762,874753.2648,874800,1239.50086
0.49342,83.77906,5.15765,874748.5301,874725,1240.42554
0.49342,83.77954,5.15768,874750.0176,874775,1239.43752
0.49338,83.81792,5.16004,874749.079,874787.5,1242.18779
0.49337,83.82064,5.16021,874749.9357,874812.5,1242.51839
0.49334,83.85886,5.16256,874750.5061,874775,1247.73075
0.49335,83.84766,5.16187,874749.7889,874787.5,1241.83196
0.49334,83.85821,5.16252,874749.7074,874750,1246.98188
0.49328,83.91179,5.16582,874747.9425,874750,1243.52004
0.49325,83.94025,5.16757,874748.447,874825,1238.96847
0.49325,83.94041,5.16758,874751.121,874775,1238.61198
0.49325,83.94009,5.16756,874750.0125,874825,1235.20765
0.49322,83.97959,5.16999,874746.8608,874775,1241.67557
0.49322,83.97942,5.16998,874748.0241,874800,1241.5403
0.49322,83.97767,5.16988,874746.6447,874737.5,1239.33962
0.49322,83.97959,5.16999,874749.4605,874800,1237.66336
0.49317,84.0202,5.17249,874748.1735,874762.5,1233.88303
0.49318,84.01956,5.17245,874748.995,874750,1237.32062
0.49316,84.03316,5.17329,874747.6762,874750,1240.56823
0.49314,84.05939,5.17491,874748.2223,874700,1249.56664
0.49313,84.06034,5.17496,874750.3324,874750,1238.27252
0.49314,84.05939,5.17491,874748.8774,874737.5,1242.80872
0.49309,84.10031,5.17743,874747.1288,874775,1249.66378
0.4931,84.09936,5.17737,874749.7918,874725,1249.54982
0.49309,84.1,5.17741,874747.8942,874812.5,1242.03401
0.49306,84.13934,5.17983,874750.2303,874750,1243.35568
0.49306,84.13981,5.17986,874746.2581,874725,1245.64241
0.49302,84.17915,5.18228,874748.6692,874787.5,1244.06251
0.49302,84.17899,5.18227,874746.9108,874762.5,1241.10366
0.49302,84.17979,5.18232,874748.7265,874762.5,1237.41207
0.49297,84.22057,5.18483,874748.3826,874800,1243.63399
0.49298,84.21945,5.18476,874749.4919,874750,1245.95358
0.49294,84.25799,5.18713,874746.7502,874787.5,1238.27658
0.49294,84.25911,5.1872,874749.726,874737.5,1231.53795
0.49293,84.25991,5.18725,874748.268,874737.5,1242.48412
0.4929,84.29956,5.18969,874748.8818,874775,1239.57467
0.49293,84.25991,5.18725,874749.4455,874775,1242.60178
0.49289,84.30069,5.18976,874748.5826,874712.5,1245.06446
0.4929,84.29892,5.18965,874748.5868,874800,1237.15392
0.49285,84.34002,5.19218,874748.7208,874762.5,1237.21168
0.49286,84.33906,5.19212,874748.1542,874712.5,1241.30306
0.49282,84.37009,5.19403,874747.3197,874787.5,1246.10098
0.49281,84.38016,5.19465,874747.8737,874775,1241.35384
0.49282,84.37871,5.19456,874745.8258,874787.5,1238.92868
0.49282,84.3792,5.19459,874747.3576,874737.5,1243.56432
0.4928,84.39102,5.19532,874749.3931,874762.5,1245.74891
0.49278,84.41885,5.19704,874749.3908,874750,1239.2482
0.49277,84.4203,5.19712,874747.5244,874750,1240.42084
0.49278,84.41805,5.19699,874747.1319,874762.5,1246.12798
0.49274,84.45964,5.19955,874748.0999,874725,1240.1343
0.49269,84.50105,5.2021,874747.5626,874800,1242.38072
0.4927,84.49817,5.20192,874749.9989,874825,1244.54049
0.49269,84.50089,5.20209,874748.7314,874800,1240.63847
0.49269,84.49992,5.20203,874746.8544,874725,1237.99084
0.49265,84.54022,5.20451,874747.3093,874750,1240.30975
0.49264,84.55126,5.20519,874748.9981,874762.5,1243.81511
0.49265,84.5407,5.20454,874747.4959,874762.5,1246.38281
0.49261,84.58084,5.20701,874748.9562,874737.5,1244.0255
0.49257,84.62082,5.20947,874747.6874,874787.5,1235.42517
0.49261,84.58036,5.20698,874746.996,874787.5,1246.99918
0.49258,84.61874,5.20934,874747.3192,874762.5,1243.40192
0.49257,84.62098,5.20948,874749.38,874750,1242.30874
0.49253,84.66095,5.21194,874747.7313,874775,1243.403
0.49257,84.62577,5.20977,874749.5977,874750,1238.35697
0.49251,84.68479,5.21341,874747.9478,874750,1248.24023
0.49252,84.67055,5.21253,874748.9467,874800,1246.07356
0.49249,84.70125,5.21442,874749.2942,874725,1245.90121
0.4925,84.69901,5.21428,874748.2475,874750,1235.08664
0.49245,84.74027,5.21682,874748.6685,874750,1243.70349
0.49246,84.73882,5.21673,874748.7637,874775,1237.31998
0.49244,84.75546,5.21776,874751.0264,874787.5,1238.04456
0.49242,84.77929,5.21922,874748.9741,874762.5,1243.05037
0.49237,84.82055,5.22177,874749.6216,874762.5,1247.92185
0.49241,84.78041,5.21929,874749.2882,874787.5,1240.30115
0.49238,84.81959,5.22171,874748.0084,874800,1248.65057
0.49237,84.82134,5.22181,874748.5669,874712.5,1244.08179
0.49238,84.8191,5.22168,874747.6247,874750,1232.79676
0.49233,84.86147,5.22428,874746.6408,874812.5,1239.62164
0.49233,84.86116,5.22427,874749.393,874737.5,1236.3601
0.4923,84.89346,5.22625,874747.5846,874737.5,1235.0311
0.49229,84.90098,5.22672,874748.0177,874750,1241.00539
0.49228,84.91312,5.22746,874749.5271,874787.5,1246.36368
0.49221,84.98109,5.23165,874748.0898,874787.5,1241.90438
0.4922,84.99836,5.23271,874746.0128,874762.5,1238.4369
0.49219,85.00924,5.23338,874749.4612,874775,1247.81559
0.49217,85.01995,5.23404,874749.3657,874812.5,1242.99891
0.49217,85.02539,5.23438,874748.9613,874775,1243.20096
0.49214,85.05529,5.23622,874750.0476,874800,1243.21188
0.49213,85.06249,5.23666,874745.8051,874737.5,1240.59047
0.49212,85.07511,5.23744,874749.3967,874712.5,1247.17281
0.49212,85.07464,5.23741,874750.0021,874762.5,1248.79217
0.49209,85.10134,5.23905,874748.6516,874775,1243.6645
0.49205,85.14436,5.2417,874748.1182,874725,1241.967
0.49209,85.10134,5.23905,874748.079,874737.5,1241.4239
0.49205,85.14324,5.24163,874750.7161,874787.5,1234.69343
0.49205,85.14084,5.24148,874747.4808,874787.5,1237.34082
0.49201,85.1829,5.24407,874750.2613,874712.5,1247.50819
0.49201,85.18241,5.24404,874750.7355,874787.5,1239.39714
0.49201,85.18305,5.24408,874748.1219,874737.5,1236.2047
0.49197,85.22031,5.24638,874748.543,874775,1241.78241
0.49197,85.22111,5.24642,874749.4876,874725,1244.04029
0.49201,85.18274,5.24406,874747.2882,874787.5,1239.69688
0.492,85.19425,5.24477,874747.9098,874750,1234.17553
0.49193,85.26172,5.24892,874745.7467,874737.5,1244.70504
0.49193,85.25997,5.24882,874746.9274,874762.5,1245.60747
0.49193,85.26093,5.24888,874748.3667,874750,1242.10321
0.49193,85.26045,5.24885,874747.9153,874762.5,1245.31736
0.4919,85.29691,5.25109,874748.0499,874750,1236.63228
0.49189,85.30315,5.25148,874748.471,874787.5,1237.38569
0.49185,85.34136,5.25383,874748.4611,874750,1243.12969
0.49185,85.34025,5.25376,874748.1685,874812.5,1243.71034
0.49186,85.33976,5.25373,874749.9905,874762.5,1242.9208
0.49183,85.36424,5.25524,874746.7587,874812.5,1241.59459
0.49181,85.38214,5.25634,874745.7355,874762.5,1236.70591
0.49181,85.38182,5.25632,874747.5523,874750,1241.84657
0.49181,85.38134,5.25629,874749.3098,874737.5,1242.05633
0.49177,85.42036,5.25869,874749.4673,874750,1244.15881
0.49177,85.42291,5.25885,874749.2578,874800,1247.08286
0.49173,85.46305,5.26132,874748.7561,874800,1238.6812
0.49173,85.4621,5.26126,874746.756,874762.5,1239.62465
0.49169,85.50239,5.26374,874746.9461,874750,1234.87127
0.4917,85.49327,5.26318,874748.0651,874775,1249.05161
0.49166,85.5331,5.26563,874749.7692,874800,1244.62598
0.49169,85.50287,5.26377,874749.6162,874700,1237.08549
0.49165,85.54205,5.26618,874748.073,874675,1246.26417
0.49165,85.54381,5.26629,874746.9304,874750,1248.96099
0.49161,85.58282,5.26869,874748.4021,874737.5,1243.64265
0.49161,85.58235,5.26866,874747.335,874787.5,1238.1936
0.49161,85.58426,5.26878,874748.7236,874762.5,1240.87132
0.49158,85.61001,5.27037,874748.061,874737.5,1243.28649
0.49157,85.62249,5.27113,874747.9101,874800,1242.47023
0.49157,85.62249,5.27113,874745.9057,874787.5,1240.07408
0.49157,85.62392,5.27122,874747.6406,874825,1233.60206
0.49157,85.6236,5.2712,874748.5629,874812.5,1235.58008
0.49153,85.66277,5.27361,874747.4985,874787.5,1238.62146
0.49153,85.66277,5.27361,874748.6129,874762.5,1239.61147
0.49153,85.6615,5.27354,874747.6246,874762.5,1245.38205
0.49153,85.66694,5.27387,874746.5448,874762.5,1240.65123
0.49149,85.70116,5.27598,874747.1623,874787.5,1250.58236
0.49149,85.70147,5.276,874748.5443,874762.5,1239.44849
0.49145,85.7421,5.2785,874748.4606,874825,1238.24481
0.49145,85.74337,5.27858,874748.3587,874800,1242.87433
0.49145,85.74289,5.27855,874748.695,874812.5,1238.21035
0.49144,85.7592,5.27955,874747.1286,874787.5,1237.31652
0.49142,85.77151,5.28031,874746.4027,874700,1233.27321
0.49141,85.78287,5.28101,874745.23,874750,1249.02756
0.4914,85.79455,5.28173,874747.6327,874737.5,1247.4113
0.49137,85.82316,5.28349,874746.7377,874725,1241.88148
0.49135,85.8438,5.28476,874747.8157,874800,1238.26225
0.49135,85.84651,5.28493,874749.1633,874737.5,1243.90129
0.49133,85.86299,5.28594,874747.967,874800,1241.5862
0.49133,85.86299,5.28594,874747.326,874800,1244.77444
0.4913,85.88985,5.28759,874747.0736,874800,1246.58485
0.49127,85.92551,5.28979,874748.0102,874762.5,1247.04518
0.49129,85.90249,5.28837,874747.2964,874775,1244.90152
0.49129,85.90216,5.28835,874747.812,874750,1240.24006
0.49129,85.90152,5.28831,874748.4103,874750,1238.66281
0.49125,85.94182,5.29079,874745.9078,874762.5,1239.28282
0.49125,85.94022,5.2907,874747.0711,874762.5,1247.53197
0.49125,85.94597,5.29105,874746.2658,874762.5,1239.53053
0.49117,86.02225,5.29574,874747.2631,874750,1239.47915
0.49117,86.02225,5.29574,874746.4209,874725,1237.30653
0.49117,86.02289,5.29578,874747.7762,874787.5,1243.32504
0.49113,86.06207,5.2982,874746.499,874700,1244.83974
0.49113,86.06175,5.29818,874748.1791,874812.5,1246.59799
0.49113,86.06223,5.29821,874747.4675,874800,1239.26967
0.49109,86.10205,5.30066,874747.2626,874800,1242.60271
0.49109,86.10301,5.30072,874746.2806,874800,1245.56958
0.49105,86.14299,5.30318,874747.2192,874837.5,1248.27161
0.49106,86.13546,5.30271,874747.8932,874800,1249.08045
0.49105,86.14523,5.30332,874748.815,874750,1238.31013
0.49101,86.18157,5.30555,874748.6406,874775,1240.61289
0.49101,86.18221,5.30559,874747.7806,874775,1237.05618
0.49098,86.21659,5.30771,874749.2062,874787.5,1245.37856
0.49097,86.22171,5.30802,874747.0753,874762.5,1241.39328
0.49097,86.22555,5.30826,874746.7604,874800,1243.00751
0.49093,86.26296,5.31056,874746.0479,874800,1245.23108
0.49089,86.3015,5.31294,874747.2193,874750,1236.16373
0.49089,86.30246,5.313,874746.9981,874787.5,1237.35982
0.49088,86.31494,5.31376,874749.2601,874800,1246.225
0.49085,86.34291,5.31549,874746.7563,874800,1242.28197
0.49084,86.35907,5.31648,874746.5342,874725,1241.97501
0.49081,86.38194,5.31789,874748.6702,874775,1242.44824
0.49081,86.38385,5.31801,874746.9937,874725,1245.28427
0.49081,86.38321,5.31797,874746.4079,874800,1250.52999
0.49079,86.40784,5.31948,874750.4213,874800,1245.75908
0.49077,86.42542,5.32057,874747.0591,874800,1242.1511
0.49077,86.42239,5.32038,874749.1602,874750,1242.79251
0.49073,86.46269,5.32286,874748.4816,874762.5,1243.02729
0.49073,86.46332,5.3229,874744.4168,874725,1244.35458
0.49073,86.46509,5.32301,874746.7449,874762.5,1242.29991
0.49073,86.46269,5.32286,874745.985,874712.5,1233.0312
0.49069,86.50315,5.32535,874750.7083,874737.5,1249.84766
0.49073,86.46252,5.32285,874747.9302,874787.5,1238.45059
0.49069,86.50171,5.32526,874746.5446,874825,1245.15013
0.49069,86.50315,5.32535,874748.3843,874737.5,1234.86069
0.49069,86.50235,5.3253,874748.2802,874812.5,1241.57737
0.49065,86.54136,5.3277,874747.6433,874775,1241.61287
0.49065,86.54344,5.32783,874748.3817,874800,1236.58267
0.49065,86.54376,5.32785,874745.9407,874800,1235.06129
0.49065,86.54489,5.32792,874748.4061,874800,1245.67559
0.49064,86.558,5.32873,874746.8802,874775,1239.41805
0.49061,86.58246,5.33023,874747.1147,874750,1244.39871
0.49061,86.58326,5.33028,874745.3338,874800,1245.18534
0.49061,86.5831,5.33027,874745.3191,874737.5,1238.3961
0.49058,86.61252,5.33208,874745.3678,874787.5,1244.68411
0.49057,86.62308,5.33273,874748.4079,874725,1237.00866
0.49057,86.62484,5.33284,874746.6391,874750,1240.35662
0.49053,86.66594,5.33537,874748.722,874750,1246.38642
0.49053,86.66417,5.33526,874747.3773,874725,1242.04596
0.4905,86.69087,5.33691,874745.7299,874837.5,1246.19503
0.49046,86.73021,5.33933,874745.1718,874737.5,1235.3658
0.49046,86.73278,5.33949,874746.5348,874725,1242.30619
0.49045,86.74556,5.34027,874747.318,874762.5,1242.83025
0.49043,86.7622,5.3413,874747.056,874725,1244.4098
0.49045,86.74652,5.34033,874749.1295,874800,1248.99097
0.49041,86.78266,5.34256,874747.2295,874775,1240.0442
0.49041,86.78939,5.34297,874747.2215,874800,1240.59713
0.49037,86.82344,5.34507,874748.1186,874812.5,1246.31027
0.49037,86.82504,5.34517,874748.2262,874812.5,1250.02166
0.49033,86.86182,5.34743,874745.2757,874775,1234.81719
0.49033,86.86294,5.3475,874747.1455,874775,1243.82777
0.49033,86.86357,5.34754,874746.878,874762.5,1234.63268
0.4903,86.89204,5.34929,874748.137,874737.5,1244.86831
0.49031,86.88692,5.34898,874748.8513,874737.5,1242.78747
0.49029,86.90467,5.35007,874747.5742,874787.5,1238.46508
0.49025,86.94449,5.35252,874746.9963,874812.5,1236.31504
0.49025,86.94417,5.3525,874746.2589,874700,1245.44652
0.49025,86.94434,5.35251,874747.0027,874775,1240.44184
0.49025,86.94465,5.35253,874747.6583,874812.5,1243.12731
0.49025,86.94625,5.35263,874746.3649,874787.5,1237.96428
0.49021,86.98319,5.3549,874746.9428,874737.5,1248.35454
0.49021,86.98542,5.35504,874746.3188,874737.5,1242.24156
0.49021,86.98415,5.35496,874746.0455,874775,1242.71046
0.49015,87.04091,5.35846,874745.6764,874775,1235.21035
0.49013,87.06155,5.35973,874748.8648,874825,1233.96981
0.49013,87.0633,5.35983,874746.715,874812.5,1236.89975
0.49009,87.1004,5.36212,874747.4831,874762.5,1238.42421
0.49013,87.06506,5.35994,874749.1417,874800,1244.33611
0.49009,87.1092,5.36266,874746.7252,874700,1246.52753
0.49008,87.1116,5.36281,874747.1521,874800,1242.87034
0.49005,87.14054,5.36459,874747.4765,874825,1236.755
0.49006,87.13222,5.36408,874748.6159,874762.5,1239.86556
0.49005,87.14357,5.36478,874747.3732,874762.5,1242.27708
0.49002,87.17508,5.36672,874746.7491,874725,1246.74165
0.49001,87.18195,5.36714,874746.8923,874775,1242.86094
0.48998,87.21234,5.36901,874746.4675,874725,1240.38779
0.48997,87.22274,5.36965,874748.6149,874787.5,1244.06944
0.48997,87.22354,5.3697,874746.0238,874762.5,1242.64488
0.48997,87.22321,5.36968,874746.378,874812.5,1244.83673
0.48993,87.26287,5.37212,874745.6489,874762.5,1246.71433
0.48992,87.27294,5.37274,874745.5667,874775,1246.30952
0.48989,87.30316,5.3746,874746.333,874787.5,1245.93942
0.48989,87.30429,5.37467,874746.7852,874800,1244.52825
0.48985,87.34314,5.37706,874746.9623,874750,1240.54552
0.48985,87.34266,5.37703,874746.5471,874800,1243.46332
0.48981,87.38424,5.37959,874747.5392,874737.5,1239.40006
0.48981,87.386,5.3797,874747.168,874787.5,1245.044
0.48977,87.42374,5.38202,874744.5347,874725,1244.05771
0.48977,87.4239,5.38203,874747.0472,874812.5,1245.17663
0.48977,87.42517,5.38211,874746.0056,874812.5,1246.03247
0.48977,87.4247,5.38208,874747.4587,874725,1248.34248
0.48977,87.42437,5.38206,874744.9528,874787.5,1249.37993
0.48973,87.46307,5.38445,874747.0489,874825,1244.98119
0.48969,87.50401,5.38697,874748.0061,874800,1244.89163
0.48969,87.50272,5.38689,874745.3838,874800,1237.1722
0.48968,87.51632,5.38772,874746.5844,874787.5,1240.69877
0.48969,87.50401,5.38697,874746.6372,874800,1241.42514
0.48965,87.54479,5.38948,874748.0539,874762.5,1241.95489
0.48965,87.54431,5.38945,874746.5089,874762.5,1237.78161
0.48961,87.58125,5.39172,874746.2254,874750,1243.83354
0.48964,87.55981,5.3904,874748.0107,874775,1234.34215
0.48965,87.54462,5.38947,874748.1535,874787.5,1249.90188
0.48961,87.58412,5.3919,874748.0516,874737.5,1244.11561
0.48961,87.58396,5.39189,874748.1114,874825,1243.66135
0.48961,87.58524,5.39197,874746.1182,874812.5,1239.4725
0.48957,87.62586,5.39447,874745.6879,874737.5,1249.93069
0.48957,87.62537,5.39444,874746.7221,874825,1244.60048
0.48957,87.6257,5.39446,874747.9489,874787.5,1242.29868
0.48956,87.63066,5.39476,874748.1537,874787.5,1244.27147
0.48953,87.66424,5.39683,874746.0524,874775,1238.18003
0.48953,87.66407,5.39682,874743.6938,874737.5,1239.96035
0.48953,87.66967,5.39716,874746.2962,874737.5,1236.81352
0.48949,87.70357,5.39925,874747.7561,874787.5,1241.46251
0.48949,87.70357,5.39925,874747.6966,874775,1238.11061
0.48946,87.7306,5.40092,874747.4088,874787.5,1239.56021
0.48949,87.70614,5.39941,874748.5918,874762.5,1241.08805
0.48946,87.73971,5.40148,874747.4503,874750,1243.71663
0.48943,87.76642,5.40312,874744.3362,874762.5,1246.28709
0.48945,87.74468,5.40178,874748.2537,874787.5,1241.4601
0.48941,87.78545,5.40429,874745.0339,874800,1238.87162
0.48941,87.78449,5.40423,874746.6724,874787.5,1247.06755
0.4894,87.7968,5.40499,874748.0137,874787.5,1235.80833
0.48935,87.84605,5.40802,874745.9049,874812.5,1240.64055
0.48933,87.86684,5.4093,874744.9774,874787.5,1244.4271
0.48933,87.86876,5.40942,874745.8136,874750,1240.46972
0.48931,87.88075,5.41016,874747.007,874812.5,1247.32465
0.48929,87.90682,5.41176,874746.9258,874750,1242.37408
0.48925,87.94664,5.41421,874744.8065,874800,1243.62137
0.48928,87.91401,5.41221,874746.5248,874787.5,1249.45731
0.48921,87.98614,5.41665,874747.6345,874812.5,1251.57368
0.48921,87.98645,5.41667,874749.4098,874737.5,1244.33801
0.48921,87.98661,5.41668,874745.1954,874775,1241.71045
0.48917,88.02707,5.41917,874746.3266,874825,1243.82139
0.48917,88.02787,5.41922,874747.409,874775,1243.87638
0.48917,88.02642,5.41913,874747.3113,874762.5,1239.78453
0.48917,88.02579,5.41909,874745.9042,874737.5,1245.5138
0.48906,88.13245,5.42565,874747.4639,874775,1240.0945
0.48909,88.10766,5.42413,874747.5875,874725,1243.24208
0.48906,88.13692,5.42593,874745.931,874762.5,1248.20562
0.48909,88.10959,5.42425,874746.9686,874750,1249.94221
0.48905,88.14684,5.42654,874745.2836,874737.5,1240.01434
0.48905,88.1478,5.4266,874746.2632,874725,1246.79452
0.48901,88.18666,5.42899,874745.7364,874800,1241.5882
0.48901,88.18634,5.42897,874744.0138,874775,1241.77307
0.48897,88.2284,5.43156,874745.0795,874737.5,1247.72264
0.48897,88.22328,5.43125,874746.1121,874737.5,1246.60407
0.48897,88.226,5.43141,874748.0259,874812.5,1237.08001
0.48897,88.2276,5.43151,874746.1218,874750,1239.74109
0.48896,88.23591,5.43202,874746.7314,874787.5,1241.43898
0.48893,88.26661,5.43391,874745.2459,874787.5,1240.03093
0.48893,88.26741,5.43396,874745.4185,874762.5,1248.49106
0.48893,88.26741,5.43396,874747.1274,874737.5,1240.89665
0.48892,88.27796,5.43461,874745.5645,874812.5,1238.21481
0.48891,88.28404,5.43499,874744.3745,874800,1235.83491
0.48889,88.30659,5.43637,874745.2268,874750,1243.15217
0.48889,88.30659,5.43637,874747.3225,874775,1247.58359
0.48886,88.33489,5.43812,874746.8172,874775,1234.88783
0.48885,88.34912,5.43899,874746.9445,874800,1240.53847
0.48885,88.34832,5.43894,874745.3584,874725,1238.96762
0.48884,88.35184,5.43916,874746.6608,874762.5,1240.74358
0.48881,88.38686,5.44132,874747.3694,874787.5,1246.67163
0.48881,88.3883,5.4414,874745.7769,874762.5,1249.36858
0.48877,88.42764,5.44383,874747.0254,874762.5,1241.79511
0.48877,88.42764,5.44383,874745.5564,874787.5,1245.46408
0.48873,88.4681,5.44632,874745.171,874787.5,1240.95911
0.48874,88.45162,5.4453,874744.1296,874750,1248.17866
0.48869,88.50888,5.44883,874743.7559,874800,1249.34409
0.48871,88.48969,5.44765,874746.7339,874787.5,1237.80111
0.48869,88.50711,5.44872,874746.3234,874762.5,1244.14228
0.48865,88.54885,5.45129,874747.0296,874762.5,1242.10509
0.48865,88.54692,5.45117,874745.7047,874762.5,1244.85444
0.48861,88.58755,5.45367,874746.7775,874825,1236.73331
0.48862,88.57684,5.45301,874744.7202,874700,1244.10341
0.48861,88.58755,5.45367,874745.8328,874750,1238.0919
0.48857,88.62241,5.45582,874745.019,874787.5,1248.5783
0.48857,88.62864,5.4562,874749.0435,874800,1244.23721
0.48853,88.66766,5.4586,874745.6098,874737.5,1242.34183
0.48854,88.65679,5.45793,874745.3297,874787.5,1244.57721
0.48853,88.66639,5.45852,874745.6369,874775,1246.03382
0.48853,88.66702,5.45856,874748.032,874737.5,1237.51434
0.48849,88.70731,5.46104,874746.3497,874750,1240.64889
0.48849,88.70971,5.46119,874744.7624,874800,1245.40884
0.48845,88.74761,5.46352,874745.1941,874737.5,1245.96683
0.48845,88.7481,5.46355,874745.5803,874712.5,1243.72325
0.48845,88.74665,5.46347,874748.3242,874712.5,1243.40211
0.48845,88.74825,5.46356,874747.0478,874762.5,1252.98578
0.48845,88.74777,5.46353,874745.9637,874725,1234.81187
0.48841,88.78711,5.46596,874744.6127,874737.5,1238.91968
0.48841,88.78664,5.46593,874747.1003,874762.5,1244.49999
0.48841,88.78647,5.46592,874743.4081,874762.5,1241.97143
0.48841,88.78744,5.46598,874744.5678,874787.5,1246.92715
0.48841,88.78615,5.4659,874746.6803,874762.5,1244.88768
0.48837,88.82789,5.46847,874747.0487,874775,1240.69053
0.48836,88.83076,5.46864,874745.5534,874750,1246.17121
0.48837,88.82709,5.46842,874743.7816,874712.5,1244.87699
0.48837,88.82517,5.4683,874746.0645,874750,1242.7934
0.48833,88.8677,5.47092,874746.3405,874800,1241.94051
0.48833,88.86706,5.47088,874744.5483,874762.5,1239.41868
0.48833,88.86739,5.4709,874745.7972,874812.5,1240.99976
0.48832,88.87937,5.47164,874747.3774,874725,1244.61524
0.48829,88.90689,5.47333,874745.463,874737.5,1242.31736
0.48829,88.90753,5.47337,874744.5311,874800,1242.75688
0.48829,88.90896,5.47346,874743.3942,874800,1238.05485
0.48829,88.90753,5.47337,874747.4654,874762.5,1249.09025
0.48825,88.94782,5.47585,874744.9752,874800,1242.9295
0.48825,88.94782,5.47585,874746.9447,874787.5,1239.18106
0.48825,88.9483,5.47588,874746.4905,874825,1243.1352
0.48822,88.97565,5.47756,874744.739,874737.5,1238.69527
0.48821,88.98827,5.47834,874744.6747,874737.5,1240.30178
0.4882,88.99644,5.47884,874743.3977,874775,1241.13958
0.48817,89.02921,5.48086,874744.4178,874800,1244.28177
0.48817,89.02905,5.48085,874745.0089,874725,1235.79993
0.48817,89.02794,5.48078,874744.4281,874762.5,1244.19791
0.48813,89.06822,5.48326,874744.9527,874762.5,1238.23589
0.48808,89.11349,5.48605,874745.8086,874762.5,1241.99827
0.48805,89.14899,5.48823,874744.5976,874800,1231.81245
0.48805,89.1469,5.48811,874743.943,874750,1240.50811
0.48801,89.18912,5.49071,874744.696,874787.5,1243.20843
0.48797,89.2227,5.49277,874747.0185,874800,1244.0976
0.48797,89.22206,5.49273,874744.6667,874762.5,1243.18777
0.48797,89.22718,5.49305,874746.8395,874712.5,1246.80172
0.48797,89.2275,5.49307,874746.0314,874750,1240.29297
0.48793,89.26875,5.49561,874744.0492,874750,1243.72401
0.48793,89.26811,5.49557,874744.1411,874800,1244.76765
0.48789,89.30969,5.49813,874743.6216,874775,1244.48143
0.48789,89.30921,5.4981,874745.2428,874762.5,1240.22163
0.48785,89.34888,5.50054,874743.7431,874700,1236.40205
0.48785,89.34935,5.50057,874745.4463,874812.5,1244.08734
0.48785,89.34983,5.5006,874744.7004,874737.5,1236.13238
0.48781,89.38101,5.50252,874743.576,874787.5,1243.20785
0.4878,89.39092,5.50313,874744.0871,874737.5,1244.40143
0.48777,89.42739,5.50537,874745.3723,874800,1239.72178
0.48777,89.42675,5.50533,874743.1548,874750,1248.52692
0.48774,89.45793,5.50725,874742.9362,874812.5,1248.08439
0.48778,89.41107,5.50437,874744.5853,874787.5,1240.30428
0.48777,89.42755,5.50538,874745.6072,874800,1244.92992
0.48773,89.46896,5.50793,874744.9295,874750,1240.8264
0.48773,89.46896,5.50793,874743.6342,874737.5,1246.44727
0.48773,89.468,5.50787,874747.8029,874775,1245.99022
0.48772,89.476,5.50837,874744.9022,874712.5,1238.7985
0.48769,89.50877,5.51038,874742.4751,874775,1237.96134
0.48769,89.5083,5.51035,874745.6985,874762.5,1239.64462
0.48767,89.52669,5.51149,874744.7773,874800,1237.29998
0.48765,89.54891,5.51285,874745.5109,874762.5,1243.50092
0.48764,89.54987,5.51291,874743.783,874700,1243.8794
0.48764,89.55803,5.51342,874745.7124,874737.5,1243.76935
0.48761,89.58809,5.51527,874744.5088,874787.5,1244.67662
0.48765,89.54907,5.51286,874743.7877,874787.5,1242.81807
0.48761,89.58761,5.51524,874744.8125,874737.5,1241.16875
0.48761,89.58634,5.51516,874746.3512,874787.5,1233.33941
0.48761,89.58777,5.51525,874744.0572,874737.5,1242.64564
0.48757,89.62871,5.51777,874745.071,874775,1241.87988
0.48757,89.62822,5.51774,874743.5602,874712.5,1244.0858
0.48757,89.62822,5.51774,874745.3672,874762.5,1239.93022
0.48753,89.66805,5.52019,874745.1586,874775,1247.57065
0.48752,89.67045,5.52034,874744.2467,874750,1236.66378
0.48752,89.67189,5.52043,874746.3788,874800,1240.72077
0.48749,89.70466,5.52244,874744.232,874787.5,1250.46315
0.48748,89.71026,5.52279,874742.5704,874787.5,1241.12518
0.48749,89.70899,5.52271,874745.7237,874775,1243.98796
0.48745,89.74848,5.52514,874744.5273,874750,1243.67855
0.48745,89.7488,5.52516,874744.5734,874737.5,1242.44919
0.48741,89.78894,5.52763,874745.8406,874787.5,1249.74053
0.48741,89.78846,5.5276,874744.1442,874787.5,1242.74573
0.48741,89.78654,5.52748,874744.4164,874737.5,1242.30565
0.48737,89.82715,5.52998,874744.4509,874775,1234.21529
0.48735,89.84586,5.53114,874745.8679,874712.5,1248.64611
0.48733,89.86809,5.5325,874746.5915,874775,1240.03419
0.48732,89.87049,5.53265,874744.2921,874737.5,1246.47821
0.48731,89.8876,5.53371,874745.7982,874775,1244.15495
0.48729,89.90806,5.53497,874746.6197,874725,1245.40481
0.48725,89.94885,5.53748,874744.4453,874825,1242.20611
0.48725,89.9498,5.53753,874743.1655,874787.5,1252.41919
0.48721,89.98914,5.53996,874745.6224,874762.5,1242.69202
0.48721,89.98883,5.53994,874746.4306,874800,1241.71467
0.4872,89.99057,5.54004,874744.533,874762.5,1238.73353
0.48718,90.01649,5.54164,874744.4207,874787.5,1239.91348
0.48717,90.02927,5.54243,874744.5313,874775,1244.80409
0.48717,90.02816,5.54236,874745.0347,874800,1238.45313
0.48713,90.06541,5.54465,874745.574,874775,1239.62257
0.48713,90.0691,5.54488,874746.0013,874737.5,1246.62343
0.48713,90.0675,5.54478,874744.1986,874812.5,1244.62232
0.48711,90.08092,5.54561,874744.4377,874762.5,1239.47298
0.48709,90.10891,5.54733,874741.6891,874750,1235.57502
0.48709,90.10939,5.54736,874743.189,874737.5,1245.03676
0.48709,90.10891,5.54733,874743.9607,874762.5,1237.2223
0.48705,90.14825,5.54975,874744.7901,874800,1243.26604
0.48704,90.15016,5.54987,874744.5115,874737.5,1247.32181
0.48704,90.14985,5.54985,874743.9805,874787.5,1246.48544
0.48704,90.15065,5.5499,874745.6015,874800,1239.16322
0.48697,90.22836,5.55468,874743.7205,874800,1240.49992
0.48697,90.22964,5.55476,874743.6423,874787.5,1248.9571
0.48697,90.22325,5.55437,874742.512,874750,1239.86304
0.48697,90.22772,5.55464,874743.7247,874787.5,1247.59022
0.48697,90.22916,5.55473,874742.6955,874775,1232.75542
0.48693,90.2693,5.5572,874743.4383,874750,1238.28208
0.48693,90.26834,5.55714,874743.8554,874800,1241.94913
0.48695,90.24004,5.5554,874744.0424,874762.5,1244.43231
0.48693,90.26914,5.55719,874744.2482,874787.5,1239.49902
0.48692,90.27074,5.55729,874744.7317,874712.5,1249.20374
0.48693,90.2685,5.55715,874744.1696,874725,1248.13414
0.48693,90.26866,5.55716,874744.9515,874737.5,1240.34521
0.48692,90.2725,5.5574,874744.9686,874737.5,1248.43922
0.48689,90.30927,5.55966,874745.479,874775,1239.97387
0.4869,90.29456,5.55876,874744.5793,874762.5,1245.53241
0.48689,90.30944,5.55967,874744.2452,874787.5,1241.65499
0.48689,90.30751,5.55956,874744.3333,874775,1240.1619
0.48685,90.34845,5.56208,874742.2617,874762.5,1238.74335
0.48685,90.34878,5.5621,874744.4883,874737.5,1237.29136
0.48685,90.3483,5.56207,874743.4335,874737.5,1249.33358
0.48685,90.34957,5.56215,874744.1121,874762.5,1242.7429
0.48681,90.38922,5.56459,874744.1452,874750,1246.55835
0.48681,90.38955,5.56461,874745.1991,874787.5,1246.69144
0.4868,90.39979,5.56524,874743.2485,874762.5,1248.08721
0.48678,90.41594,5.56623,874744.5307,874750,1246.77822
0.48677,90.42809,5.56698,874744.0505,874737.5,1249.26387
0.48677,90.42873,5.56702,874745.1432,874762.5,1245.45427
0.48673,90.4679,5.56943,874741.2537,874725,1254.70022
0.48673,90.46422,5.5692,874744.1676,874750,1247.78317
0.48673,90.46855,5.56947,874743.7631,874800,1241.47756
0.48673,90.46903,5.5695,874744.4303,874787.5,1242.27501
0.48672,90.4751,5.56987,874742.2716,874775,1244.72502
0.48668,90.51044,5.57205,874743.8754,874762.5,1241.09899
0.48668,90.50996,5.57202,874743.1421,874787.5,1245.51469
0.48665,90.5485,5.57439,874742.8952,874762.5,1238.00455
0.48665,90.54882,5.57441,874744.3029,874750,1249.56986
0.48665,90.5493,5.57444,874742.8845,874750,1245.51653
0.4866,90.59279,5.57712,874742.9252,874787.5,1238.37335
0.4866,90.59087,5.577,874742.7961,874775,1241.50983
0.48656,90.63165,5.57951,874742.7613,874712.5,1245.64267
0.48656,90.63134,5.57949,874744.2476,874787.5,1244.90624
0.48652,90.66987,5.58186,874744.551,874737.5,1239.42909
0.48652,90.67082,5.58192,874744.1155,874787.5,1246.19178
0.48648,90.7108,5.58438,874741.9744,874787.5,1243.88921
0.48649,90.70921,5.58429,874744.507,874750,1238.38406
0.48649,90.70936,5.5843,874741.2923,874762.5,1241.85281
0.48644,90.75062,5.58684,874743.598,874787.5,1254.94663
0.48645,90.7487,5.58672,874744.8926,874762.5,1241.52252
0.48641,90.78836,5.58916,874744.0169,874800,1243.30328
0.48641,90.78629,5.58903,874743.6139,874787.5,1246.89594
0.4864,90.79684,5.58968,874744.0121,874775,1247.47535
0.48637,90.8285,5.59163,874743.5809,874787.5,1241.96851
0.48637,90.8293,5.59168,874744.5386,874762.5,1237.92616
0.48637,90.82977,5.59171,874744.5563,874787.5,1244.749
0.48633,90.86831,5.59408,874745.9782,874762.5,1241.83922
0.48633,90.86975,5.59417,874744.1405,874750,1246.48906
0.48629,90.90925,5.5966,874742.3987,874725,1247.85903
0.48633,90.86767,5.59404,874744.5162,874787.5,1245.60203
0.48628,90.91101,5.59671,874743.65,874737.5,1242.45094
0.48628,90.91005,5.59665,874744.775,874750,1244.43084
0.48624,90.95195,5.59923,874745.4115,874787.5,1249.66189
0.48624,90.95066,5.59915,874742.4902,874812.5,1242.0978
0.48624,90.95115,5.59918,874743.705,874775,1251.73159
0.48624,90.95066,5.59915,874742.5547,874787.5,1246.14142
0.48622,90.9705,5.60037,874740.5875,874787.5,1245.43638
0.4862,90.99192,5.60169,874741.2073,874750,1239.77551
0.4862,90.99176,5.60168,874743.3772,874775,1243.58624
0.4862,90.99225,5.60171,874742.3246,874712.5,1245.34167
0.4862,90.99225,5.60171,874742.6169,874775,1240.2265
0.48616,91.03222,5.60417,874745.2203,874775,1242.95308
0.48616,91.02999,5.60403,874744.7815,874800,1243.37084
0.48617,91.02966,5.60401,874743.8337,874762.5,1245.83015
0.48616,91.03094,5.60409,874742.2271,874750,1245.74436
0.48612,91.07076,5.60654,874743.0243,874762.5,1248.59356
0.48612,91.07156,5.60659,874743.0384,874787.5,1243.92205
0.4861,91.09746,5.60819,874743.729,874850,1239.42864
0.4861,91.09506,5.60804,874741.9805,874737.5,1245.19467
0.48608,91.11105,5.60902,874744.7345,874775,1247.30223
0.48608,91.11154,5.60905,874743.5794,874775,1244.92339
0.48608,91.11217,5.60909,874744.0897,874775,1237.2519
0.48606,91.13169,5.61029,874742.7204,874762.5,1239.74577
0.48604,91.15311,5.61161,874742.6978,874775,1233.61925
0.48604,91.15215,5.61155,874742.0698,874750,1240.89285
0.48604,91.15247,5.61157,874741.5891,874750,1238.31521
0.486,91.19149,5.61398,874744.2272,874800,1245.25771
0.486,91.1974,5.61434,874741.415,874712.5,1241.05578
0.486,91.19133,5.61397,874742.3585,874800,1244.5937
0.48594,91.25369,5.61781,874743.1834,874725,1239.13225
0.48592,91.27129,5.61889,874742.2217,874812.5,1241.6141
0.48592,91.27016,5.61882,874742.793,874762.5,1242.33924
0.48588,91.31206,5.6214,874741.2602,874775,1243.3317
0.48588,91.3135,5.62149,874741.9047,874737.5,1245.54914
0.48584,91.35316,5.62393,874743.0188,874787.5,1236.82329
0.48584,91.35347,5.62395,874741.1514,874775,1248.04378
0.48584,91.35076,5.62378,874742.6617,874775,1247.42997
0.4858,91.39234,5.62634,874742.9316,874825,1244.54577
0.4858,91.38994,5.62619,874743.5405,874837.5,1247.09832
0.4858,91.39298,5.62638,874742.4914,874775,1248.10719
0.48576,91.43071,5.6287,874740.9386,874737.5,1238.4006
0.48576,91.43215,5.62879,874744.5186,874762.5,1240.05166
0.48572,91.47356,5.63134,874741.7849,874725,1240.75006
0.48572,91.47196,5.63124,874744.776,874762.5,1247.05833
0.48568,91.5105,5.63362,874744.3093,874737.5,1245.92337
0.48568,91.5113,5.63366,874744.1792,874762.5,1243.61569
0.48566,91.53912,5.63538,874742.774,874787.5,1246.63034
0.48568,91.51259,5.63374,874741.9444,874750,1244.36678
0.48564,91.55256,5.6362,874742.8722,874787.5,1246.24954
0.48564,91.55704,5.63648,874742.2288,874712.5,1247.84244
0.48563,91.56904,5.63722,874744.2192,874800,1238.34226
0.4856,91.5927,5.63868,874744.035,874812.5,1236.83556
0.48556,91.63267,5.64114,874742.8887,874762.5,1238.05716
0.48556,91.63347,5.64119,874743.1721,874737.5,1246.1714
0.48555,91.64611,5.64196,874742.2902,874750,1244.85869
0.48553,91.66321,5.64302,874741.4847,874737.5,1237.67267
0.4855,91.69472,5.64496,874742.8455,874787.5,1240.20507
0.48552,91.67298,5.64362,874743.179,874762.5,1245.89477
0.48548,91.71422,5.64616,874741.8948,874725,1244.81056
0.48548,91.71535,5.64623,874742.9497,874762.5,1243.80677
0.48548,91.71695,5.64632,874745.0096,874787.5,1244.79078
0.48546,91.73117,5.6472,874741.0408,874787.5,1242.71357
0.48544,91.75485,5.64866,874743.004,874787.5,1242.22901
0.48543,91.76731,5.64943,874743.6331,874850,1253.84959
0.48541,91.78155,5.6503,874743.5279,874725,1242.96905
0.4854,91.79402,5.65107,874743.3867,874750,1242.7101
0.4854,91.79322,5.65102,874742.9119,874750,1246.57777
0.48536,91.83367,5.65351,874741.988,874787.5,1245.79035
0.48536,91.83336,5.65349,874742.6102,874712.5,1233.98724
0.48536,91.83384,5.65352,874742.4697,874825,1249.34335
0.48536,91.8348,5.65358,874743.4989,874700,1241.69538
0.48533,91.8599,5.65513,874741.3401,874762.5,1244.41451
0.48532,91.8719,5.65586,874741.9293,874762.5,1245.48794
0.48528,91.91315,5.6584,874742.3856,874812.5,1239.73254
0.48532,91.8727,5.65591,874741.3764,874750,1237.01402
0.48528,91.91364,5.65843,874744.3766,874812.5,1243.45944
0.48528,91.9138,5.65844,874744.8835,874775,1238.2305
0.48528,91.91571,5.65856,874743.2271,874750,1243.36318
0.48524,91.95217,5.66081,874742.3407,874787.5,1245.11693
0.48524,91.95361,5.66089,874743.663,874762.5,1238.24812
0.48524,91.95281,5.66085,874743.7428,874775,1242.57349
0.48524,91.95856,5.6612,874742.6666,874812.5,1245.55208
0.48523,91.9688,5.66183,874743.0232,874775,1245.63192
0.4852,91.99199,5.66326,874743.3837,874737.5,1247.14337
0.4852,91.99246,5.66329,874739.998,874762.5,1243.38165
0.48519,92.00557,5.66409,874742.0506,874800,1243.24819
0.48518,92.01741,5.66482,874742.4146,874775,1250.7805
0.48516,92.03021,5.66561,874743.0074,874812.5,1246.46161
0.48516,92.03309,5.66579,874741.9422,874800,1240.92437
0.48516,92.0334,5.66581,874741.2977,874762.5,1248.19934
0.48516,92.03245,5.66575,874742.6567,874775,1243.79449
0.48515,92.04907,5.66677,874740.1457,874712.5,1247.64815
0.48512,92.07194,5.66818,874741.8513,874750,1241.8142
0.48512,92.07162,5.66816,874742.1518,874800,1239.41737
0.48512,92.0721,5.66819,874743.458,874812.5,1241.24719
0.48508,92.11144,5.67061,874740.703,874800,1243.55053
0.48508,92.11128,5.6706,874743.1342,874750,1242.17634
0.48504,92.1503,5.673,874742.9686,874762.5,1242.76312
0.48505,92.14901,5.67292,874741.4814,874737.5,1246.1698
0.485,92.19155,5.67554,874741.1746,874787.5,1245.77039
0.48504,92.15941,5.67356,874742.391,874800,1244.3595
0.48504,92.15301,5.67317,874739.7232,874737.5,1242.81478
0.485,92.19347,5.67566,874740.2323,874775,1248.87005
0.485,92.19347,5.67566,874741.7943,874750,1243.58928
0.48498,92.21219,5.67681,874744.2223,874762.5,1243.61233
0.48496,92.23505,5.67822,874742.5796,874825,1246.31369
0.48488,92.31389,5.68307,874739.1181,874762.5,1243.69737
0.48488,92.31309,5.68302,874741.5501,874775,1244.36334
0.48487,92.32748,5.68391,874743.4733,874837.5,1241.22916
0.48484,92.35322,5.6855,874741.3482,874787.5,1239.78359
0.48484,92.35577,5.68565,874742.2746,874762.5,1235.61566
0.4848,92.3948,5.68805,874743.9422,874762.5,1242.94406
0.4848,92.39336,5.68797,874740.8717,874812.5,1241.28542
0.48476,92.4335,5.69044,874743.8602,874787.5,1245.27657
0.48476,92.43301,5.69041,874743.5743,874825,1246.40293
0.48476,92.43237,5.69037,874740.5531,874800,1235.66977
0.48472,92.47267,5.69285,874741.2565,874812.5,1249.77748
0.48472,92.47267,5.69285,874742.9686,874787.5,1242.27705
0.48469,92.50737,5.69499,874742.6689,874775,1243.14444
0.48468,92.51312,5.69534,874741.0535,874787.5,1247.02192
0.48468,92.51345,5.69536,874743.1889,874737.5,1246.128
0.48464,92.55279,5.69778,874743.1848,874775,1245.08839
0.48464,92.5539,5.69785,874742.1803,874762.5,1244.18584
0.48464,92.55342,5.69782,874743.0339,874750,1243.47964
0.4846,92.59516,5.70039,874741.8609,874762.5,1245.37106
0.4846,92.595,5.70038,874741.5221,874725,1249.36502
0.4846,92.59484,5.70037,874744.2006,874750,1242.96189
0.48456,92.63594,5.7029,874741.8096,874725,1244.47412
0.48456,92.63417,5.70279,874742.1858,874737.5,1247.25831
0.48454,92.65785,5.70425,874742.0743,874725,1239.01417
0.48452,92.67527,5.70532,874741.6735,874687.5,1243.39717
0.48452,92.67431,5.70526,874741.7579,874737.5,1237.33161
0.48452,92.67495,5.7053,874739.8653,874725,1240.57
0.48448,92.71237,5.70761,874743.136,874737.5,1247.01511
0.48448,92.71461,5.70774,874740.5185,874712.5,1253.3372
0.48448,92.71285,5.70763,874738.4325,874800,1244.109
0.48446,92.7386,5.70922,874740.5154,874737.5,1243.15041
0.48444,92.75347,5.71014,874742.1979,874762.5,1244.7174
0.48444,92.75315,5.71012,874741.4238,874737.5,1245.59694
0.4844,92.79296,5.71257,874741.732,874775,1243.83621
0.4844,92.79296,5.71257,874742.5373,874775,1246.00778
0.4844,92.79392,5.71263,874744.0015,874700,1241.33879
0.48436,92.83375,5.71508,874742.1912,874725,1248.66314
0.48436,92.8347,5.71514,874742.9122,874800,1249.68465
0.48434,92.85101,5.71614,874738.7496,874725,1240.27765
0.48436,92.83375,5.71508,874741.247,874787.5,1242.77037
0.48432,92.87244,5.71746,874740.7725,874712.5,1250.39079
0.48435,92.84062,5.7155,874741.6542,874725,1236.36291
0.48432,92.87164,5.71741,874741.02,874762.5,1246.69821
0.48428,92.91226,5.71991,874743.1787,874800,1246.01
0.48428,92.9121,5.7199,874741.4215,874775,1241.48863
0.48428,92.9137,5.72,874742.5843,874762.5,1243.50189
0.48425,92.9484,5.72214,874743.055,874737.5,1241.74869
0.48425,92.94936,5.7222,874740.7119,874787.5,1236.9907
0.48424,92.95575,5.72259,874741.9774,874837.5,1238.97725
0.48425,92.94312,5.72181,874741.8726,874737.5,1239.2008
0.4842,92.99445,5.72497,874740.762,874812.5,1243.81769
0.4842,92.99414,5.72495,874741.4191,874750,1245.37312
0.4842,92.99445,5.72497,874741.5835,874750,1239.41974
0.4842,92.99414,5.72495,874743.3956,874750,1246.13388
0.48417,93.02515,5.72686,874742.1757,874750,1245.83845
0.48419,93.00021,5.72533,874740.3245,874800,1245.05928
0.48416,93.03411,5.72741,874740.6846,874762.5,1242.9757
0.48416,93.03555,5.7275,874742.754,874762.5,1243.47929
0.48412,93.07376,5.72985,874740.9228,874762.5,1246.08182
0.48412,93.07425,5.72988,874740.3972,874762.5,1238.92931
0.48412,93.07553,5.72996,874740.9292,874750,1238.70686
0.48408,93.1147,5.73237,874741.0809,874750,1239.81338
0.48408,93.11486,5.73238,874742.2659,874775,1244.4295
0.48408,93.11534,5.73241,874740.7532,874737.5,1241.58598
0.48408,93.11519,5.7324,874740.7754,874775,1238.41862
0.48404,93.15596,5.73491,874742.0636,874800,1241.6033
0.48404,93.15453,5.73483,874740.003,874762.5,1241.93525
0.48404,93.1542,5.73481,874739.6085,874775,1243.79824
0.484,93.19577,5.73736,874738.1497,874750,1239.88786
0.484,93.19514,5.73733,874738.1894,874725,1243.40842
0.484,93.19497,5.73732,874740.3142,874737.5,1244.95499
0.48396,93.23448,5.73975,874741.655,874737.5,1239.16498
0.48396,93.23575,5.73983,874740.8558,874712.5,1248.10611
0.48396,93.23575,5.73983,874743.6957,874775,1243.01356
0.48392,93.27461,5.74222,874741.716,874800,1245.12979
0.48392,93.27492,5.74224,874741.801,874800,1249.85405
0.48387,93.32002,5.74501,874741.4934,874775,1239.14401
0.48384,93.35649,5.74726,874740.4568,874775,1246.82321
0.48384,93.35729,5.74731,874740.8719,874700,1245.95477
0.48381,93.38047,5.74874,874741.1402,874700,1250.23761
0.4838,93.3971,5.74976,874742.297,874775,1242.98031
0.48376,93.43676,5.7522,874741.4976,874775,1238.8014
0.48376,93.43724,5.75223,874740.7206,874787.5,1241.79025
0.48376,93.43691,5.75221,874741.6416,874725,1234.00316
0.48372,93.47465,5.75453,874742.0023,874737.5,1241.66898
0.48372,93.47737,5.7547,874740.3743,874775,1241.97297
0.48372,93.47865,5.75478,874738.9879,874737.5,1243.59474
0.48368,93.51735,5.75716,874739.4189,874762.5,1242.2001
0.48368,93.51735,5.75716,874740.4205,874787.5,1239.21275
0.48368,93.51751,5.75717,874740.0333,874737.5,1243.78022
0.48364,93.55861,5.7597,874738.1993,874750,1239.6821
0.48364,93.55781,5.75965,874740.1243,874737.5,1247.71481
0.4836,93.59715,5.76207,874741.0373,874750,1234.83649
0.4836,93.59586,5.762,874740.7796,874762.5,1239.93667
0.4836,93.59762,5.7621,874739.8875,874825,1246.51701
0.48356,93.6376,5.76456,874739.8219,874750,1239.33812
0.48355,93.6464,5.76511,874740.3164,874762.5,1243.1139
0.48356,93.63729,5.76455,874739.3412,874787.5,1244.44107
0.48352,93.67742,5.76702,874741.8345,874750,1239.15573
0.48352,93.67757,5.76703,874742.2213,874825,1242.16332
0.48348,93.715,5.76933,874740.9034,874800,1243.75858
0.48348,93.71724,5.76947,874740.7833,874725,1238.61341
0.48348,93.71676,5.76944,874741.6611,874762.5,1244.1519
0.48348,93.7174,5.76948,874739.0656,874775,1242.9864
0.48345,93.74586,5.77123,874740.9687,874737.5,1244.48691
0.48344,93.75594,5.77185,874741.1639,874750,1240.18104
0.4834,93.79175,5.77405,874740.598,874712.5,1250.32365
0.4834,93.79799,5.77444,874741.6938,874712.5,1248.45562
0.48341,93.78935,5.77391,874738.279,874762.5,1239.37026
0.4834,93.79719,5.77439,874738.5551,874725,1241.82421
0.4834,93.79895,5.7745,874736.1764,874812.5,1241.42755
0.48336,93.83781,5.77689,874737.9277,874700,1239.88129
0.48336,93.83749,5.77687,874737.66,874712.5,1246.78041
0.48336,93.83813,5.77691,874738.5066,874787.5,1246.04431
0.48331,93.87986,5.77948,874739.5015,874750,1236.15537
0.48332,93.87779,5.77935,874739.6452,874775,1242.29982
0.48332,93.87779,5.77935,874741.2482,874787.5,1241.5395
0.48329,93.90161,5.78082,874739.4069,874775,1251.95348
0.48328,93.91696,5.78176,874740.156,874800,1241.60442
0.48328,93.91808,5.78183,874737.9975,874750,1238.5439
0.48324,93.9571,5.78423,874738.1637,874775,1237.44641
0.48323,93.96094,5.78447,874736.4494,874800,1240.75662
0.4832,93.999,5.78681,874739.6747,874837.5,1237.21941
0.4832,93.99851,5.78678,874741.2468,874787.5,1245.72845
0.4832,93.99804,5.78675,874739.3067,874750,1241.86064
0.4832,93.99851,5.78678,874740.4561,874787.5,1243.62929
0.48318,94.01051,5.78752,874741.1549,874800,1242.5107
0.48319,94.00027,5.78689,874739.6426,874787.5,1238.64461
0.48316,94.03737,5.78918,874739.9765,874800,1247.96641
0.48316,94.03849,5.78924,874737.0342,874787.5,1237.92183
0.48313,94.06935,5.79114,874739.2976,874737.5,1248.38393
0.48312,94.07799,5.79168,874738.4905,874787.5,1237.06701
0.48312,94.07911,5.79175,874742.1011,874737.5,1246.79232
0.48312,94.07719,5.79163,874741.8786,874787.5,1241.59288
0.48309,94.10949,5.79362,874740.274,874687.5,1244.96966
0.48312,94.07655,5.79159,874741.4328,874787.5,1245.54219
0.48308,94.11796,5.79414,874741.7166,874737.5,1243.80249
0.48304,94.1581,5.79661,874740.4843,874762.5,1238.46002
0.48307,94.12884,5.79481,874740.831,874787.5,1250.02188
0.48304,94.15395,5.79635,874738.7856,874750,1234.36799
0.48303,94.16386,5.79696,874736.7102,874750,1243.56786
0.48303,94.16002,5.79673,874734.7185,874737.5,1250.27587
0.483,94.19856,5.7991,874731.9607,874787.5,1246.51997
0.48301,94.18209,5.79808,874734.5656,874775,1248.69168
0.483,94.19887,5.79912,874734.7558,874812.5,1240.69913
0.48299,94.20384,5.79942,874741.1842,874750,1242.6345
0.48296,94.23677,5.80145,874740.5209,874762.5,1237.52585
0.48299,94.20447,5.79946,874741.6229,874750,1240.26222
0.48296,94.23741,5.80149,874741.1103,874762.5,1247.10195
0.48292,94.27804,5.80399,874739.1037,874762.5,1248.05622
0.48292,94.27867,5.80403,874736.4233,874737.5,1240.81822
0.48292,94.27804,5.80399,874735.7513,874762.5,1243.32041
0.48292,94.27835,5.80401,874735.8332,874725,1240.26174
0.48292,94.27819,5.804,874735.7473,874762.5,1243.854
0.48289,94.30202,5.80547,874738.0304,874787.5,1244.66408
0.48281,94.38357,5.81049,874739.4989,874712.5,1240.74662
0.48287,94.32025,5.80659,874737.0949,874725,1242.13844
0.48285,94.34104,5.80787,874741.3212,874775,1241.49861
0.4828,94.3986,5.81141,874738.9639,874775,1248.83968
0.48276,94.43922,5.81391,874737.6649,874787.5,1239.93819
0.48276,94.4389,5.81389,874733.3936,874775,1237.41202
0.48276,94.43922,5.81391,874734.6443,874750,1245.00927
0.48276,94.43874,5.81388,874734.4758,874762.5,1243.75655
0.48275,94.44881,5.81451,874735.4361,874775,1248.10392
0.48272,94.47807,5.81631,874737.5883,874775,1248.15684
0.48268,94.51885,5.81882,874736.276,874787.5,1242.85795
0.48268,94.51614,5.81865,874738.8936,874762.5,1240.13631
0.48268,94.51901,5.81883,874739.6785,874737.5,1241.0852
0.48267,94.52397,5.81913,874739.2675,874775,1241.47071
0.48264,94.55851,5.82126,874736.7495,874725,1249.76965
0.48264,94.55835,5.82125,874736.2065,874762.5,1240.86847
0.4826,94.59801,5.82369,874735.2158,874712.5,1253.37771
0.4826,94.59833,5.82371,874734.2424,874750,1237.35348
0.4826,94.59849,5.82372,874735.8955,874762.5,1248.85996
0.48256,94.63879,5.8262,874737.7216,874737.5,1244.2182
0.48252,94.67829,5.82863,874738.7833,874787.5,1250.16511
0.48255,94.6407,5.82632,874737.5075,874775,1240.35154
0.48252,94.67892,5.82867,874737.2522,874762.5,1247.23697
0.48252,94.67909,5.82868,874739.0166,874725,1248.03834
0.48248,94.71777,5.83106,874735.6676,874737.5,1237.32095
0.48248,94.71874,5.83112,874735.4558,874750,1237.92719
0.48248,94.7189,5.83113,874738.5197,874800,1243.65608
0.48245,94.74513,5.83275,874738.3625,874725,1246.91935
0.48244,94.75807,5.83354,874739.2453,874737.5,1246.03791
0.48244,94.75951,5.83363,874739.1585,874762.5,1242.18261
0.48244,94.75807,5.83354,874737.314,874737.5,1243.85009
0.48239,94.79997,5.83612,874737.0553,874737.5,1243.79365
0.48236,94.83211,5.8381,874736.0478,874762.5,1239.93992
0.48236,94.83931,5.83855,874735.936,874750,1245.44991
0.48236,94.83771,5.83845,874738.7411,874800,1249.85438
0.48232,94.87752,5.8409,874735.688,874762.5,1251.22479
0.48231,94.8852,5.84137,874737.7139,874687.5,1240.40969
0.48232,94.87657,5.84084,874738.6525,874787.5,1244.16503
0.48232,94.87738,5.84089,874738.8259,874800,1246.74615
0.48228,94.91799,5.84339,874737.2353,874762.5,1244.00912
0.48228,94.91926,5.84347,874738.6185,874775,1246.2923
0.48224,94.95636,5.84575,874738.7228,874787.5,1244.18157
0.48224,94.95812,5.84586,874739.1725,874750,1242.77479
0.4822,94.99777,5.8483,874735.2427,874800,1246.79239
0.4822,94.99697,5.84825,874729.7906,874737.5,1243.37479
0.4822,94.99842,5.84834,874707.9429,874725,1235.38716
0.4822,94.99826,5.84833,874686.4202,874662.5,1246.23698
0.48216,95.03824,5.85079,874686.2274,874725,1240.59659
0.48216,95.03631,5.85067,874685.7727,874737.5,1242.54902
0.48212,95.07677,5.85316,874685.1901,874737.5,1243.8345
0.48211,95.08189,5.85348,874686.8041,874650,1247.42958
0.48212,95.07854,5.85327,874688.142,874762.5,1243.63398
0.48211,95.08109,5.85343,874688.4646,874700,1238.16016
0.48207,95.12107,5.85589,874685.7175,874687.5,1238.91832
0.48207,95.12027,5.85584,874685.5741,874775,1244.48509
0.48208,95.11979,5.85581,874686.6199,874787.5,1237.61402
0.48207,95.12027,5.85584,874685.5626,874712.5,1246.27602
0.48204,95.15961,5.85826,874688.5345,874650,1241.42312
0.48203,95.16664,5.8587,874686.9549,874700,1241.87391
0.48203,95.1652,5.85861,874687.2757,874700,1249.07433
0.48203,95.15992,5.85828,874686.9191,874725,1242.05372
0.482,95.19942,5.86071,874686.9473,874712.5,1250.25988
0.482,95.19942,5.86071,874687.6972,874650,1248.53597
0.48195,95.24052,5.86324,874687.1202,874675,1238.17163
0.48196,95.23956,5.86319,874690.3657,874750,1236.92697
0.48195,95.2474,5.86367,874688.4731,874725,1246.18622
0.48191,95.2813,5.86576,874686.8643,874687.5,1243.7284
0.48191,95.27986,5.86567,874686.2749,874675,1238.18848
0.48192,95.27906,5.86562,874686.5171,874700,1245.69994
0.48187,95.32175,5.86825,874687.6565,874700,1244.57063
0.48188,95.31935,5.8681,874687.0427,874725,1243.19441
0.48186,95.33535,5.86908,874687.7907,874712.5,1250.64177
0.48187,95.32127,5.86822,874686.1911,874750,1248.13778
0.48183,95.36045,5.87063,874686.9244,874737.5,1246.60548
0.48177,95.42921,5.87486,874687.0331,874762.5,1250.54762
0.48176,95.43929,5.87548,874686.7984,874712.5,1246.27966
0.48175,95.4404,5.87555,874687.2014,874687.5,1241.01393
0.48173,95.46104,5.87682,874686.8461,874725,1238.87662
0.48175,95.4412,5.8756,874686.7492,874700,1242.63793
0.48171,95.48086,5.87804,874684.8918,874750,1243.18602
0.48171,95.48022,5.878,874686.0518,874725,1243.61273
0.48171,95.48086,5.87804,874686.3145,874700,1241.34472
0.48168,95.5194,5.88041,874686.9017,874737.5,1239.39495
0.48168,95.51844,5.88035,874687.9831,874750,1246.84136
0.48168,95.5194,5.88041,874685.8213,874700,1240.64892
0.48164,95.55921,5.88286,874687.1877,874750,1242.21846
0.48167,95.51987,5.88044,874688.1395,874762.5,1242.6062
0.48163,95.56114,5.88298,874686.7967,874712.5,1249.10044
0.48159,95.60095,5.88543,874685.7081,874700,1251.40873
0.48159,95.60047,5.8854,874685.481,874700,1239.05421
0.48159,95.60047,5.8854,874685.8596,874675,1239.69752
0.48155,95.64077,5.88789,874686.7139,874762.5,1240.37531
0.48155,95.64092,5.88789,874684.8671,874700,1243.56046
0.48155,95.64141,5.88792,874687.5637,874675,1231.72848
0.48155,95.64157,5.88793,874686.0209,874687.5,1246.32193
0.48155,95.64109,5.8879,874687.9794,874700,1243.83168
0.48151,95.68139,5.89039,874685.717,874737.5,1239.46674
0.48152,95.67963,5.89028,874684.6665,874700,1234.00364
0.48147,95.72089,5.89282,874685.9769,874737.5,1251.66324
0.48147,95.7212,5.89284,874686.8205,874687.5,1244.29924
0.48145,95.74167,5.8941,874687.0768,874725,1246.03798
0.48146,95.73879,5.89392,874686.1155,874700,1242.24442
0.48143,95.76006,5.89523,874686.0528,874737.5,1241.66904
0.48143,95.7599,5.89522,874687.3395,874750,1245.23693
0.48143,95.76406,5.89548,874686.123,874650,1237.17553
0.48139,95.80067,5.89773,874686.7498,874687.5,1245.74548
0.48139,95.80131,5.89777,874686.5122,874650,1246.55861
0.48136,95.83826,5.90004,874688.4337,874700,1244.14301
0.48136,95.83954,5.90012,874685.8793,874750,1244.97987
0.48136,95.83841,5.90005,874686.76,874750,1246.71171
0.48131,95.88191,5.90273,874686.1721,874725,1247.71833
0.48131,95.87999,5.90261,874688.6288,874750,1248.35469
0.48131,95.87999,5.90261,874687.1178,874712.5,1249.14947
0.48129,95.90222,5.90398,874686.5699,874700,1245.8215
0.48127,95.92093,5.90513,874685.55,874675,1242.67265
0.48127,95.92109,5.90514,874685.6349,874712.5,1237.74019
0.48127,95.92141,5.90516,874687.1855,874675,1246.73971
0.48123,95.9633,5.90774,874687.9707,874700,1252.77214
0.48123,95.96235,5.90768,874686.9319,874737.5,1245.78043
0.48119,96.00169,5.9101,874685.7843,874725,1245.77667
0.4812,95.99976,5.90999,874685.982,874700,1243.10243
0.48115,96.0415,5.91255,874685.8494,874737.5,1248.87325
0.48119,96.0012,5.91007,874688.7469,874737.5,1243.73276
0.48115,96.04037,5.91249,874688.0278,874712.5,1244.46758
0.48115,96.0399,5.91246,874687.2902,874700,1247.37241
0.48115,96.04086,5.91252,874687.8871,874687.5,1244.83252
0.48111,96.08275,5.91509,874688.5696,874737.5,1249.30201
0.48111,96.081,5.91499,874688.112,874737.5,1244.11546
0.48111,96.08227,5.91507,874687.4008,874725,1246.18121
0.48111,96.08227,5.91507,874686.3237,874662.5,1247.50472
0.48107,96.12258,5.91755,874686.6179,874725,1247.41066
0.48107,96.12209,5.91752,874687.4344,874700,1238.82075
0.48103,96.15984,5.91984,874687.5015,874762.5,1249.10674
0.48103,96.16142,5.91994,874687.0104,874712.5,1242.52934
0.48103,96.16255,5.92001,874685.6831,874662.5,1244.58446
0.48099,96.20205,5.92244,874687.1703,874712.5,1252.21824
0.48099,96.20285,5.92249,874682.9002,874700,1246.23592
0.48099,96.20172,5.92242,874684.0562,874675,1248.5284
0.48099,96.20189,5.92243,874686.8835,874750,1247.21163
0.48099,96.20525,5.92264,874687.0735,874712.5,1244.49295
0.48095,96.2417,5.92488,874685.6049,874687.5,1238.96483
0.48094,96.25625,5.92578,874686.6058,874712.5,1240.94783
0.48095,96.24059,5.92481,874685.8458,874725,1251.30724
0.48091,96.28136,5.92732,874683.8897,874687.5,1246.19964
0.48088,96.3191,5.92964,874684.3445,874725,1249.26957
0.48087,96.32118,5.92977,874683.7073,874737.5,1236.18518
0.4809,96.29687,5.92828,874685.7651,874737.5,1243.74762
0.48087,96.32166,5.9298,874686.457,874687.5,1248.61587
0.48087,96.3223,5.92984,874687.4608,874787.5,1241.28557
0.48086,96.33812,5.93082,874686.9624,874700,1247.66976
0.48086,96.33349,5.93053,874685.1383,874700,1248.91525
0.48083,96.36211,5.93229,874685.355,874737.5,1240.89333
0.48083,96.36115,5.93223,874685.8641,874787.5,1239.99841
0.48079,96.40097,5.93469,874683.7265,874725,1240.37425
0.48079,96.40081,5.93468,874686.9667,874725,1252.856
0.48073,96.4667,5.93873,874684.7235,874700,1237.72254
0.48071,96.48573,5.9399,874685.5859,874725,1241.66038
0.48071,96.48092,5.93961,874684.8758,874712.5,1247.46197
0.48067,96.52042,5.94204,874686.3482,874712.5,1239.29273
0.48067,96.52074,5.94206,874684.4507,874712.5,1246.36556
0.48068,96.5193,5.94197,874685.8893,874687.5,1243.52505
0.48066,96.53017,5.94264,874688.7774,874725,1242.06773
0.48068,96.51979,5.942,874685.5732,874725,1239.93384
0.48064,96.5596,5.94445,874685.2229,874700,1245.54519
0.48063,96.56855,5.945,874685.3097,874750,1241.46571
0.4806,96.59863,5.94685,874684.3861,874775,1242.17568
0.48059,96.60118,5.94701,874686.4133,874725,1241.25968
0.48059,96.60134,5.94702,874685.5766,874700,1238.53069
0.48055,96.64164,5.9495,874686.4857,874700,1248.18328
0.48055,96.64004,5.9494,874683.6633,874687.5,1244.00578
0.48055,96.64131,5.94948,874682.3069,874700,1238.67281
0.48052,96.6733,5.95145,874683.7616,874662.5,1246.14866
0.48051,96.68129,5.95194,874682.4294,874737.5,1240.40293
0.48051,96.68192,5.95198,874685.6196,874737.5,1245.40284
0.48051,96.68114,5.95193,874684.4646,874712.5,1248.5882
0.48051,96.68129,5.95194,874683.5274,874675,1244.70131
0.48047,96.72126,5.9544,874684.4235,874725,1241.46997
0.48047,96.72175,5.95443,874685.0833,874687.5,1242.97298
0.48043,96.763,5.95697,874685.4651,874687.5,1244.1137
0.48043,96.7614,5.95687,874685.2153,874662.5,1244.52902
0.48043,96.76269,5.95695,874685.8418,874687.5,1250.5125
0.48043,96.76109,5.95685,874685.0692,874762.5,1246.60815
0.48039,96.80106,5.95932,874684.7655,874712.5,1237.65297
0.4804,96.79979,5.95924,874684.4586,874712.5,1237.87341
0.48039,96.80026,5.95927,874685.9656,874712.5,1245.45009
0.48036,96.83289,5.96127,874685.1198,874700,1250.59381
0.48035,96.84184,5.96183,874686.5641,874675,1249.23156
0.48031,96.88214,5.96431,874683.8832,874750,1243.08767
0.48031,96.88341,5.96439,874685.2167,874712.5,1246.43011
0.48031,96.88278,5.96435,874683.5776,874712.5,1236.17534
0.4803,96.89476,5.96508,874687.0489,874700,1248.87008
0.48027,96.92244,5.96679,874686.1964,874700,1244.29788
0.48025,96.94322,5.96807,874683.803,874737.5,1245.9567
0.48027,96.92275,5.96681,874682.8848,874712.5,1245.30024
0.48023,96.96129,5.96918,874683.7714,874750,1247.8521
0.48023,96.96129,5.96918,874685.5802,874687.5,1241.64832
0.48022,96.97376,5.96995,874683.7854,874687.5,1238.21548
0.48022,96.97807,5.97021,874685.042,874700,1246.13964
0.48019,97.00222,5.9717,874685.698,874712.5,1248.40119
0.48019,97.00286,5.97174,874683.3664,874700,1245.59852
0.48015,97.043,5.97421,874685.3331,874687.5,1244.23481
0.48015,97.0438,5.97426,874684.6975,874712.5,1243.74508
0.48017,97.02174,5.9729,874683.688,874687.5,1240.11707
0.48015,97.04476,5.97432,874686.5544,874737.5,1240.00565
0.48015,97.0422,5.97416,874685.4936,874662.5,1249.38559
0.48011,97.08297,5.97667,874686.0871,874675,1246.02305
0.48011,97.08074,5.97653,874685.8368,874725,1240.86623
0.48011,97.08154,5.97658,874684.417,874737.5,1245.79234
0.48007,97.1212,5.97902,874686.1372,874725,1250.01834
0.48008,97.11976,5.97894,874684.3782,874675,1239.98998
0.48007,97.12024,5.97896,874685.8812,874712.5,1248.19163
0.48006,97.13367,5.97979,874686.2769,874687.5,1247.50101
0.48003,97.16134,5.98149,874685.4595,874700,1239.82782
0.47999,97.20019,5.98389,874685.2788,874662.5,1238.42127
0.48,97.19971,5.98386,874685.1041,874700,1244.35517
0.47999,97.20051,5.98391,874686.4497,874725,1248.78246
0.47999,97.20164,5.98398,874683.4347,874725,1245.6049
0.47995,97.24113,5.98641,874684.0172,874700,1244.00099
0.47995,97.24641,5.98673,874685.0747,874687.5,1248.76442
0.47994,97.25712,5.98739,874686.4852,874712.5,1243.39956
0.47991,97.28095,5.98886,874685.6212,874737.5,1244.00556
0.47991,97.28974,5.9894,874684.6808,874687.5,1242.91758
0.47991,97.28302,5.98899,874685.6211,874762.5,1238.02141
0.47987,97.32236,5.99141,874686.7861,874737.5,1239.55699
0.47987,97.3206,5.9913,874685.8089,874687.5,1247.43618
0.47983,97.36234,5.99387,874685.1956,874700,1237.16607
0.47983,97.3617,5.99383,874684.9604,874687.5,1242.6021
0.47983,97.36106,5.99379,874683.9789,874700,1244.41091
0.47981,97.38152,5.99505,874682.6623,874762.5,1242.43867
0.47979,97.4012,5.99626,874684.2567,874712.5,1243.62181
0.47979,97.40151,5.99628,874683.9467,874737.5,1242.27928
0.47979,97.40216,5.99632,874687.0559,874700,1243.06133
0.47979,97.40167,5.99629,874685.8409,874662.5,1250.2598
0.47979,97.40184,5.9963,874684.1019,874700,1242.58009
0.47975,97.44101,5.99871,874684.7603,874700,1253.29645
0.47975,97.44101,5.99871,874684.0649,874700,1241.72575
0.47975,97.44261,5.99881,874684.3878,874725,1244.05745
0.4797,97.4981,6.00223,874684.7066,874700,1243.34292
0.47967,97.52176,6.00368,874685.7537,874687.5,1248.67237
0.47967,97.52225,6.00371,874682.5748,874725,1243.46892
0.47963,97.56366,6.00626,874684.3046,874725,1240.14181
0.47963,97.56286,6.00621,874682.9069,874700,1250.24582
0.47961,97.58045,6.0073,874684.5045,874687.5,1245.98212
0.47959,97.60013,6.00851,874683.8047,874625,1244.42236
0.47959,97.60124,6.00858,874684.1701,874750,1246.84493
0.47959,97.60347,6.00871,874685.021,874787.5,1240.89029
0.47959,97.60284,6.00867,874682.4246,874750,1248.52125
0.47955,97.64297,6.01115,874684.5096,874700,1247.25488
0.47955,97.6489,6.01151,874685.0842,874700,1241.71296
0.47951,97.68311,6.01362,874685.6161,874712.5,1240.28339
0.47951,97.68215,6.01356,874683.0196,874637.5,1244.52547
0.47951,97.68231,6.01357,874683.5466,874737.5,1246.59925
0.47951,97.68184,6.01354,874684.6511,874737.5,1240.52605
0.47947,97.72325,6.01609,874684.3898,874775,1240.8445
0.47943,97.76227,6.01849,874685.7773,874737.5,1239.22974
0.47947,97.72325,6.01609,874684.3994,874737.5,1237.65904
0.47943,97.76275,6.01852,874683.9463,874675,1242.5084
0.47943,97.76275,6.01852,874683.548,874687.5,1241.7899
0.47943,97.76322,6.01855,874684.6772,874737.5,1241.38444
0.4794,97.79441,6.02047,874683.1931,874725,1247.42765
0.47939,97.80305,6.021,874685.4531,874687.5,1241.46205
0.47939,97.80289,6.02099,874686.6302,874762.5,1241.20454
0.47936,97.83519,6.02298,874684.1405,874700,1243.05042
0.47935,97.84206,6.0234,874685.9858,874750,1242.02828
0.47935,97.84159,6.02337,874685.8786,874725,1243.79246
0.47932,97.87229,6.02526,874683.2782,874737.5,1241.03072
0.47931,97.88236,6.02588,874682.9995,874662.5,1236.21844
0.47931,97.88364,6.02596,874685.3295,874712.5,1249.94422
0.47931,97.88316,6.02593,874684.7616,874637.5,1253.62351
0.47927,97.92394,6.02844,874683.7644,874687.5,1245.88108
0.47927,97.92201,6.02832,874682.8624,874712.5,1242.51616
0.47925,97.94872,6.02997,874681.6069,874662.5,1244.46652
0.47923,97.9628,6.03083,874683.2233,874675,1244.0744
0.47923,97.96264,6.03082,874682.7745,874712.5,1249.53893
0.47923,97.96391,6.0309,874682.7942,874675,1248.31204
0.47919,98.00181,6.03324,874685.366,874687.5,1244.10081
0.47919,98.00214,6.03326,874686.4915,874712.5,1247.92375
0.47915,98.04259,6.03575,874685.6647,874712.5,1252.28729
0.47915,98.04306,6.03578,874682.6532,874712.5,1248.95424
0.47912,98.07313,6.03763,874685.0832,874737.5,1243.31098
0.47915,98.04403,6.03584,874682.1579,874712.5,1248.63526
0.47912,98.07905,6.03799,874685.203,874700,1239.32542
0.47911,98.08736,6.0385,874681.3291,874725,1241.80856
0.47908,98.11935,6.04047,874684.809,874687.5,1248.09443
0.47905,98.14269,6.04191,874683.4481,874712.5,1246.17017
0.47904,98.1526,6.04252,874684.2155,874675,1243.12757
0.47905,98.14237,6.04189,874684.1237,874712.5,1249.27698
0.47904,98.15947,6.04294,874684.873,874637.5,1245.07686
0.47904,98.15964,6.04295,874682.3744,874737.5,1249.43639
0.47902,98.17611,6.04397,874684.2987,874725,1244.61364
0.479,98.19946,6.0454,874685.9078,874675,1244.25175
0.479,98.19722,6.04527,874683.2823,874650,1246.3062
0.47899,98.20057,6.04547,874683.4922,874687.5,1247.35592
0.479,98.19961,6.04541,874683.8733,874687.5,1247.34449
0.47898,98.21352,6.04627,874682.4949,874750,1242.55241
0.47899,98.20138,6.04552,874681.8609,874675,1245.9229
0.47895,98.24008,6.0479,874682.595,874725,1246.24188
0.47895,98.24008,6.0479,874684.2486,874687.5,1251.48292
0.47891,98.28038,6.05039,874684.3833,874725,1247.06137
0.47891,98.28005,6.05037,874682.6293,874737.5,1242.32638
0.47891,98.28596,6.05073,874683.425,874650,1241.76538
0.47887,98.31987,6.05282,874684.3361,874725,1250.08996
0.47887,98.32482,6.05312,874681.8515,874712.5,1236.99862
0.47888,98.31891,6.05276,874684.2088,874700,1242.23373
0.47884,98.35729,6.05512,874685.1971,874750,1240.95521
0.47883,98.36065,6.05533,874682.7457,874737.5,1251.05055
0.4788,98.39055,6.05717,874684.4286,874725,1252.59672
0.4788,98.39902,6.05769,874685.9713,874700,1245.66453
0.47879,98.40143,6.05784,874684.9776,874700,1240.51915
0.4788,98.39919,6.0577,874683.2897,874737.5,1247.43891
0.47875,98.44044,6.06024,874685.7872,874650,1239.63902
0.47871,98.48121,6.06275,874683.0879,874712.5,1244.22522
0.47871,98.48041,6.0627,874681.1632,874675,1244.62542
0.47872,98.47817,6.06256,874683.6822,874725,1244.1736
0.47871,98.48425,6.06294,874685.0868,874662.5,1250.61309
0.47867,98.52039,6.06516,874683.0249,874700,1238.2694
0.47866,98.53191,6.06587,874682.2589,874700,1242.00062
0.47859,98.60019,6.07007,874684.0962,874737.5,1244.44974
0.47859,98.59986,6.07005,874682.791,874712.5,1248.99638
0.47855,98.6408,6.07257,874683.5898,874737.5,1242.61878
0.47855,98.64176,6.07263,874681.4838,874700,1246.64229
0.47855,98.64224,6.07266,874683.1259,874675,1239.46522
0.47855,98.64033,6.07255,874684.185,874662.5,1245.56202
0.47851,98.68014,6.075,874684.2898,874750,1244.14671
0.47851,98.68126,6.07507,874682.856,874750,1244.18724
0.47851,98.68046,6.07502,874683.9103,874687.5,1246.70775
0.47851,98.68077,6.07504,874683.3288,874750,1247.58968
0.47848,98.719,6.07739,874681.6064,874687.5,1246.73614
0.47843,98.76074,6.07996,874682.4512,874687.5,1246.35029
0.47843,98.76074,6.07996,874681.7265,874725,1245.51671
0.47843,98.76057,6.07995,874682.1612,874712.5,1246.98241
0.47843,98.75994,6.07991,874683.6027,874800,1238.05381
0.47843,98.76105,6.07998,874683.3505,874687.5,1244.12583
0.47839,98.80024,6.08239,874683.77,874725,1241.7749
0.47839,98.80039,6.0824,874682.957,874712.5,1244.13421
0.47839,98.80263,6.08254,874682.6301,874650,1245.86811
0.47836,98.83925,6.08479,874684.5511,874712.5,1243.23283
0.47837,98.82342,6.08382,874683.6178,874675,1243.03978
0.47835,98.84052,6.08487,874684.325,874675,1242.35936
0.47836,98.83957,6.08481,874682.7726,874750,1243.6323
0.47835,98.84181,6.08495,874681.4457,874712.5,1250.1592
0.47831,98.88019,6.08731,874683.0486,874675,1247.63931
0.47832,98.87859,6.08721,874682.3949,874662.5,1243.17388
0.47827,98.92016,6.08977,874684.1623,874737.5,1242.39091
0.47827,98.92049,6.08979,874681.3427,874750,1245.74747
0.47828,98.91905,6.0897,874684.2064,874725,1243.93196
0.47823,98.96077,6.09227,874682.6259,874725,1243.20468
0.47823,98.96157,6.09232,874683.2414,874725,1239.45001
0.47824,98.9595,6.09219,874683.6615,874675,1243.1939
0.47823,98.96781,6.09271,874685.365,874712.5,1243.16297
0.4782,98.99851,6.0946,874683.2073,874725,1241.789
0.47816,99.03754,6.097,874683.3235,874725,1240.12886
0.47816,99.0369,6.09696,874684.142,874750,1240.82236
0.47813,99.0604,6.09841,874682.9807,874725,1243.67073
0.47815,99.04105,6.09721,874683.233,874737.5,1241.73844
0.47815,99.04105,6.09721,874682.4835,874687.5,1239.51166
0.47815,99.04105,6.09721,874682.4544,874687.5,1243.89571
0.47811,99.07991,6.09961,874682.7936,874712.5,1245.86402
0.47811,99.08071,6.09966,874683.0349,874725,1247.65258
0.47811,99.08119,6.09969,874682.6427,874675,1245.50956
0.47807,99.12181,6.10219,874682.0508,874750,1240.31059
0.47807,99.12196,6.1022,874683.1189,874725,1241.59215
0.47807,99.12085,6.10213,874684.4337,874737.5,1251.34706
0.47803,99.16195,6.10466,874683.7246,874725,1247.00084
0.47807,99.12052,6.10211,874682.9186,874762.5,1245.43737
0.47803,99.1605,6.10457,874685.2263,874700,1246.62502
0.47803,99.16115,6.10461,874684.6843,874725,1244.75797
0.47803,99.16977,6.10514,874683.2377,874700,1236.25682
0.47799,99.2008,6.10705,874681.5909,874712.5,1246.89201
0.47799,99.20193,6.10712,874682.6132,874700,1242.86555
0.47797,99.22367,6.10846,874683.1688,874750,1240.48308
0.47798,99.21551,6.10795,874682.3534,874712.5,1248.67473
0.47795,99.24062,6.1095,874682.9498,874700,1248.97504
0.47795,99.24206,6.10959,874684.1381,874700,1241.03932
0.47795,99.24062,6.1095,874682.2837,874662.5,1243.81662
0.47791,99.28209,6.11205,874680.5675,874700,1249.95717
0.47787,99.32206,6.11451,874684.399,874675,1243.40498
0.47791,99.2816,6.11202,874685.1756,874762.5,1245.36658
0.47788,99.31839,6.11429,874683.1001,874712.5,1241.92637
0.47787,99.32159,6.11449,874682.0529,874675,1247.57513
0.47783,99.36107,6.11692,874682.8114,874712.5,1243.52355
0.47783,99.3614,6.11694,874683.2425,874712.5,1245.66843
0.47783,99.35996,6.11685,874684.3046,874712.5,1238.64364
0.47781,99.38954,6.11867,874683.2872,874700,1243.61848
0.47779,99.40201,6.11944,874683.8269,874675,1239.7519
0.47779,99.40841,6.11983,874680.9758,874637.5,1244.95026
0.47775,99.44135,6.12186,874681.1156,874712.5,1247.76833
0.47775,99.44184,6.12189,874681.5176,874750,1238.67829
0.47775,99.4412,6.12185,874684.8536,874725,1246.64041
0.47771,99.48069,6.12428,874682.3204,874675,1242.11622
0.47775,99.44407,6.12203,874680.1352,874675,1242.26732
0.47771,99.48277,6.12441,874684.737,874687.5,1241.23234
0.47771,99.48372,6.12447,874684.0179,874725,1247.29231
0.47767,99.52179,6.12681,874681.6187,874700,1245.90828
0.47767,99.52211,6.12683,874681.3319,874700,1250.50681
0.47767,99.52259,6.12686,874681.5867,874687.5,1239.88766
0.47767,99.52002,6.1267,874681.4161,874675,1245.67998
0.47765,99.54098,6.12799,874683.9592,874700,1244.56349
0.47763,99.56225,6.1293,874684.0687,874687.5,1248.64344
0.47761,99.58479,6.13069,874681.242,874687.5,1255.35326
0.47763,99.56129,6.12924,874682.0516,874750,1252.48549
0.47755,99.64348,6.1343,874680.9274,874700,1243.50097
0.47755,99.64236,6.13423,874683.1061,874750,1249.88308
0.47755,99.64491,6.13439,874681.7067,874725,1243.03521
0.47752,99.67977,6.13654,874681.5122,874737.5,1244.8757
0.47752,99.6793,6.13651,874682.1254,874712.5,1240.30665
0.4775,99.69721,6.13761,874682.7216,874750,1250.48728
0.47747,99.72215,6.13914,874682.4096,874700,1244.15575
0.47747,99.72088,6.13907,874680.8226,874737.5,1242.28094
0.47747,99.72902,6.13957,874680.678,874750,1244.66916
0.47743,99.76245,6.14163,874682.1587,874725,1240.49796
0.47739,99.80306,6.14413,874682.9717,874737.5,1249.68315
0.47738,99.81857,6.14508,874681.5642,874762.5,1243.49282
0.47739,99.80306,6.14413,874681.5202,874675,1241.54113
0.47739,99.80306,6.14413,874681.6895,874775,1246.9945
0.47735,99.84289,6.14658,874682.167,874687.5,1246.68384
0.47735,99.84256,6.14656,874681.5561,874625,1240.22872
0.47735,99.84176,6.14651,874684.1665,874700,1250.01278
0.47731,99.88302,6.14905,874681.1825,874700,1239.49114
0.47731,99.88254,6.14902,874680.2578,874675,1252.1442
0.47728,99.91964,6.1513,874682.7921,874650,1243.05828
0.47727,99.92395,6.15157,874680.7236,874662.5,1239.67141
0.47724,99.95434,6.15344,874683.2675,874662.5,1240.55258
0.47726,99.93243,6.15209,874678.8749,874675,1241.03958
0.47723,99.96329,6.15399,874681.1446,874675,1248.52706
0.47723,99.96281,6.15396,874683.8042,874700,1242.45141
0.47723,99.96314,6.15398,874681.3178,874687.5,1248.58042
0.47723,99.96314,6.15398,874680.807,874700,1242.35164
0.47719,100.00248,6.1564,874680.8143,874687.5,1244.34881
0.47719,100.00262,6.15641,874680.9041,874675,1239.15185
0.47719,100.00151,6.15634,874684.5147,874675,1239.65306
0.47719,100.00215,6.15638,874683.2524,874725,1243.97755
0.47719,100.00343,6.15646,874680.9523,874712.5,1245.72088
0.47715,100.04149,6.1588,874679.4014,874700,1237.96971
0.47713,100.06244,6.16009,874682.0709,874650,1242.36473
0.47711,100.08514,6.16149,874684.1226,874712.5,1246.92682
0.47711,100.08243,6.16132,874680.0949,874700,1245.08881
0.47711,100.08386,6.16141,874679.6189,874712.5,1241.38342
0.47711,100.08275,6.16134,874681.0681,874712.5,1243.79896
0.47708,100.11376,6.16325,874681.9428,874712.5,1246.85473
0.47707,100.12367,6.16386,874682.7483,874737.5,1243.86522
0.47704,100.15486,6.16578,874681.4357,874725,1239.48196
0.47703,100.16237,6.16625,874679.1672,874625,1245.29251
0.47701,100.18125,6.16741,874680.9311,874700,1250.20393
0.47699,100.2014,6.16865,874681.9211,874737.5,1247.75546
0.47699,100.20364,6.16879,874682.3697,874700,1241.23935
0.47696,100.23466,6.1707,874682.5582,874675,1245.16458
0.47695,100.24345,6.17124,874681.3756,874712.5,1247.53861
0.47692,100.2732,6.17307,874682.3834,874675,1244.63937
0.47691,100.28391,6.17373,874681.9631,874750,1251.36044
0.47691,100.28503,6.1738,874681.7887,874712.5,1246.78996
0.47688,100.31573,6.17569,874681.3501,874725,1241.47734
0.47687,100.32229,6.17609,874681.8816,874712.5,1246.18848
0.47687,100.32261,6.17611,874681.1929,874687.5,1241.36181
0.47683,100.36483,6.17871,874682.0911,874700,1246.6661
0.47683,100.36419,6.17867,874679.7886,874687.5,1251.07981
0.47679,100.40273,6.18104,874682.3928,874712.5,1239.54182
0.47679,100.40367,6.1811,874682.2826,874675,1239.25688
0.47679,100.40353,6.18109,874681.6385,874637.5,1247.13408
0.47679,100.4032,6.18107,874680.8327,874687.5,1247.02252
0.47675,100.4435,6.18355,874681.9062,874700,1249.15904
0.47675,100.44478,6.18363,874682.8546,874737.5,1246.09576
0.47673,100.46236,6.18471,874679.9259,874675,1239.22168
0.47671,100.48427,6.18606,874682.0051,874700,1243.21219
0.47675,100.44397,6.18358,874681.3437,874750,1241.05736
0.47671,100.4822,6.18594,874680.8333,874687.5,1250.89261
0.47671,100.48604,6.18617,874682.7569,874700,1245.70395
0.47667,100.52314,6.18846,874682.0159,874725,1251.21224
0.47667,100.52392,6.1885,874680.1434,874712.5,1248.77152
0.47663,100.56248,6.19088,874679.9051,874662.5,1241.58198
0.47663,100.56311,6.19092,874679.6656,874712.5,1242.23028
0.47663,100.56391,6.19097,874682.9618,874762.5,1248.65779
0.47661,100.58965,6.19255,874681.6774,874762.5,1242.33244
0.47659,100.60276,6.19336,874680.1765,874650,1241.82104
0.47659,100.6026,6.19335,874679.538,874700,1246.88787
0.47659,100.60292,6.19337,874683.3597,874650,1240.79122
0.47651,100.68256,6.19827,874682.4586,874700,1252.1575
0.47651,100.68431,6.19838,874683.4988,874725,1243.77665
0.47651,100.68336,6.19832,874680.4696,874687.5,1237.71897
0.47651,100.68384,6.19835,874683.731,874700,1247.92476
0.47647,100.72541,6.20091,874682.1423,874675,1238.85502
0.47647,100.72317,6.20077,874681.9597,874675,1238.64314
0.47643,100.76011,6.20304,874681.8458,874700,1246.89862
0.47647,100.7235,6.20079,874682.5868,874750,1248.58167
0.47643,100.76364,6.20326,874683.5913,874700,1236.68094
0.47639,100.80313,6.20569,874680.7049,874700,1241.70497
0.4764,100.79321,6.20508,874681.0237,874725,1239.68215
0.47639,100.80441,6.20577,874680.2631,874712.5,1244.61855
0.47635,100.84311,6.20815,874682.0509,874637.5,1244.7719
0.47635,100.84391,6.2082,874682.7186,874662.5,1243.3274
0.47635,100.84391,6.2082,874682.9819,874712.5,1246.03696
0.47631,100.8826,6.21059,874682.0101,874687.5,1238.66496
0.47631,100.88532,6.21075,874680.2424,874662.5,1240.58493
0.47631,100.88452,6.2107,874682.2406,874687.5,1241.98769
0.4763,100.8994,6.21162,874685.247,874762.5,1246.18952
0.47631,100.88868,6.21096,874681.5994,874725,1243.11942
0.47627,100.9245,6.21316,874678.7552,874637.5,1241.9391
0.47626,100.93186,6.21362,874681.1259,874725,1245.48123
0.47623,100.96384,6.21559,874680.0711,874750,1246.37103
0.47627,100.9285,6.21341,874683.3554,874712.5,1245.134
0.47623,100.96271,6.21552,874682.1429,874650,1244.1364
0.47623,100.96351,6.21557,874680.8065,874712.5,1239.23791
0.47623,100.96416,6.21561,874681.9254,874712.5,1240.24658
0.47621,100.98894,6.21713,874681.7677,874675,1243.14814
0.47619,101.0051,6.21813,874680.1453,874687.5,1243.39395
0.47619,101.00557,6.21816,874681.1204,874737.5,1252.69571
0.47619,101.0051,6.21813,874682.1081,874687.5,1245.28848
0.47616,101.03531,6.21999,874683.5962,874687.5,1246.26434
0.47617,101.02556,6.21939,874682.1747,874675,1249.24403
0.47615,101.04364,6.2205,874681.6667,874762.5,1246.04566
0.47615,101.04522,6.2206,874681.753,874762.5,1243.62508
0.47613,101.0601,6.22151,874681.0511,874712.5,1247.37061
0.47615,101.04395,6.22052,874680.3579,874675,1245.01262
0.47615,101.04395,6.22052,874679.5991,874737.5,1244.95343
0.47611,101.08536,6.22307,874681.4263,874687.5,1245.42798
0.47611,101.08409,6.22299,874681.9579,874662.5,1248.10092
0.47611,101.08521,6.22306,874682.9223,874737.5,1241.0143
0.47609,101.10311,6.22416,874679.878,874675,1237.67386
0.47607,101.12406,6.22545,874673.2877,874675,1241.19964
0.47606,101.13237,6.22596,874672.3831,874712.5,1240.79353
0.47603,101.16324,6.22786,874674.5074,874712.5,1250.86517
0.47603,101.16452,6.22794,874672.7161,874700,1246.22273
0.47603,101.165,6.22797,874673.2399,874675,1243.42833
0.47599,101.20482,6.23042,874673.2801,874712.5,1240.16661
0.47599,101.20417,6.23038,874673.9576,874725,1246.16784
0.47595,101.24511,6.2329,874674.0927,874712.5,1248.89884
0.47595,101.2432,6.23278,874675.1891,874700,1244.3047
0.47595,101.24271,6.23275,874671.3725,874737.5,1244.0981
0.47594,101.25742,6.23366,874673.4603,874662.5,1246.94766
0.47591,101.2827,6.23522,874676.9603,874675,1245.32152
0.4759,101.29421,6.23592,874676.7263,874725,1247.81491
0.47587,101.32268,6.23768,874673.0719,874637.5,1246.33595
0.47587,101.32522,6.23783,874674.2254,874687.5,1241.04803
0.47587,101.32331,6.23772,874674.4923,874712.5,1242.55575
0.47584,101.35481,6.23966,874677.4169,874725,1242.53546
0.47583,101.36456,6.24026,874674.4154,874700,1243.73275
0.47583,101.36425,6.24024,874674.9764,874750,1241.7327
0.47583,101.36456,6.24026,874672.7652,874762.5,1239.52302
0.4758,101.39288,6.242,874675.7165,874675,1246.6221
0.47579,101.4047,6.24273,874674.8555,874650,1248.91658
0.47579,101.40295,6.24262,874674.5477,874712.5,1245.00346
0.47576,101.43476,6.24458,874675.3694,874700,1245.6756
0.47579,101.4055,6.24278,874675.4963,874712.5,1247.07699
0.47576,101.43141,6.24437,874675.1621,874725,1248.49781
0.47574,101.45251,6.24567,874674.1807,874712.5,1246.93815
0.47573,101.46195,6.24625,874673.2062,874762.5,1249.23964
0.47573,101.46084,6.24618,874673.7414,874675,1239.44289
0.47571,101.48466,6.24765,874674.2255,874662.5,1241.00145
0.47567,101.52224,6.24996,874674.6379,874637.5,1253.6186
0.47571,101.4861,6.24774,874674.7411,874712.5,1239.36772
0.47571,101.48401,6.24761,874673.7715,874687.5,1248.88967
0.47567,101.52591,6.25019,874674.2968,874675,1243.44331
0.47567,101.52527,6.25015,874676.6582,874712.5,1240.5353
0.47567,101.52511,6.25014,874674.8058,874650,1247.46883
0.47563,101.56557,6.25263,874672.7381,874712.5,1241.53943
0.47563,101.56525,6.25261,874673.5301,874762.5,1241.28643
0.47563,101.56638,6.25268,874674.4852,874675,1238.23753
0.47563,101.56525,6.25261,874675.0609,874712.5,1247.27126
0.47559,101.60395,6.25499,874674.4336,874700,1241.96291
0.47559,101.60459,6.25503,874673.6797,874675,1246.38031
0.47555,101.64552,6.25755,874672.6339,874725,1242.80272
0.47555,101.64376,6.25744,874676.4343,874675,1239.55513
0.47555,101.64409,6.25746,874674.8255,874750,1243.20835
0.47547,101.72547,6.26247,874675.0716,874687.5,1243.00554
0.47547,101.72547,6.26247,874673.5197,874712.5,1243.6298
0.47547,101.72516,6.26246,874675.8334,874725,1248.1853
0.47543,101.76514,6.26492,874675.8878,874700,1245.07999
0.47543,101.76466,6.26489,874673.4671,874687.5,1247.03132
0.4754,101.79456,6.26673,874673.0547,874687.5,1245.74174
0.47539,101.80559,6.26741,874674.112,874675,1245.12719
0.47539,101.80544,6.2674,874673.9912,874675,1248.57664
0.47538,101.81407,6.26793,874677.7511,874662.5,1245.13004
0.47539,101.80495,6.26737,874674.8381,874750,1245.76657
0.47534,101.85356,6.27036,874673.9369,874712.5,1245.24804
0.47534,101.855,6.27045,874675.6147,874662.5,1243.49445
0.47534,101.85085,6.27019,874672.404,874687.5,1245.26289
0.4753,101.89082,6.27265,874674.0284,874737.5,1238.35688
0.47527,101.92056,6.27448,874673.8397,874700,1252.68234
0.47527,101.92185,6.27456,874672.8463,874687.5,1245.60553
0.47527,101.92489,6.27475,874675.4841,874712.5,1247.87801
0.47527,101.9252,6.27477,874675.1047,874725,1246.6334
0.47523,101.96519,6.27723,874673.0365,874675,1239.56944
0.47523,101.9655,6.27725,874670.8388,874650,1241.99738
0.47523,101.9655,6.27725,874673.4454,874725,1240.30253
0.47519,102.00516,6.27969,874674.4978,874687.5,1243.2541
0.47519,102.00644,6.27977,874673.8843,874675,1240.7868
0.47519,102.00547,6.27971,874672.4984,874675,1246.26959
0.47515,102.04561,6.28218,874673.143,874662.5,1245.11881
0.47515,102.04481,6.28213,874671.844,874725,1241.79128
0.47515,102.04514,6.28215,874672.1656,874687.5,1245.68497
0.47511,102.08591,6.28466,874674.7167,874650,1245.84556
0.47511,102.08511,6.28461,874671.8387,874737.5,1245.23696
0.47507,102.12589,6.28712,874672.841,874687.5,1248.34681
0.47507,102.12638,6.28715,874671.8472,874675,1241.5614
0.47507,102.12701,6.28719,874674.2295,874725,1245.76251
0.47503,102.16619,6.28961,874671.8552,874725,1239.33524
0.47503,102.1665,6.28963,874672.0635,874725,1243.86248
0.47503,102.16682,6.28965,874672.0994,874687.5,1247.61047
0.47503,102.16539,6.28956,874673.9157,874750,1238.99005
0.47499,102.20664,6.2921,874674.8333,874737.5,1236.03533
0.47499,102.20664,6.2921,874673.7864,874725,1247.25362
0.47495,102.24582,6.29451,874672.9907,874712.5,1248.20481
0.47495,102.24582,6.29451,874670.7205,874725,1249.90834
0.47495,102.24646,6.29455,874672.7825,874725,1243.97033
0.47495,102.24598,6.29452,874674.8424,874675,1243.04071
0.47491,102.2866,6.29702,874671.5947,874700,1247.3465
0.47487,102.32594,6.29944,874672.4207,874700,1247.41468
0.47487,102.32498,6.29938,874672.9384,874725,1250.17906
0.47487,102.32625,6.29946,874672.333,874687.5,1243.98445
0.47483,102.36655,6.30194,874672.1335,874675,1244.8427
0.47483,102.36768,6.30201,874672.9173,874712.5,1243.51137
0.47483,102.36623,6.30192,874671.7799,874700,1249.30337
0.47483,102.36671,6.30195,874673.4507,874700,1247.22989
0.47479,102.40445,6.30427,874673.7169,874662.5,1243.35825
0.47479,102.40556,6.30434,874672.5976,874712.5,1247.91524
0.47479,102.40685,6.30442,874672.1184,874687.5,1247.23903
0.47475,102.4465,6.30686,874674.8278,874737.5,1245.99968
0.47474,102.45242,6.30723,874674.0846,874750,1247.75677
0.47471,102.48584,6.30928,874672.7138,874737.5,1247.56931
0.47471,102.486,6.30929,874673.1952,874700,1243.16592
0.47471,102.48616,6.3093,874673.5529,874737.5,1244.35557
0.4747,102.49336,6.30975,874671.7681,874700,1241.53354
0.47467,102.52582,6.31175,874671.5489,874650,1238.7072
0.47466,102.53701,6.31243,874672.2526,874737.5,1247.91347
0.47465,102.54245,6.31277,874673.9787,874712.5,1248.85961
0.47463,102.5642,6.31411,874672.2377,874725,1251.36997
0.47463,102.56867,6.31438,874673.0259,874687.5,1240.08737
0.47459,102.60561,6.31666,874670.1297,874650,1241.03107
0.47459,102.60625,6.3167,874674.0127,874662.5,1243.86321
0.47457,102.6232,6.31774,874672.5816,874687.5,1244.09342
0.47455,102.64591,6.31914,874672.2501,874737.5,1245.41946
0.47455,102.64639,6.31917,874673.7638,874662.5,1243.88052
0.47455,102.64687,6.3192,874672.5452,874762.5,1245.58536
0.47451,102.68732,6.32169,874672.324,874650,1246.46479
0.47451,102.68669,6.32165,874673.9248,874750,1248.56918
0.47451,102.68636,6.32163,874672.1905,874712.5,1246.25513
0.47451,102.68845,6.32176,874672.0291,874725,1249.967
0.47443,102.76456,6.32644,874671.3621,874700,1249.87437
0.47443,102.76647,6.32656,874676.6512,874675,1242.75296
0.47443,102.76616,6.32654,874674.6359,874737.5,1245.56839
0.47443,102.76569,6.32651,874673.8697,874650,1246.33269
0.47439,102.80726,6.32907,874672.605,874712.5,1246.75581
0.47439,102.8063,6.32901,874671.1769,874662.5,1245.66794
0.47439,102.80661,6.32903,874674.3135,874737.5,1248.01995
0.47438,102.81461,6.32952,874673.1554,874700,1249.8417
0.47439,102.80694,6.32905,874671.0143,874662.5,1249.79072
0.47439,102.80661,6.32903,874673.0142,874750,1249.90524
0.47437,102.82596,6.33022,874675.4935,874637.5,1237.92861
0.47435,102.84771,6.33156,874675.6731,874662.5,1237.30892
0.47435,102.84547,6.33142,874670.7829,874725,1246.3715
0.47431,102.88754,6.33401,874670.7346,874675,1246.71416
0.47431,102.88609,6.33392,874671.0832,874687.5,1242.61037
0.47431,102.88625,6.33393,874672.1052,874700,1236.82937
0.47431,102.88832,6.33406,874672.7832,874700,1241.24884
0.47427,102.92782,6.33649,874671.8868,874662.5,1242.8941
0.47427,102.92719,6.33645,874670.578,874725,1244.81021
0.47423,102.96572,6.33883,874671.3696,874675,1241.64366
0.47423,102.96669,6.33889,874673.0209,874687.5,1237.14724
0.47423,102.96636,6.33887,874672.7357,874725,1244.16373
0.47419,103.00442,6.34121,874671.9488,874675,1251.07956
0.47419,103.0073,6.34139,874673.7547,874687.5,1249.12206
0.47415,103.04616,6.34378,874671.229,874712.5,1244.93062
0.47415,103.04696,6.34383,874672.2768,874725,1249.06848
0.47411,103.0831,6.34605,874671.5619,874700,1247.5966
0.47412,103.07222,6.34538,874671.0942,874737.5,1244.31274
0.47411,103.08758,6.34633,874672.7302,874687.5,1247.73087
0.47411,103.08534,6.34619,874670.7843,874700,1246.4474
0.4741,103.09094,6.34654,874671.2919,874687.5,1244.42517
0.47407,103.12804,6.34882,874671.4841,874725,1244.34624
0.47407,103.12788,6.34881,874670.7544,874725,1240.87859
0.47403,103.16658,6.35119,874671.0126,874712.5,1235.82694
0.47406,103.13139,6.34903,874672.7164,874700,1247.62124
0.47403,103.16769,6.35126,874671.4457,874700,1246.14175
0.474,103.1952,6.35295,874670.6655,874662.5,1249.61534
0.47399,103.20942,6.35383,874672.6101,874700,1237.75134
0.47399,103.20926,6.35382,874671.5548,874762.5,1246.21143
0.47399,103.20815,6.35375,874673.0998,874637.5,1247.54753
0.47399,103.20671,6.35366,874672.4127,874700,1246.3863
0.47395,103.24572,6.35606,874672.3794,874700,1241.65114
0.47399,103.20815,6.35375,874671.7811,874637.5,1242.26679
0.47395,103.24893,6.35626,874672.7593,874662.5,1245.64799
0.47395,103.24909,6.35627,874671.9066,874650,1247.48543
0.47395,103.2494,6.35629,874671.2172,874675,1249.09556
0.47391,103.28937,6.35875,874672.5647,874737.5,1247.94946
0.47389,103.30969,6.36,874673.5945,874675,1241.81797
0.47386,103.3316,6.36135,874670.8832,874687.5,1247.88835
0.4739,103.29178,6.3589,874672.9832,874700,1247.16069
0.47386,103.3308,6.3613,874673.8702,874700,1240.80512
0.47386,103.33031,6.36127,874671.7063,874687.5,1245.54608
0.47386,103.3316,6.36135,874671.5426,874712.5,1248.92454
0.47386,103.33224,6.36139,874671.8642,874725,1249.82636
0.47384,103.35399,6.36273,874671.1904,874725,1248.21
0.47383,103.3695,6.36368,874672.1299,874712.5,1244.0456
0.47382,103.37014,6.36372,874674.3167,874662.5,1246.66651
0.47383,103.3695,6.36368,874670.5869,874700,1245.57551
0.47383,103.36885,6.36364,874670.7749,874662.5,1243.07547
0.47378,103.41155,6.36627,874670.5147,874700,1245.25637
0.47379,103.40979,6.36617,874673.8201,874700,1242.57399
0.47374,103.44992,6.36864,874671.7412,874687.5,1247.1043
0.47374,103.45009,6.36865,874672.1802,874675,1246.72289
0.47374,103.45089,6.3687,874669.8908,874700,1239.37797
0.47373,103.46192,6.36937,874669.324,874687.5,1245.84608
0.4737,103.49102,6.37117,874672.1919,874712.5,1249.60258
0.4737,103.49023,6.37112,874671.8645,874700,1245.14342
0.4737,103.49086,6.37116,874669.1894,874662.5,1245.20359
0.47366,103.53053,6.3736,874670.1972,874725,1245.26636
0.47363,103.56714,6.37585,874669.54,874762.5,1240.85632
0.47363,103.56906,6.37597,874673.1367,874712.5,1243.72299
0.47362,103.56986,6.37602,874671.3028,874712.5,1245.08433
0.47358,103.61064,6.37853,874670.3444,874737.5,1251.25244
0.47362,103.5705,6.37606,874669.7393,874675,1246.90802
0.47359,103.60967,6.37847,874672.4387,874712.5,1248.09749
0.47357,103.62007,6.37911,874672.9125,874687.5,1243.68775
0.47354,103.65221,6.38109,874671.2823,874737.5,1248.28258
0.47354,103.65157,6.38105,874670.3774,874687.5,1252.47903
0.4735,103.69027,6.38343,874671.6905,874662.5,1251.6491
0.4735,103.69011,6.38342,874673.2177,874675,1247.25513
0.4735,103.69331,6.38362,874671.9788,874700,1248.90589
0.47347,103.72561,6.38561,874670.9198,874650,1240.80619
0.47346,103.73041,6.3859,874670.3158,874687.5,1247.85786
0.47346,103.73649,6.38628,874670.3448,874712.5,1245.87441
0.47346,103.73072,6.38592,874670.7545,874725,1249.07344
0.47338,103.81196,6.39092,874669.6744,874712.5,1248.15843
0.47338,103.81213,6.39093,874671.2057,874725,1247.01189
0.47338,103.81292,6.39098,874669.4544,874687.5,1242.83922
0.47334,103.85018,6.39328,874672.6079,874650,1240.43943
0.47334,103.85066,6.39331,874670.7905,874725,1237.1531
0.47335,103.84937,6.39323,874667.9064,874650,1241.5193
0.47334,103.84986,6.39326,874672.3178,874650,1242.21504
0.4733,103.89144,6.39582,874672.1739,874650,1241.86899
0.4733,103.89064,6.39577,874670.2325,874650,1241.50419
0.47331,103.88888,6.39566,874669.673,874725,1241.67986
0.47327,103.92901,6.39813,874670.5253,874700,1245.28449
0.47326,103.92997,6.39819,874670.2485,874687.5,1245.47972
0.47323,103.96788,6.40052,874671.292,874700,1245.64604
0.47327,103.92805,6.39807,874671.6511,874675,1242.74578
0.47326,103.93014,6.3982,874672.1642,874637.5,1238.94631
0.47323,103.96979,6.40064,874670.2366,874737.5,1243.90154
0.47323,103.96579,6.40039,874670.87,874725,1238.94724
0.47322,103.97026,6.40067,874671.5314,874687.5,1250.69998
0.47322,103.97026,6.40067,874671.8264,874662.5,1242.57523
0.47318,104.00992,6.40311,874671.0397,874662.5,1245.13452
0.4732,103.99825,6.40239,874671.0207,874687.5,1249.21613
0.47318,104.01089,6.40317,874673.1948,874712.5,1239.0461
0.47318,104.01056,6.40315,874670.9782,874700,1248.03075
0.47318,104.01265,6.40328,874669.1524,874675,1243.62621
0.47314,104.05102,6.40564,874670.5314,874687.5,1244.78656
0.47314,104.05039,6.4056,874672.4626,874662.5,1252.21747
0.47312,104.07085,6.40686,874671.5819,874650,1247.52875
0.4731,104.09132,6.40812,874672.6565,874725,1242.6027
0.4731,104.09116,6.40811,874671.2205,874662.5,1245.66585
0.4731,104.0966,6.40845,874670.397,874725,1241.36495
0.47309,104.10155,6.40875,874671.3434,874725,1240.41852
0.47306,104.13114,6.41057,874670.816,874675,1250.84567
0.47306,104.13081,6.41055,874671.3073,874750,1243.67885
0.47306,104.1305,6.41053,874671.4043,874650,1240.21959
0.47303,104.16888,6.4129,874671.6071,874675,1238.56499
0.47302,104.17319,6.41316,874673.1521,874687.5,1242.39391
0.47298,104.21109,6.4155,874670.4732,874687.5,1241.67308
0.47297,104.22085,6.4161,874670.5808,874737.5,1243.34233
0.47294,104.25011,6.4179,874668.1099,874712.5,1251.29627
0.47294,104.2549,6.41819,874667.361,874637.5,1247.7003
0.47293,104.26066,6.41855,874666.5088,874637.5,1250.92672
0.4729,104.292,6.42048,874670.1843,874725,1253.68388
0.47291,104.28945,6.42032,874670.2856,874725,1244.21339
0.47286,104.33262,6.42298,874668.1165,874700,1251.06236
0.47288,104.31502,6.42189,874667.7105,874750,1243.78923
0.47286,104.3307,6.42286,874670.6256,874687.5,1255.91119
0.47283,104.3694,6.42524,874670.5802,874675,1239.84944
0.47282,104.371,6.42534,874667.7619,874662.5,1246.50713
0.47282,104.371,6.42534,874667.1533,874712.5,1248.88038
0.47278,104.41178,6.42785,874667.3872,874687.5,1245.11304
0.47278,104.4113,6.42782,874667.0389,874637.5,1247.04792
0.47278,104.41018,6.42775,874669.9169,874662.5,1245.90295
0.47274,104.45095,6.43026,874668.8396,874687.5,1251.66929
0.47274,104.45303,6.43039,874667.8327,874625,1249.53642
0.47274,104.45255,6.43036,874666.9932,874675,1247.2387
0.47275,104.44887,6.43013,874669.7951,874725,1250.09781
0.47274,104.45144,6.43029,874669.8001,874675,1242.4038
0.4727,104.49045,6.43269,874670.0378,874725,1249.1325
0.4727,104.49013,6.43267,874666.8977,874700,1241.04131
0.47271,104.48805,6.43255,874668.0917,874675,1239.7272
0.4727,104.49109,6.43273,874671.0267,874700,1244.3608
0.47266,104.53026,6.43514,874670.6554,874700,1247.6233
0.47266,104.53075,6.43517,874668.7928,874712.5,1247.38327
0.47266,104.53122,6.4352,874668.3351,874725,1249.74781
0.47266,104.53026,6.43514,874667.3093,874737.5,1251.85556
0.47265,104.54098,6.4358,874669.3704,874687.5,1243.78029
0.47262,104.57169,6.43769,874668.5138,874712.5,1246.18266
0.47262,104.572,6.43771,874669.6882,874675,1248.02482
0.4726,104.59455,6.4391,874670.3965,874687.5,1242.40945
0.47262,104.57264,6.43775,874668.3468,874662.5,1248.59409
0.47258,104.61374,6.44028,874667.1709,874650,1248.08493
0.47258,104.61214,6.44018,874667.7691,874700,1247.32077
0.47258,104.6123,6.44019,874669.181,874675,1247.4283
0.47258,104.6131,6.44024,874669.4824,874675,1242.35744
0.47258,104.61214,6.44018,874666.9792,874637.5,1250.73174
0.47254,104.65131,6.4426,874666.9375,874700,1249.94548
0.47254,104.65564,6.44286,874668.1408,874675,1243.68672
0.4725,104.69274,6.44515,874668.9607,874737.5,1242.56556
0.4725,104.69338,6.44519,874668.9977,874662.5,1243.89189
0.4725,104.69241,6.44513,874667.9693,874737.5,1247.82234
0.47249,104.70456,6.44587,874666.7961,874700,1244.60122
0.47246,104.73222,6.44758,874667.641,874650,1237.54504
0.47242,104.77269,6.45007,874667.7811,874687.5,1243.41064
0.47243,104.76918,6.44985,874667.3709,874687.5,1245.90572
0.47242,104.77316,6.4501,874665.9273,874712.5,1250.35947
0.47234,104.85184,6.45494,874666.0196,874637.5,1247.18848
0.47235,104.84592,6.45458,874668.0167,874712.5,1245.45736
0.47234,104.85216,6.45496,874669.9083,874687.5,1252.47572
0.4723,104.8915,6.45738,874668.8503,874712.5,1244.35459
0.4723,104.89326,6.45749,874666.9257,874712.5,1238.81279
0.4723,104.8931,6.45748,874669.3971,874675,1243.37778
0.47226,104.93931,6.46033,874669.214,874687.5,1248.85763
0.47225,104.94282,6.46054,874668.0246,874700,1247.22699
0.47222,104.97161,6.46231,874667.4663,874662.5,1246.56753
0.47218,105.01222,6.46482,874666.9577,874662.5,1248.62591
0.47218,105.01303,6.46486,874669.6023,874650,1243.65448
0.47218,105.01351,6.46489,874666.7561,874712.5,1246.86403
0.47214,105.05285,6.46732,874668.9228,874700,1242.80553
0.47214,105.0522,6.46728,874666.2604,874725,1243.30458
0.47214,105.05141,6.46723,874668.433,874712.5,1238.46397
0.4721,105.09234,6.46975,874666.7697,874650,1243.44705
0.47211,105.0877,6.46946,874669.4067,874650,1246.02864
0.4721,105.09266,6.46977,874666.9233,874712.5,1241.0252
0.47206,105.13232,6.47221,874666.9583,874662.5,1245.89262
0.47206,105.13087,6.47212,874667.8989,874650,1244.64814
0.47206,105.13136,6.47215,874667.2127,874675,1247.61194
0.47206,105.13087,6.47212,874668.6266,874712.5,1249.47235
0.47204,105.15439,6.47357,874668.0373,874712.5,1250.07764
0.47202,105.17326,6.47473,874671.1458,874737.5,1243.7056
0.47202,105.17277,6.4747,874669.0341,874687.5,1243.63817
0.47202,105.17917,6.47509,874667.8957,874662.5,1243.53011
0.47202,105.17261,6.47469,874668.4221,874675,1247.72395
0.472,105.19245,6.47591,874668.0544,874725,1244.9386
0.47198,105.21308,6.47718,874668.395,874712.5,1245.00366
0.47198,105.21708,6.47743,874667.3275,874737.5,1250.70243
0.47198,105.21164,6.47709,874668.9896,874650,1248.85023
0.47194,105.25498,6.47976,874668.5373,874737.5,1248.37432
0.47194,105.25321,6.47965,874670.0974,874687.5,1249.50841
0.47194,105.25721,6.4799,874667.3342,874712.5,1243.5865
0.47194,105.25305,6.47964,874667.8221,874687.5,1250.43394
0.4719,105.29255,6.48207,874667.9514,874737.5,1246.89397
0.4719,105.29399,6.48216,874668.5991,874675,1241.92006
0.47189,105.30326,6.48273,874667.0595,874650,1246.14684
0.47186,105.33365,6.4846,874668.4979,874700,1249.62538
0.47186,105.33412,6.48463,874666.8309,874712.5,1242.63029
0.47186,105.33269,6.48454,874666.5265,874687.5,1239.55826
0.47186,105.33796,6.48487,874668.096,874712.5,1246.3615
0.47182,105.37346,6.48705,874670.2384,874675,1240.78032
0.47178,105.4136,6.48952,874666.7392,874637.5,1246.60509
0.47181,105.38465,6.48774,874668.2278,874725,1235.21507
0.47178,105.4128,6.48948,874668.1017,874712.5,1251.26495
0.47178,105.412,6.48943,874669.4532,874725,1237.22884
0.47178,105.41152,6.4894,874667.5598,874675,1239.88409
0.47174,105.45181,6.49188,874668.6734,874700,1250.58715
0.47174,105.45341,6.49198,874667.3114,874737.5,1241.96072
0.47174,105.4531,6.49196,874667.8153,874712.5,1242.7725
0.47172,105.47964,6.49359,874668.5281,874675,1248.78117
0.47169,105.50586,6.4952,874668.733,874712.5,1248.47283
0.47166,105.53417,6.49695,874669.0915,874712.5,1246.40421
0.47166,105.53593,6.49706,874665.9472,874750,1244.37712
0.47166,105.53417,6.49695,874668.9606,874725,1242.70266
0.47162,105.57463,6.49944,874670.1554,874650,1252.80358
0.47162,105.5735,6.49937,874665.5415,874675,1246.73389
0.47158,105.61316,6.50181,874663.1115,874712.5,1247.82538
0.47158,105.61269,6.50178,874665.4026,874737.5,1246.83814
0.47154,105.65426,6.50434,874667.7675,874675,1244.60382
0.47154,105.65506,6.50439,874667.8541,874650,1239.78421
0.47154,105.65234,6.50422,874666.6389,874687.5,1245.66305
0.47154,105.65026,6.50409,874663.1802,874675,1253.99722
0.4715,105.69168,6.50664,874664.1898,874662.5,1240.70519
0.4715,105.69151,6.50663,874667.6044,874700,1244.59763
0.47146,105.73085,6.50906,874667.2971,874725,1248.95554
0.47146,105.73294,6.50918,874665.4708,874725,1247.46245
0.47146,105.7331,6.50919,874665.7533,874675,1251.66328
0.47146,105.73181,6.50911,874667.3527,874675,1249.94567
0.47142,105.77051,6.5115,874666.8619,874662.5,1246.68439
0.47143,105.76875,6.51139,874665.7704,874700,1245.13263
0.47142,105.77019,6.51148,874665.8817,874662.5,1245.7947
0.47142,105.77164,6.51157,874664.1841,874675,1243.58177
0.47142,105.77211,6.5116,874667.1804,874675,1249.39508
0.47142,105.77611,6.51184,874667.9043,874700,1248.50076
0.47138,105.81241,6.51408,874666.4174,874687.5,1243.51411
0.47138,105.81241,6.51408,874663.9005,874662.5,1244.49745
0.47138,105.81289,6.51411,874664.8326,874700,1244.37167
0.47138,105.81225,6.51407,874666.765,874675,1247.13071
0.47138,105.81161,6.51403,874668.5217,874675,1249.86857
0.47134,105.85126,6.51647,874665.8667,874712.5,1246.2674
0.47134,105.85239,6.51654,874665.7289,874650,1248.12061
0.47134,105.85159,6.51649,874664.5573,874725,1245.87803
0.47134,105.85319,6.51659,874666.3083,874725,1244.55623
0.47126,105.93234,6.52146,874664.5785,874625,1239.24171
0.47126,105.93266,6.52148,874667.6599,874700,1244.65619
0.47122,105.97136,6.52386,874666.1905,874700,1248.83887
0.47122,105.97007,6.52378,874663.6261,874687.5,1248.1376
0.47118,106.01309,6.52643,874666.2961,874737.5,1248.34487
0.47122,105.9712,6.52385,874666.1855,874700,1252.04671
0.47122,105.97311,6.52397,874666.0809,874712.5,1240.1699
0.47118,106.0123,6.52638,874665.5966,874662.5,1243.77858
0.47118,106.01309,6.52643,874664.0442,874687.5,1246.97183
0.47114,106.05099,6.52876,874665.4846,874725,1247.36372
0.47114,106.05242,6.52885,874665.7119,874637.5,1247.43766
0.47114,106.05307,6.52889,874668.398,874712.5,1242.06966
0.47114,106.05131,6.52878,874665.3664,874687.5,1249.23437
0.47114,106.05242,6.52885,874666.3519,874750,1246.20474
0.4711,106.09321,6.53136,874663.4559,874675,1241.4534
0.4711,106.09193,6.53128,874667.3597,874650,1243.49366
0.47106,106.13303,6.53381,874664.4029,874700,1247.44783
0.47106,106.13319,6.53382,874664.9508,874725,1245.84107
0.47106,106.1327,6.53379,874664.4941,874650,1248.21059
0.47102,106.17333,6.5363,874664.6412,874687.5,1243.34414
0.47102,106.17156,6.53619,874664.7019,874700,1250.64749
0.47098,106.21203,6.53868,874667.1347,874687.5,1238.87556
0.47102,106.17189,6.53621,874666.6982,874725,1244.86257
0.47096,106.23745,6.54024,874666.0535,874675,1236.09608
0.47094,106.25168,6.54112,874664.0662,874675,1245.18701
0.47094,106.252,6.54114,874667.3687,874625,1241.91023
0.47094,106.25184,6.54113,874667.7609,874712.5,1246.73646
0.4709,106.29245,6.54363,874665.6023,874700,1252.38103
0.4709,106.29389,6.54372,874665.8782,874750,1245.51176
0.47086,106.33339,6.54615,874666.0493,874675,1241.9688
0.47086,106.33387,6.54618,874666.7335,874712.5,1244.05738
0.47086,106.33387,6.54618,874667.7305,874725,1245.69186
0.47086,106.33402,6.54619,874666.6964,874725,1247.63766
0.47082,106.37353,6.54862,874665.7164,874700,1243.64248
0.47082,106.37272,6.54857,874665.968,874700,1248.98519
0.47079,106.40391,6.55049,874666.3295,874675,1249.85925
0.47078,106.4119,6.55098,874666.6951,874675,1246.91817
0.47078,106.41095,6.55092,874664.8946,874687.5,1242.74506
0.47075,106.44292,6.55289,874664.8921,874650,1253.84394
0.47074,106.45267,6.55349,874667.1257,874700,1251.57134
0.47074,106.45252,6.55348,874667.3415,874687.5,1251.14123
0.47074,106.45252,6.55348,874666.3424,874662.5,1242.40664
0.47074,106.45156,6.55342,874666.2523,874675,1248.8659
0.47071,106.48082,6.55523,874665.2247,874625,1248.32158
0.4707,106.49394,6.55603,874665.9362,874662.5,1246.73867
0.4707,106.49314,6.55598,874666.5987,874637.5,1246.74758
0.4707,106.49186,6.55591,874666.3347,874612.5,1251.74464
0.4707,106.49217,6.55592,874665.9624,874675,1249.76447
0.4707,106.49394,6.55603,874665.1945,874712.5,1246.92377
0.47066,106.53439,6.55852,874664.4732,874637.5,1246.77055
0.47066,106.53551,6.55859,874664.8312,874737.5,1244.19599
0.47064,106.55326,6.55969,874666.1547,874700,1241.53809
0.47062,106.57358,6.56094,874668.1561,874700,1250.65819
0.47062,106.57453,6.56099,874664.1125,874712.5,1248.15212
0.47062,106.57405,6.56096,874663.7661,874675,1249.43418
0.47058,106.61419,6.56344,874665.0924,874675,1251.00082
0.47058,106.61482,6.56348,874667.4377,874650,1252.61038
0.47058,106.61515,6.5635,874665.2133,874687.5,1244.67449
0.47054,106.65512,6.56596,874664.836,874700,1243.05492
0.47054,106.6556,6.56599,874665.3355,874650,1247.34751
0.47053,106.66424,6.56652,874664.8579,874687.5,1242.95851
0.4705,106.69494,6.56841,874666.0694,874700,1247.46676
0.4705,106.69542,6.56844,874666.6801,874737.5,1247.20704
0.4705,106.69446,6.56838,874663.8464,874687.5,1245.64252
0.4705,106.6935,6.56832,874665.0835,874737.5,1241.64363
0.47046,106.73476,6.57086,874665.0039,874750,1247.25118
0.47046,106.73316,6.57076,874664.2743,874700,1249.73805
0.47046,106.73347,6.57078,874666.3041,874712.5,1242.16669
0.47046,106.73396,6.57081,874666.1769,874712.5,1253.80274
0.47045,106.74275,6.57135,874668.5729,874650,1239.39614
0.47042,106.7749,6.57333,874664.9206,874725,1251.61137
0.47042,106.7733,6.57323,874665.544,874675,1244.1421
0.47042,106.77937,6.57361,874665.8386,874700,1247.55164
0.47038,106.81615,6.57587,874665.9691,874712.5,1242.49705
0.47038,106.81488,6.57579,874665.2177,874725,1244.9475
0.47034,106.85532,6.57828,874666.8237,874675,1244.35382
0.47034,106.85549,6.57829,874666.2666,874700,1247.23824
0.47033,106.8662,6.57895,874665.8655,874725,1239.00303
0.47034,106.85581,6.57831,874666.9686,874662.5,1249.18143
0.47024,106.95703,6.58454,874665.6013,874712.5,1251.10117
0.4703,106.8953,6.58074,874666.4979,874712.5,1246.78987
0.4703,106.89419,6.58067,874666.668,874750,1245.8718
0.47022,106.97494,6.58564,874666.1882,874750,1247.96536
0.47021,106.98965,6.58655,874664.488,874675,1237.98929
0.47022,106.97654,6.58574,874665.9128,874650,1244.90945
0.47018,107.0178,6.58828,874666.7295,874700,1244.21421
0.47018,107.01491,6.58811,874665.6457,874700,1255.10515
0.47018,107.01507,6.58812,874665.3505,874712.5,1244.41272
0.47014,107.05521,6.59059,874666.9616,874675,1240.99122
0.47014,107.05281,6.59044,874665.621,874712.5,1247.33565
0.47012,107.072,6.59162,874666.7063,874650,1246.06048
0.4701,107.09391,6.59297,874667.0098,874687.5,1244.62969
0.4701,107.09615,6.59311,874664.7778,874662.5,1244.70322
0.47009,107.10191,6.59346,874666.0309,874662.5,1250.78931
0.47006,107.13485,6.59549,874667.5326,874712.5,1246.54211
0.47006,107.13453,6.59547,874667.9972,874725,1247.80902
0.47002,107.17146,6.59774,874664.1813,874600,1246.58783
0.47002,107.17579,6.59801,874664.8287,874625,1251.07503
0.47002,107.1761,6.59803,874667.4132,874662.5,1253.71156
0.47001,107.17994,6.59826,874666.4823,874737.5,1249.17929
0.46998,107.21513,6.60043,874666.7867,874712.5,1241.89482
0.46998,107.21416,6.60037,874667.9427,874712.5,1246.12373
0.46997,107.22951,6.60132,874664.9989,874675,1245.31864
0.46998,107.21464,6.6004,874663.9195,874662.5,1248.20159
0.46995,107.24854,6.60249,874667.3922,874700,1240.8205
0.46994,107.25637,6.60297,874667.4579,874687.5,1240.92253
0.46994,107.25894,6.60313,874664.2331,874712.5,1245.55465
0.46994,107.25414,6.60283,874666.0997,874700,1249.15246
0.4699,107.29396,6.60528,874665.8676,874700,1240.99756
0.46986,107.33521,6.60782,874665.9127,874650,1245.03168
0.46989,107.30531,6.60598,874666.8201,874737.5,1245.7877
0.46986,107.33697,6.60793,874666.0542,874700,1243.81003
0.46986,107.33474,6.60779,874664.0464,874712.5,1247.86433
0.46982,107.37439,6.61024,874664.5639,874662.5,1243.88178
0.46982,107.37151,6.61006,874664.8887,874675,1250.46358
0.46982,107.37439,6.61024,874665.6837,874675,1246.33585
0.46982,107.37695,6.61039,874666.6502,874700,1247.97099
0.46978,107.41532,6.61276,874663.9237,874700,1249.45675
0.46978,107.41613,6.61281,874666.2019,874712.5,1241.62171
0.46977,107.42684,6.61346,874666.9837,874712.5,1244.5822
0.46974,107.4545,6.61517,874669.8678,874675,1242.91037
0.46974,107.4585,6.61541,874664.2257,874650,1238.96282
0.46974,107.4545,6.61517,874664.2822,874700,1247.12498
0.46974,107.45546,6.61523,874666.8338,874712.5,1248.57795
0.46974,107.4553,6.61522,874665.1515,874712.5,1247.11986
0.4697,107.49513,6.61767,874664.9544,874625,1252.83714
0.4697,107.4956,6.6177,874665.2799,874675,1246.13586
0.4697,107.49513,6.61767,874666.6436,874750,1243.23405
0.4697,107.49656,6.61776,874665.2717,874662.5,1248.76769
0.46966,107.53541,6.62015,874664.9659,874687.5,1244.12786
0.46964,107.55285,6.62122,874667.1205,874712.5,1239.31299
0.46962,107.57444,6.62255,874664.8853,874725,1250.42968
0.46962,107.57588,6.62264,874664.7314,874675,1247.06945
0.46962,107.5738,6.62251,874662.7842,874637.5,1253.21532
0.46958,107.61601,6.62511,874661.2993,874750,1236.64985
0.46958,107.61585,6.6251,874662.7905,874650,1248.36662
0.46958,107.61618,6.62512,874663.9738,874700,1248.31629
0.46954,107.65631,6.62759,874664.5619,874725,1249.44377
0.46954,107.65646,6.6276,874662.4183,874700,1245.02021
0.46954,107.65471,6.62749,874664.1787,874625,1248.73259
0.46951,107.68045,6.62908,874663.2252,874700,1248.2186
0.4695,107.69389,6.6299,874663.3827,874737.5,1242.28127
0.4695,107.69356,6.62988,874663.4414,874712.5,1244.80716
0.46946,107.73562,6.63247,874662.5183,874650,1240.19338
0.46946,107.73562,6.63247,874664.0238,874725,1247.38674
0.46942,107.77367,6.63482,874662.974,874650,1251.15602
0.46942,107.7756,6.63494,874664.4845,874725,1244.68904
0.46938,107.81334,6.63726,874665.4728,874637.5,1243.4346
0.46938,107.81621,6.63744,874664.2112,874687.5,1245.54873
0.46935,107.84836,6.63941,874662.5497,874687.5,1245.91407
0.46934,107.85715,6.63996,874663.1819,874650,1248.93938
0.46934,107.85635,6.63991,874665.0933,874725,1252.1554
0.4693,107.89601,6.64235,874664.2117,874700,1254.0355
0.4693,107.89553,6.64232,874664.8865,874687.5,1242.30019
0.4693,107.89761,6.64245,874663.7745,874700,1258.85989
0.46926,107.93726,6.64489,874663.1367,874687.5,1252.80287
0.46926,107.93775,6.64492,874663.06,874712.5,1247.1173
0.46918,108.01499,6.64967,874663.7257,874700,1239.55366
0.46922,107.9726,6.64706,874664.1566,874675,1244.16848
0.46918,108.0153,6.64969,874663.3423,874712.5,1247.15855
0.46918,108.0169,6.64979,874663.6974,874700,1247.88808
0.46918,108.01723,6.64981,874664.8789,874612.5,1246.3858
0.46914,108.05527,6.65215,874665.1635,874662.5,1247.79604
0.46914,108.05751,6.65229,874661.9258,874712.5,1247.36897
0.4691,108.0959,6.65465,874664.6145,874687.5,1249.42784
0.46911,108.0855,6.65401,874662.3732,874675,1244.39363
0.4691,108.09797,6.65478,874663.315,874700,1248.01651
0.46907,108.12756,6.6566,874664.5228,874712.5,1251.42144
0.46906,108.13827,6.65726,874661.9689,874712.5,1241.85758
0.46906,108.13731,6.6572,874660.7624,874625,1239.96221
0.46906,108.13635,6.65714,874665.5419,874675,1247.3849
0.46902,108.17792,6.6597,874663.2587,874700,1250.72246
0.46902,108.17873,6.65975,874663.8284,874700,1246.43955
0.46902,108.17729,6.65966,874661.6118,874675,1249.02736
0.46899,108.20095,6.66112,874662.7692,874700,1248.77207
0.46898,108.21695,6.66211,874662.7419,874650,1240.04335
0.46898,108.21759,6.66215,874664.2817,874687.5,1248.45502
0.46898,108.21743,6.66214,874663.2452,874625,1246.5397
0.46898,108.2171,6.66212,874662.6948,874725,1249.49327
0.46894,108.25629,6.66453,874662.6549,874650,1240.51066
0.46894,108.25709,6.66458,874661.9548,874687.5,1247.4942
0.46892,108.27547,6.66571,874664.5535,874700,1243.43519
0.46894,108.25692,6.66457,874663.5106,874650,1242.84728
0.4689,108.29722,6.66705,874662.9846,874675,1247.75197
0.46888,108.31289,6.66801,874664.0135,874725,1243.38483
0.4689,108.29817,6.66711,874663.6288,874712.5,1248.44208
0.4689,108.29817,6.66711,874662.7254,874700,1252.29911
0.46886,108.33304,6.66925,874664.3472,874700,1249.78575
0.46885,108.34264,6.66984,874662.8352,874725,1245.38734
0.46885,108.34264,6.66984,874663.8559,874650,1244.12957
0.46885,108.34248,6.66983,874661.6413,874700,1243.94233
0.46885,108.34231,6.66982,874664.535,874700,1244.51599
0.46881,108.38165,6.67225,874662.6697,874637.5,1244.62286
0.46881,108.38325,6.67234,874662.4813,874737.5,1242.33234
0.46881,108.38389,6.67238,874660.4377,874687.5,1247.20482
0.46881,108.38229,6.67228,874663.1579,874725,1244.61901
0.46877,108.42259,6.67477,874667.0343,874662.5,1247.22878
0.46877,108.42371,6.67483,874663.4833,874687.5,1247.55983
0.46877,108.42259,6.67477,874663.6328,874687.5,1248.56233
0.46873,108.46416,6.67733,874662.2252,874687.5,1243.67367
0.46873,108.46336,6.67728,874662.2029,874737.5,1242.75978
0.46873,108.464,6.67731,874664.4375,874675,1243.86921
0.46873,108.46433,6.67734,874664.9524,874725,1246.32618
0.46873,108.46273,6.67724,874663.0273,874650,1251.31726
0.46869,108.50574,6.67988,874661.3925,874650,1252.19746
0.46869,108.5043,6.6798,874663.6283,874662.5,1248.50617
0.46865,108.54444,6.68227,874666.4004,874637.5,1250.42082
0.46865,108.54236,6.68214,874664.9587,874737.5,1251.63774
0.46865,108.54651,6.68239,874662.6222,874687.5,1245.29274
0.46861,108.58425,6.68472,874663.2337,874700,1246.82652
0.46857,108.62327,6.68712,874662.3578,874675,1246.67505
0.46857,108.62391,6.68716,874662.7588,874675,1250.43504
0.46857,108.62408,6.68717,874664.717,874725,1248.59421
0.46853,108.66069,6.68942,874663.8208,874712.5,1249.2165
0.46853,108.66325,6.68958,874660.8542,874650,1249.60174
0.46851,108.68291,6.69079,874660.8699,874712.5,1246.52812
0.46851,108.68691,6.69104,874661.1639,874725,1250.04502
0.46849,108.70322,6.69204,874663.1147,874725,1244.07541
0.46848,108.71794,6.69295,874663.9171,874712.5,1250.81009
0.46849,108.70322,6.69204,874661.5616,874700,1250.79911
0.46845,108.74273,6.69447,874661.3191,874675,1246.60384
0.46845,108.74544,6.69464,874660.5677,874625,1251.63064
0.46845,108.7448,6.6946,874662.8453,874700,1244.3797
0.46841,108.78334,6.69697,874663.1643,874700,1239.10904
0.46841,108.78334,6.69697,874662.1932,874687.5,1240.38391
0.46841,108.78334,6.69697,874662.1132,874675,1247.95767
0.46838,108.811,6.69868,874661.9498,874612.5,1246.40756
0.46837,108.82411,6.69948,874664.8263,874700,1243.48041
0.46837,108.82316,6.69943,874663.2419,874750,1245.62458
0.46833,108.86105,6.70176,874660.5992,874687.5,1244.72527
0.46833,108.86505,6.702,874661.4175,874675,1253.50263
0.46833,108.8609,6.70175,874663.1552,874725,1248.16512
0.46833,108.86474,6.70199,874662.7097,874687.5,1242.38819
0.46833,108.86489,6.70199,874660.5539,874712.5,1247.54238
0.46833,108.86441,6.70197,874661.5747,874675,1249.79949
0.46829,108.90375,6.70439,874660.3729,874737.5,1248.35169
0.46829,108.90408,6.70441,874663.0073,874675,1256.68156
0.46828,108.91015,6.70478,874663.6894,874700,1244.88895
0.46828,108.9151,6.70509,874663.5594,874675,1245.24986
0.46826,108.93301,6.70619,874659.8263,874650,1250.584
0.46825,108.94469,6.70691,874660.7611,874675,1239.56309
0.46823,108.96324,6.70805,874660.3472,874687.5,1244.08168
0.46821,108.98226,6.70922,874661.3641,874725,1248.29492
0.46821,108.9829,6.70926,874661.0478,874662.5,1240.23214
0.46821,108.98226,6.70922,874661.3046,874687.5,1251.08948
0.46813,109.0635,6.71422,874661.9472,874662.5,1242.86254
0.46813,109.06334,6.71421,874661.1313,874687.5,1244.07578
0.46813,109.06286,6.71418,874662.8285,874637.5,1246.7777
0.46813,109.06222,6.71414,874661.113,874675,1245.17765
0.46809,109.10411,6.71672,874659.5261,874675,1250.27256
0.46809,109.10507,6.71678,874662.291,874725,1256.51414
0.46809,109.10411,6.71672,874663.0025,874712.5,1246.17116
0.46809,109.10395,6.71671,874664.2297,874687.5,1253.99246
0.46809,109.10875,6.71701,874662.0945,874687.5,1252.0535
0.46808,109.11163,6.71718,874660.7961,874700,1244.19349
0.46805,109.14281,6.7191,874659.6349,874662.5,1244.85082
0.46805,109.14249,6.71908,874661.669,874675,1246.0823
0.46805,109.14298,6.71911,874662.6746,874662.5,1246.30508
0.46801,109.18391,6.72163,874662.0536,874700,1244.24426
0.46801,109.18375,6.72162,874661.8807,874712.5,1245.76961
0.46797,109.22116,6.72393,874662.9869,874687.5,1249.8168
0.46801,109.18615,6.72177,874662.1159,874675,1247.9314
0.46797,109.22549,6.72419,874661.4031,874675,1249.91019
0.46797,109.22373,6.72409,874661.6832,874687.5,1246.22857
0.46797,109.22309,6.72405,874660.3655,874662.5,1242.1017
0.46794,109.25139,6.72579,874660.5861,874675,1240.36031
0.46789,109.3024,6.72893,874665.0901,874675,1237.82444
0.4679,109.29265,6.72833,874663.4128,874712.5,1245.54653
0.46789,109.30368,6.72901,874659.4382,874662.5,1249.55511
0.46792,109.27314,6.72713,874658.8663,874712.5,1248.62627
0.46785,109.34541,6.73158,874662.1374,874662.5,1243.86365
0.46785,109.34685,6.73167,874663.5914,874662.5,1247.18582
0.46785,109.34286,6.73142,874662.1861,874750,1244.85338
0.46785,109.34526,6.73157,874661.9608,874687.5,1240.36936
0.46784,109.35853,6.73238,874660.5301,874675,1250.66752
0.46781,109.38395,6.73395,874662.6676,874725,1247.57869
0.46777,109.42105,6.73623,874662.75,874637.5,1245.00917
0.4678,109.39179,6.73443,874662.8908,874687.5,1243.49422
0.46777,109.42377,6.7364,874661.394,874600,1249.65637
0.46773,109.46359,6.73885,874660.3758,874662.5,1252.43511
0.46776,109.43305,6.73697,874661.8554,874675,1255.53679
0.46773,109.46535,6.73896,874663.1975,874700,1241.69318
0.46769,109.50516,6.74141,874660.9564,874662.5,1245.13524
0.46769,109.50485,6.74139,874661.6332,874675,1249.95612
0.46769,109.50693,6.74152,874659.2017,874700,1247.47852
0.46765,109.54322,6.74375,874664.4169,874662.5,1251.14951
0.46765,109.54434,6.74382,874661.5885,874700,1243.02811
0.46765,109.54403,6.7438,874661.1669,874725,1252.20899
0.46765,109.54322,6.74375,874661.0213,874700,1245.91543
0.46761,109.58352,6.74624,874660.331,874675,1240.72313
0.46764,109.5533,6.74438,874661.8916,874662.5,1244.48904
0.46761,109.5848,6.74631,874662.1244,874675,1239.05928
0.46757,109.62301,6.74867,874662.1551,874725,1252.18466
0.46759,109.60526,6.74757,874660.5163,874650,1254.16059
0.46757,109.62414,6.74874,874660.8591,874700,1246.27311
0.46757,109.62301,6.74867,874663.0095,874675,1245.98197
0.46753,109.66475,6.75124,874662.7239,874675,1244.61465
0.46753,109.66507,6.75126,874662.0424,874662.5,1244.52065
0.46753,109.66459,6.75123,874659.9158,874650,1247.11564
0.4675,109.69738,6.75324,874662.0737,874662.5,1237.68808
0.46749,109.70312,6.7536,874660.9163,874712.5,1248.96485
0.46749,109.70521,6.75373,874662.6486,874700,1243.66312
0.46745,109.74535,6.7562,874661.3215,874650,1254.39715
0.46745,109.74599,6.75624,874661.2672,874687.5,1249.78013
0.46745,109.74551,6.75621,874658.5708,874675,1249.04526
0.46745,109.74679,6.75629,874660.1494,874675,1242.26582
0.46741,109.78452,6.75861,874660.5446,874700,1248.26272
0.46741,109.78484,6.75863,874658.3601,874687.5,1249.76254
0.46737,109.82706,6.76123,874659.7906,874687.5,1248.22855
0.46737,109.82482,6.76109,874660.3577,874637.5,1243.27858
0.46737,109.82706,6.76123,874662.5937,874675,1245.83015
0.46737,109.8245,6.76107,874662.7977,874675,1249.00556
0.46737,109.82498,6.7611,874661.3436,874712.5,1245.24674
0.46733,109.86591,6.76362,874662.2251,874637.5,1254.0933
0.46733,109.86607,6.76363,874660.8572,874687.5,1246.69792
0.46731,109.88686,6.76491,874662.7919,874675,1250.10161
0.46729,109.90605,6.76609,874660.8112,874637.5,1251.2633
0.4673,109.8899,6.7651,874661.4418,874687.5,1242.43974
0.46733,109.86607,6.76363,874662.1918,874625,1250.18704
0.46729,109.9051,6.76603,874661.363,874700,1256.0072
0.46729,109.90494,6.76602,874661.2683,874687.5,1241.11897
0.46725,109.94555,6.76852,874661.5661,874612.5,1243.76585
0.46725,109.94459,6.76846,874661.8362,874675,1258.1761
0.46725,109.94555,6.76852,874658.5388,874712.5,1245.6346
0.46721,109.98281,6.77082,874660.4128,874675,1246.80715
0.46721,109.98409,6.7709,874661.9244,874662.5,1250.25628
0.46721,109.98601,6.77101,874662.0027,874662.5,1247.34727
0.46719,110.00711,6.77231,874660.2511,874712.5,1244.69084
0.46717,110.02535,6.77344,874659.0736,874687.5,1249.25194
0.46717,110.02582,6.77346,874658.5025,874687.5,1253.33687
0.46717,110.0271,6.77354,874661.8861,874700,1243.73169
0.46717,110.02455,6.77339,874662.5141,874675,1250.08475
0.46717,110.0255,6.77344,874660.6731,874700,1248.42072
0.46717,110.02166,6.77321,874658.135,874700,1248.92086
0.46717,110.02439,6.77338,874662.2344,874700,1250.55987
0.46718,110.01464,6.77278,874660.6994,874700,1253.12614
0.46721,109.98521,6.77096,874660.7131,874687.5,1247.27493
0.46717,110.02486,6.77341,874661.0029,874712.5,1247.66654
0.4672,109.99464,6.77154,874659.778,874712.5,1255.204
0.46721,109.98505,6.77095,874660.5274,874675,1258.26363
0.4672,109.99449,6.77154,874659.1148,874700,1254.344
0.46721,109.98521,6.77096,874661.7903,874662.5,1256.97043
0.46717,110.02535,6.77344,874658.8289,874712.5,1247.32771
0.46721,109.98441,6.77092,874660.3323,874737.5,1255.39579
0.46721,109.98616,6.77102,874658.6821,874737.5,1249.27366
0.46721,109.98632,6.77103,874658.7268,874662.5,1258.39967
0.46717,110.02663,6.77351,874660.7941,874675,1260.3215
0.46717,110.02775,6.77358,874662.03,874662.5,1248.81205
0.4672,109.99513,6.77157,874659.3927,874725,1253.1403
0.46721,109.98632,6.77103,874662.351,874687.5,1259.55447
0.46721,109.98761,6.77111,874661.0156,874675,1255.53856
0.46718,110.01335,6.7727,874658.8959,874687.5,1247.96368
0.46721,109.98696,6.77107,874659.1399,874675,1257.22606
0.46721,109.98665,6.77105,874659.9433,874750,1246.11657
0.4672,109.99432,6.77153,874657.7545,874662.5,1254.71459
0.46721,109.98616,6.77102,874659.1215,874687.5,1255.511
0.46718,110.01927,6.77306,874659.779,874650,1255.19518
0.46721,109.98601,6.77101,874658.2659,874650,1254.30296
0.46719,110.0092,6.77244,874657.617,874737.5,1254.82347
