SG_voltage,CH_voltage,lockinIC_R,lockinIC_T,lockinIC_X,lockinIC_Y
-0.4,0.0,3.592304e-06,130.2282,-2.320004e-06,2.742642e-06
-0.4,0.0004,3.820572e-06,113.4055,-1.517627e-06,3.506116e-06
-0.4,0.0008,3.516247e-06,120.1359,-1.765323e-06,3.040971e-06
-0.4,0.0012,3.680292e-06,135.0306,-2.603676e-06,2.600876e-06
-0.4,0.0016,4.593014e-06,127.3331,-2.785418e-06,3.652017e-06
-0.4,0.002,4.197053e-06,132.4797,-2.834318e-06,3.095336e-06
-0.4,0.0024,3.232346e-06,150.3803,-2.809938e-06,1.597562e-06
-0.4,0.0028,3.298334e-06,122.362,-1.765452e-06,2.786083e-06
-0.4,0.0032,1.933593e-06,135.3819,-1.376258e-06,1.357996e-06
-0.4,0.0036,2.508245e-06,118.0085,-1.177858e-06,2.214476e-06
-0.4,0.004,2.67391e-06,101.8707,-5.50026e-07,2.616595e-06
-0.4,0.0044,3.153741e-06,132.1541,-2.116547e-06,2.337986e-06
-0.4,0.0048,2.910414e-06,147.7148,-2.460446e-06,1.55453e-06
-0.4,0.0052,2.649419e-06,125.2475,-1.528948e-06,2.163575e-06
-0.4,0.0056,3.267863e-06,132.1514,-2.193029e-06,2.422733e-06
-0.4,0.006,2.508943e-06,111.9813,-9.390916e-07,2.326531e-06
-0.4,0.0064,3.488374e-06,124.618,-1.981705e-06,2.87069e-06
-0.4,0.0068,4.160033e-06,114.3928,-1.718021e-06,3.788592e-06
-0.4,0.0072,2.580307e-06,103.6449,-6.086491e-07,2.507474e-06
-0.4,0.0076,2.397196e-06,108.7167,-7.692072e-07,2.270299e-06
-0.4,0.008,3.554161e-06,105.0655,-9.237695e-07,3.431903e-06
-0.4,0.0084,3.423845e-06,113.266,-1.352403e-06,3.145432e-06
-0.4,0.0088,3.14665e-06,95.2907,-2.902038e-07,3.133177e-06
-0.4,0.0092,4.24127e-06,94.89861,-3.62154e-07,4.225758e-06
-0.4,0.0096,3.824237e-06,90.75085,-5.010142e-08,3.823902e-06
-0.4,0.01,3.712378e-06,113.7118,-1.492844e-06,3.398861e-06
-0.4,0.0104,3.263454e-06,111.3135,-1.186117e-06,3.040172e-06
-0.4,0.0108,2.333818e-06,113.4063,-9.270999e-07,2.141721e-06
-0.4,0.0112,2.241902e-06,97.6196,-2.972669e-07,2.22207e-06
-0.4,0.0116,3.959599e-06,104.8662,-1.015836e-06,3.826964e-06
-0.4,0.012,4.946311e-06,101.0532,-9.482838e-07,4.854524e-06
-0.4,0.0124,3.57283e-06,124.9537,-2.04686e-06,2.928251e-06
-0.4,0.0128,3.347676e-06,100.5061,-6.103813e-07,3.291467e-06
-0.4,0.0132,3.778288e-06,97.78702,-5.124527e-07,3.743022e-06
-0.4,0.0136,3.439916e-06,72.3097,1.045279e-06,3.277212e-06
-0.4,0.014,3.693675e-06,94.18292,-2.694167e-07,3.683729e-06
-0.4,0.0144,3.769436e-06,111.9573,-1.409433e-06,3.495991e-06
-0.4,0.0148,3.166582e-06,84.49291,3.039222e-07,3.151964e-06
-0.4,0.0152,2.460535e-06,111.4573,-9.000487e-07,2.289891e-06
-0.4,0.0156,4.088927e-06,90.80156,-5.716457e-08,4.088519e-06
-0.4,0.016,2.655342e-06,114.3106,-1.093117e-06,2.419799e-06
-0.4,0.0164,2.150908e-06,105.6997,-5.820002e-07,2.07124e-06
-0.4,0.0168,4.018999e-06,116.3908,-1.786373e-06,3.600055e-06
-0.4,0.0172,3.648642e-06,102.6182,-7.970519e-07,3.560481e-06
-0.4,0.0176,2.946568e-06,90.27001,-1.385807e-08,2.946501e-06
-0.4,0.018,2.547025e-06,86.3884,1.604184e-07,2.541851e-06
-0.4,0.0184,2.833753e-06,92.64336,-1.307129e-07,2.830585e-06
-0.4,0.0188,3.456853e-06,99.95099,-5.973279e-07,3.404589e-06
-0.4,0.0192,3.918193e-06,107.8773,-1.202775e-06,3.728896e-06
-0.4,0.0196,3.14114e-06,112.5142,-1.202775e-06,2.901736e-06
-0.4,0.02,2.34819e-06,123.9026,-1.309767e-06,1.948921e-06
-0.4,0.0204,2.32909e-06,108.8063,-7.508173e-07,2.204613e-06
-0.4,0.0208,3.538314e-06,115.0559,-1.498438e-06,3.205256e-06
-0.4,0.0212,3.670329e-06,104.5733,-9.235013e-07,3.552222e-06
-0.4,0.0216,2.758003e-06,118.9722,-1.335885e-06,2.412736e-06
-0.4,0.022,3.876535e-06,117.5604,-1.79357e-06,3.436569e-06
-0.4,0.0224,1.524237e-06,120.6189,-7.762704e-07,1.311628e-06
-0.4,0.0228,2.532826e-06,111.0801,-9.109787e-07,2.363305e-06
-0.4,0.0232,2.757512e-06,126.5076,-1.640472e-06,2.216337e-06
-0.4,0.0236,2.760635e-06,104.1559,-6.75274e-07,2.677353e-06
-0.4,0.024,3.39258e-06,99.14592,-5.392301e-07,3.349425e-06
-0.4,0.0244,3.171483e-06,110.9852,-1.136418e-06,2.960896e-06
-0.4,0.0248,3.556575e-06,98.08677,-5.003269e-07,3.521176e-06
-0.4,0.0252,2.463122e-06,108.3022,-7.734708e-07,2.338523e-06
-0.4,0.0256,3.753606e-06,86.37091,2.375654e-07,3.745956e-06
-0.4,0.026,2.318406e-06,116.0756,-1.019032e-06,2.082299e-06
-0.4,0.0264,2.670871e-06,116.8974,-1.20824e-06,2.381823e-06
-0.4,0.0268,1.756483e-06,105.5244,-4.700794e-07,1.6923e-06
-0.4,0.0272,1.39709e-06,65.14554,5.871914e-07,1.267656e-06
-0.4,0.0276,3.11952e-06,99.28667,-5.033891e-07,3.078544e-06
-0.4,0.028,3.422699e-06,115.9244,-1.496309e-06,3.078147e-06
-0.4,0.0284,3.367764e-06,119.3097,-1.648603e-06,2.936644e-06
-0.4,0.0288,3.38331e-06,119.8211,-1.682443e-06,2.93518e-06
-0.4,0.0292,2.191023e-06,115.7736,-9.526815e-07,1.973038e-06
-0.4,0.0296,2.133669e-06,138.1059,-1.588242e-06,1.42475e-06
-0.4,0.03,2.707611e-06,100.1477,-4.770085e-07,2.665232e-06
-0.4,0.0304,2.576373e-06,92.66784,-1.199226e-07,2.572629e-06
-0.4,0.0308,1.934118e-06,121.9485,-1.02343e-06,1.641137e-06
-0.4,0.0312,2.51713e-06,127.5344,-1.53348e-06,1.99596e-06
-0.4,0.0316,2.523852e-06,110.3177,-8.763335e-07,2.36677e-06
-0.4,0.032,2.029074e-06,93.68197,-1.303106e-07,2.024872e-06
-0.4,0.0324,2.268958e-06,81.89443,3.199093e-07,2.246187e-06
-0.4,0.0328,2.334896e-06,85.40868,1.869332e-07,2.32733e-06
-0.4,0.0332,2.200316e-06,88.99048,3.876909e-08,2.199953e-06
-0.4,0.0336,2.023654e-06,97.99322,-2.814084e-07,2.00395e-06
-0.4,0.034,3.074247e-06,91.0353,-5.556643e-08,3.073615e-06
-0.4,0.0344,2.85012e-06,112.0491,-1.069933e-06,2.641646e-06
-0.4,0.0348,1.961527e-06,96.15404,-2.102572e-07,1.950122e-06
-0.4,0.0352,1.626793e-06,112.3778,-6.193108e-07,1.50416e-06
-0.4,0.0356,3.133825e-06,129.5507,-1.995429e-06,2.416335e-06
-0.4,0.036,3.208944e-06,132.8351,-2.181703e-06,2.35318e-06
-0.4,0.0364,3.140145e-06,84.22626,3.159139e-07,3.124114e-06
-0.4,0.0368,2.487989e-06,91.166,-5.063228e-08,2.487352e-06
-0.4,0.0372,2.396218e-06,84.23369,2.407673e-07,2.384092e-06
-0.4,0.0376,2.213018e-06,84.63148,2.070553e-07,2.203283e-06
-0.4,0.038,2.374833e-06,117.1325,-1.082992e-06,2.113346e-06
-0.4,0.0384,3.516281e-06,93.00618,-1.844074e-07,3.511313e-06
-0.4,0.0388,3.045983e-06,81.03155,4.748683e-07,3.008728e-06
-0.4,0.0392,3.287868e-06,88.00345,1.145862e-07,3.285868e-06
-0.4,0.0396,2.589555e-06,76.16579,6.191711e-07,2.514403e-06
-0.4,0.04,2.949133e-06,73.50863,8.371565e-07,2.827785e-06
-0.4,0.0404,2.210922e-06,87.79363,8.513778e-08,2.209279e-06
-0.4,0.0408,2.409076e-06,96.63738,-2.784803e-07,2.392882e-06
-0.4,0.0412,2.542594e-06,101.8572,-5.22444e-07,2.488285e-06
-0.4,0.0416,3.041546e-06,117.223,-1.391312e-06,2.704538e-06
-0.4,0.042,1.704169e-06,90.99465,-2.958253e-08,1.703627e-06
-0.4,0.0424,2.447828e-06,95.19411,-2.215839e-07,2.437653e-06
-0.4,0.0428,2.516191e-06,123.0231,-1.371195e-06,2.109613e-06
-0.4,0.0432,3.000246e-06,89.18794,4.250183e-08,2.999799e-06
-0.4,0.0436,2.19028e-06,120.7919,-1.12123e-06,1.881502e-06
-0.4,0.044,3.2665e-06,83.18076,3.878641e-07,3.243366e-06
-0.4,0.0444,2.074828e-06,83.54096,2.33436e-07,2.061646e-06
-0.4,0.0448,2.789776e-06,96.11164,-2.969987e-07,2.773823e-06
-0.4,0.0452,1.171108e-06,86.31452,7.528066e-08,1.16866e-06
-0.4,0.0456,2.406623e-06,109.0961,-7.873289e-07,2.274032e-06
-0.4,0.046,2.212246e-06,97.12345,-2.739485e-07,2.194488e-06
-0.4,0.0464,2.248378e-06,90.4995,-1.95913e-08,2.248182e-06
-0.4,0.0468,2.390887e-06,94.78889,-1.99601e-07,2.382494e-06
-0.4,0.0472,1.954386e-06,84.86008,1.750756e-07,1.946389e-06
-0.4,0.0476,2.815028e-06,75.90177,6.856564e-07,2.730119e-06
-0.4,0.048,2.259705e-06,98.98636,-3.529619e-07,2.231927e-06
-0.4,0.0484,2.117268e-06,126.2903,-1.253139e-06,1.706555e-06
-0.4,0.0488,2.085216e-06,110.4554,-7.287003e-07,1.953586e-06
-0.4,0.0492,1.726046e-06,94.5559,-1.371111e-07,1.720547e-06
-0.4,0.0496,2.548104e-06,128.7591,-1.595171e-06,1.986896e-06
-0.4,0.05,2.579653e-06,115.8645,-1.125231e-06,2.320932e-06
-0.4,0.0504,2.470985e-06,146.2224,-2.053789e-06,1.373721e-06
-0.4,0.0508,1.806484e-06,162.2847,-1.720687e-06,5.500204e-07
-0.4,0.0512,1.9904e-06,137.1268,-1.458602e-06,1.354129e-06
-0.4,0.0516,2.629028e-06,142.2635,-2.079108e-06,1.609023e-06
-0.4,0.052,2.155087e-06,147.6165,-1.819817e-06,1.154137e-06
-0.4,0.0524,3.067418e-06,163.8766,-2.946641e-06,8.518137e-07
-0.4,0.0528,2.048855e-06,154.1489,-1.8438e-06,8.933823e-07
-0.4,0.0532,2.797393e-06,154.5703,-2.526266e-06,1.201171e-06
-0.4,0.0536,3.104411e-06,133.6039,-2.140928e-06,2.24792e-06
-0.4,0.054,1.552272e-06,-156.0975,-1.419028e-06,-6.289053e-07
-0.4,0.0544,1.438938e-06,121.1433,-7.440224e-07,1.231949e-06
-0.4,0.0548,2.34263e-06,173.5907,-2.328e-06,2.615489e-07
-0.4,0.0552,4.03564e-06,156.1045,-3.68973e-06,1.634739e-06
-0.4,0.0556,2.975123e-06,175.1035,-2.964232e-06,2.539549e-07
-0.4,0.056,4.43083e-06,177.2818,-4.425756e-06,2.101175e-07
-0.4,0.0564,5.505541e-06,174.2498,-5.477836e-06,5.516186e-07
-0.4,0.0568,4.584018e-06,178.4893,-4.582319e-06,1.208446e-07
-0.4,0.0572,5.472538e-06,-165.5341,-5.299022e-06,-1.36706e-06
-0.4,0.0576,5.681924e-06,-161.181,-5.378169e-06,-1.832876e-06
-0.4,0.058,4.115073e-06,-158.6318,-3.832167e-06,-1.499371e-06
-0.4,0.0584,4.858519e-06,-150.6917,-4.236554e-06,-2.37823e-06
-0.4,0.0588,6.067017e-06,-161.8433,-5.764838e-06,-1.890571e-06
-0.4,0.0592,6.452305e-06,-161.1748,-6.107132e-06,-2.082036e-06
-0.4,0.0596,6.614852e-06,-159.8103,-6.208397e-06,-2.283632e-06
-0.4,0.06,6.934806e-06,-149.84,-5.996011e-06,-3.484139e-06
-0.4,0.0604,6.877284e-06,-153.5138,-6.155367e-06,-3.067094e-06
-0.4,0.0608,8.840074e-06,-148.2418,-7.516432e-06,-4.6528e-06
-0.4,0.0612,8.914461e-06,-146.2406,-7.411306e-06,-4.953794e-06
-0.4,0.0616,8.48657e-06,-145.7135,-7.011847e-06,-4.780713e-06
-0.4,0.062,9.759183e-06,-144.2369,-7.918953e-06,-5.703544e-06
-0.4,0.0624,1.123555e-05,-142.4559,-8.908543e-06,-6.846629e-06
-0.4,0.0628,1.306699e-05,-138.3146,-9.758491e-06,-8.690027e-06
-0.4,0.0632,1.356927e-05,-139.0511,-1.024882e-05,-8.893087e-06
-0.4,0.0636,1.50942e-05,-138.705,-1.13406e-05,-9.961148e-06
-0.4,0.064,1.767241e-05,-136.051,-1.272338e-05,-1.226489e-05
-0.4,0.0644,1.777572e-05,-134.8843,-1.25439e-05,-1.259467e-05
-0.4,0.0648,1.788112e-05,-136.3996,-1.294896e-05,-1.233125e-05
-0.4,0.0652,1.981493e-05,-137.9408,-1.471161e-05,-1.327393e-05
-0.4,0.0656,2.213921e-05,-133.7537,-1.531054e-05,-1.599153e-05
-0.4,0.066,2.185988e-05,-135.5049,-1.559287e-05,-1.532039e-05
-0.4,0.0664,2.234103e-05,-131.6392,-1.484419e-05,-1.669638e-05
-0.4,0.0668,2.371514e-05,-133.4501,-1.630945e-05,-1.721656e-05
-0.4,0.0672,2.683649e-05,-130.1549,-1.73057e-05,-2.051122e-05
-0.4,0.0676,2.883695e-05,-130.6028,-1.876749e-05,-2.189414e-05
-0.4,0.068,3.051646e-05,-131.4977,-2.021996e-05,-2.285628e-05
-0.4,0.0684,3.262303e-05,-129.3999,-2.070682e-05,-2.520893e-05
-0.4,0.0688,3.815939e-05,-125.0866,-2.193451e-05,-3.122519e-05
-0.4,0.0692,4.252252e-05,-124.5117,-2.409223e-05,-3.503897e-05
-0.4,0.0696,4.285121e-05,-126.104,-2.525023e-05,-3.462152e-05
-0.4,0.07,4.449083e-05,-125.5946,-2.589578e-05,-3.617831e-05
-0.4,0.0704,5.009488e-05,-121.6812,-2.63095e-05,-4.262987e-05
-0.4,0.0708,5.544298e-05,-120.7771,-2.837022e-05,-4.76347e-05
-0.4,0.0712,5.763583e-05,-121.4732,-3.00917e-05,-4.915672e-05
-0.4,0.0716,6.016499e-05,-119.7467,-2.985186e-05,-5.223686e-05
-0.4,0.072,7.082904e-05,-117.5838,-3.279717e-05,-6.277828e-05
-0.4,0.0724,7.871519e-05,-116.6067,-3.525375e-05,-7.037946e-05
-0.4,0.0728,8.058733e-05,-116.2125,-3.559565e-05,-7.229987e-05
-0.4,0.0732,8.387264e-05,-116.3214,-3.718975e-05,-7.517682e-05
-0.4,0.0736,8.678358e-05,-115.6899,-3.762079e-05,-7.82054e-05
-0.4,0.074,9.089838e-05,-115.7231,-3.945206e-05,-8.18906e-05
-0.4,0.0744,9.134046e-05,-115.3725,-3.913974e-05,-8.25299e-05
-0.4,0.0748,9.127844e-05,-115.9187,-3.989749e-05,-8.209726e-05
-0.4,0.0752,9.566192e-05,-115.4609,-4.112477e-05,-8.637112e-05
-0.4,0.0756,9.975934e-05,-114.8132,-4.18652e-05,-9.054971e-05
-0.4,0.076,0.0001013338,-114.252,-4.16231e-05,-9.239098e-05
-0.4,0.0764,0.0001032327,-114.6131,-4.299536e-05,-9.385318e-05
-0.4,0.0768,0.0001039509,-114.3582,-4.287358e-05,-9.469779e-05
-0.4,0.0772,0.0001094818,-113.4782,-4.361773e-05,-0.0001004179
-0.4,0.0776,0.0001116486,-113.5407,-4.459252e-05,-0.0001023569
-0.4,0.078,0.0001137072,-113.5593,-4.54486e-05,-0.0001042295
-0.4,0.0784,0.0001085454,-112.9858,-4.238751e-05,-9.992713e-05
-0.4,0.0788,0.0001044658,-114.5185,-4.335205e-05,-9.504595e-05
-0.4,0.0792,0.0001034488,-113.9685,-4.202456e-05,-9.452844e-05
-0.4,0.0796,0.0001023718,-114.2122,-4.198458e-05,-9.336658e-05
-0.4,0.08,9.950822e-05,-114.9205,-4.192889e-05,-9.024339e-05
-0.4,0.0804,9.497391e-05,-114.6905,-3.967231e-05,-8.629117e-05
-0.4,0.0808,9.4897e-05,-114.8259,-3.984379e-05,-8.612743e-05
-0.4,0.0812,9.455238e-05,-115.3067,-4.041779e-05,-8.54784e-05
-0.4,0.0816,9.139563e-05,-116.1602,-4.029482e-05,-8.203357e-05
-0.4,0.082,8.432234e-05,-116.9898,-3.826821e-05,-7.513858e-05
-0.4,0.0824,8.001092e-05,-117.0143,-3.634207e-05,-7.128124e-05
-0.4,0.0828,7.681535e-05,-118.7059,-3.689555e-05,-6.737445e-05
-0.4,0.0832,6.90098e-05,-118.8753,-3.332521e-05,-6.043003e-05
-0.4,0.0836,6.059791e-05,-122.1929,-3.228486e-05,-5.128152e-05
-0.4,0.084,5.318128e-05,-123.2392,-2.915061e-05,-4.44802e-05
-0.4,0.0844,5.041768e-05,-122.8984,-2.738449e-05,-4.233248e-05
-0.4,0.0848,4.731049e-05,-124.6119,-2.687311e-05,-3.893735e-05
-0.4,0.0852,4.201046e-05,-126.5995,-2.504744e-05,-3.372693e-05
-0.4,0.0856,3.82249e-05,-130.1379,-2.464091e-05,-2.92227e-05
-0.4,0.086,3.905405e-05,-127.9011,-2.399096e-05,-3.08164e-05
-0.4,0.0864,3.818626e-05,-127.7578,-2.338245e-05,-3.01903e-05
-0.4,0.0868,3.91196e-05,-127.4757,-2.380136e-05,-3.104571e-05
-0.4,0.0872,3.933792e-05,-128.558,-2.451967e-05,-3.076137e-05
-0.4,0.0876,3.950802e-05,-128.5668,-2.463039e-05,-3.089062e-05
-0.4,0.088,3.900505e-05,-129.1312,-2.4616e-05,-3.025625e-05
-0.4,0.0884,4.064618e-05,-127.887,-2.49611e-05,-3.207887e-05
-0.4,0.0888,4.366412e-05,-127.5657,-2.662075e-05,-3.461059e-05
-0.4,0.0892,4.390408e-05,-126.5271,-2.613162e-05,-3.52804e-05
-0.4,0.0896,4.495865e-05,-124.5267,-2.54822e-05,-3.703972e-05
-0.4,0.09,4.66677e-05,-125.5809,-2.715372e-05,-3.795456e-05
-0.4,0.0904,4.957439e-05,-124.4705,-2.80583e-05,-4.087002e-05
-0.4,0.0908,4.719054e-05,-125.328,-2.728829e-05,-3.850058e-05
-0.4,0.0912,4.732075e-05,-125.9335,-2.776996e-05,-3.831551e-05
-0.4,0.0916,4.630357e-05,-125.4699,-2.686885e-05,-3.771059e-05
-0.4,0.092,4.616299e-05,-125.4336,-2.676346e-05,-3.761306e-05
-0.4,0.0924,4.610974e-05,-124.7755,-2.629937e-05,-3.787421e-05
-0.4,0.0928,4.672602e-05,-124.1365,-2.622116e-05,-3.867526e-05
-0.4,0.0932,4.631018e-05,-125.7974,-2.70879e-05,-3.756176e-05
-0.4,0.0936,4.540777e-05,-125.9224,-2.664021e-05,-3.677177e-05
-0.4,0.094,4.694245e-05,-125.271,-2.710589e-05,-3.832524e-05
-0.4,0.0944,4.598631e-05,-124.5003,-2.604715e-05,-3.789833e-05
-0.4,0.0948,4.2912e-05,-126.3917,-2.545982e-05,-3.45433e-05
-0.4,0.0952,3.950938e-05,-127.5857,-2.409862e-05,-3.130886e-05
-0.4,0.0956,3.619223e-05,-129.54,-2.304055e-05,-2.791067e-05
-0.4,0.096,3.476962e-05,-131.2072,-2.290571e-05,-2.615827e-05
-0.4,0.0964,3.05508e-05,-132.8494,-2.077677e-05,-2.239806e-05
-0.4,0.0968,2.465989e-05,-138.9375,-1.859334e-05,-1.619859e-05
-0.4,0.0972,2.284266e-05,-139.5271,-1.737671e-05,-1.482687e-05
-0.4,0.0976,2.142081e-05,-141.8464,-1.684441e-05,-1.323316e-05
-0.4,0.098,1.683111e-05,-143.7235,-1.356866e-05,-9.958617e-06
-0.4,0.0984,1.334124e-05,-149.5615,-1.150249e-05,-6.75882e-06
-0.4,0.0988,1.14681e-05,-149.5136,-9.882671e-06,-5.818136e-06
-0.4,0.0992,1.065068e-05,-150.2588,-9.247642e-06,-5.283566e-06
-0.4,0.0996,8.523613e-06,-154.1115,-7.668195e-06,-3.721576e-06
-0.4,0.1,6.179496e-06,-161.2887,-5.852775e-06,-1.98237e-06
-0.4,0.1004,4.790229e-06,-172.2096,-4.745939e-06,-6.492901e-07
-0.4,0.1008,3.904452e-06,-178.3946,-3.902787e-06,-1.09395e-07
-0.4,0.1012,2.613376e-06,149.8758,-2.260314e-06,1.311494e-06
-0.4,0.1016,1.810194e-06,142.6447,-1.438882e-06,1.098308e-06
-0.4,0.102,3.277597e-06,129.6464,-2.091228e-06,2.523729e-06
-0.4,0.1024,2.748057e-06,149.5493,-2.368904e-06,1.392642e-06
-0.4,0.1028,1.425029e-06,173.0225,-1.414362e-06,1.730807e-07
-0.4,0.1032,1.249898e-06,119.4098,-6.137117e-07,1.088714e-06
-0.4,0.1036,3.592036e-06,124.9546,-2.057919e-06,2.94397e-06
-0.4,0.104,3.300564e-06,131.5473,-2.189029e-06,2.470163e-06
-0.4,0.1044,2.701213e-06,136.9003,-1.972245e-06,1.845527e-06
-0.4,0.1048,2.734757e-06,107.1875,-8.08116e-07,2.6126e-06
-0.4,0.1052,3.952665e-06,104.8728,-1.014506e-06,3.820169e-06
-0.4,0.1056,2.413708e-06,107.9009,-7.418934e-07,2.296814e-06
-0.4,0.106,3.36368e-06,108.8998,-1.089518e-06,3.182206e-06
-0.4,0.1064,3.417665e-06,85.89269,2.447627e-07,3.408584e-06
-0.4,0.1068,2.248546e-06,114.3613,-9.274967e-07,2.048319e-06
-0.4,0.1072,2.988584e-06,94.98735,-2.598222e-07,2.977151e-06
-0.4,0.1076,2.907067e-06,102.4621,-6.273072e-07,2.838442e-06
-0.4,0.108,2.999732e-06,119.9396,-1.497108e-06,2.599406e-06
-0.4,0.1084,2.567538e-06,119.1169,-1.249277e-06,2.242986e-06
-0.4,0.1088,2.753483e-06,113.1432,-1.082193e-06,2.531854e-06
-0.4,0.1092,3.393894e-06,90.65031,-3.851205e-08,3.393664e-06
-0.4,0.1096,2.095218e-06,96.80786,-2.483669e-07,2.080433e-06
-0.4,0.11,3.443744e-06,99.16384,-5.484279e-07,3.399789e-06
-0.4,0.1104,2.589052e-06,107.911,-7.962528e-07,2.463771e-06
-0.4,0.1108,3.370212e-06,95.06909,-2.977978e-07,3.35689e-06
-0.4,0.1112,3.839749e-06,101.4044,-7.59216e-07,3.763943e-06
-0.4,0.1116,3.134882e-06,90.49426,-2.705119e-08,3.134641e-06
-0.4,0.112,3.40313e-06,98.30446,-4.915315e-07,3.367412e-06
-0.4,0.1124,2.199148e-06,106.9585,-6.414279e-07,2.103483e-06
-0.4,0.1128,4.672609e-06,85.99061,3.267042e-07,4.661059e-06
-0.4,0.1132,3.14988e-06,97.52299,-4.12384e-07,3.12265e-06
-0.4,0.1136,2.719447e-06,95.43714,-2.576932e-07,2.707069e-06
-0.4,0.114,3.060456e-06,105.1218,-7.983874e-07,2.954363e-06
-0.4,0.1144,3.460032e-06,101.8266,-7.091145e-07,3.386199e-06
-0.4,0.1148,2.92273e-06,106.0485,-8.079819e-07,2.808731e-06
-0.4,0.1152,3.392653e-06,101.545,-6.790012e-07,3.323977e-06
-0.4,0.1156,2.771375e-06,64.63551,1.187179e-06,2.504143e-06
-0.4,0.116,3.627e-06,82.08708,4.99254e-07,3.592327e-06
-0.4,0.1164,3.451606e-06,100.0939,-6.049219e-07,3.398062e-06
-0.4,0.1168,3.796912e-06,103.3669,-8.777976e-07,3.693988e-06
-0.4,0.1172,2.558939e-06,106.3558,-7.205754e-07,2.455372e-06
-0.4,0.1176,2.569796e-06,102.0005,-5.343016e-07,2.513604e-06
-0.4,0.118,2.750543e-06,98.53045,-4.079863e-07,2.719994e-06
-0.4,0.1184,3.439921e-06,102.0303,-7.17245e-07,3.364216e-06
-0.4,0.1188,3.284705e-06,96.99495,-3.999955e-07,3.260152e-06
-0.4,0.1192,2.869572e-06,95.95995,-2.979319e-07,2.854032e-06
-0.4,0.1196,3.383008e-06,106.2719,-9.478814e-07,3.247495e-06
-0.4,0.12,3.126578e-06,81.40091,4.674084e-07,3.090938e-06
-0.4,0.1204,2.235939e-06,116.7965,-1.007974e-06,1.995826e-06
-0.4,0.1208,3.193605e-06,88.5634,8.007511e-08,3.192465e-06
-0.4,0.1212,3.558084e-06,98.88801,-5.497578e-07,3.515314e-06
-0.4,0.1216,2.449505e-06,99.90159,-4.211794e-07,2.413004e-06
-0.4,0.122,3.286639e-06,84.24156,3.29772e-07,3.270015e-06
-0.4,0.1224,1.906905e-06,101.1814,-3.697481e-07,1.870712e-06
-0.4,0.1228,3.886895e-06,78.64976,7.64938e-07,3.810843e-06
-0.4,0.1232,3.490962e-06,86.02776,2.41829e-07,3.482535e-06
-0.4,0.1236,3.386512e-06,93.18497,-1.881401e-07,3.38127e-06
-0.4,0.124,2.752091e-06,102.6807,-6.041228e-07,2.684818e-06
-0.4,0.1244,3.741793e-06,108.8797,-1.210771e-06,3.540359e-06
-0.4,0.1248,2.174925e-06,102.1089,-4.562214e-07,2.126399e-06
-0.4,0.1252,3.594288e-06,87.97111,1.272428e-07,3.591924e-06
-0.4,0.1256,3.202904e-06,82.55874,4.147812e-07,3.175813e-06
-0.4,0.126,3.092452e-06,85.66538,2.337042e-07,3.083478e-06
-0.4,0.1264,2.148287e-06,112.9119,-8.36363e-07,1.978771e-06
-0.4,0.1268,3.520164e-06,86.79754,1.966618e-07,3.514643e-06
-0.4,0.1272,3.004912e-06,103.1038,-6.812699e-07,2.926653e-06
-0.4,0.1276,4.43653e-06,96.53072,-5.045905e-07,4.407629e-06
-0.4,0.128,2.667188e-06,100.879,-5.033891e-07,2.619126e-06
-0.4,0.1284,2.671217e-06,86.56498,1.600217e-07,2.666294e-06
-0.4,0.1288,2.997474e-06,89.1875,4.250183e-08,2.997133e-06
-0.4,0.1292,2.332068e-06,119.3289,-1.142285e-06,2.033131e-06
-0.4,0.1296,2.963528e-06,107.7326,-9.0258e-07,2.822723e-06
-0.4,0.13,2.891499e-06,96.48788,-3.267098e-07,2.872953e-06
-0.4,0.1304,3.536419e-06,112.286,-1.341082e-06,3.272144e-06
-0.4,0.1308,2.385757e-06,95.75319,-2.391692e-07,2.373699e-06
-0.4,0.1312,1.354644e-06,118.6738,-6.499551e-07,1.188514e-06
-0.4,0.1316,2.244338e-06,76.17148,5.364306e-07,2.179166e-06
-0.4,0.132,3.404919e-06,112.8573,-1.322558e-06,3.137441e-06
-0.4,0.1324,2.045564e-06,90.42912,-1.53277e-08,2.045391e-06
-0.4,0.1328,3.36606e-06,106.167,-9.372252e-07,3.232838e-06
-0.4,0.1332,3.37414e-06,82.60377,4.343669e-07,3.34596e-06
-0.4,0.1336,2.914443e-06,96.42319,-3.260448e-07,2.896003e-06
-0.4,0.134,3.201691e-06,104.7731,-8.16375e-07,3.095733e-06
-0.4,0.1344,3.208184e-06,94.41864,-2.471655e-07,3.198595e-06
-0.4,0.1348,3.644904e-06,97.13132,-4.524942e-07,3.616578e-06
-0.4,0.1352,2.71012e-06,114.7394,-1.134155e-06,2.461368e-06
-0.4,0.1356,2.020781e-06,133.749,-1.397307e-06,1.459792e-06
-0.4,0.136,2.032343e-06,100.5975,-3.737434e-07,1.997558e-06
-0.4,0.1364,2.839358e-06,80.61977,4.627481e-07,2.801271e-06
-0.4,0.1368,3.102611e-06,91.465,-7.928162e-08,3.101594e-06
-0.4,0.1372,2.428337e-06,93.10803,-1.316461e-07,2.424728e-06
-0.4,0.1376,3.358192e-06,80.33826,5.636103e-07,3.310522e-06
-0.4,0.138,2.865672e-06,84.16113,2.915281e-07,2.850702e-06
-0.4,0.1384,2.776594e-06,91.75699,-8.514337e-08,2.775153e-06
-0.4,0.1388,2.938572e-06,91.01038,-5.183368e-08,2.937974e-06
-0.4,0.1392,3.618026e-06,83.95567,3.809351e-07,3.597786e-06
-0.4,0.1396,3.67324e-06,92.02451,-1.297798e-07,3.670804e-06
-0.4,0.14,4.046492e-06,83.2188,4.77802e-07,4.018167e-06
-0.4,0.1404,3.595612e-06,96.75715,-4.230458e-07,3.570606e-06
-0.4,0.1408,3.905072e-06,102.922,-8.732713e-07,3.806043e-06
-0.4,0.1412,2.950256e-06,81.04641,4.591494e-07,2.914259e-06
-0.4,0.1416,3.820683e-06,99.92257,-6.583482e-07,3.763407e-06
-0.4,0.142,4.648089e-06,90.69665,-5.649961e-08,4.647731e-06
-0.4,0.1424,3.670809e-06,90.12313,-7.862225e-09,3.671072e-06
-0.4,0.1428,3.920942e-06,75.45154,9.849183e-07,3.795119e-06
-0.4,0.1432,4.648083e-06,79.63876,8.359551e-07,4.572182e-06
-0.4,0.1436,3.586705e-06,77.50547,7.759965e-07,3.501724e-06
-0.4,0.144,3.280984e-06,72.08066,1.009438e-06,3.121716e-06
-0.4,0.1444,3.91085e-06,91.01301,-6.915628e-08,3.910107e-06
-0.4,0.1448,2.882575e-06,91.65865,-8.341111e-08,2.881346e-06
-0.4,0.1452,4.125824e-06,91.71416,-1.233872e-07,4.123957e-06
-0.4,0.1456,3.584744e-06,76.04558,8.644703e-07,3.478936e-06
-0.4,0.146,3.954246e-06,86.80715,2.202484e-07,3.948083e-06
-0.4,0.1464,3.473041e-06,80.87724,5.506854e-07,3.429103e-06
-0.4,0.1468,3.137167e-06,98.18687,-4.46761e-07,3.105059e-06
-0.4,0.1472,3.787519e-06,89.56475,2.877786e-08,3.78739e-06
-0.4,0.1476,4.296563e-06,64.57453,1.844862e-06,3.880793e-06
-0.4,0.148,3.601189e-06,93.46211,-2.174545e-07,3.59459e-06
-0.4,0.1484,3.480479e-06,92.55213,-1.549646e-07,3.476936e-06
-0.4,0.1488,3.734674e-06,89.0661,6.088614e-08,3.734093e-06
-0.4,0.1492,2.725867e-06,97.19165,-3.412328e-07,2.704404e-06
-0.4,0.1496,3.540353e-06,85.8822,2.542231e-07,3.531167e-06
-0.4,0.15,2.991858e-06,99.38415,-4.877988e-07,2.951698e-06
-0.4,0.1504,4.213096e-06,105.6503,-1.136552e-06,4.056941e-06
-0.4,0.1508,2.656353e-06,90.98284,-4.556961e-08,2.655901e-06
-0.4,0.1512,3.371207e-06,80.77495,5.40426e-07,3.327576e-06
-0.4,0.1516,2.899194e-06,105.8759,-7.930565e-07,2.788614e-06
-0.4,0.152,3.829484e-06,90.81992,-5.476735e-08,3.829099e-06
-0.4,0.1524,2.421939e-06,104.3893,-6.018541e-07,2.345848e-06
-0.4,0.1528,2.451488e-06,100.7793,-4.584901e-07,2.40821e-06
-0.4,0.1532,3.429003e-06,109.3238,-1.134691e-06,3.235772e-06
-0.4,0.1536,3.599569e-06,93.31873,-2.083908e-07,3.593394e-06
-0.4,0.154,2.790899e-06,87.42207,1.255106e-07,2.787943e-06
-0.4,0.1544,2.616684e-06,104.464,-6.535537e-07,2.53372e-06
-0.4,0.1548,3.571378e-06,71.84811,1.112563e-06,3.39353e-06
-0.4,0.1552,3.297513e-06,88.79377,6.941333e-08,3.296798e-06
-0.4,0.1556,3.585426e-06,89.69326,1.918338e-08,3.585264e-06
-0.4,0.156,2.983957e-06,92.86368,-1.491028e-07,2.980079e-06
-0.4,0.1564,2.255938e-06,68.52516,8.258298e-07,2.099219e-06
-0.4,0.1568,2.529842e-06,92.58142,-1.139268e-07,2.527328e-06
-0.4,0.1572,1.909878e-06,102.4621,-4.121214e-07,1.86485e-06
-0.4,0.1576,3.212856e-06,92.62251,-1.469682e-07,3.209391e-06
-0.4,0.158,2.230228e-06,78.48103,4.452913e-07,2.185162e-06
-0.4,0.1584,2.004414e-06,109.924,-6.830021e-07,1.884302e-06
-0.4,0.1588,2.594634e-06,102.7213,-5.71344e-07,2.530921e-06
-0.4,0.1592,3.344804e-06,74.32124,9.0391e-07,3.220316e-06
-0.4,0.1596,2.5474e-06,82.5889,3.285706e-07,2.525992e-06
-0.4,0.16,3.063054e-06,82.17145,4.171784e-07,3.034444e-06
-0.4,0.1604,2.793621e-06,96.65574,-3.237817e-07,2.774756e-06
-0.4,0.1608,2.2253e-06,110.2041,-7.685422e-07,2.088295e-06
-0.4,0.1612,3.089508e-06,100.6621,-5.718749e-07,3.035774e-06
-0.4,0.1616,3.177456e-06,78.662,6.246361e-07,3.115318e-06
-0.4,0.162,3.066267e-06,82.09757,4.215762e-07,3.037109e-06
-0.4,0.1624,2.965411e-06,108.8644,-9.588114e-07,2.806065e-06
-0.4,0.1628,2.3759e-06,98.95577,-3.698822e-07,2.346782e-06
-0.4,0.1632,3.159301e-06,104.4855,-7.90257e-07,3.058824e-06
-0.4,0.1636,3.477914e-06,85.52627,2.712775e-07,3.467213e-06
-0.4,0.164,2.805233e-06,91.90561,-9.327381e-08,2.803668e-06
-0.4,0.1644,3.039903e-06,90.61053,-3.238208e-08,3.039641e-06
-0.4,0.1648,3.485782e-06,92.37946,-1.447051e-07,3.482669e-06
-0.4,0.1652,2.191649e-06,80.5153,3.610812e-07,2.161312e-06
-0.4,0.1656,2.865253e-06,101.3314,-5.629509e-07,2.809396e-06
-0.4,0.166,1.831261e-06,91.14327,-3.651157e-08,1.83087e-06
-0.4,0.1664,3.461848e-06,90.49863,-3.011338e-08,3.461882e-06
-0.4,0.1668,3.507507e-06,101.5481,-7.021855e-07,3.436435e-06
-0.4,0.1672,2.56584e-06,106.5525,-7.30969e-07,2.459507e-06
-0.4,0.1676,2.976899e-06,86.65722,1.736115e-07,2.97182e-06
-0.4,0.168,2.210363e-06,69.35831,7.791928e-07,2.068441e-06
-0.4,0.1684,3.181815e-06,73.56983,8.99909e-07,3.051767e-06
-0.4,0.1688,2.617523e-06,100.9402,-4.967283e-07,2.569964e-06
-0.4,0.1692,2.553323e-06,69.89292,8.77792e-07,2.397682e-06
-0.4,0.1696,2.884928e-06,61.95562,1.35613e-06,2.545712e-06
-0.4,0.17,2.610594e-06,92.45115,-1.116581e-07,2.608068e-06
-0.4,0.1704,3.218851e-06,77.17063,7.147081e-07,3.138374e-06
-0.4,0.1708,3.409791e-06,68.67334,1.24008e-06,3.17621e-06
-0.4,0.1712,3.874747e-06,95.81657,-3.926642e-07,3.85468e-06
-0.4,0.1716,4.015702e-06,84.83385,3.616176e-07,3.99938e-06
-0.4,0.172,2.698386e-06,97.05351,-3.313757e-07,2.677889e-06
-0.4,0.1724,3.83828e-06,87.10309,1.939963e-07,3.833362e-06
-0.4,0.1728,3.280688e-06,107.1272,-9.661372e-07,3.135172e-06
-0.4,0.1732,1.948071e-06,86.83207,1.076571e-07,1.945456e-06
-0.4,0.1736,3.014283e-06,96.22473,-3.268439e-07,2.996468e-06
-0.4,0.174,3.63304e-06,96.5941,-4.17184e-07,3.608979e-06
-0.4,0.1744,2.83106e-06,83.47102,3.219097e-07,2.812463e-06
-0.4,0.1748,2.651944e-06,113.9391,-1.076063e-06,2.423794e-06
-0.4,0.1752,2.89498e-06,112.5504,-1.110171e-06,2.673625e-06
-0.4,0.1756,3.569221e-06,89.1426,5.342625e-08,3.56874e-06
-0.4,0.176,3.106523e-06,59.62847,1.570651e-06,2.680152e-06
-0.4,0.1764,2.795604e-06,99.57562,-4.650168e-07,2.756634e-06
-0.4,0.1768,2.967864e-06,81.33097,4.472918e-07,2.933844e-06
-0.4,0.1772,2.212839e-06,80.47552,3.661438e-07,2.182228e-06
-0.4,0.1776,3.807445e-06,133.3084,-2.611538e-06,2.770492e-06
-0.4,0.178,1.448834e-06,104.1283,-3.532245e-07,1.404231e-06
-0.4,0.1784,2.82075e-06,86.34425,1.798756e-07,2.814861e-06
-0.4,0.1788,9.655673e-07,66.28643,3.882609e-07,8.839219e-07
-0.4,0.1792,1.967053e-06,111.8104,-7.308349e-07,1.826209e-06
-0.4,0.1796,2.740714e-06,93.94469,-1.892074e-07,2.734115e-06
-0.4,0.18,2.44143e-06,70.87241,7.9998e-07,2.306543e-06
-0.4,0.1804,3.395117e-06,70.22196,1.148806e-06,3.194734e-06
-0.4,0.1808,2.827221e-06,99.32733,-4.582218e-07,2.78981e-06
-0.4,0.1812,2.516442e-06,119.1624,-1.226227e-06,2.197416e-06
-0.4,0.1816,2.225719e-06,126.3734,-1.319892e-06,1.791967e-06
-0.4,0.182,2.566762e-06,97.05439,-3.152545e-07,2.547176e-06
-0.4,0.1824,2.007052e-06,132.9772,-1.368127e-06,1.468319e-06
-0.4,0.1828,1.891907e-06,105.5279,-5.064569e-07,1.822745e-06
-0.4,0.1832,1.480998e-06,100.2985,-2.647563e-07,1.456992e-06
-0.4,0.1836,2.783127e-06,107.834,-8.523501e-07,2.649374e-06
-0.4,0.184,1.28067e-06,94.27297,-9.540282e-08,1.276982e-06
-0.4,0.1844,2.185815e-06,132.9522,-1.48938e-06,1.599831e-06
-0.4,0.1848,2.501199e-06,125.7226,-1.460334e-06,2.030599e-06
-0.4,0.1852,2.522455e-06,100.8357,-4.742089e-07,2.47736e-06
-0.4,0.1856,1.566907e-06,106.8734,-4.547573e-07,1.499366e-06
-0.4,0.186,1.291779e-06,99.24252,-2.074576e-07,1.274988e-06
-0.4,0.1864,1.718385e-06,105.8855,-4.703477e-07,1.652726e-06
-0.4,0.1868,3.382187e-06,102.5924,-7.373616e-07,3.300793e-06
-0.4,0.1872,2.17222e-06,108.9313,-7.047168e-07,2.054583e-06
-0.4,0.1876,3.013271e-06,128.8116,-1.888571e-06,2.347983e-06
-0.4,0.188,2.916064e-06,119.2332,-1.42409e-06,2.544645e-06
-0.4,0.1884,2.349531e-06,121.7326,-1.235688e-06,1.998223e-06
-0.4,0.1888,3.734668e-06,99.95011,-6.452947e-07,3.678398e-06
-0.4,0.1892,1.996016e-06,122.728,-1.079125e-06,1.679107e-06
-0.4,0.1896,3.439664e-06,95.05117,-3.028605e-07,3.426175e-06
-0.4,0.19,2.719765e-06,95.90793,-2.799443e-07,2.705203e-06
-0.4,0.1904,3.297625e-06,111.5386,-1.210637e-06,3.067351e-06
-0.4,0.1908,2.212889e-06,128.5559,-1.379186e-06,1.730404e-06
-0.4,0.1912,2.55463e-06,109.2408,-8.418224e-07,2.411803e-06
-0.4,0.1916,2.077644e-06,84.01031,2.167839e-07,2.066178e-06
-0.4,0.192,2.356812e-06,84.12309,2.412982e-07,2.344384e-06
-0.4,0.1924,3.048392e-06,95.82969,-3.096554e-07,3.032578e-06
-0.4,0.1928,2.723e-06,103.4027,-6.311684e-07,2.648709e-06
-0.4,0.1932,1.943176e-06,80.62283,3.165788e-07,1.91708e-06
-0.4,0.1936,2.933822e-06,95.85722,-2.993959e-07,2.918388e-06
-0.4,0.194,2.80426e-06,100.9122,-5.308371e-07,2.753572e-06
-0.4,0.1944,2.894628e-06,100.3339,-5.192477e-07,2.847639e-06
-0.4,0.1948,3.648491e-06,101.4682,-7.253699e-07,3.575669e-06
-0.4,0.1952,2.174293e-06,110.3112,-7.546842e-07,2.038992e-06
-0.4,0.1956,3.131015e-06,112.7519,-1.210905e-06,2.887342e-06
-0.4,0.196,2.289405e-06,100.8768,-4.319697e-07,2.248182e-06
-0.4,0.1964,2.798656e-06,99.92738,-4.824735e-07,2.756634e-06
-0.4,0.1968,2.703784e-06,101.9131,-5.581509e-07,2.645513e-06
-0.4,0.1972,4.053069e-06,99.40514,-6.623491e-07,3.998447e-06
-0.4,0.1976,1.827036e-06,83.00329,2.225115e-07,1.813285e-06
-0.4,0.198,2.566203e-06,108.7162,-8.234381e-07,2.430461e-06
-0.4,0.1984,3.392379e-06,97.58157,-4.475601e-07,3.362618e-06
-0.4,0.1988,2.967501e-06,93.54471,-1.834742e-07,2.961695e-06
-0.4,0.1992,2.167705e-06,109.5507,-7.253699e-07,2.042591e-06
-0.4,0.1996,1.578664e-06,86.92649,8.460693e-08,1.576244e-06
-0.4,0.2,3.400951e-06,93.64613,-2.162531e-07,3.394061e-06
-0.39,0.0,1.662617e-06,137.41,-1.223959e-06,1.125091e-06
-0.39,0.0004,3.16918e-06,107.0227,-9.277649e-07,3.030315e-06
-0.39,0.0008,2.57359e-06,126.0254,-1.513626e-06,2.081366e-06
-0.39,0.0012,2.274937e-06,115.3436,-9.737312e-07,2.055918e-06
-0.39,0.0016,3.608431e-06,113.3967,-1.432886e-06,3.311717e-06
-0.39,0.002,3.272948e-06,121.0157,-1.686444e-06,2.805003e-06
-0.39,0.0024,3.892337e-06,137.1307,-2.852708e-06,2.648044e-06
-0.39,0.0028,2.091173e-06,129.4131,-1.32762e-06,1.61555e-06
-0.39,0.0032,3.420313e-06,132.0959,-2.292824e-06,2.53785e-06
-0.39,0.0036,2.471543e-06,125.5286,-1.436216e-06,2.01141e-06
-0.39,0.004,2.803975e-06,125.0023,-1.60823e-06,2.296814e-06
-0.39,0.0044,2.988277e-06,120.5166,-1.517627e-06,2.573691e-06
-0.39,0.0048,3.652308e-06,116.4961,-1.629414e-06,3.268679e-06
-0.39,0.0052,2.98237e-06,115.9629,-1.305637e-06,2.681354e-06
-0.39,0.0056,3.388708e-06,109.1455,-1.111373e-06,3.201127e-06
-0.39,0.006,2.809099e-06,112.4565,-1.072995e-06,2.595942e-06
-0.39,0.0064,2.961963e-06,86.19824,1.963935e-07,2.955431e-06
-0.39,0.0068,2.219885e-06,86.31102,1.428332e-07,2.215275e-06
-0.39,0.0072,3.365484e-06,102.9701,-7.553491e-07,3.279609e-06
-0.39,0.0076,2.435104e-06,104.5558,-6.119795e-07,2.356907e-06
-0.39,0.008,2.817442e-06,146.0217,-2.336259e-06,1.574512e-06
-0.39,0.0084,3.300117e-06,121.9249,-1.745067e-06,2.800868e-06
-0.39,0.0088,3.424163e-06,89.4782,3.117509e-08,3.423906e-06
-0.39,0.0092,3.982532e-06,94.36389,-3.029946e-07,3.970999e-06
-0.39,0.0096,3.133781e-06,101.5992,-6.301011e-07,3.069754e-06
-0.39,0.01,3.529921e-06,103.1524,-8.031819e-07,3.437234e-06
-0.39,0.0104,2.147432e-06,109.0895,-7.023196e-07,2.029269e-06
-0.39,0.0108,3.346715e-06,105.388,-8.88057e-07,3.226708e-06
-0.39,0.0112,3.299742e-06,109.4764,-1.10018e-06,3.110926e-06
-0.39,0.0116,2.765927e-06,99.27618,-4.452969e-07,2.729455e-06
-0.39,0.012,1.93642e-06,105.6118,-5.211085e-07,1.86485e-06
-0.39,0.0124,2.721771e-06,95.21029,-2.471655e-07,2.7104e-06
-0.39,0.0128,3.203703e-06,118.4815,-1.527752e-06,2.815928e-06
-0.39,0.0132,3.237331e-06,110.2814,-1.122163e-06,3.036573e-06
-0.39,0.0136,3.729052e-06,99.11401,-5.906615e-07,3.681862e-06
-0.39,0.014,3.679225e-06,100.941,-6.983242e-07,3.612315e-06
-0.39,0.0144,4.193589e-06,96.64525,-4.852674e-07,4.165397e-06
-0.39,0.0148,3.23647e-06,105.0157,-8.38492e-07,3.12598e-06
-0.39,0.0152,3.551563e-06,104.2118,-8.719358e-07,3.442827e-06
-0.39,0.0156,4.40156e-06,110.1785,-1.518292e-06,4.131289e-06
-0.39,0.016,3.961678e-06,95.49834,-3.796108e-07,3.943417e-06
-0.39,0.0164,2.705728e-06,93.20988,-1.515001e-07,2.70147e-06
-0.39,0.0168,2.689048e-06,91.7548,-8.234381e-08,2.687746e-06
-0.39,0.0172,3.945367e-06,109.6993,-1.329889e-06,3.714373e-06
-0.39,0.0176,3.920506e-06,108.9273,-1.271663e-06,3.708377e-06
-0.39,0.018,3.326112e-06,99.96804,-5.757417e-07,3.275876e-06
-0.39,0.0184,3.314735e-06,88.71028,7.461011e-08,3.313852e-06
-0.39,0.0188,2.408076e-06,107.4319,-7.213745e-07,2.297485e-06
-0.39,0.0192,2.233e-06,105.5585,-5.98926e-07,2.151053e-06
-0.39,0.0196,3.26246e-06,105.0629,-8.478183e-07,3.150366e-06
-0.39,0.02,3.890253e-06,110.882,-1.386651e-06,3.634694e-06
-0.39,0.0204,3.372615e-06,116.0385,-1.48045e-06,3.03018e-06
-0.39,0.0208,2.819811e-06,97.3901,-3.626849e-07,2.796342e-06
-0.39,0.0212,3.504781e-06,113.8481,-1.417027e-06,3.205524e-06
-0.39,0.0216,2.867896e-06,117.3664,-1.318294e-06,2.546913e-06
-0.39,0.022,3.470929e-06,88.28845,1.036617e-07,3.469342e-06
-0.39,0.0224,4.463514e-06,110.9579,-1.596506e-06,4.168197e-06
-0.39,0.0228,4.144666e-06,101.0591,-7.95057e-07,4.067597e-06
-0.39,0.0232,2.236051e-06,90.97585,-3.810971e-08,2.235392e-06
-0.39,0.0236,3.720419e-06,102.5496,-8.083786e-07,3.631498e-06
-0.39,0.024,4.158262e-06,100.569,-7.626805e-07,4.088116e-06
-0.39,0.0244,2.275675e-06,90.86832,-3.451108e-08,2.275368e-06
-0.39,0.0248,4.578206e-06,102.1673,-9.649414e-07,4.475321e-06
-0.39,0.0252,2.573389e-06,96.97397,-3.124549e-07,2.554239e-06
-0.39,0.0256,2.078348e-06,98.64629,-3.124549e-07,2.054583e-06
-0.39,0.026,3.743743e-06,118.519,-1.78744e-06,3.289466e-06
-0.39,0.0264,4.563951e-06,114.277,-1.876445e-06,4.160335e-06
-0.39,0.0268,2.827646e-06,125.5758,-1.645004e-06,2.299748e-06
-0.39,0.0272,3.165934e-06,110.8375,-1.126158e-06,2.958761e-06
-0.39,0.0276,3.03441e-06,94.76223,-2.519655e-07,3.023782e-06
-0.39,0.028,2.303995e-06,118.7647,-1.108707e-06,2.019675e-06
-0.39,0.0284,2.960348e-06,120.2906,-1.493107e-06,2.556106e-06
-0.39,0.0288,2.6894e-06,120.0699,-1.347474e-06,2.32733e-06
-0.39,0.0292,2.669155e-06,131.6006,-1.772118e-06,1.99596e-06
-0.39,0.0296,3.812212e-06,122.6248,-2.055253e-06,3.210587e-06
-0.39,0.03,2.653157e-06,120.7586,-1.356538e-06,2.279363e-06
-0.39,0.0304,3.321686e-06,135.3557,-2.363311e-06,2.334125e-06
-0.39,0.0308,3.041015e-06,110.1363,-1.046882e-06,2.855099e-06
-0.39,0.0312,2.35119e-06,103.432,-5.461592e-07,2.286823e-06
-0.39,0.0316,3.052806e-06,126.3537,-1.809557e-06,2.458574e-06
-0.39,0.032,3.291724e-06,129.3956,-2.089099e-06,2.543712e-06
-0.39,0.0324,3.082383e-06,109.5319,-1.030493e-06,2.904932e-06
-0.39,0.0328,1.968003e-06,111.2291,-7.125791e-07,1.834334e-06
-0.39,0.0332,3.570182e-06,99.98071,-6.187744e-07,3.516113e-06
-0.39,0.0336,1.877367e-06,115.475,-8.074454e-07,1.694697e-06
-0.39,0.034,3.663361e-06,114.7748,-1.535078e-06,3.326106e-06
-0.39,0.0344,2.889996e-06,109.4904,-9.641423e-07,2.724124e-06
-0.39,0.0348,2.632275e-06,108.7162,-8.44622e-07,2.492951e-06
-0.39,0.0352,2.659438e-06,90.64332,-2.985075e-08,2.659237e-06
-0.39,0.0356,2.909637e-06,102.4617,-6.27838e-07,2.840979e-06
-0.39,0.036,3.017898e-06,125.9499,-1.771716e-06,2.443118e-06
-0.39,0.0364,2.716267e-06,127.4938,-1.653263e-06,2.155048e-06
-0.39,0.0368,3.100985e-06,113.0842,-1.215834e-06,2.852568e-06
-0.39,0.0372,2.514531e-06,107.2251,-7.445588e-07,2.401677e-06
-0.39,0.0376,2.150868e-06,110.2758,-7.453579e-07,2.01754e-06
-0.39,0.038,3.326592e-06,107.6317,-1.007577e-06,3.170214e-06
-0.39,0.0384,2.917706e-06,99.63244,-4.882011e-07,2.876551e-06
-0.39,0.0388,2.416139e-06,104.6594,-6.114486e-07,2.337455e-06
-0.39,0.0392,3.67628e-06,84.22582,3.698766e-07,3.657616e-06
-0.39,0.0396,3.080153e-06,82.31089,4.121158e-07,3.052432e-06
-0.39,0.04,3.778629e-06,71.94777,1.170923e-06,3.592595e-06
-0.39,0.0404,2.113714e-06,104.0234,-5.121845e-07,2.050587e-06
-0.39,0.0408,3.123493e-06,99.61889,-5.219131e-07,3.079477e-06
-0.39,0.0412,3.255777e-06,115.7906,-1.416496e-06,2.931313e-06
-0.39,0.0416,2.556491e-06,79.94103,4.464928e-07,2.517063e-06
-0.39,0.042,3.34729e-06,93.3454,-1.953374e-07,3.341563e-06
-0.39,0.0424,3.750912e-06,111.8541,-1.39624e-06,3.481199e-06
-0.39,0.0428,3.265583e-06,97.69391,-4.371665e-07,3.236168e-06
-0.39,0.0432,3.977637e-06,79.13935,7.494818e-07,3.906374e-06
-0.39,0.0436,3.6453e-06,107.9005,-1.120431e-06,3.468811e-06
-0.39,0.044,3.729309e-06,91.60313,-1.043323e-07,3.727834e-06
-0.39,0.0444,2.793347e-06,75.26226,7.10573e-07,2.701336e-06
-0.39,0.0448,2.566795e-06,96.58186,-2.941992e-07,2.549707e-06
-0.39,0.0452,3.356494e-06,95.57484,-3.260448e-07,3.340367e-06
-0.39,0.0456,4.509598e-06,99.33694,-7.316339e-07,4.449734e-06
-0.39,0.046,3.635656e-06,77.80708,7.678717e-07,3.553418e-06
-0.39,0.0464,2.961331e-06,94.00195,-2.066586e-07,2.954101e-06
-0.39,0.0468,3.605928e-06,76.77372,8.250307e-07,3.510251e-06
-0.39,0.0472,4.20306e-06,83.51604,4.746057e-07,4.176059e-06
-0.39,0.0476,4.058668e-06,99.91733,-6.989892e-07,3.997916e-06
-0.39,0.048,4.364451e-06,83.66052,4.819314e-07,4.337679e-06
-0.39,0.0484,3.300983e-06,85.84286,2.392977e-07,3.292266e-06
-0.39,0.0488,3.617154e-06,81.87913,5.109775e-07,3.580866e-06
-0.39,0.0492,4.413222e-06,82.15833,6.021168e-07,4.371922e-06
-0.39,0.0496,3.123471e-06,90.30061,-1.638941e-08,3.123315e-06
-0.39,0.05,3.007907e-06,104.9567,-7.762704e-07,2.906e-06
-0.39,0.0504,3.199316e-06,101.6556,-6.463564e-07,3.133306e-06
-0.39,0.0508,3.45868e-06,93.9613,-2.389065e-07,3.450421e-06
-0.39,0.0512,3.176808e-06,103.3647,-7.342994e-07,3.09067e-06
-0.39,0.0516,2.72157e-06,105.3181,-7.189773e-07,2.62486e-06
-0.39,0.052,2.043211e-06,117.6116,-9.469538e-07,1.810485e-06
-0.39,0.0524,2.656191e-06,96.41401,-2.967305e-07,2.639517e-06
-0.39,0.0528,2.153232e-06,116.6496,-9.657405e-07,1.924406e-06
-0.39,0.0532,2.727225e-06,102.7664,-6.026532e-07,2.659767e-06
-0.39,0.0536,2.328956e-06,99.79624,-3.962628e-07,2.294953e-06
-0.39,0.054,2.083735e-06,91.80595,-6.569176e-08,2.082562e-06
-0.39,0.0544,2.68493e-06,119.5737,-1.325089e-06,2.335058e-06
-0.39,0.0548,1.56399e-06,127.3193,-9.481497e-07,1.243807e-06
-0.39,0.0552,2.154193e-06,119.8259,-1.071397e-06,1.868711e-06
-0.39,0.0556,2.423152e-06,122.6008,-1.305503e-06,2.041261e-06
-0.39,0.056,2.146437e-06,134.7867,-1.512028e-06,1.523349e-06
-0.39,0.0564,2.928206e-06,140.3116,-2.253251e-06,1.869913e-06
-0.39,0.0568,2.815671e-06,117.8358,-1.314695e-06,2.489749e-06
-0.39,0.0572,2.522282e-06,131.2847,-1.664193e-06,1.89536e-06
-0.39,0.0576,3.344256e-06,113.1344,-1.313896e-06,3.075214e-06
-0.39,0.058,3.327168e-06,117.3476,-1.528417e-06,2.955297e-06
-0.39,0.0584,2.875495e-06,155.6565,-2.619802e-06,1.185312e-06
-0.39,0.0588,2.240454e-06,151.6439,-1.97158e-06,1.064065e-06
-0.39,0.0592,3.012556e-06,142.6762,-2.395553e-06,1.826472e-06
-0.39,0.0596,2.476276e-06,152.7695,-2.201819e-06,1.133082e-06
-0.39,0.06,3.094034e-06,162.7848,-2.955302e-06,9.156335e-07
-0.39,0.0604,2.851976e-06,166.8563,-2.777159e-06,6.484854e-07
-0.39,0.0608,2.391094e-06,163.8019,-2.296155e-06,6.670039e-07
-0.39,0.0612,3.548746e-06,165.3523,-3.433372e-06,8.973777e-07
-0.39,0.0616,3.953425e-06,159.52,-3.703454e-06,1.383181e-06
-0.39,0.062,1.85891e-06,139.0081,-1.403035e-06,1.219293e-06
-0.39,0.0624,3.11106e-06,169.6927,-3.06083e-06,5.566813e-07
-0.39,0.0628,1.642473e-06,171.6972,-1.62515e-06,2.371687e-07
-0.39,0.0632,1.686125e-06,158.0453,-1.563727e-06,6.303638e-07
-0.39,0.0636,2.113932e-06,136.5044,-1.53348e-06,1.454997e-06
-0.39,0.064,1.854015e-06,140.044,-1.421157e-06,1.190643e-06
-0.39,0.0644,2.11629e-06,169.0528,-2.077639e-06,4.018563e-07
-0.39,0.0648,2.923814e-06,-176.9667,-2.919595e-06,-1.546964e-07
-0.39,0.0652,2.445822e-06,148.7451,-2.090832e-06,1.268992e-06
-0.39,0.0656,2.833859e-06,172.6955,-2.810737e-06,3.602821e-07
-0.39,0.066,3.758529e-06,-172.317,-3.724772e-06,-5.024559e-07
-0.39,0.0664,4.546506e-06,-165.5024,-4.401639e-06,-1.13815e-06
-0.39,0.0668,4.645194e-06,-169.0149,-4.560068e-06,-8.851289e-07
-0.39,0.0672,5.638333e-06,-164.1407,-5.423605e-06,-1.540811e-06
-0.39,0.0676,5.273099e-06,-161.0894,-4.988439e-06,-1.708958e-06
-0.39,0.068,5.494398e-06,-166.286,-5.337662e-06,-1.302575e-06
-0.39,0.0684,4.945915e-06,-161.4188,-4.68811e-06,-1.575987e-06
-0.39,0.0688,5.99401e-06,-174.2385,-5.9635e-06,-6.0172e-07
-0.39,0.0692,5.99491e-06,-161.9348,-5.69928e-06,-1.858988e-06
-0.39,0.0696,6.056053e-06,-148.7617,-5.178043e-06,-3.140643e-06
-0.39,0.07,7.809212e-06,-144.2777,-6.339909e-06,-4.559397e-06
-0.39,0.0704,7.848981e-06,-148.0068,-6.656756e-06,-4.158474e-06
-0.39,0.0708,8.229598e-06,-144.2314,-6.677409e-06,-4.810295e-06
-0.39,0.0712,9.383171e-06,-141.2951,-7.32243e-06,-5.867298e-06
-0.39,0.0716,1.15711e-05,-141.3689,-9.039117e-06,-7.223831e-06
-0.39,0.072,1.268465e-05,-137.6199,-9.369956e-06,-8.549988e-06
-0.39,0.0724,1.22275e-05,-135.0681,-8.656449e-06,-8.635796e-06
-0.39,0.0728,1.539124e-05,-135.9049,-1.105373e-05,-1.070997e-05
-0.39,0.0732,1.842156e-05,-134.561,-1.292577e-05,-1.312537e-05
-0.39,0.0736,1.987145e-05,-131.255,-1.310339e-05,-1.493892e-05
-0.39,0.074,1.86445e-05,-136.4866,-1.352123e-05,-1.283717e-05
-0.39,0.0744,1.963249e-05,-130.8626,-1.28445e-05,-1.484765e-05
-0.39,0.0748,2.197159e-05,-133.2105,-1.504352e-05,-1.601378e-05
-0.39,0.0752,2.358355e-05,-132.4595,-1.592051e-05,-1.739883e-05
-0.39,0.0756,2.365324e-05,-133.5337,-1.629186e-05,-1.71478e-05
-0.39,0.076,2.362761e-05,-131.0658,-1.552159e-05,-1.781414e-05
-0.39,0.0764,2.659809e-05,-128.8143,-1.667159e-05,-2.072468e-05
-0.39,0.0768,2.834264e-05,-127.6359,-1.730662e-05,-2.24443e-05
-0.39,0.0772,2.970493e-05,-129.3522,-1.883544e-05,-2.296967e-05
-0.39,0.0776,3.237869e-05,-126.8411,-1.941424e-05,-2.59127e-05
-0.39,0.078,3.673877e-05,-124.6002,-2.086205e-05,-3.024093e-05
-0.39,0.0784,4.13568e-05,-123.5054,-2.282963e-05,-3.448468e-05
-0.39,0.0788,4.214352e-05,-123.6427,-2.334807e-05,-3.50848e-05
-0.39,0.0792,4.47755e-05,-122.4305,-2.401201e-05,-3.77924e-05
-0.39,0.0796,4.9868e-05,-121.6897,-2.619705e-05,-4.243361e-05
-0.39,0.08,5.364193e-05,-120.1948,-2.697878e-05,-4.636384e-05
-0.39,0.0804,5.691986e-05,-118.1033,-2.681289e-05,-5.020893e-05
-0.39,0.0808,6.030798e-05,-118.6424,-2.890811e-05,-5.292839e-05
-0.39,0.0812,6.730378e-05,-117.4348,-3.10096e-05,-5.973451e-05
-0.39,0.0816,7.546305e-05,-116.9564,-3.420834e-05,-6.726413e-05
-0.39,0.082,8.047869e-05,-116.0615,-3.535728e-05,-7.229587e-05
-0.39,0.0824,8.1596e-05,-115.5346,-3.517261e-05,-7.362616e-05
-0.39,0.0828,8.422425e-05,-115.5291,-3.629823e-05,-7.600119e-05
-0.39,0.0832,8.800018e-05,-115.0867,-3.731127e-05,-7.969891e-05
-0.39,0.0836,8.780683e-05,-115.0951,-3.724091e-05,-7.951837e-05
-0.39,0.084,8.918184e-05,-114.863,-3.749661e-05,-8.091607e-05
-0.39,0.0844,9.138537e-05,-114.0243,-3.720534e-05,-8.346899e-05
-0.39,0.0848,9.710794e-05,-114.3329,-4.001221e-05,-8.848154e-05
-0.39,0.0852,9.914579e-05,-113.2197,-3.908911e-05,-9.111506e-05
-0.39,0.0856,0.0001011963,-113.5359,-4.04102e-05,-9.277778e-05
-0.39,0.086,0.0001035942,-113.2166,-4.083777e-05,-9.520531e-05
-0.39,0.0864,0.0001079677,-113.2836,-4.267797e-05,-9.917485e-05
-0.39,0.0868,0.0001096517,-112.9999,-4.284426e-05,-0.0001009351
-0.39,0.0872,0.0001107351,-113.2875,-4.377869e-05,-0.0001017139
-0.39,0.0876,0.000109279,-113.5269,-4.3622e-05,-0.000100195
-0.39,0.088,0.0001054197,-113.245,-4.160538e-05,-9.686244e-05
-0.39,0.0884,0.0001040764,-114.139,-4.256232e-05,-9.49756e-05
-0.39,0.0888,0.0001027031,-113.4688,-4.09016e-05,-9.420733e-05
-0.39,0.0892,9.970448e-05,-114.3423,-4.109706e-05,-9.084071e-05
-0.39,0.0896,9.597773e-05,-114.714,-4.012733e-05,-8.718683e-05
-0.39,0.09,9.430507e-05,-114.2575,-3.874428e-05,-8.597872e-05
-0.39,0.0904,9.436828e-05,-114.4601,-3.907419e-05,-8.589878e-05
-0.39,0.0908,9.201886e-05,-115.6492,-3.98314e-05,-8.295147e-05
-0.39,0.0912,8.508512e-05,-115.6025,-3.676751e-05,-7.673095e-05
-0.39,0.0916,7.843055e-05,-117.0182,-3.562896e-05,-6.987087e-05
-0.39,0.092,7.343322e-05,-117.9806,-3.445296e-05,-6.484939e-05
-0.39,0.0924,6.888388e-05,-119.0002,-3.339583e-05,-6.024709e-05
-0.39,0.0928,5.835003e-05,-120.6164,-2.971702e-05,-5.021586e-05
-0.39,0.0932,5.013391e-05,-122.1706,-2.66935e-05,-4.243668e-05
-0.39,0.0936,4.755935e-05,-123.5937,-2.63147e-05,-3.961608e-05
-0.39,0.094,4.443231e-05,-125.7248,-2.594375e-05,-3.607145e-05
-0.39,0.0944,4.007152e-05,-126.1831,-2.365693e-05,-3.234308e-05
-0.39,0.0948,3.733771e-05,-129.0351,-2.351516e-05,-2.900245e-05
-0.39,0.0952,3.664698e-05,-128.6525,-2.288959e-05,-2.861938e-05
-0.39,0.0956,3.65531e-05,-128.4235,-2.271664e-05,-2.86371e-05
-0.39,0.096,3.776679e-05,-127.2357,-2.285254e-05,-3.006812e-05
-0.39,0.0964,3.798339e-05,-129.0345,-2.392154e-05,-2.950424e-05
-0.39,0.0968,3.905474e-05,-126.19,-2.306027e-05,-3.151992e-05
-0.39,0.0972,4.016238e-05,-126.4652,-2.386984e-05,-3.229925e-05
-0.39,0.0976,4.202305e-05,-126.0274,-2.471686e-05,-3.398556e-05
-0.39,0.098,4.419684e-05,-124.5058,-2.503704e-05,-3.642215e-05
-0.39,0.0984,4.655969e-05,-125.5767,-2.708817e-05,-3.786875e-05
-0.39,0.0988,4.580986e-05,-124.9555,-2.624634e-05,-3.754564e-05
-0.39,0.0992,4.598994e-05,-125.7364,-2.686072e-05,-3.733059e-05
-0.39,0.0996,4.44738e-05,-125.2989,-2.569885e-05,-3.629716e-05
-0.39,0.1,4.238379e-05,-124.5174,-2.401708e-05,-3.492224e-05
-0.39,0.1004,4.071695e-05,-125.2772,-2.351542e-05,-3.323994e-05
-0.39,0.1008,4.292586e-05,-125.7024,-2.50505e-05,-3.485842e-05
-0.39,0.1012,4.286037e-05,-124.4134,-2.422307e-05,-3.535901e-05
-0.39,0.1016,4.29204e-05,-125.608,-2.498987e-05,-3.489506e-05
-0.39,0.102,4.253676e-05,-123.8601,-2.370009e-05,-3.53225e-05
-0.39,0.1024,4.380002e-05,-123.3775,-2.409675e-05,-3.657577e-05
-0.39,0.1028,4.395097e-05,-123.8754,-2.449781e-05,-3.649036e-05
-0.39,0.1032,4.358254e-05,-125.6254,-2.538614e-05,-3.542576e-05
-0.39,0.1036,4.326232e-05,-126.6326,-2.581384e-05,-3.471705e-05
-0.39,0.104,4.096339e-05,-125.8397,-2.398483e-05,-3.320729e-05
-0.39,0.1044,3.750843e-05,-130.0422,-2.413113e-05,-2.871531e-05
-0.39,0.1048,3.350457e-05,-130.9415,-2.195516e-05,-2.530859e-05
-0.39,0.1052,3.162032e-05,-131.3739,-2.090002e-05,-2.372821e-05
-0.39,0.1056,2.875092e-05,-132.1379,-1.928953e-05,-2.131973e-05
-0.39,0.106,2.301158e-05,-136.3995,-1.666427e-05,-1.586935e-05
-0.39,0.1064,2.000735e-05,-143.2978,-1.604096e-05,-1.195751e-05
-0.39,0.1068,1.841424e-05,-145.7733,-1.522526e-05,-1.035741e-05
-0.39,0.1072,1.683422e-05,-144.8551,-1.376533e-05,-9.690536e-06
-0.39,0.1076,1.174781e-05,-146.5682,-9.80406e-06,-6.472349e-06
-0.39,0.108,9.534884e-06,-156.9406,-8.773036e-06,-3.734635e-06
-0.39,0.1084,7.967412e-06,-153.7992,-7.148684e-06,-3.517717e-06
-0.39,0.1088,7.620329e-06,-162.0295,-7.248485e-06,-2.351051e-06
-0.39,0.1092,6.009925e-06,-179.042,-6.00907e-06,-1.004654e-07
-0.39,0.1096,2.772873e-06,-168.4792,-2.716932e-06,-5.537532e-07
-0.39,0.11,2.724554e-06,-178.4947,-2.723598e-06,-7.155351e-08
-0.39,0.1104,3.186151e-06,171.344,-3.149835e-06,4.795342e-07
-0.39,0.1108,2.891024e-06,174.5309,-2.877758e-06,2.75541e-07
-0.39,0.1112,2.734612e-06,160.4623,-2.577161e-06,9.149685e-07
-0.39,0.1116,1.468308e-06,161.678,-1.393843e-06,4.615467e-07
-0.39,0.112,2.449996e-06,97.9906,-3.405679e-07,2.426063e-06
-0.39,0.1124,3.701761e-06,139.8373,-2.828858e-06,2.387423e-06
-0.39,0.1128,3.352051e-06,139.0727,-2.532524e-06,2.195818e-06
-0.39,0.1132,2.368943e-06,98.52302,-3.510955e-07,2.342652e-06
-0.39,0.1136,2.147393e-06,134.2412,-1.49817e-06,1.538403e-06
-0.39,0.114,2.400487e-06,121.7304,-1.262465e-06,2.041658e-06
-0.39,0.1144,3.46063e-06,116.0359,-1.518957e-06,3.109322e-06
-0.39,0.1148,1.623691e-06,94.09899,-1.160558e-07,1.619417e-06
-0.39,0.1152,2.504663e-06,127.8302,-1.536145e-06,1.978235e-06
-0.39,0.1156,2.999603e-06,90.38191,-1.998804e-08,2.999536e-06
-0.39,0.116,3.735462e-06,109.6162,-1.254072e-06,3.518644e-06
-0.39,0.1164,3.666289e-06,110.4729,-1.282319e-06,3.434702e-06
-0.39,0.1168,3.150215e-06,86.75514,1.782719e-07,3.145035e-06
-0.39,0.1172,2.998407e-06,92.52721,-1.32177e-07,2.995401e-06
-0.39,0.1176,2.480478e-06,89.68627,1.358985e-08,2.480423e-06
-0.39,0.118,2.821018e-06,111.4464,-1.031829e-06,2.62539e-06
-0.39,0.1184,3.597892e-06,87.22374,1.742765e-07,3.593657e-06
-0.39,0.1188,3.82688e-06,124.5009,-2.167576e-06,3.153696e-06
-0.39,0.1192,3.223121e-06,115.5476,-1.389982e-06,2.907732e-06
-0.39,0.1196,2.868438e-06,121.7282,-1.508429e-06,2.439653e-06
-0.39,0.12,2.463994e-06,81.15351,3.789346e-07,2.43459e-06
-0.39,0.1204,2.329515e-06,90.41645,-1.692585e-08,2.32933e-06
-0.39,0.1208,2.805087e-06,94.31843,-2.111904e-07,2.797141e-06
-0.39,0.1212,3.605017e-06,86.75382,2.041216e-07,3.599122e-06
-0.39,0.1216,3.395425e-06,65.54943,1.405298e-06,3.090804e-06
-0.39,0.122,4.443319e-06,87.11905,2.233106e-07,4.43748e-06
-0.39,0.1224,3.809468e-06,84.00157,3.981236e-07,3.788592e-06
-0.39,0.1228,3.503696e-06,80.69452,5.665384e-07,3.457484e-06
-0.39,0.1232,3.054454e-06,62.53961,1.408495e-06,2.710266e-06
-0.39,0.1236,3.987327e-06,80.91134,6.298329e-07,3.937153e-06
-0.39,0.124,2.406718e-06,81.13034,3.71078e-07,2.377828e-06
-0.39,0.1244,2.759015e-06,96.66098,-3.20049e-07,2.740245e-06
-0.39,0.1248,3.060853e-06,78.23721,6.239656e-07,2.996468e-06
-0.39,0.1252,3.010276e-06,73.39323,8.603408e-07,2.884682e-06
-0.39,0.1256,3.61284e-06,75.24609,9.200312e-07,3.493594e-06
-0.39,0.126,3.693267e-06,76.87163,8.388888e-07,3.596724e-06
-0.39,0.1264,4.037339e-06,70.13497,1.371854e-06,3.796985e-06
-0.39,0.1268,3.292545e-06,81.10979,5.088485e-07,3.25296e-06
-0.39,0.1272,3.441162e-06,65.90438,1.404896e-06,3.141302e-06
-0.39,0.1276,3.412406e-06,86.18032,2.27306e-07,3.404723e-06
-0.39,0.128,3.669859e-06,84.67388,3.406964e-07,3.654018e-06
-0.39,0.1284,2.030823e-06,99.8946,-3.489609e-07,2.000486e-06
-0.39,0.1288,3.658991e-06,83.57506,4.094503e-07,3.635896e-06
-0.39,0.1292,2.168308e-06,89.60496,1.491978e-08,2.168107e-06
-0.39,0.1296,4.392882e-06,88.31205,1.293774e-07,4.390843e-06
-0.39,0.13,3.692334e-06,88.594,9.060278e-08,3.691188e-06
-0.39,0.1304,4.283973e-06,65.32542,1.788368e-06,3.892784e-06
-0.39,0.1308,4.306538e-06,83.45659,4.907269e-07,4.278386e-06
-0.39,0.1312,3.663014e-06,53.53475,2.177031e-06,2.945836e-06
-0.39,0.1316,3.64306e-06,77.21391,8.06244e-07,3.552619e-06
-0.39,0.132,2.631677e-06,91.9843,-9.113922e-08,2.630056e-06
-0.39,0.1324,3.332577e-06,80.57912,5.454886e-07,3.2876e-06
-0.39,0.1328,3.093129e-06,88.66263,7.221288e-08,3.092268e-06
-0.39,0.1332,2.785915e-06,104.6498,-7.045827e-07,2.69534e-06
-0.39,0.1336,4.220036e-06,79.76225,7.500126e-07,4.152741e-06
-0.39,0.134,3.165677e-06,87.31466,1.482926e-07,3.162089e-06
-0.39,0.1344,4.263287e-06,89.31777,5.07608e-08,4.262929e-06
-0.39,0.1348,3.389177e-06,76.12164,8.129049e-07,3.290131e-06
-0.39,0.1352,2.629587e-06,91.4803,-6.795488e-08,2.628587e-06
-0.39,0.1356,3.236219e-06,70.05279,1.104036e-06,3.042038e-06
-0.39,0.136,2.842202e-06,80.99439,4.44889e-07,2.807132e-06
-0.39,0.1364,2.776103e-06,75.08304,7.14574e-07,2.682421e-06
-0.39,0.1368,2.843454e-06,84.62317,2.66483e-07,2.830848e-06
-0.39,0.1372,3.099376e-06,73.81112,8.64068e-07,2.976352e-06
-0.39,0.1376,2.170521e-06,101.8318,-4.450287e-07,2.12427e-06
-0.39,0.138,4.063747e-06,99.65867,-6.818007e-07,4.006041e-06
-0.39,0.1384,3.396363e-06,84.25249,3.401655e-07,3.37927e-06
-0.39,0.1388,3.205971e-06,78.15722,6.579458e-07,3.137703e-06
-0.39,0.1392,3.551166e-06,77.42592,7.730629e-07,3.465877e-06
-0.39,0.1396,3.542236e-06,74.93135,9.208302e-07,3.420313e-06
-0.39,0.14,2.342401e-06,84.56591,2.218466e-07,2.331862e-06
-0.39,0.1404,4.020446e-06,76.23005,9.569395e-07,3.904776e-06
-0.39,0.1408,3.772566e-06,75.27013,9.592026e-07,3.648553e-06
-0.39,0.1412,4.026576e-06,90.14237,-9.996816e-09,4.02656e-06
-0.39,0.1416,4.007354e-06,82.15352,5.470868e-07,3.969797e-06
-0.39,0.142,3.36901e-06,74.27184,9.132362e-07,3.242835e-06
-0.39,0.1424,3.654241e-06,76.25278,8.683316e-07,3.549423e-06
-0.39,0.1428,4.00043e-06,73.64501,1.126421e-06,3.838425e-06
-0.39,0.1432,4.047956e-06,78.73457,7.907878e-07,3.969931e-06
-0.39,0.1436,3.032812e-06,88.50701,7.954426e-08,3.03151e-06
-0.39,0.144,3.210313e-06,105.3871,-8.518192e-07,3.095202e-06
-0.39,0.1444,4.089731e-06,86.26556,2.663489e-07,4.080925e-06
-0.39,0.1448,2.524064e-06,107.6902,-7.669441e-07,2.404611e-06
-0.39,0.1452,3.816923e-06,84.65639,3.554876e-07,3.800315e-06
-0.39,0.1456,4.361964e-06,83.7733,4.73136e-07,4.336215e-06
-0.39,0.146,3.311483e-06,62.65545,1.521086e-06,2.941438e-06
-0.39,0.1464,2.97505e-06,103.7528,-7.072482e-07,2.889744e-06
-0.39,0.1468,2.926195e-06,117.5897,-1.355202e-06,2.593411e-06
-0.39,0.1472,1.779137e-06,85.15558,1.502931e-07,1.772778e-06
-0.39,0.1476,2.449672e-06,100.5057,-4.466269e-07,2.408606e-06
-0.39,0.148,2.395626e-06,103.9522,-5.776081e-07,2.324933e-06
-0.39,0.1484,3.291679e-06,82.45689,4.320982e-07,3.263086e-06
-0.39,0.1488,4.251893e-06,87.13872,2.122521e-07,4.24654e-06
-0.39,0.1492,3.585286e-06,90.99202,-6.209313e-08,3.584599e-06
-0.39,0.1496,2.79095e-06,85.83849,2.025235e-07,2.783551e-06
-0.39,0.15,2.526557e-06,68.99551,9.056422e-07,2.358639e-06
-0.39,0.1504,2.430902e-06,83.02383,2.952609e-07,2.41287e-06
-0.39,0.1508,2.556541e-06,103.6501,-6.033238e-07,2.484289e-06
-0.39,0.1512,3.124427e-06,114.9982,-1.320295e-06,2.831647e-06
-0.39,0.1516,1.611504e-06,84.25336,1.613516e-07,1.603296e-06
-0.39,0.152,2.846421e-06,98.17069,-4.045218e-07,2.817526e-06
-0.39,0.1524,2.608828e-06,92.70194,-1.229848e-07,2.605402e-06
-0.39,0.1528,1.476684e-06,101.4149,-2.922043e-07,1.447403e-06
-0.39,0.1532,2.60334e-06,78.0899,5.372297e-07,2.547176e-06
-0.39,0.1536,2.228049e-06,103.4665,-5.188453e-07,2.166772e-06
-0.39,0.154,2.261683e-06,111.6864,-8.356925e-07,2.101482e-06
-0.39,0.1544,2.598138e-06,73.10397,7.550753e-07,2.485888e-06
-0.39,0.1548,2.767195e-06,103.1598,-6.29967e-07,2.693742e-06
-0.39,0.1552,3.196528e-06,77.88532,6.708707e-07,3.125315e-06
-0.39,0.1556,2.090396e-06,72.13443,6.412882e-07,1.989562e-06
-0.39,0.156,3.523293e-06,75.64475,8.735284e-07,3.41325e-06
-0.39,0.1564,2.095783e-06,104.8347,-5.365647e-07,2.025805e-06
-0.39,0.1568,2.506764e-06,94.33504,-1.894701e-07,2.499477e-06
-0.39,0.1572,2.834195e-06,82.08008,3.905296e-07,2.807132e-06
-0.39,0.1576,2.23262e-06,78.3972,4.490241e-07,2.186894e-06
-0.39,0.158,2.115754e-06,84.10473,2.173148e-07,2.10455e-06
-0.39,0.1584,3.118576e-06,71.34755,9.974464e-07,2.954766e-06
-0.39,0.1588,2.010287e-06,71.40482,6.410256e-07,1.905217e-06
-0.39,0.1592,2.675374e-06,83.45397,3.049895e-07,2.657901e-06
-0.39,0.1596,2.544438e-06,75.0638,6.558112e-07,2.45844e-06
-0.39,0.16,3.649223e-06,95.62598,-3.577563e-07,3.631498e-06
-0.39,0.1604,2.001604e-06,81.34408,3.012567e-07,1.978771e-06
-0.39,0.1608,3.026062e-06,73.59256,8.547417e-07,2.902798e-06
-0.39,0.1612,2.674626e-06,97.7503,-3.6069e-07,2.650173e-06
-0.39,0.1616,2.456478e-06,93.53859,-1.516342e-07,2.451645e-06
-0.39,0.162,2.451125e-06,84.19697,2.478249e-07,2.438452e-06
-0.39,0.1624,3.035947e-06,80.01447,5.264338e-07,2.990338e-06
-0.39,0.1628,3.277899e-06,100.1236,-5.761384e-07,3.226842e-06
-0.39,0.1632,2.970015e-06,109.5961,-9.961165e-07,2.79794e-06
-0.39,0.1636,2.759015e-06,109.6232,-9.265635e-07,2.598742e-06
-0.39,0.164,2.522679e-06,102.2034,-5.332343e-07,2.465631e-06
-0.39,0.1644,2.523433e-06,105.5567,-6.76738e-07,2.430858e-06
-0.39,0.1648,3.432473e-06,102.4503,-7.40027e-07,3.351693e-06
-0.39,0.1652,3.382042e-06,95.2352,-3.085881e-07,3.367815e-06
-0.39,0.1656,2.894913e-06,124.0534,-1.62102e-06,2.398481e-06
-0.39,0.166,2.848746e-06,109.9362,-9.71334e-07,2.678023e-06
-0.39,0.1664,1.715937e-06,119.8941,-8.551497e-07,1.487508e-06
-0.39,0.1668,2.323798e-06,90.34214,-1.385807e-08,2.323731e-06
-0.39,0.1672,2.570316e-06,82.98493,3.139134e-07,2.551043e-06
-0.39,0.1676,2.41054e-06,80.84664,3.834664e-07,2.379829e-06
-0.39,0.168,2.911694e-06,105.1415,-7.605459e-07,2.810463e-06
-0.39,0.1684,2.745162e-06,104.5882,-6.913952e-07,2.656571e-06
-0.39,0.1688,2.922227e-06,106.6802,-8.387602e-07,2.799136e-06
-0.39,0.1692,2.885201e-06,94.69928,-2.363752e-07,2.875484e-06
-0.39,0.1696,2.759506e-06,80.46109,4.572831e-07,2.721324e-06
-0.39,0.17,2.590768e-06,98.85479,-3.987941e-07,2.559838e-06
-0.39,0.1704,2.160061e-06,125.2763,-1.247411e-06,1.763317e-06
-0.39,0.1708,2.341529e-06,85.43709,1.862682e-07,2.333991e-06
-0.39,0.1712,1.547589e-06,73.82773,4.310365e-07,1.486307e-06
-0.39,0.1716,2.061707e-06,82.3039,2.760719e-07,2.042993e-06
-0.39,0.172,2.81495e-06,85.24301,2.33436e-07,2.805132e-06
-0.39,0.1724,2.500075e-06,89.74047,1.132115e-08,2.500008e-06
-0.39,0.1728,2.772616e-06,101.917,-5.725398e-07,2.712797e-06
-0.39,0.1732,3.039261e-06,113.4146,-1.207703e-06,2.788877e-06
-0.39,0.1736,3.078997e-06,104.186,-7.5455e-07,2.985008e-06
-0.39,0.174,3.049526e-06,98.87271,-4.703477e-07,3.012992e-06
-0.39,0.1744,2.630995e-06,107.6352,-7.970519e-07,2.50734e-06
-0.39,0.1748,1.64858e-06,86.28829,1.067239e-07,1.644998e-06
-0.39,0.1752,2.107411e-06,114.0632,-8.592791e-07,1.924272e-06
-0.39,0.1756,3.442296e-06,97.02817,-4.211794e-07,3.416312e-06
-0.39,0.176,2.163911e-06,122.3262,-1.157071e-06,1.828473e-06
-0.39,0.1764,2.949737e-06,81.61816,4.299692e-07,2.918126e-06
-0.39,0.1768,2.907861e-06,79.32426,5.386937e-07,2.857496e-06
-0.39,0.1772,2.21157e-06,93.55039,-1.37642e-07,2.207675e-06
-0.39,0.1776,3.088736e-06,95.05336,-2.720821e-07,3.076683e-06
-0.39,0.178,2.434026e-06,99.03314,-3.822706e-07,2.404075e-06
-0.39,0.1784,2.70893e-06,103.0335,-6.109178e-07,2.639114e-06
-0.39,0.1788,3.416189e-06,116.5132,-1.524953e-06,3.056829e-06
-0.39,0.1792,2.223003e-06,91.09213,-4.237331e-08,2.222467e-06
-0.39,0.1796,1.659488e-06,69.25078,5.878619e-07,1.55173e-06
-0.39,0.18,3.490705e-06,99.1481,-5.549546e-07,3.446158e-06
-0.39,0.1804,2.458116e-06,104.9178,-6.327666e-07,2.375163e-06
-0.39,0.1808,1.937052e-06,88.67312,4.489906e-08,1.936532e-06
-0.39,0.1812,3.383327e-06,92.13292,-1.259185e-07,3.380874e-06
-0.39,0.1816,2.604223e-06,72.28129,7.925201e-07,2.480557e-06
-0.39,0.182,2.843471e-06,79.93404,4.969909e-07,2.799673e-06
-0.39,0.1824,2.135943e-06,84.28746,2.126488e-07,2.125337e-06
-0.39,0.1828,3.032136e-06,82.93817,3.728047e-07,3.009125e-06
-0.39,0.1832,1.34259e-06,89.62507,8.789822e-09,1.34254e-06
-0.39,0.1836,2.533726e-06,93.98621,-1.761484e-07,2.527456e-06
-0.39,0.184,2.444073e-06,96.75322,-2.874042e-07,2.426996e-06
-0.39,0.1844,1.498304e-06,42.46314,1.105237e-06,1.011433e-06
-0.39,0.1848,2.501579e-06,84.77659,2.277083e-07,2.491084e-06
-0.39,0.1852,2.481786e-06,92.1539,-9.327381e-08,2.480026e-06
-0.39,0.1856,3.087485e-06,117.3235,-1.417161e-06,2.74291e-06
-0.39,0.186,3.072839e-06,110.3138,-1.066736e-06,2.881614e-06
-0.39,0.1864,2.177271e-06,104.0326,-5.27909e-07,2.112278e-06
-0.39,0.1868,2.793878e-06,102.4905,-6.042513e-07,2.727722e-06
-0.39,0.1872,3.770112e-06,85.6361,2.868678e-07,3.759143e-06
-0.39,0.1876,2.941606e-06,79.65384,5.283001e-07,2.89374e-06
-0.39,0.188,2.286186e-06,95.09532,-2.030655e-07,2.277094e-06
-0.39,0.1884,2.48178e-06,76.31354,5.873255e-07,2.411406e-06
-0.39,0.1888,3.110066e-06,96.9543,-3.76543e-07,3.087071e-06
-0.39,0.1892,2.647915e-06,76.91753,5.993172e-07,2.579156e-06
-0.39,0.1896,2.40085e-06,77.49367,5.199071e-07,2.343853e-06
-0.39,0.19,2.11258e-06,91.60488,-5.915947e-08,2.111742e-06
-0.39,0.1904,3.08706e-06,103.1423,-7.019173e-07,3.006063e-06
-0.39,0.1908,2.390602e-06,96.48701,-2.700816e-07,2.375163e-06
-0.39,0.1912,2.693518e-06,91.83698,-8.634477e-08,2.69201e-06
-0.39,0.1916,3.329101e-06,80.31334,5.601458e-07,3.281604e-06
-0.39,0.192,2.779936e-06,90.40639,-1.971982e-08,2.779819e-06
-0.39,0.1924,3.148958e-06,101.3672,-6.206408e-07,3.087071e-06
-0.39,0.1928,1.930469e-06,88.2902,5.755573e-08,1.929469e-06
-0.39,0.1932,2.892253e-06,84.20615,2.919305e-07,2.87735e-06
-0.39,0.1936,2.640215e-06,57.02496,1.43701e-06,2.214873e-06
-0.39,0.194,2.950619e-06,103.2407,-6.758049e-07,2.872154e-06
-0.39,0.1944,2.909598e-06,99.05062,-4.576854e-07,2.873355e-06
-0.39,0.1948,1.784568e-06,99.60709,-2.977978e-07,1.75945e-06
-0.39,0.1952,3.198774e-06,91.81644,-1.013986e-07,3.197131e-06
-0.39,0.1956,1.900004e-06,88.39686,5.315802e-08,1.899221e-06
-0.39,0.196,2.833597e-06,73.55628,8.021146e-07,2.717591e-06
-0.39,0.1964,2.322245e-06,99.0021,-3.62819e-07,2.293484e-06
-0.39,0.1968,1.841252e-06,59.56028,9.32822e-07,1.587437e-06
-0.39,0.1972,2.586672e-06,88.94371,4.769861e-08,2.586219e-06
-0.39,0.1976,3.390368e-06,82.91675,4.181116e-07,3.364484e-06
-0.39,0.198,2.880306e-06,96.64656,-3.333762e-07,2.860827e-06
-0.39,0.1984,2.759903e-06,83.86694,2.948585e-07,2.743709e-06
-0.39,0.1988,3.70893e-06,62.35645,1.720815e-06,3.285471e-06
-0.39,0.1992,3.052337e-06,74.99386,7.902514e-07,2.948105e-06
-0.39,0.1996,2.786563e-06,86.51253,1.69482e-07,2.781283e-06
-0.39,0.2,2.272099e-06,59.89862,1.13948e-06,1.965578e-06
-0.38,0.0,2.594718e-06,129.4074,-1.647138e-06,2.00475e-06
-0.38,0.0004,2.646161e-06,134.5371,-1.855926e-06,1.886168e-06
-0.38,0.0008,2.935504e-06,101.2422,-5.722772e-07,2.879083e-06
-0.38,0.0012,2.704158e-06,122.0525,-1.435015e-06,2.291886e-06
-0.38,0.0016,3.12522e-06,136.1316,-2.252988e-06,2.165704e-06
-0.38,0.002,2.429835e-06,139.6952,-1.852992e-06,1.571718e-06
-0.38,0.0024,2.802936e-06,121.5254,-1.465525e-06,2.389155e-06
-0.38,0.0028,2.049515e-06,149.4142,-1.764256e-06,1.042747e-06
-0.38,0.0032,3.087451e-06,117.4485,-1.423157e-06,2.739848e-06
-0.38,0.0036,2.66825e-06,114.927,-1.12456e-06,2.419665e-06
-0.38,0.004,2.060137e-06,134.9903,-1.456467e-06,1.456992e-06
-0.38,0.0044,3.264477e-06,116.0966,-1.435948e-06,2.931581e-06
-0.38,0.0048,3.058254e-06,122.5654,-1.646071e-06,2.577289e-06
-0.38,0.0052,2.604536e-06,97.15624,-3.244467e-07,2.584218e-06
-0.38,0.0056,4.322413e-06,107.3709,-1.290449e-06,4.125159e-06
-0.38,0.006,2.967305e-06,85.83368,2.155825e-07,2.959426e-06
-0.38,0.0064,2.327201e-06,114.8444,-9.777322e-07,2.111742e-06
-0.38,0.0068,2.5533e-06,84.28571,2.542231e-07,2.540515e-06
-0.38,0.0072,3.094062e-06,100.684,-5.736071e-07,3.040306e-06
-0.38,0.0076,2.525562e-06,81.08313,3.914628e-07,2.494946e-06
-0.38,0.008,3.257185e-06,108.9715,-1.058874e-06,3.080142e-06
-0.38,0.0084,3.838106e-06,82.5618,4.968568e-07,3.80578e-06
-0.38,0.0088,2.60766e-06,102.3205,-5.564186e-07,2.547578e-06
-0.38,0.0092,4.242863e-06,94.89992,-3.624223e-07,4.227222e-06
-0.38,0.0096,1.776779e-06,90.95443,-2.958253e-08,1.77651e-06
-0.38,0.01,4.225283e-06,101.5695,-8.474215e-07,4.139285e-06
-0.38,0.0104,4.012551e-06,102.428,-8.635427e-07,3.9185e-06
-0.38,0.0108,4.757149e-06,100.6348,-8.779317e-07,4.675313e-06
-0.38,0.0112,3.410277e-06,104.1253,-8.322279e-07,3.307057e-06
-0.38,0.0116,2.799728e-06,83.98715,2.932604e-07,2.784216e-06
-0.38,0.012,3.643166e-06,104.1607,-8.912589e-07,3.532368e-06
-0.38,0.0124,3.434009e-06,106.7536,-9.898524e-07,3.288136e-06
-0.38,0.0128,3.912638e-06,101.3043,-7.669441e-07,3.836693e-06
-0.38,0.0132,4.250507e-06,93.97463,-2.946015e-07,4.240281e-06
-0.38,0.0136,4.00694e-06,87.4212,1.802723e-07,4.002844e-06
-0.38,0.014,2.383148e-06,77.71353,5.071163e-07,2.328526e-06
-0.38,0.0144,2.992814e-06,88.99529,5.249306e-08,2.992339e-06
-0.38,0.0148,3.478618e-06,91.62237,-9.847059e-08,3.477204e-06
-0.38,0.0152,2.141905e-06,86.42293,1.33641e-07,2.137726e-06
-0.38,0.0156,4.350995e-06,97.87313,-5.959924e-07,4.309963e-06
-0.38,0.016,3.327369e-06,71.14341,1.075392e-06,3.148762e-06
-0.38,0.0164,3.285616e-06,81.3537,4.939232e-07,3.24816e-06
-0.38,0.0168,2.993535e-06,106.1521,-8.327644e-07,2.87535e-06
-0.38,0.0172,3.104427e-06,94.25155,-2.301111e-07,3.095867e-06
-0.38,0.0176,4.055382e-06,90.10346,-7.331371e-09,4.055343e-06
-0.38,0.018,3.389954e-06,92.49661,-1.476332e-07,3.386735e-06
-0.38,0.0184,2.841683e-06,107.5814,-8.58346e-07,2.708936e-06
-0.38,0.0188,4.08525e-06,95.54031,-3.943964e-07,4.066133e-06
-0.38,0.0192,3.636488e-06,83.31977,4.230402e-07,3.611778e-06
-0.38,0.0196,2.061137e-06,101.7645,-4.202462e-07,2.017809e-06
-0.38,0.02,4.04624e-06,99.05631,-6.368961e-07,3.995781e-06
-0.38,0.0204,3.172131e-06,87.35269,1.465603e-07,3.16875e-06
-0.38,0.0208,4.736177e-06,83.51429,5.34961e-07,4.705829e-06
-0.38,0.0212,1.935208e-06,102.6038,-4.222467e-07,1.888431e-06
-0.38,0.0216,3.105031e-06,119.1414,-1.512028e-06,2.711998e-06
-0.38,0.022,3.239359e-06,96.47346,-3.652162e-07,3.218583e-06
-0.38,0.0224,3.016093e-06,90.30148,-1.585856e-08,3.01592e-06
-0.38,0.0228,2.294825e-06,98.24588,-3.29107e-07,2.27097e-06
-0.38,0.0232,3.316601e-06,77.17762,7.36026e-07,3.233771e-06
-0.38,0.0236,3.510816e-06,84.25686,3.513582e-07,3.492929e-06
-0.38,0.024,3.765542e-06,99.21804,-6.031896e-07,3.716904e-06
-0.38,0.0244,3.092693e-06,100.5634,-5.669463e-07,3.040172e-06
-0.38,0.0248,1.820001e-06,99.60097,-3.035254e-07,1.794498e-06
-0.38,0.0252,3.934197e-06,85.35491,3.185793e-07,3.921166e-06
-0.38,0.0256,2.571221e-06,95.87996,-2.634208e-07,2.55757e-06
-0.38,0.026,2.790329e-06,96.73792,-3.273803e-07,2.771023e-06
-0.38,0.0264,3.973491e-06,91.80201,-1.249853e-07,3.971401e-06
-0.38,0.0268,3.235979e-06,82.78299,4.065167e-07,3.210324e-06
-0.38,0.0272,4.525467e-06,76.65756,1.044346e-06,4.403237e-06
-0.38,0.0276,3.062166e-06,86.03476,2.117156e-07,3.054561e-06
-0.38,0.028,2.942763e-06,91.09956,-5.649961e-08,2.942109e-06
-0.38,0.0284,3.625508e-06,93.84371,-2.43036e-07,3.617243e-06
-0.38,0.0288,4.160251e-06,93.47916,-2.524964e-07,4.152473e-06
-0.38,0.0292,3.671094e-06,99.19794,-5.868002e-07,3.62377e-06
-0.38,0.0296,2.579804e-06,90.48595,-2.185441e-08,2.579687e-06
-0.38,0.03,2.28927e-06,106.8113,-6.620809e-07,2.19142e-06
-0.38,0.0304,2.188688e-06,98.61307,-3.277771e-07,2.163972e-06
-0.38,0.0308,4.049113e-06,98.42773,-5.93461e-07,4.005242e-06
-0.38,0.0312,3.897596e-06,110.4808,-1.36373e-06,3.651218e-06
-0.38,0.0316,3.149528e-06,99.37366,-5.129836e-07,3.107327e-06
-0.38,0.032,2.837011e-06,113.0566,-1.111105e-06,2.610336e-06
-0.38,0.0324,3.429153e-06,85.92679,2.435613e-07,3.420442e-06
-0.38,0.0328,2.704236e-06,109.6477,-9.092465e-07,2.546645e-06
-0.38,0.0332,2.336198e-06,85.97749,1.638829e-07,2.330392e-06
-0.38,0.0336,2.353761e-06,92.16702,-8.901022e-08,2.351978e-06
-0.38,0.034,2.786289e-06,81.05297,4.332996e-07,2.752102e-06
-0.38,0.0344,2.219751e-06,94.70628,-1.821443e-07,2.212207e-06
-0.38,0.0348,3.334762e-06,107.289,-9.910538e-07,3.184072e-06
-0.38,0.0352,3.608124e-06,86.64673,2.110507e-07,3.601921e-06
-0.38,0.0356,2.506267e-06,76.24098,5.961209e-07,2.434322e-06
-0.38,0.036,3.108439e-06,77.95876,6.484854e-07,3.040038e-06
-0.38,0.0364,2.639142e-06,123.7404,-1.465793e-06,2.194488e-06
-0.38,0.0368,2.462927e-06,101.1176,-4.748739e-07,2.416603e-06
-0.38,0.0372,3.404242e-06,94.15932,-2.468973e-07,3.395263e-06
-0.38,0.0376,2.902429e-06,81.20332,4.438273e-07,2.868158e-06
-0.38,0.038,3.128059e-06,93.76065,-2.051945e-07,3.121186e-06
-0.38,0.0384,4.049219e-06,66.17234,1.635806e-06,3.703985e-06
-0.38,0.0388,4.06762e-06,87.53835,1.746788e-07,4.063736e-06
-0.38,0.0392,3.134904e-06,86.19824,2.078544e-07,3.12798e-06
-0.38,0.0396,4.305001e-06,92.27761,-1.710858e-07,4.30157e-06
-0.38,0.04,3.031728e-06,67.33324,1.168392e-06,2.797538e-06
-0.38,0.0404,5.071643e-06,94.4464,-3.932006e-07,5.056254e-06
-0.38,0.0408,3.529451e-06,77.48099,7.650721e-07,3.445493e-06
-0.38,0.0412,2.514883e-06,89.69982,1.318752e-08,2.5148e-06
-0.38,0.0416,3.870768e-06,100.2154,-6.864666e-07,3.809379e-06
-0.38,0.042,4.001135e-06,85.57523,3.087166e-07,3.98912e-06
-0.38,0.0424,3.593891e-06,75.73567,8.855201e-07,3.483066e-06
-0.38,0.0428,2.642735e-06,84.38756,2.584867e-07,2.630056e-06
-0.38,0.0432,4.158983e-06,94.9773,-3.608185e-07,4.14328e-06
-0.38,0.0436,3.987399e-06,96.69158,-4.646144e-07,3.960208e-06
-0.38,0.044,3.251479e-06,85.82362,2.367664e-07,3.242701e-06
-0.38,0.0444,2.399163e-06,60.04069,1.198103e-06,2.078566e-06
-0.38,0.0448,4.370905e-06,83.30753,5.093794e-07,4.34101e-06
-0.38,0.0452,2.713624e-06,88.02269,9.366497e-08,2.711998e-06
-0.38,0.0456,3.400487e-06,74.59095,9.035076e-07,3.278139e-06
-0.38,0.046,4.195466e-06,87.88324,1.54959e-07,4.192577e-06
-0.38,0.0464,4.431517e-06,82.28095,5.951877e-07,4.391245e-06
-0.38,0.0468,3.974061e-06,109.5183,-1.327754e-06,3.745688e-06
-0.38,0.0472,3.875048e-06,98.25987,-5.566868e-07,3.834826e-06
-0.38,0.0476,3.971194e-06,78.46671,7.939841e-07,3.890918e-06
-0.38,0.048,3.175506e-06,92.4918,-1.380387e-07,3.172483e-06
-0.38,0.0484,3.006789e-06,96.11557,-3.203172e-07,2.989539e-06
-0.38,0.0488,4.371592e-06,82.03212,6.05978e-07,4.329286e-06
-0.38,0.0492,3.529854e-06,62.28083,1.641802e-06,3.12465e-06
-0.38,0.0496,2.372274e-06,72.42074,7.164403e-07,2.261376e-06
-0.38,0.05,2.524551e-06,95.55167,-2.442374e-07,2.512671e-06
-0.38,0.0504,2.278603e-06,90.23198,-9.197741e-09,2.278564e-06
-0.38,0.0508,2.730315e-06,95.53331,-2.632867e-07,2.717463e-06
-0.38,0.0512,3.719575e-06,95.5049,-3.568232e-07,3.702381e-06
-0.38,0.0516,2.355622e-06,93.29513,-1.353789e-07,2.35171e-06
-0.38,0.052,3.175863e-06,83.91152,3.368295e-07,3.157826e-06
-0.38,0.0524,3.94345e-06,79.36316,7.278956e-07,3.875596e-06
-0.38,0.0528,3.253133e-06,64.28974,1.411294e-06,2.931179e-06
-0.38,0.0532,2.852199e-06,65.46683,1.184251e-06,2.594612e-06
-0.38,0.0536,3.178199e-06,70.4379,1.064199e-06,2.994736e-06
-0.38,0.054,3.73388e-06,75.51711,9.337551e-07,3.615109e-06
-0.38,0.0544,2.797471e-06,87.89548,1.027286e-07,2.795141e-06
-0.38,0.0548,2.915091e-06,96.22385,-3.160536e-07,2.897869e-06
-0.38,0.0552,2.721631e-06,74.41085,7.313601e-07,2.621395e-06
-0.38,0.0556,3.444772e-06,60.24656,1.709489e-06,2.990607e-06
-0.38,0.056,1.775773e-06,93.40747,-1.055281e-07,1.772643e-06
-0.38,0.0564,2.724755e-06,62.75949,1.247137e-06,2.422465e-06
-0.38,0.0568,2.951882e-06,92.25881,-1.16324e-07,2.949569e-06
-0.38,0.0572,2.690384e-06,72.72804,7.987786e-07,2.56903e-06
-0.38,0.0576,3.046743e-06,89.88473,6.124377e-09,3.046698e-06
-0.38,0.058,3.371156e-06,87.25696,1.613516e-07,3.367278e-06
-0.38,0.0584,2.680946e-06,71.77861,8.382182e-07,2.546377e-06
-0.38,0.0588,2.754801e-06,68.67728,1.00171e-06,2.566231e-06
-0.38,0.0592,3.62933e-06,92.11893,-1.341775e-07,3.626838e-06
-0.38,0.0596,2.468073e-06,100.4099,-4.459619e-07,2.426862e-06
-0.38,0.06,1.903971e-06,139.3446,-1.444341e-06,1.240342e-06
-0.38,0.0604,1.049498e-06,113.8691,-4.246439e-07,9.596049e-07
-0.38,0.0608,1.786625e-06,147.348,-1.504166e-06,9.638685e-07
-0.38,0.0612,1.579184e-06,106.6163,-4.51561e-07,1.513224e-06
-0.38,0.0616,1.139625e-06,136.1836,-8.222367e-07,7.889214e-07
-0.38,0.062,2.254938e-06,106.5088,-6.407629e-07,2.161977e-06
-0.38,0.0624,1.737775e-06,102.0425,-3.625508e-07,1.699492e-06
-0.38,0.0628,2.554016e-06,108.8439,-8.249022e-07,2.417664e-06
-0.38,0.0632,1.785216e-06,110.2902,-6.190426e-07,1.674313e-06
-0.38,0.0636,1.97182e-06,110.7387,-6.981901e-07,1.843929e-06
-0.38,0.064,2.132372e-06,123.9524,-1.190917e-06,1.768782e-06
-0.38,0.0644,1.323413e-06,102.7087,-2.91137e-07,1.290975e-06
-0.38,0.0648,2.186575e-06,115.0336,-9.252335e-07,1.981168e-06
-0.38,0.0652,3.38103e-06,121.6635,-1.774784e-06,2.877753e-06
-0.38,0.0656,1.29939e-06,78.46103,2.599507e-07,1.273121e-06
-0.38,0.066,2.745922e-06,118.2747,-1.300709e-06,2.418201e-06
-0.38,0.0664,2.346223e-06,99.36055,-3.816056e-07,2.314936e-06
-0.38,0.0668,2.420475e-06,95.54118,-2.337098e-07,2.409137e-06
-0.38,0.0672,1.930134e-06,115.1237,-8.194372e-07,1.747459e-06
-0.38,0.0676,2.522181e-06,152.8756,-2.244193e-06,1.149605e-06
-0.38,0.068,1.297216e-06,139.5273,-9.867902e-07,8.419509e-07
-0.38,0.0684,3.069732e-06,137.7475,-2.272171e-06,2.064043e-06
-0.38,0.0688,1.139648e-06,131.8765,-7.6068e-07,8.484777e-07
-0.38,0.0692,2.98394e-06,151.9516,-2.633392e-06,1.40303e-06
-0.38,0.0696,2.26617e-06,163.2682,-2.170108e-06,6.523467e-07
-0.38,0.07,3.005024e-06,179.8453,-3.005001e-06,8.124858e-09
-0.38,0.0704,2.275731e-06,161.108,-2.153053e-06,7.368251e-07
-0.38,0.0708,2.049487e-06,140.648,-1.584777e-06,1.299502e-06
-0.38,0.0712,2.428701e-06,165.1376,-2.346921e-06,6.226357e-07
-0.38,0.0716,3.610515e-06,152.8499,-3.212593e-06,1.64753e-06
-0.38,0.072,1.971239e-06,146.8295,-1.649932e-06,1.078454e-06
-0.38,0.0724,3.157082e-06,158.6746,-2.940913e-06,1.148141e-06
-0.38,0.0728,2.25866e-06,151.1049,-1.977441e-06,1.091379e-06
-0.38,0.0732,3.260007e-06,162.6428,-3.111463e-06,9.725298e-07
-0.38,0.0736,3.206413e-06,170.2583,-3.160094e-06,5.42555e-07
-0.38,0.074,4.645088e-06,-166.4783,-4.51623e-06,-1.086054e-06
-0.38,0.0744,3.829412e-06,-160.5795,-3.611387e-06,-1.273261e-06
-0.38,0.0748,3.576921e-06,-154.3964,-3.225652e-06,-1.54574e-06
-0.38,0.0752,4.342462e-06,-153.2218,-3.876669e-06,-1.956392e-06
-0.38,0.0756,4.828166e-06,-154.1315,-4.344346e-06,-2.106551e-06
-0.38,0.076,5.508916e-06,-144.3127,-4.474394e-06,-3.21366e-06
-0.38,0.0764,6.147354e-06,-148.0241,-5.214549e-06,-3.255363e-06
-0.38,0.0768,4.656739e-06,-154.3529,-4.197914e-06,-2.015551e-06
-0.38,0.0772,4.777992e-06,-152.3481,-4.232157e-06,-2.21741e-06
-0.38,0.0776,5.048319e-06,-153.9933,-4.537146e-06,-2.213548e-06
-0.38,0.078,4.771851e-06,-146.7191,-3.989126e-06,-2.618467e-06
-0.38,0.0784,6.345955e-06,-148.497,-5.410546e-06,-3.315987e-06
-0.38,0.0788,5.485301e-06,-150.8891,-4.792308e-06,-2.668568e-06
-0.38,0.0792,6.307477e-06,-148.3749,-5.37071e-06,-3.307325e-06
-0.38,0.0796,8.492678e-06,-143.4238,-6.820114e-06,-5.060657e-06
-0.38,0.08,7.727835e-06,-148.8745,-6.615316e-06,-3.994585e-06
-0.38,0.0804,7.964886e-06,-141.1044,-6.198937e-06,-5.000961e-06
-0.38,0.0808,9.979074e-06,-136.1749,-7.199451e-06,-6.910052e-06
-0.38,0.0812,1.119504e-05,-140.5049,-8.638992e-06,-7.120169e-06
-0.38,0.0816,1.29741e-05,-135.7791,-9.298006e-06,-9.048443e-06
-0.38,0.082,1.529249e-05,-136.5844,-1.110822e-05,-1.051024e-05
-0.38,0.0824,1.72025e-05,-134.0599,-1.19627e-05,-1.236189e-05
-0.38,0.0828,1.914027e-05,-131.38,-1.265263e-05,-1.436172e-05
-0.38,0.0832,1.994957e-05,-130.6413,-1.299359e-05,-1.513772e-05
-0.38,0.0836,1.871083e-05,-132.5894,-1.266236e-05,-1.377532e-05
-0.38,0.084,2.050294e-05,-131.347,-1.354455e-05,-1.539195e-05
-0.38,0.0844,2.17637e-05,-130.9255,-1.425659e-05,-1.644349e-05
-0.38,0.0848,2.251429e-05,-130.4001,-1.459196e-05,-1.714541e-05
-0.38,0.0852,2.34264e-05,-130.9414,-1.535104e-05,-1.769582e-05
-0.38,0.0856,2.432984e-05,-129.3481,-1.542579e-05,-1.881439e-05
-0.38,0.086,2.751353e-05,-129.4358,-1.747691e-05,-2.125032e-05
-0.38,0.0864,3.010516e-05,-127.0639,-1.814459e-05,-2.402281e-05
-0.38,0.0868,3.108032e-05,-127.0581,-1.872978e-05,-2.480281e-05
-0.38,0.0872,3.544388e-05,-125.4834,-2.057398e-05,-2.886135e-05
-0.38,0.0876,3.965692e-05,-124.1593,-2.226721e-05,-3.281529e-05
-0.38,0.088,4.255449e-05,-123.0658,-2.321789e-05,-3.566253e-05
-0.38,0.0884,4.299543e-05,-122.0847,-2.283802e-05,-3.642841e-05
-0.38,0.0888,4.77095e-05,-120.8063,-2.443386e-05,-4.097781e-05
-0.38,0.0892,5.497417e-05,-120.1914,-2.764591e-05,-4.751691e-05
-0.38,0.0896,5.769095e-05,-120.0311,-2.887267e-05,-4.994617e-05
-0.38,0.09,6.022439e-05,-118.5389,-2.87726e-05,-5.290667e-05
-0.38,0.0904,6.805363e-05,-117.8109,-3.175082e-05,-6.019286e-05
-0.38,0.0908,7.51589e-05,-116.4989,-3.353453e-05,-6.726293e-05
-0.38,0.0912,8.042979e-05,-115.4059,-3.45068e-05,-7.265149e-05
-0.38,0.0916,8.086173e-05,-116.0416,-3.550038e-05,-7.265229e-05
-0.38,0.092,8.309816e-05,-115.5235,-3.58055e-05,-7.498855e-05
-0.38,0.0924,8.840413e-05,-115.4109,-3.793497e-05,-7.985134e-05
-0.38,0.0928,8.992647e-05,-114.742,-3.763731e-05,-8.167142e-05
-0.38,0.0932,9.155995e-05,-115.3512,-3.92029e-05,-8.274282e-05
-0.38,0.0936,9.302008e-05,-114.3948,-3.841957e-05,-8.471586e-05
-0.38,0.094,9.830335e-05,-114.0555,-4.007057e-05,-8.976585e-05
-0.38,0.0944,0.0001012262,-113.9701,-4.112424e-05,-9.249638e-05
-0.38,0.0948,0.0001020509,-113.3298,-4.04146e-05,-9.370728e-05
-0.38,0.0952,0.0001029588,-113.6612,-4.132037e-05,-9.430366e-05
-0.38,0.0956,0.0001076119,-112.9591,-4.197672e-05,-9.908744e-05
-0.38,0.096,0.0001098113,-112.9807,-4.287278e-05,-0.0001010963
-0.38,0.0964,0.0001104978,-112.8604,-4.292714e-05,-0.0001018187
-0.38,0.0968,0.0001088024,-112.679,-4.195088e-05,-0.0001003898
-0.38,0.0972,0.0001064246,-112.9542,-4.150531e-05,-9.799766e-05
-0.38,0.0976,0.0001032774,-113.6137,-4.136981e-05,-9.462971e-05
-0.38,0.098,0.0001021318,-113.6963,-4.104577e-05,-9.3521e-05
-0.38,0.0984,0.0001014227,-113.3738,-4.023739e-05,-9.309969e-05
-0.38,0.0988,9.829873e-05,-113.8796,-3.979302e-05,-8.988417e-05
-0.38,0.0992,9.490051e-05,-113.9711,-3.855588e-05,-8.671542e-05
-0.38,0.0996,9.383685e-05,-115.0502,-3.973187e-05,-8.501032e-05
-0.38,0.1,9.253171e-05,-114.2768,-3.80441e-05,-8.434918e-05
-0.38,0.1004,8.634844e-05,-115.9289,-3.775643e-05,-7.765645e-05
-0.38,0.1008,7.69208e-05,-116.5536,-3.438634e-05,-6.880694e-05
-0.38,0.1012,7.169305e-05,-117.9134,-3.356184e-05,-6.335242e-05
-0.38,0.1016,6.770918e-05,-118.1435,-3.193723e-05,-5.970387e-05
-0.38,0.102,5.769366e-05,-119.099,-2.805763e-05,-5.041159e-05
-0.38,0.1024,4.915034e-05,-122.8018,-2.662649e-05,-4.131331e-05
-0.38,0.1028,4.299063e-05,-122.8371,-2.331116e-05,-3.612155e-05
-0.38,0.1032,4.209599e-05,-122.0019,-2.230865e-05,-3.569864e-05
-0.38,0.1036,4.065938e-05,-124.7269,-2.316233e-05,-3.341701e-05
-0.38,0.104,3.835068e-05,-124.4664,-2.17036e-05,-3.161852e-05
-0.38,0.1044,3.710562e-05,-125.8782,-2.174624e-05,-3.006532e-05
-0.38,0.1048,4.038278e-05,-128.4118,-2.509021e-05,-3.16425e-05
-0.38,0.1052,4.043544e-05,-126.445,-2.402067e-05,-3.252736e-05
-0.38,0.1056,4.183666e-05,-125.5307,-2.431301e-05,-3.404684e-05
-0.38,0.106,4.314344e-05,-125.268,-2.491113e-05,-3.522484e-05
-0.38,0.1064,4.407331e-05,-125.7926,-2.57764e-05,-3.574954e-05
-0.38,0.1068,4.292716e-05,-123.7519,-2.385026e-05,-3.569185e-05
-0.38,0.1072,4.330443e-05,-123.9131,-2.416111e-05,-3.593768e-05
-0.38,0.1076,4.432818e-05,-125.0325,-2.544623e-05,-3.629703e-05
-0.38,0.108,4.424507e-05,-125.0368,-2.540119e-05,-3.622708e-05
-0.38,0.1084,4.403482e-05,-123.4137,-2.424919e-05,-3.675658e-05
-0.38,0.1088,4.270039e-05,-125.685,-2.490846e-05,-3.468281e-05
-0.38,0.1092,4.080254e-05,-126.5498,-2.429875e-05,-3.277825e-05
-0.38,0.1096,4.269691e-05,-126.7648,-2.555548e-05,-3.420447e-05
-0.38,0.11,4.254681e-05,-125.8639,-2.492658e-05,-3.448041e-05
-0.38,0.1104,4.460099e-05,-126.1915,-2.633628e-05,-3.599511e-05
-0.38,0.1108,4.467607e-05,-125.7829,-2.612283e-05,-3.624294e-05
-0.38,0.1112,4.379081e-05,-124.0725,-2.453339e-05,-3.627318e-05
-0.38,0.1116,4.399267e-05,-125.8271,-2.575069e-05,-3.56684e-05
-0.38,0.112,4.448672e-05,-125.6394,-2.592163e-05,-3.615433e-05
-0.38,0.1124,4.348882e-05,-125.0373,-2.496736e-05,-3.560764e-05
-0.38,0.1128,4.197361e-05,-128.4552,-2.610351e-05,-3.286925e-05
-0.38,0.1132,4.077412e-05,-125.9624,-2.394473e-05,-3.300263e-05
-0.38,0.1136,3.707364e-05,-129.7584,-2.371049e-05,-2.850026e-05
-0.38,0.114,3.306825e-05,-133.2092,-2.264069e-05,-2.410208e-05
-0.38,0.1144,2.902781e-05,-134.0045,-2.016599e-05,-2.087924e-05
-0.38,0.1148,2.705669e-05,-134.6563,-1.901678e-05,-1.924636e-05
-0.38,0.1152,2.272723e-05,-139.6412,-1.731822e-05,-1.471748e-05
-0.38,0.1156,1.628909e-05,-142.9236,-1.299599e-05,-9.820315e-06
-0.38,0.116,1.526606e-05,-144.432,-1.241786e-05,-8.87976e-06
-0.38,0.1164,1.268407e-05,-145.6024,-1.046613e-05,-7.165605e-06
-0.38,0.1168,1.029645e-05,-142.8046,-8.201826e-06,-6.224518e-06
-0.38,0.1172,7.494773e-06,-147.5802,-6.326582e-06,-4.018038e-06
-0.38,0.1176,5.837436e-06,-156.3347,-5.346458e-06,-2.34306e-06
-0.38,0.118,5.401236e-06,-158.5662,-5.02761e-06,-1.973709e-06
-0.38,0.1184,5.262846e-06,-146.6721,-4.397246e-06,-2.891482e-06
-0.38,0.1188,3.024073e-06,-161.6417,-2.870159e-06,-9.524133e-07
-0.38,0.1192,2.228932e-06,157.8678,-2.06458e-06,8.396878e-07
-0.38,0.1196,3.219667e-06,160.3006,-3.031119e-06,1.085249e-06
-0.38,0.12,1.818727e-06,147.7288,-1.537878e-06,9.710602e-07
-0.38,0.1204,1.492884e-06,112.1819,-5.636159e-07,1.382376e-06
-0.38,0.1208,9.669419e-07,115.0983,-4.101209e-07,8.75663e-07
-0.38,0.1212,2.648346e-06,84.68524,2.452936e-07,2.636851e-06
-0.38,0.1216,2.456529e-06,118.1956,-1.16067e-06,2.16504e-06
-0.38,0.122,3.074862e-06,121.9153,-1.625552e-06,2.610068e-06
-0.38,0.1224,3.191744e-06,93.69334,-2.055969e-07,3.185005e-06
-0.38,0.1228,2.495488e-06,93.51763,-1.530982e-07,2.490682e-06
-0.38,0.1232,2.37243e-06,88.60668,5.768984e-08,2.371698e-06
-0.38,0.1236,1.519728e-06,109.9756,-5.191136e-07,1.428214e-06
-0.38,0.124,2.901133e-06,102.3559,-6.207749e-07,2.833915e-06
-0.38,0.1244,3.75878e-06,96.3904,-4.183799e-07,3.735294e-06
-0.38,0.1248,3.751907e-06,90.39721,-2.598389e-08,3.751818e-06
-0.38,0.1252,2.781847e-06,96.54908,-3.172494e-07,2.763697e-06
-0.38,0.1256,3.144202e-06,88.25524,9.579956e-08,3.142766e-06
-0.38,0.126,3.598406e-06,92.10932,-1.324452e-07,3.595925e-06
-0.38,0.1264,3.381751e-06,81.01013,5.284342e-07,3.340099e-06
-0.38,0.1268,3.795051e-06,89.06479,6.195344e-08,3.794454e-06
-0.38,0.1272,3.360142e-06,88.11405,1.105852e-07,3.35822e-06
-0.38,0.1276,3.605363e-06,69.73993,1.248473e-06,3.382204e-06
-0.38,0.128,2.227608e-06,71.03675,7.239002e-07,2.106679e-06
-0.38,0.1284,3.644429e-06,81.76679,5.219075e-07,3.60685e-06
-0.38,0.1288,3.04172e-06,68.64143,1.107769e-06,2.832714e-06
-0.38,0.1292,2.102376e-06,83.88704,2.238415e-07,2.09029e-06
-0.38,0.1296,4.043094e-06,88.32866,1.179166e-07,4.041351e-06
-0.38,0.13,4.464732e-06,94.85512,-3.778785e-07,4.448672e-06
-0.38,0.1304,4.601519e-06,68.51226,1.685505e-06,4.281587e-06
-0.38,0.1308,3.93684e-06,76.99753,8.857883e-07,3.835894e-06
-0.38,0.1312,3.841828e-06,59.10054,1.972904e-06,3.296529e-06
-0.38,0.1316,3.690239e-06,96.8013,-4.37038e-07,3.664143e-06
-0.38,0.132,3.959979e-06,102.6824,-8.694045e-07,3.863342e-06
-0.38,0.1324,2.457059e-06,74.8965,6.402209e-07,2.3721e-06
-0.38,0.1328,3.61759e-06,94.35821,-2.748817e-07,3.607118e-06
-0.38,0.1332,3.877021e-06,89.7243,1.865252e-08,3.876931e-06
-0.38,0.1336,3.502612e-06,95.03718,-3.075264e-07,3.489062e-06
-0.38,0.134,3.442252e-06,71.82669,1.073526e-06,3.270411e-06
-0.38,0.1344,3.252184e-06,90.62233,-3.531016e-08,3.251893e-06
-0.38,0.1348,3.532346e-06,74.01175,9.727925e-07,3.395397e-06
-0.38,0.1352,2.803288e-06,79.35354,5.179066e-07,2.755036e-06
-0.38,0.1356,3.041591e-06,91.80769,-9.526871e-08,3.039775e-06
-0.38,0.136,2.529233e-06,89.0613,4.143454e-08,2.528792e-06
-0.38,0.1364,3.376521e-06,79.98474,5.871914e-07,3.325045e-06
-0.38,0.1368,3.801321e-06,73.32503,1.090714e-06,3.641361e-06
-0.38,0.1372,3.438776e-06,77.51422,7.434859e-07,3.357421e-06
-0.38,0.1376,4.079913e-06,83.5532,4.580821e-07,4.054008e-06
-0.38,0.138,5.41567e-06,69.18958,1.924004e-06,5.06225e-06
-0.38,0.1384,3.965148e-06,63.76083,1.753058e-06,3.556486e-06
-0.38,0.1388,3.907961e-06,83.07498,4.711411e-07,3.879329e-06
-0.38,0.1392,5.3624e-06,63.29485,2.409808e-06,4.790302e-06
-0.38,0.1396,3.753326e-06,65.8598,1.534407e-06,3.42484e-06
-0.38,0.14,3.85534e-06,56.65166,2.119341e-06,3.22045e-06
-0.38,0.1404,3.946306e-06,60.68806,1.931866e-06,3.440961e-06
-0.38,0.1408,4.048498e-06,62.62135,1.861782e-06,3.594992e-06
-0.38,0.1412,4.947083e-06,63.41855,2.213671e-06,4.424152e-06
-0.38,0.1416,3.679867e-06,69.3688,1.296574e-06,3.44376e-06
-0.38,0.142,3.005521e-06,77.95002,6.274301e-07,2.939175e-06
-0.38,0.1424,2.520471e-06,93.37381,-1.482982e-07,2.516001e-06
-0.38,0.1428,4.226518e-06,85.73489,3.143157e-07,4.2147e-06
-0.38,0.1432,4.534693e-06,64.08495,1.981833e-06,4.078656e-06
-0.38,0.1436,2.868466e-06,68.38746,1.056471e-06,2.666696e-06
-0.38,0.144,2.588057e-06,69.5253,9.05374e-07,2.424728e-06
-0.38,0.1444,2.463843e-06,84.5917,2.322401e-07,2.452841e-06
-0.38,0.1448,4.211682e-06,106.0992,-1.167867e-06,4.046414e-06
-0.38,0.1452,3.095347e-06,97.63664,-4.113223e-07,3.067888e-06
-0.38,0.1456,3.438927e-06,73.1104,9.990446e-07,3.290534e-06
-0.38,0.146,4.301816e-06,71.64484,1.354666e-06,4.08292e-06
-0.38,0.1464,3.664758e-06,68.91507,1.318423e-06,3.41938e-06
-0.38,0.1468,3.936247e-06,66.206,1.588102e-06,3.601653e-06
-0.38,0.1472,5.378728e-06,64.93222,2.278827e-06,4.871981e-06
-0.38,0.1476,4.222512e-06,64.81988,1.796493e-06,3.821237e-06
-0.38,0.148,3.975961e-06,65.14292,1.671245e-06,3.607515e-06
-0.38,0.1484,4.104036e-06,87.24822,1.970641e-07,4.099309e-06
-0.38,0.1488,3.741826e-06,81.19196,5.729366e-07,3.697587e-06
-0.38,0.1492,2.077404e-06,67.8145,7.843896e-07,1.923473e-06
-0.38,0.1496,2.858972e-06,106.0826,-7.919892e-07,2.74704e-06
-0.38,0.15,1.554122e-06,107.1381,-4.579536e-07,1.485111e-06
-0.38,0.1504,2.02866e-06,110.1066,-6.973911e-07,1.904955e-06
-0.38,0.1508,2.500819e-06,98.93522,-3.884006e-07,2.470431e-06
-0.38,0.1512,2.405952e-06,99.60272,-4.013255e-07,2.372229e-06
-0.38,0.1516,2.650748e-06,102.8984,-5.917288e-07,2.583822e-06
-0.38,0.152,2.987986e-06,107.862,-9.16304e-07,2.843376e-06
-0.38,0.1524,2.339422e-06,82.84113,2.915281e-07,2.321066e-06
-0.38,0.1528,3.063289e-06,88.97562,5.476176e-08,3.062691e-06
-0.38,0.1532,3.038451e-06,91.92266,-1.019351e-07,3.036707e-06
-0.38,0.1536,3.062669e-06,88.62635,7.341429e-08,3.061758e-06
-0.38,0.154,2.955615e-06,73.287,8.499473e-07,2.830317e-06
-0.38,0.1544,2.973686e-06,96.37772,-3.303084e-07,2.955162e-06
-0.38,0.1548,3.073291e-06,100.4209,-5.558878e-07,3.022586e-06
-0.38,0.1552,2.540029e-06,90.21974,-9.728595e-09,2.539984e-06
-0.38,0.1556,1.818576e-06,106.6574,-5.212426e-07,1.742267e-06
-0.38,0.156,3.509731e-06,109.4545,-1.168934e-06,3.30932e-06
-0.38,0.1564,3.758065e-06,92.71505,-1.780148e-07,3.753812e-06
-0.38,0.1568,2.731673e-06,88.75618,5.928799e-08,2.730919e-06
-0.38,0.1572,2.258755e-06,80.24746,3.825332e-07,2.225534e-06
-0.38,0.1576,2.377817e-06,82.04218,3.292355e-07,2.354912e-06
-0.38,0.158,3.143616e-06,96.40745,-3.508273e-07,3.123845e-06
-0.38,0.1584,3.549909e-06,83.00242,4.325006e-07,3.523439e-06
-0.38,0.1588,1.746715e-06,82.83195,2.179797e-07,1.73307e-06
-0.38,0.1592,3.189107e-06,76.4661,7.462855e-07,3.100533e-06
-0.38,0.1596,2.830557e-06,98.89806,-4.37837e-07,2.796342e-06
-0.38,0.16,2.476433e-06,76.77372,5.665384e-07,2.410607e-06
-0.38,0.1604,3.103746e-06,102.8892,-6.923284e-07,3.025515e-06
-0.38,0.1608,3.072503e-06,82.96832,3.761406e-07,3.049364e-06
-0.38,0.1612,3.765508e-06,88.47117,1.004599e-07,3.764072e-06
-0.38,0.1616,3.193672e-06,76.65888,7.369592e-07,3.107462e-06
-0.38,0.162,2.227535e-06,101.3852,-4.396978e-07,2.183692e-06
-0.38,0.1624,3.441469e-06,71.61337,1.085517e-06,3.265751e-06
-0.38,0.1628,3.163654e-06,94.13309,-2.279765e-07,3.155428e-06
-0.38,0.1632,3.094822e-06,84.00507,3.232397e-07,3.077879e-06
-0.38,0.1636,3.848729e-06,102.543,-8.358266e-07,3.756746e-06
-0.38,0.164,3.095895e-06,96.06617,-3.271121e-07,3.078147e-06
-0.38,0.1644,2.8389e-06,108.5182,-9.016469e-07,2.691881e-06
-0.38,0.1648,3.121247e-06,91.24775,-6.795488e-08,3.120386e-06
-0.38,0.1652,3.03887e-06,62.2157,1.416491e-06,2.688417e-06
-0.38,0.1656,2.825254e-06,87.63976,1.163184e-07,2.822723e-06
-0.38,0.166,2.579787e-06,105.1096,-6.724745e-07,2.490548e-06
-0.38,0.1664,2.823147e-06,90.3382,-1.665763e-08,2.822991e-06
-0.38,0.1668,3.375124e-06,86.53045,2.042558e-07,3.369413e-06
-0.38,0.1672,3.477087e-06,77.27554,7.658712e-07,3.391664e-06
-0.38,0.1676,2.286348e-06,101.1806,-4.432965e-07,2.242852e-06
-0.38,0.168,2.816129e-06,63.80584,1.242874e-06,2.526523e-06
-0.38,0.1684,2.285465e-06,95.35584,-2.13325e-07,2.275368e-06
-0.38,0.1688,3.068631e-06,86.12306,2.074521e-07,3.06149e-06
-0.38,0.1692,2.672916e-06,96.73311,-3.133881e-07,2.654436e-06
-0.38,0.1696,3.962455e-06,96.7471,-4.655476e-07,3.93489e-06
-0.38,0.17,2.751415e-06,110.8064,-9.773299e-07,2.571959e-06
-0.38,0.1704,3.380583e-06,87.41071,1.526903e-07,3.377007e-06
-0.38,0.1708,2.904536e-06,103.5199,-6.790012e-07,2.823919e-06
-0.38,0.1712,3.371413e-06,96.68634,-3.925301e-07,3.348357e-06
-0.38,0.1716,2.862727e-06,102.5461,-6.218422e-07,2.794342e-06
-0.38,0.172,2.777706e-06,115.8763,-1.212235e-06,2.499075e-06
-0.38,0.1724,2.310259e-06,113.9858,-9.390916e-07,2.11068e-06
-0.38,0.1728,2.342926e-06,88.91267,4.450231e-08,2.342518e-06
-0.38,0.1732,3.027582e-06,112.7095,-1.1688e-06,2.792743e-06
-0.38,0.1736,3.746811e-06,119.8399,-1.864319e-06,3.250027e-06
-0.38,0.174,3.984538e-06,93.42845,-2.382416e-07,3.977397e-06
-0.38,0.1744,3.105103e-06,93.4914,-1.890733e-07,3.099331e-06
-0.38,0.1748,1.56941e-06,81.52942,2.311728e-07,1.552261e-06
-0.38,0.1752,1.623362e-06,109.4659,-5.409624e-07,1.530546e-06
-0.38,0.1756,1.9358e-06,109.9668,-6.610136e-07,1.819415e-06
-0.38,0.176,2.393458e-06,106.9467,-6.976537e-07,2.289488e-06
-0.38,0.1764,3.361769e-06,107.3244,-1.001045e-06,3.209257e-06
-0.38,0.1768,2.13691e-06,110.316,-7.418934e-07,2.003816e-06
-0.38,0.1772,3.806613e-06,90.74386,-4.943646e-08,3.806177e-06
-0.38,0.1776,3.140179e-06,116.3493,-1.393709e-06,2.813793e-06
-0.38,0.178,2.10588e-06,66.67448,8.338261e-07,1.933733e-06
-0.38,0.1784,2.095185e-06,73.33378,6.009154e-07,2.007147e-06
-0.38,0.1788,2.508228e-06,108.3271,-7.886588e-07,2.381024e-06
-0.38,0.1792,2.637824e-06,71.36985,8.426159e-07,2.499477e-06
-0.38,0.1796,3.246657e-06,108.916,-1.052476e-06,3.071218e-06
-0.38,0.18,2.052247e-06,117.275,-9.404215e-07,1.823941e-06
-0.38,0.1804,1.997211e-06,109.7334,-6.743408e-07,1.879904e-06
-0.38,0.1808,2.768933e-06,118.2843,-1.312036e-06,2.438317e-06
-0.38,0.1812,1.371558e-06,79.77143,2.435613e-07,1.349737e-06
-0.38,0.1816,2.641048e-06,91.55242,-7.155351e-08,2.640048e-06
-0.38,0.182,2.539582e-06,99.33913,-4.121214e-07,2.505876e-06
-0.38,0.1824,2.142688e-06,86.26294,1.396369e-07,2.137994e-06
-0.38,0.1828,2.428935e-06,91.51527,-6.422773e-08,2.428058e-06
-0.38,0.1832,1.368474e-06,111.1102,-4.928614e-07,1.276586e-06
-0.38,0.1836,1.817755e-06,95.16439,-1.636259e-07,1.810351e-06
-0.38,0.184,2.831568e-06,107.7029,-8.610114e-07,2.697475e-06
-0.38,0.1844,2.054728e-06,96.12868,-2.193208e-07,2.042993e-06
-0.38,0.1848,2.989059e-06,108.5291,-9.498819e-07,2.834049e-06
-0.38,0.1852,2.980258e-06,97.3359,-3.805384e-07,2.955833e-06
-0.38,0.1856,2.001184e-06,90.74735,-2.611801e-08,2.000888e-06
-0.38,0.186,3.374744e-06,99.07292,-5.321726e-07,3.33237e-06
-0.38,0.1864,3.225104e-06,98.65635,-4.854016e-07,3.188336e-06
-0.38,0.1868,2.619165e-06,113.7196,-1.053543e-06,2.397816e-06
-0.38,0.1872,2.786289e-06,92.06648,-1.004654e-07,2.78435e-06
-0.38,0.1876,1.290047e-06,95.58402,-1.255162e-07,1.283911e-06
-0.38,0.188,3.012467e-06,89.79468,1.07903e-08,3.012327e-06
-0.38,0.1884,1.799343e-06,77.85604,3.785379e-07,1.759054e-06
-0.38,0.1888,3.63213e-06,111.2457,-1.316165e-06,3.385266e-06
-0.38,0.1892,3.109568e-06,130.8314,-2.033136e-06,2.352777e-06
-0.38,0.1896,2.717273e-06,103.1082,-6.162431e-07,2.646446e-06
-0.38,0.19,1.677621e-06,98.73022,-2.546254e-07,1.658191e-06
-0.38,0.1904,2.5484e-06,107.6693,-7.734708e-07,2.428192e-06
-0.38,0.1908,3.385048e-06,94.43351,-2.616886e-07,3.374878e-06
-0.38,0.1912,3.051867e-06,97.05963,-3.750789e-07,3.028582e-06
-0.38,0.1916,1.561425e-06,108.2362,-4.885978e-07,1.482976e-06
-0.38,0.192,2.222919e-06,89.73872,1.012533e-08,2.222869e-06
-0.38,0.1924,3.843152e-06,96.59935,-4.415642e-07,3.816973e-06
-0.38,0.1928,3.46757e-06,82.0413,4.800651e-07,3.433501e-06
-0.38,0.1932,2.949927e-06,105.2923,-7.780026e-07,2.845371e-06
-0.38,0.1936,1.581966e-06,120.3382,-7.990524e-07,1.365322e-06
-0.38,0.194,2.035992e-06,91.19922,-4.264153e-08,2.035399e-06
-0.38,0.1944,3.534816e-06,83.09858,4.247725e-07,3.509184e-06
-0.38,0.1948,3.499807e-06,113.3919,-1.389445e-06,3.212185e-06
-0.38,0.1952,2.553284e-06,118.2708,-1.209301e-06,2.248719e-06
-0.38,0.1956,3.582403e-06,122.3419,-1.916415e-06,3.026582e-06
-0.38,0.196,3.652542e-06,101.3397,-7.181782e-07,3.581134e-06
-0.38,0.1964,2.694658e-06,106.3829,-7.600151e-07,2.585152e-06
-0.38,0.1968,2.041948e-06,96.90753,-2.455674e-07,2.027001e-06
-0.38,0.1972,3.115475e-06,85.41043,2.492945e-07,3.105461e-06
-0.38,0.1976,2.278547e-06,75.99925,5.512163e-07,2.210743e-06
-0.38,0.198,2.079376e-06,109.6276,-6.984584e-07,1.958515e-06
-0.38,0.1984,2.936923e-06,100.0939,-5.147159e-07,2.891477e-06
-0.38,0.1988,2.783942e-06,90.14237,-6.929039e-09,2.783814e-06
-0.38,0.1992,2.441346e-06,81.38998,3.654789e-07,2.413803e-06
-0.38,0.1996,2.126337e-06,77.35991,4.652794e-07,2.074705e-06
-0.38,0.2,1.389333e-06,96.20287,-1.501645e-07,1.381449e-06
-0.37,0.0,3.570981e-06,142.1631,-2.820197e-06,2.190493e-06
-0.37,0.0004,4.760786e-06,122.504,-2.557978e-06,4.01497e-06
-0.37,0.0008,3.838632e-06,128.8356,-2.407148e-06,2.990076e-06
-0.37,0.0012,3.068782e-06,119.9614,-1.532547e-06,2.658566e-06
-0.37,0.0016,3.072459e-06,111.8121,-1.141615e-06,2.852434e-06
-0.37,0.002,2.561772e-06,100.3072,-4.583559e-07,2.520399e-06
-0.37,0.0024,2.671636e-06,100.0589,-4.666149e-07,2.630453e-06
-0.37,0.0028,3.86708e-06,112.818,-1.499639e-06,3.564342e-06
-0.37,0.0032,2.494962e-06,119.3377,-1.22236e-06,2.174902e-06
-0.37,0.0036,1.813916e-06,111.0071,-6.502233e-07,1.693233e-06
-0.37,0.004,4.259118e-06,105.7862,-1.158675e-06,4.098376e-06
-0.37,0.0044,3.985539e-06,106.0944,-1.104841e-06,3.829227e-06
-0.37,0.0048,1.654246e-06,110.1022,-5.685444e-07,1.553328e-06
-0.37,0.0052,2.663863e-06,99.68752,-4.48225e-07,2.625793e-06
-0.37,0.0056,3.869198e-06,105.2315,-1.016501e-06,3.733159e-06
-0.37,0.006,2.765396e-06,100.3649,-4.975274e-07,2.720257e-06
-0.37,0.0064,3.118146e-06,109.3942,-1.035422e-06,2.941176e-06
-0.37,0.0068,3.931777e-06,113.1755,-1.547338e-06,3.614444e-06
-0.37,0.0072,3.898696e-06,104.7919,-9.954515e-07,3.76914e-06
-0.37,0.0076,3.851411e-06,99.10308,-6.093196e-07,3.802713e-06
-0.37,0.008,3.59592e-06,88.09787,1.193806e-07,3.593925e-06
-0.37,0.0084,4.524523e-06,98.14337,-6.40897e-07,4.47878e-06
-0.37,0.0088,4.072481e-06,107.6793,-1.236749e-06,3.880128e-06
-0.37,0.0092,2.189738e-06,104.0051,-5.299039e-07,2.124538e-06
-0.37,0.0096,4.270227e-06,99.81285,-7.277671e-07,4.207637e-06
-0.37,0.01,3.257341e-06,133.634,-2.247657e-06,2.357443e-06
-0.37,0.0104,2.895668e-06,103.6213,-6.819348e-07,2.814196e-06
-0.37,0.0108,2.549311e-06,118.5156,-1.217029e-06,2.240058e-06
-0.37,0.0112,3.236269e-06,110.9616,-1.157741e-06,3.02205e-06
-0.37,0.0116,3.966836e-06,87.70533,1.588203e-07,3.963539e-06
-0.37,0.012,2.441575e-06,86.38009,1.541599e-07,2.436585e-06
-0.37,0.0124,2.462865e-06,125.7812,-1.439943e-06,1.997955e-06
-0.37,0.0128,2.774219e-06,123.0707,-1.51376e-06,2.324664e-06
-0.37,0.0132,2.182368e-06,92.27499,-8.660741e-08,2.18063e-06
-0.37,0.0136,2.797102e-06,102.0093,-5.820002e-07,2.735847e-06
-0.37,0.014,2.942964e-06,100.0886,-5.155149e-07,2.897338e-06
-0.37,0.0144,3.853445e-06,97.36868,-4.94197e-07,3.821499e-06
-0.37,0.0148,3.00589e-06,100.218,-5.332343e-07,2.958096e-06
-0.37,0.0152,4.606364e-06,90.3382,-2.71853e-08,4.606029e-06
-0.37,0.0156,3.233145e-06,111.4717,-1.183457e-06,3.008728e-06
-0.37,0.016,3.212654e-06,73.17466,9.298883e-07,3.075079e-06
-0.37,0.0164,2.934325e-06,96.4446,-3.293752e-07,2.915723e-06
-0.37,0.0168,2.67723e-06,103.0767,-6.05721e-07,2.607805e-06
-0.37,0.0172,3.008577e-06,120.1009,-1.508831e-06,2.602742e-06
-0.37,0.0176,2.375302e-06,91.91261,-7.928162e-08,2.373961e-06
-0.37,0.018,4.20054e-06,94.81818,-3.528278e-07,4.185654e-06
-0.37,0.0184,4.19959e-06,111.1478,-1.515096e-06,3.916634e-06
-0.37,0.0188,3.491498e-06,116.0853,-1.535212e-06,3.135837e-06
-0.37,0.0192,3.739731e-06,103.7939,-8.916556e-07,3.631766e-06
-0.37,0.0196,2.15592e-06,121.8781,-1.138553e-06,1.830736e-06
-0.37,0.02,1.528182e-06,112.891,-5.943942e-07,1.407695e-06
-0.37,0.0204,4.041016e-06,123.8903,-2.253251e-06,3.354487e-06
-0.37,0.0208,3.553558e-06,110.09,-1.220628e-06,3.337299e-06
-0.37,0.0212,2.998586e-06,114.3513,-1.236487e-06,2.73212e-06
-0.37,0.0216,3.485402e-06,103.9229,-8.386261e-07,3.383003e-06
-0.37,0.022,2.41501e-06,91.81119,-7.634796e-08,2.413669e-06
-0.37,0.0224,2.872243e-06,112.0429,-1.077929e-06,2.662165e-06
-0.37,0.0228,3.791062e-06,119.6799,-1.87711e-06,3.293596e-06
-0.37,0.0232,3.392888e-06,115.524,-1.461932e-06,3.061624e-06
-0.37,0.0236,2.299206e-06,112.9736,-8.973833e-07,2.11681e-06
-0.37,0.024,2.838375e-06,145.3167,-2.333996e-06,1.615153e-06
-0.37,0.0244,3.557542e-06,84.64022,3.323033e-07,3.541963e-06
-0.37,0.0248,3.785032e-06,82.69513,4.812665e-07,3.754215e-06
-0.37,0.0252,3.408674e-06,97.56976,-4.490297e-07,3.378873e-06
-0.37,0.0256,2.239476e-06,86.01203,1.557581e-07,2.233928e-06
-0.37,0.026,2.719447e-06,72.09028,8.362233e-07,2.587549e-06
-0.37,0.0264,3.785999e-06,126.3795,-2.245523e-06,3.048034e-06
-0.37,0.0268,4.010265e-06,100.9598,-7.624123e-07,3.937024e-06
-0.37,0.0272,3.30404e-06,107.4892,-9.929202e-07,3.151293e-06
-0.37,0.0276,3.70622e-06,90.45535,-2.944841e-08,3.70598e-06
-0.37,0.028,3.344351e-06,100.8623,-6.302352e-07,3.284404e-06
-0.37,0.0284,3.31402e-06,109.2665,-1.093519e-06,3.128377e-06
-0.37,0.0288,3.453226e-06,91.81731,-1.095291e-07,3.451354e-06
-0.37,0.0292,4.266964e-06,96.21664,-4.620831e-07,4.241745e-06
-0.37,0.0296,3.58271e-06,94.15713,-2.596881e-07,3.573272e-06
-0.37,0.03,3.446454e-06,97.13569,-4.281084e-07,3.419643e-06
-0.37,0.0304,3.557335e-06,87.40896,1.608207e-07,3.553686e-06
-0.37,0.0308,3.248875e-06,100.5039,-5.922596e-07,3.194332e-06
-0.37,0.0312,2.394396e-06,93.98272,-1.662857e-07,2.388618e-06
-0.37,0.0316,4.079259e-06,73.31017,1.17146e-06,3.907307e-06
-0.37,0.032,2.912236e-06,70.47374,9.733289e-07,2.744643e-06
-0.37,0.0324,2.853736e-06,86.97545,1.505613e-07,2.849634e-06
-0.37,0.0328,3.258923e-06,85.45283,2.583526e-07,3.248563e-06
-0.37,0.0332,2.582984e-06,95.22734,-2.353079e-07,2.572227e-06
-0.37,0.0336,5.164531e-06,80.493,8.530095e-07,5.093559e-06
-0.37,0.034,5.092285e-06,80.58786,8.327588e-07,5.023609e-06
-0.37,0.0344,3.256212e-06,74.45151,8.728634e-07,3.137039e-06
-0.37,0.0348,2.949748e-06,89.37154,3.237649e-08,2.949569e-06
-0.37,0.0352,2.294898e-06,99.38984,-3.74414e-07,2.264041e-06
-0.37,0.0356,3.851316e-06,77.4469,8.370224e-07,3.759143e-06
-0.37,0.036,2.254039e-06,97.18902,-2.820733e-07,2.236191e-06
-0.37,0.0364,3.181524e-06,85.28497,2.615489e-07,3.170751e-06
-0.37,0.0368,3.910236e-06,94.48246,-3.0566e-07,3.898115e-06
-0.37,0.0372,2.747816e-06,67.57452,1.048207e-06,2.539984e-06
-0.37,0.0376,4.002459e-06,83.41419,4.590153e-07,3.975927e-06
-0.37,0.038,2.562431e-06,97.78221,-3.46966e-07,2.538783e-06
-0.37,0.0384,4.405818e-06,101.3812,-8.694045e-07,4.319161e-06
-0.37,0.0388,3.756836e-06,83.28131,4.395637e-07,3.73103e-06
-0.37,0.0392,3.700889e-06,73.91822,1.025157e-06,3.555949e-06
-0.37,0.0396,2.453763e-06,81.89312,3.460273e-07,2.428857e-06
-0.37,0.04,3.79661e-06,80.39727,6.332974e-07,3.74329e-06
-0.37,0.0404,5.20168e-06,85.30114,4.261024e-07,5.184162e-06
-0.37,0.0408,3.820717e-06,91.05716,-7.048621e-08,3.820035e-06
-0.37,0.0412,3.560481e-06,66.58137,1.415021e-06,3.267081e-06
-0.37,0.0416,4.272049e-06,80.66414,6.929878e-07,4.215365e-06
-0.37,0.042,4.419185e-06,68.75727,1.601161e-06,4.118895e-06
-0.37,0.0424,3.635544e-06,81.97093,5.077812e-07,3.599787e-06
-0.37,0.0428,3.659226e-06,82.11374,5.020536e-07,3.624569e-06
-0.37,0.0432,3.663791e-06,66.95075,1.434478e-06,3.371279e-06
-0.37,0.0436,3.254044e-06,77.22746,7.193684e-07,3.173416e-06
-0.37,0.044,4.288092e-06,91.06677,-7.981248e-08,4.287315e-06
-0.37,0.0444,2.085808e-06,83.57855,2.333018e-07,2.072704e-06
-0.37,0.0448,3.512687e-06,76.37955,8.271597e-07,3.413781e-06
-0.37,0.0452,3.294937e-06,81.32703,4.968568e-07,3.257224e-06
-0.37,0.0456,2.684583e-06,65.67096,1.105902e-06,2.446046e-06
-0.37,0.046,3.785535e-06,79.34087,7.001794e-07,3.720106e-06
-0.37,0.0464,4.588125e-06,107.9639,-1.415027e-06,4.364462e-06
-0.37,0.0468,3.10284e-06,82.86342,3.854669e-07,3.078678e-06
-0.37,0.0472,3.741765e-06,89.22641,5.049817e-08,3.74129e-06
-0.37,0.0476,3.707215e-06,99.34569,-6.019882e-07,3.658013e-06
-0.37,0.048,3.032455e-06,93.34802,-1.770816e-07,3.027247e-06
-0.37,0.0484,3.010997e-06,83.419,3.450941e-07,2.991138e-06
-0.37,0.0488,3.800936e-06,92.77275,-1.838766e-07,3.796454e-06
-0.37,0.0492,3.783965e-06,81.03985,5.89326e-07,3.737691e-06
-0.37,0.0496,3.516733e-06,91.39812,-8.580833e-08,3.515576e-06
-0.37,0.05,4.183949e-06,77.94521,8.737966e-07,4.091581e-06
-0.37,0.0504,4.120253e-06,75.86417,1.006236e-06,3.995385e-06
-0.37,0.0508,3.655197e-06,81.11679,5.644094e-07,3.611247e-06
-0.37,0.0512,3.568578e-06,108.0155,-1.103645e-06,3.39353e-06
-0.37,0.0516,3.581576e-06,84.62317,3.356337e-07,3.565812e-06
-0.37,0.052,3.023916e-06,71.16002,9.765252e-07,2.861894e-06
-0.37,0.0524,3.62976e-06,73.40984,1.036349e-06,3.47854e-06
-0.37,0.0528,4.406556e-06,83.8689,4.706047e-07,4.381248e-06
-0.37,0.0532,2.477109e-06,96.20987,-2.679526e-07,2.462435e-06
-0.37,0.0536,1.845018e-06,74.59969,4.899278e-07,1.778639e-06
-0.37,0.054,2.313097e-06,107.7864,-7.065832e-07,2.202484e-06
-0.37,0.0544,3.148974e-06,94.82037,-2.646222e-07,3.137703e-06
-0.37,0.0548,3.111138e-06,103.8766,-7.46157e-07,3.020184e-06
-0.37,0.0552,1.773638e-06,92.16964,-6.71558e-08,1.772247e-06
-0.37,0.0556,3.592718e-06,83.77002,3.898646e-07,3.571406e-06
-0.37,0.056,2.792559e-06,77.73583,5.922541e-07,2.728253e-06
-0.37,0.0564,2.331253e-06,98.85085,-3.586895e-07,2.303346e-06
-0.37,0.0568,3.521449e-06,91.80595,-1.109931e-07,3.519577e-06
-0.37,0.0572,4.942495e-06,113.9336,-2.005023e-06,4.517421e-06
-0.37,0.0576,4.018899e-06,86.22884,2.643484e-07,4.01017e-06
-0.37,0.058,2.967629e-06,91.66783,-8.634477e-08,2.966355e-06
-0.37,0.0584,2.83847e-06,98.4981,-4.194471e-07,2.807267e-06
-0.37,0.0588,2.445816e-06,101.2759,-4.782099e-07,2.398481e-06
-0.37,0.0592,1.815145e-06,143.8897,-1.46633e-06,1.069659e-06
-0.37,0.0596,2.02077e-06,107.3515,-6.026532e-07,1.92867e-06
-0.37,0.06,3.876021e-06,142.8668,-3.09001e-06,2.339718e-06
-0.37,0.0604,2.548959e-06,111.3227,-9.268317e-07,2.374498e-06
-0.37,0.0608,3.197807e-06,128.0431,-1.970646e-06,2.518398e-06
-0.37,0.0612,1.705024e-06,119.3521,-8.356925e-07,1.486044e-06
-0.37,0.0616,1.958448e-06,100.5258,-3.577563e-07,1.925474e-06
-0.37,0.062,2.762066e-06,107.4931,-8.30233e-07,2.63432e-06
-0.37,0.0624,2.611845e-06,130.873,-1.709092e-06,1.974904e-06
-0.37,0.0628,2.869047e-06,133.0051,-1.956788e-06,2.098018e-06
-0.37,0.0632,3.136508e-06,111.8812,-1.168934e-06,2.910526e-06
-0.37,0.0636,1.581095e-06,128.1629,-9.769331e-07,1.243142e-06
-0.37,0.064,3.454763e-06,96.3327,-3.810748e-07,3.433635e-06
-0.37,0.0644,2.408193e-06,97.1864,-3.012623e-07,2.389155e-06
-0.37,0.0648,3.131702e-06,136.3602,-2.26631e-06,2.161178e-06
-0.37,0.0652,1.999525e-06,141.0563,-1.555066e-06,1.256732e-06
-0.37,0.0656,2.888124e-06,128.8863,-1.813022e-06,2.248048e-06
-0.37,0.066,2.518722e-06,113.9015,-1.020502e-06,2.302682e-06
-0.37,0.0664,2.123571e-06,101.4695,-4.222467e-07,2.081098e-06
-0.37,0.0668,2.58604e-06,94.59787,-2.073291e-07,2.577558e-06
-0.37,0.0672,2.56133e-06,75.3475,6.478205e-07,2.477891e-06
-0.37,0.0676,3.06197e-06,96.8354,-3.644172e-07,3.04044e-06
-0.37,0.068,3.317132e-06,101.0538,-6.359629e-07,3.255492e-06
-0.37,0.0684,2.811882e-06,111.077,-1.011176e-06,2.623658e-06
-0.37,0.0688,2.800645e-06,104.2083,-6.873942e-07,2.714931e-06
-0.37,0.0692,2.931112e-06,129.121,-1.849399e-06,2.274032e-06
-0.37,0.0696,2.392033e-06,135.2634,-1.699101e-06,1.683505e-06
-0.37,0.07,3.408512e-06,136.5621,-2.474969e-06,2.343585e-06
-0.37,0.0704,2.544254e-06,157.7257,-2.354381e-06,9.643994e-07
-0.37,0.0708,2.978308e-06,127.1091,-1.796901e-06,2.375163e-06
-0.37,0.0712,2.70712e-06,137.1338,-1.984102e-06,1.841532e-06
-0.37,0.0716,2.452338e-06,110.907,-8.751321e-07,2.290818e-06
-0.37,0.072,2.910342e-06,139.5383,-2.214213e-06,1.888565e-06
-0.37,0.0724,2.503456e-06,108.4014,-7.905252e-07,2.375163e-06
-0.37,0.0728,2.622138e-06,120.0021,-1.311102e-06,2.270702e-06
-0.37,0.0732,1.884358e-06,133.2752,-1.291645e-06,1.371854e-06
-0.37,0.0736,2.377297e-06,125.2776,-1.372927e-06,1.940662e-06
-0.37,0.074,3.573417e-06,105.0865,-9.30028e-07,3.450158e-06
-0.37,0.0744,3.039641e-06,125.7318,-1.775046e-06,2.467364e-06
-0.37,0.0748,1.735914e-06,98.11037,-2.449024e-07,1.718413e-06
-0.37,0.0752,3.098169e-06,110.1424,-1.06687e-06,2.908665e-06
-0.37,0.0756,2.75712e-06,142.0862,-2.17517e-06,1.694167e-06
-0.37,0.076,2.568148e-06,132.9129,-1.748532e-06,1.880837e-06
-0.37,0.0764,2.670435e-06,110.0253,-9.144376e-07,2.508938e-06
-0.37,0.0768,1.412345e-06,132.5645,-9.553469e-07,1.040216e-06
-0.37,0.0772,2.547271e-06,137.2728,-1.871114e-06,1.728275e-06
-0.37,0.0776,1.672441e-06,164.1415,-1.608761e-06,4.570148e-07
-0.37,0.078,2.992451e-06,172.3012,-2.964897e-06,4.00789e-07
-0.37,0.0784,3.261957e-06,153.4102,-2.91693e-06,1.46006e-06
-0.37,0.0788,2.895522e-06,171.7803,-2.865767e-06,4.139766e-07
-0.37,0.0792,2.334522e-06,161.0345,-2.207681e-06,7.586739e-07
-0.37,0.0796,2.820348e-06,171.8301,-2.791682e-06,4.00789e-07
-0.37,0.08,2.395173e-06,171.7711,-2.370508e-06,3.428254e-07
-0.37,0.0804,3.108881e-06,150.4205,-2.70361e-06,1.534542e-06
-0.37,0.0808,2.767922e-06,145.7167,-2.286963e-06,1.559056e-06
-0.37,0.0812,2.507083e-06,140.253,-1.927608e-06,1.603027e-06
-0.37,0.0816,2.160301e-06,144.9325,-1.768117e-06,1.241141e-06
-0.37,0.082,1.700509e-06,171.4236,-1.681381e-06,2.535581e-07
-0.37,0.0824,3.6356e-06,171.5254,-3.595797e-06,5.3576e-07
-0.37,0.0828,2.473259e-06,146.8225,-2.070045e-06,1.353465e-06
-0.37,0.0832,3.947367e-06,-178.8724,-3.94649e-06,-7.768347e-08
-0.37,0.0836,2.801075e-06,177.9964,-2.799544e-06,9.792856e-08
-0.37,0.084,3.822131e-06,-163.7726,-3.669742e-06,-1.068066e-06
-0.37,0.0844,4.818303e-06,-142.9101,-3.843493e-06,-2.905737e-06
-0.37,0.0848,5.288198e-06,-159.4588,-4.951927e-06,-1.855524e-06
-0.37,0.0852,5.357505e-06,-155.2417,-4.865057e-06,-2.243662e-06
-0.37,0.0856,3.473203e-06,-154.794,-3.142509e-06,-1.47912e-06
-0.37,0.086,4.006918e-06,-172.4407,-3.972072e-06,-5.271043e-07
-0.37,0.0864,4.191622e-06,-169.6271,-4.123035e-06,-7.546842e-07
-0.37,0.0868,4.879424e-06,-164.133,-4.693441e-06,-1.334019e-06
-0.37,0.0872,4.450544e-06,-151.4959,-3.911046e-06,-2.123873e-06
-0.37,0.0876,5.156904e-06,-149.5965,-4.447745e-06,-2.609806e-06
-0.37,0.088,5.39181e-06,-154.4027,-4.862526e-06,-2.329202e-06
-0.37,0.0884,5.373347e-06,-145.5322,-4.43002e-06,-3.040976e-06
-0.37,0.0888,6.821628e-06,-149.9989,-5.907537e-06,-3.410859e-06
-0.37,0.0892,9.142108e-06,-149.1889,-7.851803e-06,-4.68265e-06
-0.37,0.0896,8.420806e-06,-145.0215,-6.899658e-06,-4.82735e-06
-0.37,0.09,9.242624e-06,-141.1254,-7.195584e-06,-5.800813e-06
-0.37,0.0904,1.224296e-05,-138.2645,-9.135983e-06,-8.149998e-06
-0.37,0.0908,1.473263e-05,-136.3345,-1.065733e-05,-1.017207e-05
-0.37,0.0912,1.551817e-05,-136.8022,-1.131261e-05,-1.062243e-05
-0.37,0.0916,1.685484e-05,-134.9028,-1.189782e-05,-1.193832e-05
-0.37,0.092,1.840144e-05,-131.858,-1.227902e-05,-1.370537e-05
-0.37,0.0924,1.90663e-05,-133.3476,-1.308753e-05,-1.386499e-05
-0.37,0.0928,2.076393e-05,-131.957,-1.388218e-05,-1.544097e-05
-0.37,0.0932,2.096791e-05,-131.4275,-1.387392e-05,-1.572158e-05
-0.37,0.0936,2.189189e-05,-134.6377,-1.538169e-05,-1.557742e-05
-0.37,0.094,2.337525e-05,-130.24,-1.510014e-05,-1.784332e-05
-0.37,0.0944,2.421842e-05,-129.625,-1.544551e-05,-1.865383e-05
-0.37,0.0948,2.518399e-05,-129.9768,-1.61802e-05,-1.929859e-05
-0.37,0.0952,2.695537e-05,-127.6803,-1.647653e-05,-2.133332e-05
-0.37,0.0956,3.074861e-05,-127.0019,-1.85058e-05,-2.455631e-05
-0.37,0.096,3.208662e-05,-127.7559,-1.964662e-05,-2.536855e-05
-0.37,0.0964,3.504334e-05,-125.6935,-2.044607e-05,-2.846042e-05
-0.37,0.0968,3.762806e-05,-125.5178,-2.186029e-05,-3.06268e-05
-0.37,0.0972,4.311635e-05,-121.1506,-2.230359e-05,-3.689942e-05
-0.37,0.0976,4.710964e-05,-122.0428,-2.499414e-05,-3.993253e-05
-0.37,0.098,4.750498e-05,-121.8641,-2.507821e-05,-4.034611e-05
-0.37,0.0984,5.205475e-05,-119.9302,-2.597253e-05,-4.511243e-05
-0.37,0.0988,6.043352e-05,-118.6613,-2.89858e-05,-5.302859e-05
-0.37,0.0992,6.560511e-05,-118.3119,-3.11146e-05,-5.775734e-05
-0.37,0.0996,6.830151e-05,-117.0257,-3.103558e-05,-6.084282e-05
-0.37,0.1,7.329953e-05,-116.6454,-3.287258e-05,-6.551507e-05
-0.37,0.1004,8.192273e-05,-115.9697,-3.587372e-05,-7.365067e-05
-0.37,0.1008,8.463424e-05,-115.0284,-3.580617e-05,-7.668698e-05
-0.37,0.1012,8.670073e-05,-115.7754,-3.77014e-05,-7.807456e-05
-0.37,0.1016,8.618992e-05,-115.19,-3.668437e-05,-7.799342e-05
-0.37,0.102,9.083549e-05,-114.9981,-3.838613e-05,-8.232617e-05
-0.37,0.1024,9.331861e-05,-113.8993,-3.780639e-05,-8.531745e-05
-0.37,0.1028,9.318053e-05,-113.7118,-3.747142e-05,-8.531425e-05
-0.37,0.1032,9.523936e-05,-113.692,-3.826914e-05,-8.721254e-05
-0.37,0.1036,9.972505e-05,-113.2538,-3.937198e-05,-9.162391e-05
-0.37,0.104,0.0001046426,-113.4076,-4.15714e-05,-9.603074e-05
-0.37,0.1044,0.0001059698,-113.526,-4.229957e-05,-9.716156e-05
-0.37,0.1048,0.0001073557,-112.9091,-4.179059e-05,-9.888798e-05
-0.37,0.1052,0.0001093913,-112.6951,-4.220643e-05,-0.0001009213
-0.37,0.1056,0.0001116335,-113.4532,-4.443023e-05,-0.0001024111
-0.37,0.106,0.0001097325,-113.0998,-4.305185e-05,-0.0001009345
-0.37,0.1064,0.0001099066,-113.1359,-4.318403e-05,-0.0001010675
-0.37,0.1068,0.0001080594,-113.8489,-4.369141e-05,-9.883281e-05
-0.37,0.1072,0.0001034211,-113.9443,-4.197339e-05,-9.452072e-05
-0.37,0.1076,0.0001029197,-113.4743,-4.099687e-05,-9.440213e-05
-0.37,0.108,0.0001027978,-113.9134,-4.166974e-05,-9.397362e-05
-0.37,0.1084,9.881356e-05,-114.3372,-4.072172e-05,-9.00326e-05
-0.37,0.1088,9.344881e-05,-115.2728,-3.989616e-05,-8.45044e-05
-0.37,0.1092,9.13059e-05,-114.9132,-3.846221e-05,-8.280971e-05
-0.37,0.1096,8.873356e-05,-115.2977,-3.791791e-05,-8.022402e-05
-0.37,0.11,8.041576e-05,-117.3505,-3.694565e-05,-7.142633e-05
-0.37,0.1104,6.857805e-05,-119.4456,-3.371281e-05,-5.971932e-05
-0.37,0.1108,6.139075e-05,-119.2317,-2.997978e-05,-5.357275e-05
-0.37,0.1112,6.044941e-05,-119.5838,-2.984374e-05,-5.256891e-05
-0.37,0.1116,5.347054e-05,-121.4184,-2.787336e-05,-4.563088e-05
-0.37,0.112,4.645844e-05,-122.2981,-2.482386e-05,-3.927032e-05
-0.37,0.1124,4.295631e-05,-124.9523,-2.460947e-05,-3.520818e-05
-0.37,0.1128,4.235607e-05,-126.6205,-2.526595e-05,-3.399515e-05
-0.37,0.1132,4.324502e-05,-126.1902,-2.553483e-05,-3.490132e-05
-0.37,0.1136,4.131377e-05,-125.5432,-2.401641e-05,-3.361608e-05
-0.37,0.114,4.142213e-05,-124.6915,-2.357578e-05,-3.405844e-05
-0.37,0.1144,4.158418e-05,-126.0979,-2.450008e-05,-3.360049e-05
-0.37,0.1148,4.09704e-05,-126.1627,-2.41759e-05,-3.307725e-05
-0.37,0.1152,4.058817e-05,-125.1442,-2.336406e-05,-3.318917e-05
-0.37,0.1156,4.17178e-05,-125.8839,-2.445264e-05,-3.379995e-05
-0.37,0.116,4.354165e-05,-124.8177,-2.48609e-05,-3.574648e-05
-0.37,0.1164,4.363533e-05,-124.4192,-2.466463e-05,-3.599577e-05
-0.37,0.1168,4.472204e-05,-125.8444,-2.618865e-05,-3.625213e-05
-0.37,0.1172,4.398887e-05,-125.6954,-2.566648e-05,-3.572463e-05
-0.37,0.1176,4.348439e-05,-124.5134,-2.463838e-05,-3.583095e-05
-0.37,0.118,4.375109e-05,-124.1394,-2.455351e-05,-3.621162e-05
-0.37,0.1184,4.225703e-05,-125.3586,-2.445385e-05,-3.446256e-05
-0.37,0.1188,4.287538e-05,-124.862,-2.450727e-05,-3.518073e-05
-0.37,0.1192,4.292751e-05,-126.2976,-2.541225e-05,-3.459754e-05
-0.37,0.1196,4.289113e-05,-126.272,-2.537535e-05,-3.457955e-05
-0.37,0.12,4.442098e-05,-126.6732,-2.653042e-05,-3.562802e-05
-0.37,0.1204,4.375764e-05,-127.0802,-2.638292e-05,-3.490945e-05
-0.37,0.1208,4.429661e-05,-126.3908,-2.628072e-05,-3.565827e-05
-0.37,0.1212,4.383307e-05,-127.016,-2.638958e-05,-3.499979e-05
-0.37,0.1216,4.207306e-05,-127.4018,-2.555522e-05,-3.342248e-05
-0.37,0.122,3.753921e-05,-129.1353,-2.369304e-05,-2.911757e-05
-0.37,0.1224,3.724805e-05,-128.9374,-2.340937e-05,-2.897274e-05
-0.37,0.1228,3.455594e-05,-131.0623,-2.269905e-05,-2.605501e-05
-0.37,0.1232,3.044164e-05,-131.7948,-2.028831e-05,-2.269532e-05
-0.37,0.1236,2.494375e-05,-136.864,-1.820228e-05,-1.70548e-05
-0.37,0.124,2.161286e-05,-140.111,-1.658313e-05,-1.386073e-05
-0.37,0.1244,1.985447e-05,-140.1704,-1.524724e-05,-1.271685e-05
-0.37,0.1248,1.752249e-05,-141.6308,-1.373815e-05,-1.087665e-05
-0.37,0.1252,1.295491e-05,-148.0556,-1.099297e-05,-6.854357e-06
-0.37,0.1256,1.156296e-05,-154.6707,-1.045134e-05,-4.946865e-06
-0.37,0.126,9.157273e-06,-157.9454,-8.487096e-06,-3.438435e-06
-0.37,0.1264,8.84431e-06,-155.1962,-8.029013e-06,-3.710517e-06
-0.37,0.1268,6.803719e-06,-148.1535,-5.779495e-06,-3.589935e-06
-0.37,0.1272,6.085256e-06,-158.926,-5.67823e-06,-2.188095e-06
-0.37,0.1276,4.761625e-06,-164.4816,-4.588047e-06,-1.273926e-06
-0.37,0.128,4.16395e-06,-170.1985,-4.103047e-06,-7.088463e-07
-0.37,0.1284,3.69277e-06,158.7179,-3.440838e-06,1.340277e-06
-0.37,0.1288,3.519427e-06,159.2149,-3.290271e-06,1.24887e-06
-0.37,0.1292,2.186805e-06,132.9063,-1.488709e-06,1.601697e-06
-0.37,0.1296,2.752041e-06,139.5676,-2.094693e-06,1.784769e-06
-0.37,0.13,2.648072e-06,112.5548,-1.015702e-06,2.445381e-06
-0.37,0.1304,2.83377e-06,99.8876,-4.86603e-07,2.791542e-06
-0.37,0.1308,3.462111e-06,107.6776,-1.05128e-06,3.29853e-06
-0.37,0.1312,2.857429e-06,96.67016,-3.319066e-07,2.838045e-06
-0.37,0.1316,3.349207e-06,90.20094,-1.172907e-08,3.349291e-06
-0.37,0.132,3.873065e-06,89.18532,5.582347e-08,3.872266e-06
-0.37,0.1324,3.144331e-06,74.10311,8.61274e-07,3.02405e-06
-0.37,0.1328,3.169868e-06,98.32151,-4.587527e-07,3.137039e-06
-0.37,0.1332,2.581916e-06,102.1343,-5.426947e-07,2.524126e-06
-0.37,0.1336,2.43235e-06,82.15746,3.31901e-07,2.40954e-06
-0.37,0.134,3.160094e-06,94.87807,-2.687517e-07,3.148499e-06
-0.37,0.1344,2.812771e-06,85.32694,2.291724e-07,2.8034e-06
-0.37,0.1348,3.203636e-06,73.88718,8.892528e-07,3.078281e-06
-0.37,0.1352,3.977112e-06,88.86371,7.88737e-08,3.97633e-06
-0.37,0.1356,2.793822e-06,83.2153,3.300346e-07,2.774219e-06
-0.37,0.136,3.089547e-06,64.42219,1.333879e-06,2.786748e-06
-0.37,0.1364,3.320781e-06,92.06954,-1.199226e-07,3.318512e-06
-0.37,0.1368,2.240113e-06,41.44027,1.679241e-06,1.482579e-06
-0.37,0.1372,3.204446e-06,74.03142,8.815247e-07,3.080679e-06
-0.37,0.1376,2.981599e-06,77.94346,6.227698e-07,2.915723e-06
-0.37,0.138,2.831149e-06,96.99889,-3.449656e-07,2.809932e-06
-0.37,0.1384,2.532441e-06,92.6059,-1.151226e-07,2.529725e-06
-0.37,0.1388,3.410311e-06,82.0862,4.69543e-07,3.377806e-06
-0.37,0.1392,3.056718e-06,97.81456,-4.155859e-07,3.028314e-06
-0.37,0.1396,4.167079e-06,79.52313,7.577408e-07,4.097577e-06
-0.37,0.14,3.158831e-06,94.86364,-2.678185e-07,3.147432e-06
-0.37,0.1404,2.437854e-06,75.17308,6.238371e-07,2.356644e-06
-0.37,0.1408,2.720329e-06,101.5332,-5.438961e-07,2.665361e-06
-0.37,0.1412,2.757405e-06,102.0289,-5.746744e-07,2.69681e-06
-0.37,0.1416,2.678783e-06,91.21146,-5.662813e-08,2.678157e-06
-0.37,0.142,2.958197e-06,99.58348,-4.924647e-07,2.91679e-06
-0.37,0.1424,3.210481e-06,81.18103,4.921909e-07,3.172483e-06
-0.37,0.1428,2.489509e-06,91.90168,-8.261203e-08,2.488017e-06
-0.37,0.1432,2.614052e-06,90.46147,-2.105534e-08,2.61393e-06
-0.37,0.1436,3.016239e-06,102.0814,-6.313025e-07,2.949301e-06
-0.37,0.144,2.363976e-06,85.69686,1.773443e-07,2.357175e-06
-0.37,0.1444,3.848623e-06,92.97078,-1.994669e-07,3.843354e-06
-0.37,0.1448,3.184681e-06,81.3537,4.787351e-07,3.148365e-06
-0.37,0.1452,1.860978e-06,78.00466,3.867968e-07,1.820342e-06
-0.37,0.1456,3.350073e-06,79.48991,6.110463e-07,3.29373e-06
-0.37,0.146,3.067133e-06,85.17307,2.580843e-07,3.056159e-06
-0.37,0.1464,2.291629e-06,103.5513,-5.36967e-07,2.227798e-06
-0.37,0.1468,3.228105e-06,94.019,-2.262499e-07,3.220047e-06
-0.37,0.1472,3.60771e-06,92.70981,-1.705493e-07,3.603653e-06
-0.37,0.1476,3.237728e-06,93.05296,-1.724157e-07,3.233106e-06
-0.37,0.148,2.957258e-06,100.8873,-5.585532e-07,2.903999e-06
-0.37,0.1484,3.879781e-06,84.21708,3.909263e-07,3.860006e-06
-0.37,0.1488,2.612208e-06,75.789,6.412882e-07,2.532256e-06
-0.37,0.1492,3.379985e-06,75.3287,8.560772e-07,3.269746e-06
-0.37,0.1496,2.169163e-06,83.76521,2.355705e-07,2.156244e-06
-0.37,0.15,1.40579e-06,60.65484,6.888583e-07,1.225288e-06
-0.37,0.1504,2.109216e-06,77.22134,4.664752e-07,2.056846e-06
-0.37,0.1508,2.950675e-06,89.21592,4.036724e-08,2.950368e-06
-0.37,0.1512,3.349894e-06,73.6131,9.450819e-07,3.213789e-06
-0.37,0.1516,2.485323e-06,74.95408,6.45155e-07,2.400079e-06
-0.37,0.152,3.051476e-06,92.83046,-1.50701e-07,3.047632e-06
-0.37,0.1524,2.89251e-06,87.54447,1.239124e-07,2.889744e-06
-0.37,0.1528,2.553865e-06,89.32695,2.997927e-08,2.553574e-06
-0.37,0.1532,2.546863e-06,68.79399,9.212326e-07,2.374364e-06
-0.37,0.1536,2.778254e-06,92.80947,-1.361779e-07,2.77489e-06
-0.37,0.154,1.932067e-06,90.78757,-2.652034e-08,1.931866e-06
-0.37,0.1544,3.358075e-06,65.23602,1.406628e-06,3.049235e-06
-0.37,0.1548,2.927228e-06,80.25926,4.952587e-07,2.884944e-06
-0.37,0.1552,2.093195e-06,119.1965,-1.021033e-06,1.827143e-06
-0.37,0.1556,2.629727e-06,109.8973,-8.94986e-07,2.472694e-06
-0.37,0.156,3.335097e-06,95.23783,-3.044586e-07,3.321044e-06
-0.37,0.1564,2.814626e-06,99.83471,-4.807412e-07,2.773024e-06
-0.37,0.1568,3.088569e-06,72.97895,9.040441e-07,2.953168e-06
-0.37,0.1572,2.874853e-06,75.9446,6.981845e-07,2.788743e-06
-0.37,0.1576,3.922808e-06,55.73206,2.208743e-06,3.241768e-06
-0.37,0.158,3.61835e-06,77.12998,8.059758e-07,3.52744e-06
-0.37,0.1584,3.472086e-06,89.0814,5.569495e-08,3.471611e-06
-0.37,0.1588,2.344943e-06,84.65945,2.182479e-07,2.334656e-06
-0.37,0.1592,2.983309e-06,85.73052,2.221092e-07,2.975016e-06
-0.37,0.1596,2.679705e-06,96.40614,-2.989992e-07,2.66283e-06
-0.37,0.16,3.125896e-06,105.8619,-8.543506e-07,3.006862e-06
-0.37,0.1604,1.990512e-06,100.4995,-3.626849e-07,1.957185e-06
-0.37,0.1608,2.68541e-06,105.527,-7.188431e-07,2.587286e-06
-0.37,0.1612,2.424504e-06,104.471,-6.058551e-07,2.347581e-06
-0.37,0.1616,2.980224e-06,110.1424,-1.026229e-06,2.79794e-06
-0.37,0.162,2.549674e-06,85.47206,2.013277e-07,2.541717e-06
-0.37,0.1624,2.240153e-06,97.69784,-3.000609e-07,2.219935e-06
-0.37,0.1628,2.873053e-06,96.79431,-3.399029e-07,2.852836e-06
-0.37,0.1632,2.793459e-06,80.36973,4.672743e-07,2.753969e-06
-0.37,0.1636,4.078807e-06,69.52967,1.426482e-06,3.821237e-06
-0.37,0.164,3.903899e-06,85.75674,2.888627e-07,3.893187e-06
-0.37,0.1644,3.974463e-06,85.60462,3.045871e-07,3.962606e-06
-0.37,0.1648,3.075258e-06,81.17928,4.715379e-07,3.038842e-06
-0.37,0.1652,3.759345e-06,78.71927,7.353555e-07,3.686662e-06
-0.37,0.1656,3.378482e-06,71.23871,1.086585e-06,3.198863e-06
-0.37,0.166,3.119185e-06,79.1564,5.867946e-07,3.063356e-06
-0.37,0.1664,2.139575e-06,77.79834,4.522204e-07,2.091094e-06
-0.37,0.1668,2.434076e-06,98.35735,-3.53761e-07,2.40821e-06
-0.37,0.1672,3.625145e-06,84.13971,3.701448e-07,3.606185e-06
-0.37,0.1676,3.601647e-06,99.59616,-6.003901e-07,3.551155e-06
-0.37,0.168,2.663986e-06,82.63087,3.417637e-07,2.642713e-06
-0.37,0.1684,2.925625e-06,88.41303,8.10083e-08,2.924384e-06
-0.37,0.1688,1.930044e-06,92.02976,-6.835721e-08,1.928804e-06
-0.37,0.1692,3.535268e-06,83.33857,4.101153e-07,3.511313e-06
-0.37,0.1696,3.458641e-06,89.01583,5.94221e-08,3.458021e-06
-0.37,0.17,2.93689e-06,95.45638,-2.792794e-07,2.923451e-06
-0.37,0.1704,2.337796e-06,109.6783,-7.871948e-07,2.201149e-06
-0.37,0.1708,2.59431e-06,82.89053,3.211107e-07,2.574361e-06
-0.37,0.1712,2.355923e-06,60.63036,1.155467e-06,2.053119e-06
-0.37,0.1716,3.526825e-06,111.2842,-1.28019e-06,3.286136e-06
-0.37,0.172,2.583324e-06,108.3166,-8.118432e-07,2.452444e-06
-0.37,0.1724,3.637282e-06,89.74397,1.62553e-08,3.637226e-06
-0.37,0.1728,2.63451e-06,95.02844,-2.309102e-07,2.624323e-06
-0.37,0.1732,1.917148e-06,97.06138,-2.357047e-07,1.90282e-06
-0.37,0.1736,2.645859e-06,88.9354,4.916265e-08,2.645378e-06
-0.37,0.174,2.342635e-06,94.42607,-1.808144e-07,2.335589e-06
-0.37,0.1744,2.39329e-06,110.6154,-8.426215e-07,2.239923e-06
-0.37,0.1748,2.872243e-06,122.686,-1.551071e-06,2.417268e-06
-0.37,0.1752,3.418022e-06,109.4292,-1.136954e-06,3.223244e-06
-0.37,0.1756,3.255816e-06,95.7733,-3.275088e-07,3.239236e-06
-0.37,0.176,3.078583e-06,118.5802,-1.472722e-06,2.703471e-06
-0.37,0.1764,3.115346e-06,94.1156,-2.235844e-07,3.107193e-06
-0.37,0.1768,2.134373e-06,89.90352,3.593042e-09,2.134261e-06
-0.37,0.1772,3.692099e-06,89.37197,4.050135e-08,3.691859e-06
-0.37,0.1776,3.023659e-06,112.2375,-1.14428e-06,2.798739e-06
-0.37,0.178,3.458702e-06,83.06755,4.174411e-07,3.433367e-06
-0.37,0.1784,2.212297e-06,95.75188,-2.217181e-07,2.201015e-06
-0.37,0.1788,2.883587e-06,86.98856,1.514945e-07,2.879485e-06
-0.37,0.1792,3.695597e-06,108.5877,-1.177992e-06,3.502786e-06
-0.37,0.1796,1.801488e-06,99.45584,-2.959314e-07,1.776907e-06
-0.37,0.18,2.199495e-06,112.1819,-8.303672e-07,2.036595e-06
-0.37,0.1804,3.022849e-06,99.36055,-4.916656e-07,2.982476e-06
-0.37,0.1808,3.70974e-06,112.2379,-1.403968e-06,3.433769e-06
-0.37,0.1812,3.579156e-06,100.8842,-6.758049e-07,3.514777e-06
-0.37,0.1816,2.458266e-06,110.7487,-8.708685e-07,2.298815e-06
-0.37,0.182,2.220567e-06,88.05416,7.541477e-08,2.21927e-06
-0.37,0.1824,3.33783e-06,92.66522,-1.552272e-07,3.334103e-06
-0.37,0.1828,2.074643e-06,103.7996,-4.948619e-07,2.014612e-06
-0.37,0.1832,1.838956e-06,100.7111,-3.417693e-07,1.806886e-06
-0.37,0.1836,2.47503e-06,106.386,-6.981901e-07,2.374498e-06
-0.37,0.184,1.937231e-06,89.53939,1.558475e-08,1.937063e-06
-0.37,0.1844,2.884777e-06,105.2346,-7.580146e-07,2.783283e-06
-0.37,0.1848,1.719776e-06,86.1659,1.149829e-07,1.715881e-06
-0.37,0.1852,1.980889e-06,89.42224,1.998245e-08,1.980766e-06
-0.37,0.1856,2.770777e-06,95.61899,-2.71283e-07,2.757433e-06
-0.37,0.186,3.049381e-06,87.84609,1.145862e-07,3.047101e-06
-0.37,0.1864,2.399548e-06,70.75132,7.910504e-07,2.265371e-06
-0.37,0.1868,3.346536e-06,96.84633,-3.989282e-07,3.322642e-06
-0.37,0.1872,2.933515e-06,98.93959,-4.558246e-07,2.897869e-06
-0.37,0.1876,2.839045e-06,84.32505,2.807378e-07,2.82512e-06
-0.37,0.188,2.447649e-06,100.0926,-4.289075e-07,2.409674e-06
-0.37,0.1884,2.56209e-06,100.8278,-4.812721e-07,2.516398e-06
-0.37,0.1888,3.459205e-06,78.3242,7.000509e-07,3.387534e-06
-0.37,0.1892,2.977542e-06,85.86821,2.145152e-07,2.969685e-06
-0.37,0.1896,2.441804e-06,105.7298,-6.619468e-07,2.35038e-06
-0.37,0.19,3.422247e-06,113.3648,-1.357203e-06,3.14157e-06
-0.37,0.1904,3.637846e-06,84.44089,3.524199e-07,3.620708e-06
-0.37,0.1908,2.834927e-06,103.2157,-6.480887e-07,2.759831e-06
-0.37,0.1912,3.00195e-06,94.33548,-2.269148e-07,2.993272e-06
-0.37,0.1916,2.59526e-06,92.99919,-1.357756e-07,2.591678e-06
-0.37,0.192,2.935951e-06,102.5635,-6.386283e-07,2.865627e-06
-0.37,0.1924,1.26536e-06,116.0765,-5.56156e-07,1.136412e-06
-0.37,0.1928,2.046229e-06,91.62411,-5.796365e-08,2.045391e-06
-0.37,0.1932,1.884849e-06,101.3598,-3.712121e-07,1.84779e-06
-0.37,0.1936,2.391166e-06,110.4663,-8.360948e-07,2.240192e-06
-0.37,0.194,2.488916e-06,125.6234,-1.449672e-06,2.023139e-06
-0.37,0.1944,2.16371e-06,82.61601,2.780724e-07,2.145722e-06
-0.37,0.1948,2.428332e-06,126.5688,-1.446738e-06,1.950256e-06
-0.37,0.1952,1.695284e-06,93.42058,-1.011304e-07,1.692166e-06
-0.37,0.1956,1.813871e-06,88.89868,3.490783e-08,1.813547e-06
-0.37,0.196,2.128629e-06,102.1269,-4.471633e-07,2.081098e-06
-0.37,0.1964,2.35779e-06,119.6987,-1.168129e-06,2.048056e-06
-0.37,0.1968,2.721196e-06,120.7543,-1.391446e-06,2.338388e-06
-0.37,0.1972,1.561302e-06,98.98986,-2.439692e-07,1.542001e-06
-0.37,0.1976,2.265125e-06,89.28848,2.81129e-08,2.26484e-06
-0.37,0.198,2.430668e-06,90.9011,-3.824383e-08,2.430327e-06
-0.37,0.1984,1.526752e-06,70.81033,5.017854e-07,1.441804e-06
-0.37,0.1988,2.849103e-06,113.2337,-1.123895e-06,2.61793e-06
-0.37,0.1992,2.649614e-06,97.74855,-3.572255e-07,2.62539e-06
-0.37,0.1996,2.624524e-06,103.9063,-6.307661e-07,2.547578e-06
-0.37,0.2,2.080455e-06,89.1521,3.077834e-08,2.080164e-06
-0.36,0.0,3.722984e-06,122.3091,-1.989835e-06,3.146499e-06
-0.36,0.0004,2.946602e-06,132.6235,-1.995295e-06,2.168107e-06
-0.36,0.0008,2.940768e-06,119.429,-1.444878e-06,2.561168e-06
-0.36,0.0012,3.761334e-06,115.0564,-1.592908e-06,3.407254e-06
-0.36,0.0016,3.1554e-06,97.51949,-4.129204e-07,3.128511e-06
-0.36,0.002,2.953268e-06,119.0723,-1.435015e-06,2.581156e-06
-0.36,0.0024,3.285309e-06,105.7224,-8.900575e-07,3.161687e-06
-0.36,0.0028,3.657639e-06,114.6594,-1.52602e-06,3.323977e-06
-0.36,0.0032,3.825539e-06,106.6679,-1.097247e-06,3.664674e-06
-0.36,0.0036,3.375649e-06,111.7745,-1.252206e-06,3.134641e-06
-0.36,0.004,3.643328e-06,106.2994,-1.022497e-06,3.49679e-06
-0.36,0.0044,3.960499e-06,115.5458,-1.707896e-06,3.573272e-06
-0.36,0.0048,3.072392e-06,139.8941,-2.349855e-06,1.979168e-06
-0.36,0.0052,1.914108e-06,133.7525,-1.323625e-06,1.382511e-06
-0.36,0.0056,3.311617e-06,110.7885,-1.175327e-06,3.096001e-06
-0.36,0.006,3.641176e-06,131.2288,-2.399682e-06,2.738378e-06
-0.36,0.0064,3.296356e-06,122.8889,-1.789972e-06,2.767961e-06
-0.36,0.0068,3.68921e-06,108.7245,-1.184519e-06,3.494527e-06
-0.36,0.0072,3.481401e-06,102.0486,-7.267054e-07,3.404589e-06
-0.36,0.0076,3.825126e-06,107.8131,-1.17013e-06,3.641758e-06
-0.36,0.008,2.531016e-06,120.4069,-1.280989e-06,2.182764e-06
-0.36,0.0084,2.71221e-06,87.12232,1.361723e-07,2.708667e-06
-0.36,0.0088,2.672312e-06,113.4347,-1.062735e-06,2.451779e-06
-0.36,0.0092,2.511056e-06,119.9273,-1.252742e-06,2.176232e-06
-0.36,0.0096,1.958331e-06,106.1748,-5.454942e-07,1.880703e-06
-0.36,0.01,4.927139e-06,106.0537,-1.362534e-06,4.734875e-06
-0.36,0.0104,4.471074e-06,113.1908,-1.760657e-06,4.109703e-06
-0.36,0.0108,3.063378e-06,99.6202,-5.119163e-07,3.020184e-06
-0.36,0.0112,2.979755e-06,115.4103,-1.278592e-06,2.691345e-06
-0.36,0.0116,3.720017e-06,94.3451,-2.820733e-07,3.708779e-06
-0.36,0.012,3.256805e-06,107.007,-9.525474e-07,3.114257e-06
-0.36,0.0124,4.045324e-06,108.3201,-1.271529e-06,3.840286e-06
-0.36,0.0128,3.239465e-06,97.89892,-4.451628e-07,3.208721e-06
-0.36,0.0132,3.840599e-06,115.0734,-1.627547e-06,3.478668e-06
-0.36,0.0136,2.898423e-06,111.2956,-1.05261e-06,2.700408e-06
-0.36,0.014,3.814615e-06,106.8362,-1.104841e-06,3.651084e-06
-0.36,0.0144,3.720615e-06,115.2155,-1.585045e-06,3.366082e-06
-0.36,0.0148,3.492733e-06,96.51673,-3.963969e-07,3.470141e-06
-0.36,0.0152,2.441938e-06,100.4147,-4.414301e-07,2.401677e-06
-0.36,0.0156,2.69287e-06,88.35314,7.740966e-08,2.691747e-06
-0.36,0.016,3.325872e-06,110.3837,-1.158406e-06,3.117587e-06
-0.36,0.0164,3.297943e-06,121.3413,-1.715356e-06,2.816727e-06
-0.36,0.0168,2.871645e-06,111.4005,-1.047816e-06,2.673625e-06
-0.36,0.0172,3.334304e-06,107.8992,-1.024765e-06,3.17288e-06
-0.36,0.0176,2.777181e-06,108.189,-8.668731e-07,2.638047e-06
-0.36,0.018,4.014775e-06,104.5742,-1.010242e-06,3.885593e-06
-0.36,0.0184,3.317439e-06,102.2917,-7.061809e-07,3.241103e-06
-0.36,0.0188,4.175227e-06,88.82962,8.527189e-08,4.174327e-06
-0.36,0.0192,3.197757e-06,86.83994,1.76277e-07,3.192868e-06
-0.36,0.0196,3.04486e-06,84.29008,3.02989e-07,3.029778e-06
-0.36,0.02,4.626682e-06,105.2667,-1.218231e-06,4.463329e-06
-0.36,0.0204,3.656353e-06,105.3933,-9.705349e-07,3.525171e-06
-0.36,0.0208,3.58951e-06,105.7561,-9.746644e-07,3.454556e-06
-0.36,0.0212,2.731164e-06,116.4935,-1.218365e-06,2.444313e-06
-0.36,0.0216,2.888554e-06,111.1793,-1.043552e-06,2.693345e-06
-0.36,0.022,2.735607e-06,112.112,-1.029694e-06,2.534251e-06
-0.36,0.0224,3.488849e-06,98.34467,-5.063228e-07,3.451891e-06
-0.36,0.0228,3.518538e-06,97.51774,-4.603508e-07,3.488263e-06
-0.36,0.0232,2.927245e-06,85.34792,2.374313e-07,2.917589e-06
-0.36,0.0236,3.853809e-06,94.44968,-2.989992e-07,3.842152e-06
-0.36,0.024,3.50406e-06,109.6705,-1.179456e-06,3.299463e-06
-0.36,0.0244,3.489676e-06,113.8079,-1.408634e-06,3.192599e-06
-0.36,0.0248,3.392022e-06,98.17244,-4.822053e-07,3.357421e-06
-0.36,0.0252,3.863431e-06,94.77185,-3.213845e-07,3.850014e-06
-0.36,0.0256,3.614667e-06,111.7964,-1.342143e-06,3.35622e-06
-0.36,0.026,3.253368e-06,103.686,-7.697381e-07,3.160888e-06
-0.36,0.0264,3.248803e-06,97.17197,-4.058573e-07,3.223115e-06
-0.36,0.0268,4.15777e-06,95.45987,-3.955978e-07,4.138883e-06
-0.36,0.0272,3.643887e-06,94.99653,-3.173835e-07,3.6299e-06
-0.36,0.0276,4.594227e-06,92.19237,-1.757461e-07,4.590706e-06
-0.36,0.028,4.104835e-06,86.13836,2.760719e-07,4.090117e-06
-0.36,0.0284,3.448024e-06,89.35318,3.89032e-08,3.447761e-06
-0.36,0.0288,3.913337e-06,114.8085,-1.641942e-06,3.552088e-06
-0.36,0.0292,2.980604e-06,90.4147,-2.158619e-08,2.980481e-06
-0.36,0.0296,4.1544e-06,64.73901,1.772778e-06,3.757014e-06
-0.36,0.03,3.279721e-06,100.3164,-5.873311e-07,3.22658e-06
-0.36,0.0304,3.600485e-06,94.7784,-2.999324e-07,3.587929e-06
-0.36,0.0308,3.807893e-06,85.02401,3.303028e-07,3.79352e-06
-0.36,0.0312,3.867935e-06,89.44322,3.757327e-08,3.867605e-06
-0.36,0.0316,3.133457e-06,98.31058,-4.528909e-07,3.100533e-06
-0.36,0.032,3.936745e-06,86.79491,2.201143e-07,3.930492e-06
-0.36,0.0324,4.615226e-06,84.02955,4.800651e-07,4.59017e-06
-0.36,0.0328,3.461049e-06,106.8865,-1.005308e-06,3.311851e-06
-0.36,0.0332,2.868169e-06,103.6038,-6.746035e-07,2.787681e-06
-0.36,0.0336,3.405382e-06,122.8832,-1.848863e-06,2.859765e-06
-0.36,0.034,2.022542e-06,112.2029,-7.642786e-07,1.872444e-06
-0.36,0.0344,2.76714e-06,118.2987,-1.311767e-06,2.436323e-06
-0.36,0.0348,3.211246e-06,103.6195,-7.561482e-07,3.120917e-06
-0.36,0.0352,2.907017e-06,99.63638,-4.86603e-07,2.86589e-06
-0.36,0.0356,2.636795e-06,98.36216,-3.83472e-07,2.608738e-06
-0.36,0.036,2.504093e-06,100.9227,-4.744771e-07,2.458708e-06
-0.36,0.0364,3.661159e-06,85.09438,3.131143e-07,3.647753e-06
-0.36,0.0368,3.110082e-06,80.47596,5.145762e-07,3.067089e-06
-0.36,0.0372,3.645155e-06,97.42682,-4.711467e-07,3.614578e-06
-0.36,0.0376,3.859492e-06,88.33435,1.121889e-07,3.857877e-06
-0.36,0.038,4.668083e-06,80.6578,7.577408e-07,4.606029e-06
-0.36,0.0384,3.857715e-06,84.0925,3.970563e-07,3.837224e-06
-0.36,0.0388,3.4074e-06,98.92866,-5.288366e-07,3.365948e-06
-0.36,0.0392,3.963952e-06,75.55164,9.890478e-07,3.838559e-06
-0.36,0.0396,3.33935e-06,69.33689,1.178389e-06,3.124516e-06
-0.36,0.04,2.972071e-06,98.43778,-4.361048e-07,2.93984e-06
-0.36,0.0404,2.753902e-06,98.17769,-3.91731e-07,2.725856e-06
-0.36,0.0408,3.206105e-06,92.47956,-1.387093e-07,3.202993e-06
-0.36,0.0412,2.430757e-06,94.48596,-1.901406e-07,2.422995e-06
-0.36,0.0416,2.929631e-06,89.58835,2.104975e-08,2.929447e-06
-0.36,0.042,3.574462e-06,76.27726,8.479468e-07,3.47241e-06
-0.36,0.0424,3.764525e-06,79.56728,6.81661e-07,3.702253e-06
-0.36,0.0428,3.194706e-06,81.39566,4.779361e-07,3.158625e-06
-0.36,0.0432,3.667099e-06,67.63965,1.395039e-06,3.391262e-06
-0.36,0.0436,4.131183e-06,92.36023,-1.701526e-07,4.127556e-06
-0.36,0.044,3.951463e-06,79.54368,7.171053e-07,3.885721e-06
-0.36,0.0444,3.124823e-06,79.43003,5.732048e-07,3.071749e-06
-0.36,0.0448,3.934493e-06,85.16083,3.31901e-07,3.920366e-06
-0.36,0.0452,3.358153e-06,72.40412,1.015165e-06,3.200992e-06
-0.36,0.0456,2.839341e-06,83.95305,2.991221e-07,2.823522e-06
-0.36,0.046,2.622647e-06,60.49791,1.291511e-06,2.282559e-06
-0.36,0.0464,4.398979e-06,82.73687,5.561504e-07,4.363663e-06
-0.36,0.0468,5.035227e-06,83.61833,5.597434e-07,5.004024e-06
-0.36,0.0472,4.271635e-06,82.26674,5.748029e-07,4.232687e-06
-0.36,0.0476,3.845589e-06,67.71834,1.458059e-06,3.558347e-06
-0.36,0.048,3.186179e-06,93.55083,-1.973323e-07,3.179943e-06
-0.36,0.0484,3.0911e-06,75.59535,7.689334e-07,2.993803e-06
-0.36,0.0488,2.94179e-06,98.26861,-4.230458e-07,2.911197e-06
-0.36,0.0492,2.569746e-06,75.49044,6.438195e-07,2.487754e-06
-0.36,0.0496,2.727242e-06,119.0999,-1.32629e-06,2.382891e-06
-0.36,0.05,2.740507e-06,107.5858,-8.279643e-07,2.612331e-06
-0.36,0.0504,2.683214e-06,80.94237,4.223752e-07,2.649642e-06
-0.36,0.0508,2.761937e-06,80.37629,4.616808e-07,2.722922e-06
-0.36,0.0512,2.834418e-06,81.9224,3.974586e-07,2.806333e-06
-0.36,0.0516,2.69477e-06,115.8684,-1.175729e-06,2.424728e-06
-0.36,0.052,3.313651e-06,97.50638,-4.329029e-07,3.285203e-06
-0.36,0.0524,3.110356e-06,101.6858,-6.29967e-07,3.045771e-06
-0.36,0.0528,3.304129e-06,91.7264,-9.95323e-08,3.302525e-06
-0.36,0.0532,4.454405e-06,98.76475,-6.787385e-07,4.402304e-06
-0.36,0.0536,3.574317e-06,103.5172,-8.354298e-07,3.475204e-06
-0.36,0.054,3.960678e-06,97.29612,-5.029924e-07,3.928497e-06
-0.36,0.0544,3.063708e-06,108.0207,-9.477529e-07,2.913326e-06
-0.36,0.0548,3.198159e-06,103.679,-7.562823e-07,3.107327e-06
-0.36,0.0552,2.919148e-06,100.6796,-5.409624e-07,2.868555e-06
-0.36,0.0556,3.700135e-06,103.4368,-8.5981e-07,3.598719e-06
-0.36,0.056,3.083735e-06,92.2387,-1.204535e-07,3.081344e-06
-0.36,0.0564,3.910867e-06,102.2982,-8.33027e-07,3.821102e-06
-0.36,0.0568,2.813994e-06,97.36431,-3.6069e-07,2.790743e-06
-0.36,0.0572,2.529876e-06,99.99426,-4.390329e-07,2.491347e-06
-0.36,0.0576,3.581508e-06,92.16002,-1.349765e-07,3.578871e-06
-0.36,0.058,3.324838e-06,94.36739,-2.531614e-07,3.315182e-06
-0.36,0.0584,2.680711e-06,101.5984,-5.389675e-07,2.625921e-06
-0.36,0.0588,2.168532e-06,110.7767,-7.692072e-07,2.027403e-06
-0.36,0.0592,3.401638e-06,96.52067,-3.862716e-07,3.379538e-06
-0.36,0.0596,3.431322e-06,114.8256,-1.440614e-06,3.114122e-06
-0.36,0.06,3.148013e-06,84.93308,2.780724e-07,3.135709e-06
-0.36,0.0604,2.599328e-06,98.36566,-3.781411e-07,2.571562e-06
-0.36,0.0608,3.602642e-06,83.83296,3.870651e-07,3.581799e-06
-0.36,0.0612,3.519605e-06,119.4605,-1.731209e-06,3.06482e-06
-0.36,0.0616,3.975061e-06,98.27386,-5.72009e-07,3.93356e-06
-0.36,0.062,4.23157e-06,80.83178,6.742011e-07,4.177389e-06
-0.36,0.0624,2.672268e-06,92.9581,-1.379102e-07,2.668697e-06
-0.36,0.0628,4.321468e-06,85.68156,3.253743e-07,4.309035e-06
-0.36,0.0632,4.167342e-06,98.22053,-5.958583e-07,4.124494e-06
-0.36,0.0636,3.786547e-06,98.49504,-5.593523e-07,3.744889e-06
-0.36,0.064,3.02604e-06,95.38862,-2.842079e-07,3.01259e-06
-0.36,0.0644,3.345077e-06,91.54281,-9.007193e-08,3.343831e-06
-0.36,0.0648,3.14323e-06,73.91429,8.708629e-07,3.020055e-06
-0.36,0.0652,3.124477e-06,94.66169,-2.539604e-07,3.113988e-06
-0.36,0.0656,2.781562e-06,80.25751,4.707388e-07,2.741446e-06
-0.36,0.066,2.992372e-06,114.6481,-1.247942e-06,2.719726e-06
-0.36,0.0664,3.224406e-06,71.85991,1.003839e-06,3.064021e-06
-0.36,0.0668,4.022469e-06,91.97992,-1.389719e-07,4.020033e-06
-0.36,0.0672,3.115307e-06,92.29203,-1.24583e-07,3.112787e-06
-0.36,0.0676,3.216577e-06,97.01462,-3.927983e-07,3.192465e-06
-0.36,0.068,3.672536e-06,104.3434,-9.097773e-07,3.55795e-06
-0.36,0.0684,2.531412e-06,124.0748,-1.418229e-06,2.096688e-06
-0.36,0.0688,3.209017e-06,104.311,-7.931906e-07,3.109322e-06
-0.36,0.0692,4.251563e-06,108.1003,-1.320825e-06,4.041083e-06
-0.36,0.0696,3.194315e-06,104.8548,-8.189063e-07,3.087474e-06
-0.36,0.07,3.390949e-06,108.0233,-1.049146e-06,3.224445e-06
-0.36,0.0704,2.96526e-06,92.42623,-1.255162e-07,2.962494e-06
-0.36,0.0708,2.26641e-06,98.01945,-3.161877e-07,2.244187e-06
-0.36,0.0712,3.914007e-06,104.44,-9.759999e-07,3.790324e-06
-0.36,0.0716,3.839269e-06,109.0987,-1.256207e-06,3.6279e-06
-0.36,0.072,2.902513e-06,106.9458,-8.459519e-07,2.776488e-06
-0.36,0.0724,3.645211e-06,114.7609,-1.526685e-06,3.309985e-06
-0.36,0.0728,3.790067e-06,120.812,-1.941332e-06,3.255089e-06
-0.36,0.0732,3.727158e-06,98.76607,-5.680136e-07,3.683594e-06
-0.36,0.0736,3.248808e-06,89.32345,3.837235e-08,3.248563e-06
-0.36,0.074,2.531429e-06,114.864,-1.064339e-06,2.296686e-06
-0.36,0.0744,2.808524e-06,126.7546,-1.680582e-06,2.250183e-06
-0.36,0.0748,3.503797e-06,112.1207,-1.319361e-06,3.245763e-06
-0.36,0.0752,3.853892e-06,102.9281,-8.622072e-07,3.756081e-06
-0.36,0.0756,2.338076e-06,87.66774,9.512901e-08,2.335991e-06
-0.36,0.076,3.514582e-06,102.7025,-7.728058e-07,3.428438e-06
-0.36,0.0764,3.434641e-06,101.2982,-6.728712e-07,3.368077e-06
-0.36,0.0768,3.237912e-06,98.9055,-5.012601e-07,3.198729e-06
-0.36,0.0772,2.660997e-06,121.0218,-1.371324e-06,2.280296e-06
-0.36,0.0776,2.664048e-06,135.6241,-1.904161e-06,1.863118e-06
-0.36,0.078,2.908565e-06,124.08,-1.629816e-06,2.409009e-06
-0.36,0.0784,2.339864e-06,118.0107,-1.098845e-06,2.065775e-06
-0.36,0.0788,3.224506e-06,132.3958,-2.174109e-06,2.381293e-06
-0.36,0.0792,2.585062e-06,154.2031,-2.327335e-06,1.124957e-06
-0.36,0.0796,2.600859e-06,164.1621,-2.502014e-06,7.097739e-07
-0.36,0.08,3.453321e-06,176.7372,-3.447633e-06,1.965276e-07
-0.36,0.0804,1.732382e-06,171.6911,-1.714155e-06,2.503562e-07
-0.36,0.0808,2.293361e-06,135.082,-1.623954e-06,1.619283e-06
-0.36,0.0812,2.738842e-06,126.4849,-1.62848e-06,2.201948e-06
-0.36,0.0816,2.303911e-06,149.121,-1.977307e-06,1.182384e-06
-0.36,0.082,3.47588e-06,137.7178,-2.571567e-06,2.338523e-06
-0.36,0.0824,2.854289e-06,135.9252,-2.050593e-06,1.985432e-06
-0.36,0.0828,2.978961e-06,137.4616,-2.19489e-06,2.013947e-06
-0.36,0.0832,2.522941e-06,141.5293,-1.975178e-06,1.569449e-06
-0.36,0.0836,2.289813e-06,140.0043,-1.754131e-06,1.471649e-06
-0.36,0.084,2.580167e-06,153.9894,-2.318808e-06,1.131484e-06
-0.36,0.0844,2.702789e-06,140.5746,-2.087764e-06,1.716418e-06
-0.36,0.0848,2.420134e-06,131.012,-1.58851e-06,1.826606e-06
-0.36,0.0852,3.493923e-06,138.6391,-2.622334e-06,2.308677e-06
-0.36,0.0856,2.603486e-06,157.7804,-2.410076e-06,9.845215e-07
-0.36,0.086,2.214945e-06,155.8528,-2.02101e-06,9.06039e-07
-0.36,0.0864,3.636248e-06,141.7142,-2.854172e-06,2.252982e-06
-0.36,0.0868,2.865197e-06,-177.1503,-2.862034e-06,-1.424364e-07
-0.36,0.0872,3.7277e-06,175.3933,-3.71558e-06,2.993904e-07
-0.36,0.0876,3.579922e-06,-175.4851,-3.568746e-06,-2.818107e-07
-0.36,0.088,2.629531e-06,-167.8639,-2.570634e-06,-5.5282e-07
-0.36,0.0884,3.19631e-06,-171.3012,-3.159429e-06,-4.834011e-07
-0.36,0.0888,2.536889e-06,175.5664,-2.529194e-06,1.961309e-07
-0.36,0.0892,2.875121e-06,171.1548,-2.84085e-06,4.420951e-07
-0.36,0.0896,3.285219e-06,174.1991,-3.268288e-06,3.320351e-07
-0.36,0.09,3.207273e-06,171.0634,-3.168225e-06,4.981867e-07
-0.36,0.0904,9.004902e-07,-169.7189,-8.85928e-07,-1.606922e-07
-0.36,0.0908,2.77408e-06,-173.0255,-2.753444e-06,-3.368351e-07
-0.36,0.0912,1.659885e-06,149.3312,-1.427689e-06,8.466169e-07
-0.36,0.0916,3.600368e-06,177.4845,-3.596864e-06,1.580212e-07
-0.36,0.092,3.950698e-06,-158.1274,-3.666149e-06,-1.472191e-06
-0.36,0.0924,4.45706e-06,-169.7028,-4.384718e-06,-7.966551e-07
-0.36,0.0928,4.336874e-06,-172.9126,-4.30371e-06,-5.351006e-07
-0.36,0.0932,5.660265e-06,-158.6781,-5.272775e-06,-2.058053e-06
-0.36,0.0936,5.578352e-06,-170.7423,-5.505681e-06,-8.973833e-07
-0.36,0.094,5.589354e-06,-166.8266,-5.442257e-06,-1.273529e-06
-0.36,0.0944,4.877038e-06,-169.11,-4.789106e-06,-9.213667e-07
-0.36,0.0948,5.575206e-06,-169.9609,-5.489828e-06,-9.718649e-07
-0.36,0.0952,4.45806e-06,-175.8725,-4.446409e-06,-3.20848e-07
-0.36,0.0956,3.836721e-06,-177.201,-3.832032e-06,-1.873411e-07
-0.36,0.096,4.719559e-06,-171.6625,-4.669591e-06,-6.843321e-07
-0.36,0.0964,5.354918e-06,-151.278,-4.695972e-06,-2.5733e-06
-0.36,0.0968,5.974363e-06,-148.9315,-5.11728e-06,-3.083081e-06
-0.36,0.0972,6.051689e-06,-149.6311,-5.221344e-06,-3.0595e-06
-0.36,0.0976,6.854195e-06,-157.6164,-6.337774e-06,-2.610074e-06
-0.36,0.098,5.944451e-06,-158.901,-5.545785e-06,-2.139866e-06
-0.36,0.0984,6.802434e-06,-145.2405,-5.588561e-06,-3.878267e-06
-0.36,0.0988,7.824584e-06,-140.6706,-6.052371e-06,-4.95899e-06
-0.36,0.0992,8.921071e-06,-144.1639,-7.23223e-06,-5.222942e-06
-0.36,0.0996,9.610969e-06,-140.594,-7.426092e-06,-6.101137e-06
-0.36,0.1,1.363312e-05,-138.4775,-1.020698e-05,-9.037518e-06
-0.36,0.1004,1.578234e-05,-134.559,-1.107358e-05,-1.124533e-05
-0.36,0.1008,1.657418e-05,-133.7698,-1.146531e-05,-1.196856e-05
-0.36,0.1012,1.755861e-05,-129.3413,-1.113048e-05,-1.357945e-05
-0.36,0.1016,1.927867e-05,-131.3647,-1.27403e-05,-1.446898e-05
-0.36,0.102,2.007175e-05,-129.2622,-1.270272e-05,-1.554064e-05
-0.36,0.1024,2.121368e-05,-131.3452,-1.401356e-05,-1.592597e-05
-0.36,0.1028,2.179587e-05,-131.3511,-1.439983e-05,-1.636154e-05
-0.36,0.1032,2.348227e-05,-128.2291,-1.453093e-05,-1.844624e-05
-0.36,0.1036,2.428386e-05,-130.1039,-1.56431e-05,-1.857415e-05
-0.36,0.104,2.451617e-05,-131.9979,-1.640378e-05,-1.82196e-05
-0.36,0.1044,2.619683e-05,-129.8487,-1.678592e-05,-2.01123e-05
-0.36,0.1048,2.841018e-05,-127.4819,-1.728797e-05,-2.254476e-05
-0.36,0.1052,3.317324e-05,-125.0206,-1.903717e-05,-2.716705e-05
-0.36,0.1056,3.543476e-05,-124.2589,-1.994748e-05,-2.928692e-05
-0.36,0.106,3.622649e-05,-123.4664,-1.997705e-05,-3.022041e-05
-0.36,0.1064,4.150695e-05,-123.1016,-2.266801e-05,-3.477048e-05
-0.36,0.1068,4.788995e-05,-120.9404,-2.462253e-05,-4.107534e-05
-0.36,0.1072,5.053959e-05,-120.8559,-2.592083e-05,-4.338616e-05
-0.36,0.1076,5.099378e-05,-121.6208,-2.673587e-05,-4.342306e-05
-0.36,0.108,5.669603e-05,-117.8148,-2.645527e-05,-5.014537e-05
-0.36,0.1084,6.586265e-05,-117.4238,-3.033433e-05,-5.846126e-05
-0.36,0.1088,7.20481e-05,-116.4484,-3.208966e-05,-6.450723e-05
-0.36,0.1092,7.197838e-05,-116.2088,-3.17888e-05,-6.457838e-05
-0.36,0.1096,7.768655e-05,-115.8789,-3.390801e-05,-6.989605e-05
-0.36,0.11,8.339538e-05,-115.2254,-3.554155e-05,-7.544264e-05
-0.36,0.1104,8.731055e-05,-115.3084,-3.732459e-05,-7.893051e-05
-0.36,0.1108,8.612153e-05,-114.316,-3.546227e-05,-7.848162e-05
-0.36,0.1112,8.871024e-05,-114.6009,-3.692966e-05,-8.065798e-05
-0.36,0.1116,9.334058e-05,-114.1557,-3.819679e-05,-8.516742e-05
-0.36,0.112,9.645766e-05,-114.1231,-3.942221e-05,-8.803398e-05
-0.36,0.1124,9.720469e-05,-114.3101,-4.001687e-05,-8.85856e-05
-0.36,0.1128,9.801788e-05,-114.0711,-3.997877e-05,-8.949431e-05
-0.36,0.1132,0.0001035246,-112.9276,-4.032999e-05,-9.534602e-05
-0.36,0.1136,0.0001080069,-111.8916,-4.02707e-05,-0.0001002186
-0.36,0.114,0.0001089637,-112.7308,-4.210397e-05,-0.0001005006
-0.36,0.1144,0.0001104471,-112.7866,-4.277631e-05,-0.0001018272
-0.36,0.1148,0.0001110284,-113.0484,-4.346876e-05,-0.0001021655
-0.36,0.1152,0.0001113313,-112.7381,-4.303186e-05,-0.0001026789
-0.36,0.1156,0.0001094801,-112.9981,-4.277404e-05,-0.0001007784
-0.36,0.116,0.0001097087,-112.7616,-4.244627e-05,-0.0001011649
-0.36,0.1164,0.0001059073,-113.6788,-4.253354e-05,-9.705524e-05
-0.36,0.1168,0.0001019296,-113.493,-4.063311e-05,-9.348063e-05
-0.36,0.1172,0.000103493,-113.9978,-4.209091e-05,-9.454723e-05
-0.36,0.1176,0.0001019269,-113.7704,-4.108414e-05,-9.328023e-05
-0.36,0.118,9.660892e-05,-114.2472,-3.967484e-05,-8.808634e-05
-0.36,0.1184,8.891369e-05,-115.1644,-3.780773e-05,-8.047504e-05
-0.36,0.1188,8.298496e-05,-114.9077,-3.494996e-05,-7.526636e-05
-0.36,0.1192,8.189559e-05,-115.9228,-3.580151e-05,-7.36556e-05
-0.36,0.1196,7.25831e-05,-116.8487,-3.278118e-05,-6.475879e-05
-0.36,0.12,6.261618e-05,-119.493,-3.082706e-05,-5.450211e-05
-0.36,0.1204,5.735606e-05,-120.1423,-2.880139e-05,-4.960042e-05
-0.36,0.1208,5.449959e-05,-121.364,-2.836555e-05,-4.653666e-05
-0.36,0.1212,4.981578e-05,-122.6629,-2.688537e-05,-4.193795e-05
-0.36,0.1216,4.500018e-05,-122.9436,-2.447183e-05,-3.776442e-05
-0.36,0.122,4.436609e-05,-123.9101,-2.475164e-05,-3.682014e-05
-0.36,0.1224,4.196288e-05,-125.0957,-2.412634e-05,-3.433372e-05
-0.36,0.1228,4.120721e-05,-125.7182,-2.405678e-05,-3.345605e-05
-0.36,0.1232,4.12342e-05,-126.1929,-2.434912e-05,-3.327737e-05
-0.36,0.1236,4.087782e-05,-126.9742,-2.458629e-05,-3.265753e-05
-0.36,0.124,4.056341e-05,-125.6882,-2.366372e-05,-3.294574e-05
-0.36,0.1244,4.16023e-05,-125.1674,-2.396165e-05,-3.400874e-05
-0.36,0.1248,4.291081e-05,-125.025,-2.462799e-05,-3.513969e-05
-0.36,0.1252,4.543921e-05,-125.371,-2.630377e-05,-3.705198e-05
-0.36,0.1256,4.50244e-05,-124.6595,-2.560532e-05,-3.703466e-05
-0.36,0.126,4.417582e-05,-124.5883,-2.507755e-05,-3.636778e-05
-0.36,0.1264,4.490322e-05,-123.5926,-2.484424e-05,-3.740373e-05
-0.36,0.1268,4.340609e-05,-125.4709,-2.518814e-05,-3.535035e-05
-0.36,0.1272,4.341276e-05,-125.1461,-2.499134e-05,-3.549811e-05
-0.36,0.1276,4.30642e-05,-125.6091,-2.507422e-05,-3.501152e-05
-0.36,0.128,4.233837e-05,-126.0405,-2.49102e-05,-3.423485e-05
-0.36,0.1284,4.140736e-05,-126.7673,-2.478508e-05,-3.317025e-05
-0.36,0.1288,4.104351e-05,-126.7688,-2.456816e-05,-3.287818e-05
-0.36,0.1292,4.164108e-05,-127.1836,-2.516669e-05,-3.317558e-05
-0.36,0.1296,4.173007e-05,-127.2987,-2.528714e-05,-3.31957e-05
-0.36,0.13,4.023181e-05,-126.5224,-2.394339e-05,-3.233123e-05
-0.36,0.1304,3.93859e-05,-127.8549,-2.416977e-05,-3.109781e-05
-0.36,0.1308,4.002951e-05,-127.3233,-2.427037e-05,-3.18325e-05
-0.36,0.1312,3.695196e-05,-129.5359,-2.352222e-05,-2.849826e-05
-0.36,0.1316,3.355666e-05,-131.3004,-2.214756e-05,-2.520973e-05
-0.36,0.132,3.159482e-05,-133.4011,-2.17088e-05,-2.295554e-05
-0.36,0.1324,2.993559e-05,-133.6272,-2.065446e-05,-2.16687e-05
-0.36,0.1328,2.483243e-05,-136.7661,-1.809195e-05,-1.700963e-05
-0.36,0.1332,2.095674e-05,-141.1922,-1.633063e-05,-1.313376e-05
-0.36,0.1336,1.745728e-05,-144.1249,-1.41456e-05,-1.023029e-05
-0.36,0.134,1.57372e-05,-149.1295,-1.350764e-05,-8.074717e-06
-0.36,0.1344,1.419026e-05,-147.7218,-1.199735e-05,-7.577989e-06
-0.36,0.1348,1.156497e-05,-151.64,-1.017687e-05,-5.493426e-06
-0.36,0.1352,9.440828e-06,-155.6499,-8.601017e-06,-3.892527e-06
-0.36,0.1356,8.384026e-06,-152.4687,-7.434491e-06,-3.875339e-06
-0.36,0.136,7.790029e-06,-156.0534,-7.119504e-06,-3.161827e-06
-0.36,0.1364,5.871187e-06,-164.7756,-5.665037e-06,-1.541744e-06
-0.36,0.1368,4.055941e-06,-165.4388,-3.925569e-06,-1.019703e-06
-0.36,0.1372,4.454495e-06,-167.9102,-4.355672e-06,-9.329617e-07
-0.36,0.1376,3.392597e-06,-160.9506,-3.206731e-06,-1.107243e-06
-0.36,0.138,2.574602e-06,142.3969,-2.039669e-06,1.570913e-06
-0.36,0.1384,2.562828e-06,126.3778,-1.520024e-06,2.063378e-06
-0.36,0.1388,2.587264e-06,97.99846,-3.600195e-07,2.561967e-06
-0.36,0.1392,4.062194e-06,80.54546,6.672721e-07,4.006974e-06
-0.36,0.1396,2.283336e-06,111.0718,-8.209068e-07,2.130534e-06
-0.36,0.14,2.214213e-06,111.3913,-8.075796e-07,2.061646e-06
-0.36,0.1404,2.217337e-06,120.5118,-1.125762e-06,1.910286e-06
-0.36,0.1408,2.910308e-06,116.1342,-1.281922e-06,2.612734e-06
-0.36,0.1412,4.465783e-06,89.49918,3.903731e-08,4.465593e-06
-0.36,0.1416,3.462569e-06,91.35134,-8.167885e-08,3.46148e-06
-0.36,0.142,3.499897e-06,100.8269,-6.57415e-07,3.437496e-06
-0.36,0.1424,2.427309e-06,104.5292,-6.089173e-07,2.349581e-06
-0.36,0.1428,2.845572e-06,100.1079,-4.993937e-07,2.801405e-06
-0.36,0.1432,3.128025e-06,96.01765,-3.279112e-07,3.110792e-06
-0.36,0.1436,2.758596e-06,96.866,-3.297775e-07,2.738781e-06
-0.36,0.144,3.117039e-06,93.89748,-2.118553e-07,3.109725e-06
-0.36,0.1444,2.502657e-06,98.12873,-3.540236e-07,2.477226e-06
-0.36,0.1448,2.803087e-06,85.46114,2.218466e-07,2.794208e-06
-0.36,0.1452,2.88552e-06,93.70164,-1.862738e-07,2.879485e-06
-0.36,0.1456,2.238465e-06,94.99609,-1.949351e-07,2.229932e-06
-0.36,0.146,3.046341e-06,99.15335,-4.846025e-07,3.007527e-06
-0.36,0.1464,3.504216e-06,102.8993,-7.822662e-07,3.415647e-06
-0.36,0.1468,2.069737e-06,77.45477,4.495549e-07,2.020206e-06
-0.36,0.1472,3.796571e-06,87.4754,1.672133e-07,3.792855e-06
-0.36,0.1476,3.340959e-06,88.93759,6.195344e-08,3.340367e-06
-0.36,0.148,3.196243e-06,97.80625,-4.341043e-07,3.166621e-06
-0.36,0.1484,2.488173e-06,70.30982,8.383523e-07,2.342652e-06
-0.36,0.1488,3.304665e-06,72.29834,1.004772e-06,3.148097e-06
-0.36,0.1492,2.810865e-06,104.0239,-6.811358e-07,2.727052e-06
-0.36,0.1496,2.418508e-06,65.78286,9.919814e-07,2.205546e-06
-0.36,0.15,2.543142e-06,87.76303,9.926408e-08,2.54118e-06
-0.36,0.1504,3.01929e-06,91.86102,-9.806826e-08,3.017652e-06
-0.36,0.1508,3.163335e-06,90.07986,-4.397705e-09,3.163285e-06
-0.36,0.1512,3.549233e-06,99.33345,-5.756076e-07,3.502121e-06
-0.36,0.1516,4.255816e-06,84.99231,3.714747e-07,4.239482e-06
-0.36,0.152,2.649648e-06,77.51859,5.726683e-07,2.587018e-06
-0.36,0.1524,3.705918e-06,85.77947,2.727415e-07,3.695854e-06
-0.36,0.1528,3.083663e-06,84.71497,2.840682e-07,3.070553e-06
-0.36,0.1532,2.90976e-06,103.3306,-6.708763e-07,2.83125e-06
-0.36,0.1536,3.291372e-06,89.58267,2.398341e-08,3.291198e-06
-0.36,0.154,3.09837e-06,88.68711,7.088296e-08,3.097331e-06
-0.36,0.1544,2.344496e-06,77.59769,5.035176e-07,2.289757e-06
-0.36,0.1548,3.173578e-06,104.972,-8.198395e-07,3.065753e-06
-0.36,0.1552,3.666903e-06,74.21502,9.974464e-07,3.528501e-06
-0.36,0.1556,3.441799e-06,86.77131,1.938622e-07,3.436697e-06
-0.36,0.156,2.435926e-06,83.15454,2.903323e-07,2.418469e-06
-0.36,0.1564,1.806568e-06,88.66438,4.20995e-08,1.805953e-06
-0.36,0.1568,3.400577e-06,90.67829,-4.024431e-08,3.400325e-06
-0.36,0.1572,2.792738e-06,77.03075,6.267651e-07,2.721458e-06
-0.36,0.1576,3.131702e-06,66.97173,1.22502e-06,2.882016e-06
-0.36,0.158,3.479333e-06,87.93002,1.256447e-07,3.476936e-06
-0.36,0.1584,3.658577e-06,61.70383,1.734271e-06,3.221383e-06
-0.36,0.1588,3.170035e-06,98.40587,-4.634186e-07,3.135837e-06
-0.36,0.1592,3.260755e-06,93.82185,-2.173203e-07,3.253491e-06
-0.36,0.1596,2.166962e-06,111.9345,-8.094459e-07,2.01008e-06
-0.36,0.16,3.244377e-06,77.32188,7.120426e-07,3.165151e-06
-0.36,0.1604,2.750219e-06,66.54378,1.09471e-06,2.52293e-06
-0.36,0.1608,3.450555e-06,85.01395,2.999268e-07,3.437496e-06
-0.36,0.1612,4.209866e-06,88.30593,1.244433e-07,4.207905e-06
-0.36,0.1616,4.174014e-06,89.16565,6.075762e-08,4.173528e-06
-0.36,0.162,3.176612e-06,100.3396,-5.701426e-07,3.124913e-06
-0.36,0.1624,3.071609e-06,81.58975,4.492867e-07,3.038574e-06
-0.36,0.1628,3.234984e-06,103.9281,-7.786676e-07,3.139838e-06
-0.36,0.1632,2.803875e-06,82.10063,3.853328e-07,2.777153e-06
-0.36,0.1636,2.563169e-06,110.5485,-8.99652e-07,2.399945e-06
-0.36,0.164,3.384053e-06,79.59176,6.113089e-07,3.328241e-06
-0.36,0.1644,4.03436e-06,82.99979,4.9166e-07,4.004174e-06
-0.36,0.1648,2.761144e-06,110.2994,-9.578783e-07,2.589549e-06
-0.36,0.1652,3.255961e-06,96.29161,-3.568232e-07,3.236303e-06
-0.36,0.1656,2.994401e-06,115.35,-1.282056e-06,2.706002e-06
-0.36,0.166,2.613058e-06,70.61931,8.671358e-07,2.464966e-06
-0.36,0.1664,3.173103e-06,72.69132,9.440146e-07,3.029381e-06
-0.36,0.1668,3.486843e-06,96.96872,-4.230458e-07,3.460949e-06
-0.36,0.1672,3.58932e-06,70.62062,1.191046e-06,3.385936e-06
-0.36,0.1676,2.537822e-06,94.19429,-1.856088e-07,2.530921e-06
-0.36,0.168,2.965657e-06,83.24502,3.488212e-07,2.945037e-06
-0.36,0.1684,2.815011e-06,86.53176,1.702811e-07,2.809798e-06
-0.36,0.1688,3.048012e-06,108.0981,-9.468197e-07,2.897204e-06
-0.36,0.1692,2.362512e-06,78.40464,4.748683e-07,2.314271e-06
-0.36,0.1696,2.357555e-06,69.86101,8.117035e-07,2.213409e-06
-0.36,0.17,3.839559e-06,77.22221,8.491482e-07,3.744352e-06
-0.36,0.1704,4.230882e-06,99.59922,-7.055159e-07,4.171527e-06
-0.36,0.1708,4.437284e-06,92.42645,-1.878719e-07,4.433216e-06
-0.36,0.1712,3.161743e-06,77.76905,6.698034e-07,3.089871e-06
-0.36,0.1716,3.180669e-06,71.97706,9.841192e-07,3.024581e-06
-0.36,0.172,3.554161e-06,91.13846,-7.062032e-08,3.553418e-06
-0.36,0.1724,2.512011e-06,79.07509,4.760697e-07,2.466436e-06
-0.36,0.1728,2.654531e-06,62.12914,1.240879e-06,2.346513e-06
-0.36,0.1732,3.216091e-06,80.0031,5.582794e-07,3.167152e-06
-0.36,0.1736,4.301816e-06,83.28043,5.033835e-07,4.272256e-06
-0.36,0.174,3.338025e-06,78.74156,6.516817e-07,3.273747e-06
-0.36,0.1744,2.350548e-06,85.49742,1.845359e-07,2.343183e-06
-0.36,0.1748,4.247942e-06,97.68451,-5.680136e-07,4.209766e-06
-0.36,0.1752,3.039792e-06,105.3705,-8.057132e-07,2.931045e-06
-0.36,0.1756,3.295004e-06,125.8643,-1.930408e-06,2.670295e-06
-0.36,0.176,3.05242e-06,109.1896,-1.003313e-06,2.882681e-06
-0.36,0.1764,3.184894e-06,118.3333,-1.511497e-06,2.803271e-06
-0.36,0.1768,3.296736e-06,100.5454,-6.033238e-07,3.240969e-06
-0.36,0.1772,2.859625e-06,83.43474,3.269724e-07,2.840844e-06
-0.36,0.1776,3.674184e-06,96.17839,-3.954637e-07,3.652682e-06
-0.36,0.178,3.574194e-06,100.3776,-6.438251e-07,3.515711e-06
-0.36,0.1784,3.575546e-06,111.8751,-1.332152e-06,3.317981e-06
-0.36,0.1788,2.679185e-06,105.7797,-7.285661e-07,2.578089e-06
-0.36,0.1792,2.097314e-06,99.27575,-3.380365e-07,2.069905e-06
-0.36,0.1796,3.19194e-06,112.0805,-1.199841e-06,2.957694e-06
-0.36,0.18,3.332577e-06,110.9778,-1.193046e-06,3.111591e-06
-0.36,0.1804,2.430154e-06,132.7743,-1.650335e-06,1.783836e-06
-0.36,0.1808,3.542544e-06,82.55699,4.588812e-07,3.512648e-06
-0.36,0.1812,3.085311e-06,111.8099,-1.146281e-06,2.864426e-06
-0.36,0.1816,1.976665e-06,98.60695,-2.957973e-07,1.954386e-06
-0.36,0.182,3.230145e-06,101.6875,-6.543528e-07,3.163157e-06
-0.36,0.1824,1.586465e-06,81.57401,2.325028e-07,1.569315e-06
-0.36,0.1828,1.847131e-06,107.9529,-5.693435e-07,1.757053e-06
-0.36,0.1832,2.201657e-06,100.5953,-4.0479e-07,2.164106e-06
-0.36,0.1836,2.133797e-06,79.88989,3.745369e-07,2.100549e-06
-0.36,0.184,2.499612e-06,112.6366,-9.620077e-07,2.306945e-06
-0.36,0.1844,2.268953e-06,102.6737,-4.977956e-07,2.213543e-06
-0.36,0.1848,1.722794e-06,116.2514,-7.620099e-07,1.545069e-06
-0.36,0.1852,2.575686e-06,110.1621,-8.877944e-07,2.417799e-06
-0.36,0.1856,2.234173e-06,120.1407,-1.121766e-06,1.932e-06
-0.36,0.186,1.493018e-06,106.91,-4.342384e-07,1.428348e-06
-0.36,0.1864,1.349659e-06,79.107,2.550221e-07,1.325218e-06
-0.36,0.1868,2.106031e-06,101.1963,-4.089195e-07,2.06591e-06
-0.36,0.1872,2.603307e-06,94.40597,-1.999977e-07,2.595545e-06
-0.36,0.1876,3.51656e-06,98.35954,-5.112513e-07,3.47907e-06
-0.36,0.188,2.651927e-06,112.4556,-1.012908e-06,2.450712e-06
-0.36,0.1884,1.166308e-06,121.4047,-6.077159e-07,9.954459e-07
-0.36,0.1888,2.454416e-06,83.01203,2.985913e-07,2.436054e-06
-0.36,0.1892,2.859391e-06,101.386,-5.645491e-07,2.803534e-06
-0.36,0.1896,2.005577e-06,106.0446,-5.542896e-07,1.92734e-06
-0.36,0.19,3.015166e-06,87.08735,1.532267e-07,3.01126e-06
-0.36,0.1904,2.290047e-06,121.3628,-1.19185e-06,1.955587e-06
-0.36,0.1908,3.146884e-06,92.87679,-1.578927e-07,3.142101e-06
-0.36,0.1912,2.290735e-06,104.2127,-5.624145e-07,2.220472e-06
-0.36,0.1916,2.010634e-06,107.5464,-6.061177e-07,1.91708e-06
-0.36,0.192,1.693826e-06,113.5012,-6.754025e-07,1.553328e-06
-0.36,0.1924,2.522706e-06,130.8236,-1.649133e-06,1.90895e-06
-0.36,0.1928,2.727298e-06,99.75166,-4.61949e-07,2.687746e-06
-0.36,0.1932,3.826042e-06,121.5905,-2.004224e-06,3.25909e-06
-0.36,0.1936,1.6721e-06,99.25476,-2.688858e-07,1.650329e-06
-0.36,0.194,1.510944e-06,101.9105,-3.1179e-07,1.478316e-06
-0.36,0.1944,3.233972e-06,92.81253,-1.586917e-07,3.230044e-06
-0.36,0.1948,3.236772e-06,87.16385,1.601558e-07,3.232704e-06
-0.36,0.1952,2.779422e-06,85.63085,2.117156e-07,2.771291e-06
-0.36,0.1956,3.615355e-06,101.5163,-7.217712e-07,3.542494e-06
-0.36,0.196,1.733142e-06,96.09459,-1.840107e-07,1.723213e-06
-0.36,0.1964,3.124125e-06,95.58052,-3.037936e-07,3.109194e-06
-0.36,0.1968,2.439636e-06,97.05832,-2.997983e-07,2.421e-06
-0.36,0.1972,1.798259e-06,104.6275,-4.540923e-07,1.739865e-06
-0.36,0.1976,1.987857e-06,115.6849,-8.615422e-07,1.791296e-06
-0.36,0.198,2.538364e-06,85.59883,1.947954e-07,2.530787e-06
-0.36,0.1984,2.081919e-06,108.2423,-6.516873e-07,1.977168e-06
-0.36,0.1988,3.6395e-06,98.78399,-5.557537e-07,3.596724e-06
-0.36,0.1992,2.492872e-06,80.19938,4.24236e-07,2.455774e-06
-0.36,0.1996,3.40816e-06,108.0141,-1.053946e-06,3.240969e-06
-0.36,0.2,3.359757e-06,99.9252,-5.790721e-07,3.309454e-06
-0.35,0.0,2.839084e-06,113.6838,-1.140419e-06,2.599943e-06
-0.35,0.0004,2.861911e-06,97.7656,-3.866683e-07,2.835648e-06
-0.35,0.0008,3.365423e-06,107.1744,-9.942501e-07,3.214716e-06
-0.35,0.0012,3.355152e-06,114.9785,-1.416759e-06,3.041239e-06
-0.35,0.0016,3.330839e-06,113.8158,-1.344943e-06,3.047101e-06
-0.35,0.002,3.067223e-06,99.23203,-4.920624e-07,3.027381e-06
-0.35,0.0024,3.308063e-06,106.6635,-9.48552e-07,3.169152e-06
-0.35,0.0028,3.061501e-06,118.1982,-1.44661e-06,2.69814e-06
-0.35,0.0032,3.144834e-06,99.61758,-5.253721e-07,3.100533e-06
-0.35,0.0036,2.739887e-06,88.82393,5.62258e-08,2.739178e-06
-0.35,0.004,3.605095e-06,97.29131,-4.575569e-07,3.575803e-06
-0.35,0.0044,4.19417e-06,76.15749,1.003442e-06,4.072263e-06
-0.35,0.0048,3.842867e-06,93.18235,-2.13325e-07,3.836827e-06
-0.35,0.0052,2.656102e-06,117.9534,-1.245014e-06,2.346117e-06
-0.35,0.0056,3.631286e-06,114.3644,-1.498041e-06,3.307856e-06
-0.35,0.006,2.865549e-06,100.1616,-5.055237e-07,2.820588e-06
-0.35,0.0064,3.954967e-06,85.88701,2.836715e-07,3.944752e-06
-0.35,0.0068,2.734176e-06,94.67043,-2.226512e-07,2.725057e-06
-0.35,0.0072,3.287225e-06,108.8404,-1.06154e-06,3.111055e-06
-0.35,0.0076,3.091307e-06,106.6382,-8.85263e-07,2.96236e-06
-0.35,0.008,3.274518e-06,100.1647,-5.778707e-07,3.22378e-06
-0.35,0.0084,3.51879e-06,94.62584,-2.838056e-07,3.507183e-06
-0.35,0.0088,2.901434e-06,97.69391,-3.884006e-07,2.875221e-06
-0.35,0.0092,3.077806e-06,81.79127,4.394296e-07,3.046168e-06
-0.35,0.0096,3.989456e-06,81.27676,6.050504e-07,3.943283e-06
-0.35,0.01,3.484278e-06,95.49004,-3.333762e-07,3.468146e-06
-0.35,0.0104,3.67628e-06,108.3586,-1.15787e-06,3.489062e-06
-0.35,0.0108,3.889935e-06,99.62108,-6.500892e-07,3.835223e-06
-0.35,0.0112,3.484133e-06,92.22909,-1.355074e-07,3.481468e-06
-0.35,0.0116,3.936203e-06,95.09226,-3.493633e-07,3.9213e-06
-0.35,0.012,3.387048e-06,91.05934,-6.262399e-08,3.386333e-06
-0.35,0.0124,3.862492e-06,91.01956,-6.875395e-08,3.861738e-06
-0.35,0.0128,4.00394e-06,87.17697,1.971926e-07,3.998978e-06
-0.35,0.0132,4.197115e-06,93.45118,-2.526305e-07,4.189515e-06
-0.35,0.0136,3.524808e-06,101.4717,-7.009897e-07,3.454288e-06
-0.35,0.014,3.071743e-06,102.9674,-6.892606e-07,2.993406e-06
-0.35,0.0144,3.228809e-06,88.45106,8.727237e-08,3.227513e-06
-0.35,0.0148,3.042681e-06,92.55038,-1.353789e-07,3.039641e-06
-0.35,0.0152,4.05921e-06,97.22793,-5.107205e-07,4.026828e-06
-0.35,0.0156,3.846343e-06,89.76801,1.558475e-08,3.846282e-06
-0.35,0.016,3.825601e-06,114.9235,-1.612091e-06,3.469208e-06
-0.35,0.0164,2.768889e-06,95.02451,-2.425052e-07,2.758232e-06
-0.35,0.0168,3.958655e-06,80.32646,6.651375e-07,3.902245e-06
-0.35,0.0172,3.913443e-06,79.19093,7.344279e-07,3.844555e-06
-0.35,0.0176,3.104852e-06,94.48159,-2.426337e-07,3.095202e-06
-0.35,0.018,3.85748e-06,109.2884,-1.274194e-06,3.640824e-06
-0.35,0.0184,3.250043e-06,95.69155,-3.223121e-07,3.233905e-06
-0.35,0.0188,2.73374e-06,107.1473,-8.059814e-07,2.612197e-06
-0.35,0.0192,2.795683e-06,107.1993,-8.265003e-07,2.670161e-06
-0.35,0.0196,3.257134e-06,101.1115,-6.277039e-07,3.196064e-06
-0.35,0.02,2.661215e-06,102.3861,-5.708076e-07,2.599278e-06
-0.35,0.0204,2.988399e-06,107.6553,-9.063128e-07,2.847639e-06
-0.35,0.0208,3.016468e-06,116.3161,-1.337215e-06,2.703739e-06
-0.35,0.0212,3.056824e-06,90.09734,-5.196779e-09,3.056695e-06
-0.35,0.0216,3.084065e-06,82.61513,3.963913e-07,3.058562e-06
-0.35,0.022,3.119129e-06,99.38721,-5.0872e-07,3.077348e-06
-0.35,0.0224,3.165414e-06,91.58215,-8.741207e-08,3.16409e-06
-0.35,0.0228,3.661125e-06,85.50878,2.867337e-07,3.649888e-06
-0.35,0.0232,3.927949e-06,94.46673,-3.059282e-07,3.916103e-06
-0.35,0.0236,3.670122e-06,80.66086,5.9559e-07,3.621373e-06
-0.35,0.024,3.118498e-06,91.82168,-9.913556e-08,3.116788e-06
-0.35,0.0244,3.766855e-06,89.33307,4.383176e-08,3.766475e-06
-0.35,0.0248,3.450416e-06,100.3964,-6.226412e-07,3.393664e-06
-0.35,0.0252,3.129377e-06,111.3017,-1.13682e-06,2.915589e-06
-0.35,0.0256,4.07019e-06,88.23907,1.251138e-07,4.068262e-06
-0.35,0.026,3.107607e-06,99.57387,-5.168449e-07,3.064289e-06
-0.35,0.0264,3.370508e-06,98.4863,-4.973933e-07,3.333572e-06
-0.35,0.0268,3.428975e-06,96.2221,-3.716144e-07,3.408188e-06
-0.35,0.0272,3.451796e-06,97.06663,-4.246439e-07,3.425505e-06
-0.35,0.0276,2.990098e-06,96.2903,-3.27643e-07,2.971954e-06
-0.35,0.028,3.904983e-06,85.47206,3.083199e-07,3.892784e-06
-0.35,0.0284,3.925854e-06,94.1226,-2.822075e-07,3.915701e-06
-0.35,0.0288,3.837754e-06,110.0375,-1.314964e-06,3.605386e-06
-0.35,0.0292,4.046525e-06,96.86294,-4.835352e-07,4.017502e-06
-0.35,0.0296,2.553289e-06,94.81949,-2.145208e-07,2.544114e-06
-0.35,0.03,4.595573e-06,74.69805,1.21276e-06,4.432545e-06
-0.35,0.0304,2.617422e-06,91.96113,-8.954107e-08,2.615796e-06
-0.35,0.0308,3.175981e-06,99.25389,-5.107205e-07,3.134641e-06
-0.35,0.0312,3.871053e-06,81.07395,6.006527e-07,3.824165e-06
-0.35,0.0316,3.916461e-06,101.3467,-7.705371e-07,3.839889e-06
-0.35,0.032,2.60338e-06,98.68432,-3.930665e-07,2.573428e-06
-0.35,0.0324,2.894734e-06,104.3054,-7.152445e-07,2.804869e-06
-0.35,0.0328,2.974083e-06,77.0102,6.684679e-07,2.897869e-06
-0.35,0.0332,3.223439e-06,92.7933,-1.570936e-07,3.219516e-06
-0.35,0.0336,3.677906e-06,107.1862,-1.086719e-06,3.513582e-06
-0.35,0.034,3.206849e-06,97.4701,-4.169158e-07,3.17954e-06
-0.35,0.0344,3.33474e-06,91.12404,-6.542354e-08,3.333969e-06
-0.35,0.0348,3.898903e-06,103.0278,-8.788648e-07,3.798449e-06
-0.35,0.0352,4.139441e-06,121.3461,-2.153322e-06,3.535168e-06
-0.35,0.0356,4.087446e-06,93.90272,-2.782121e-07,4.077857e-06
-0.35,0.036,3.114318e-06,87.6013,1.30305e-07,3.111457e-06
-0.35,0.0364,3.729349e-06,98.87883,-5.756076e-07,3.684528e-06
-0.35,0.0368,3.289187e-06,96.18364,-3.542918e-07,3.270015e-06
-0.35,0.0372,2.883179e-06,98.98374,-4.502255e-07,2.847773e-06
-0.35,0.0376,2.947529e-06,96.50711,-3.340411e-07,2.928514e-06
-0.35,0.038,2.933314e-06,120.6027,-1.493241e-06,2.52426e-06
-0.35,0.0384,2.659203e-06,94.11779,-1.909397e-07,2.652307e-06
-0.35,0.0388,2.775656e-06,108.8198,-8.953884e-07,2.627123e-06
-0.35,0.0392,3.733104e-06,120.0646,-1.870181e-06,3.230843e-06
-0.35,0.0396,3.043273e-06,113.4221,-1.209704e-06,2.792475e-06
-0.35,0.04,1.652503e-06,88.85847,3.290735e-08,1.652061e-06
-0.35,0.0404,2.853926e-06,98.98724,-4.458278e-07,2.818856e-06
-0.35,0.0408,3.931408e-06,89.95554,3.062188e-09,3.931291e-06
-0.35,0.0412,2.858603e-06,96.69727,-3.329738e-07,2.839375e-06
-0.35,0.0416,1.590119e-06,89.85063,4.129484e-09,1.589968e-06
-0.35,0.042,2.143258e-06,102.1666,-4.516895e-07,2.09509e-06
-0.35,0.0424,3.29273e-06,112.4254,-1.256072e-06,3.043636e-06
-0.35,0.0428,2.363227e-06,94.53011,-1.866761e-07,2.355711e-06
-0.35,0.0432,2.297189e-06,89.20543,3.184005e-08,2.296948e-06
-0.35,0.0436,2.475718e-06,102.9408,-5.544237e-07,2.412736e-06
-0.35,0.044,3.681533e-06,78.88144,7.09908e-07,3.612315e-06
-0.35,0.0444,4.213314e-06,70.29889,1.420352e-06,3.966601e-06
-0.35,0.0448,4.494499e-06,83.62904,4.987232e-07,4.46666e-06
-0.35,0.0452,3.739278e-06,86.61875,2.205111e-07,3.732629e-06
-0.35,0.0456,4.387468e-06,89.45546,4.170276e-08,4.387244e-06
-0.35,0.046,3.636717e-06,93.36725,-2.135876e-07,3.630431e-06
-0.35,0.0464,3.536587e-06,93.16617,-1.953374e-07,3.531167e-06
-0.35,0.0468,1.91014e-06,100.9699,-3.63484e-07,1.875109e-06
-0.35,0.0472,3.341048e-06,87.65987,1.36435e-07,3.338232e-06
-0.35,0.0476,3.220461e-06,96.13262,-3.440324e-07,3.201926e-06
-0.35,0.048,4.07689e-06,96.38122,-4.531592e-07,4.051476e-06
-0.35,0.0484,4.233447e-06,81.14127,6.5195e-07,4.182854e-06
-0.35,0.0488,2.804858e-06,94.86364,-2.378392e-07,2.79461e-06
-0.35,0.0492,3.806037e-06,95.97219,-3.959946e-07,3.785261e-06
-0.35,0.0496,4.138575e-06,84.58295,3.906637e-07,4.119297e-06
-0.35,0.05,2.81932e-06,83.63757,3.124494e-07,2.801936e-06
-0.35,0.0504,3.594858e-06,79.47592,6.566103e-07,3.534363e-06
-0.35,0.0508,3.121124e-06,82.49143,4.078522e-07,3.094268e-06
-0.35,0.0512,3.617433e-06,105.4536,-9.638741e-07,3.48653e-06
-0.35,0.0516,3.148164e-06,88.44538,8.5406e-08,3.146901e-06
-0.35,0.052,3.42556e-06,91.34828,-8.061155e-08,3.424577e-06
-0.35,0.0524,3.435937e-06,104.9012,-8.835308e-07,3.320379e-06
-0.35,0.0528,3.145342e-06,97.00326,-3.83472e-07,3.121851e-06
-0.35,0.0532,2.520544e-06,107.7187,-7.670726e-07,2.400878e-06
-0.35,0.0536,2.25163e-06,104.5213,-5.645491e-07,2.179697e-06
-0.35,0.054,3.420587e-06,105.055,-8.884593e-07,3.30319e-06
-0.35,0.0544,3.234358e-06,86.23759,2.122521e-07,3.227379e-06
-0.35,0.0548,3.08164e-06,81.78733,4.402287e-07,3.050034e-06
-0.35,0.0552,3.896819e-06,83.42425,4.462245e-07,3.87107e-06
-0.35,0.0556,3.203596e-06,86.80759,1.78406e-07,3.198595e-06
-0.35,0.056,3.823466e-06,88.38243,1.079253e-07,3.821901e-06
-0.35,0.0564,3.494773e-06,104.9589,-9.020492e-07,3.376342e-06
-0.35,0.0568,3.055572e-06,96.63301,-3.529619e-07,3.035109e-06
-0.35,0.0572,4.174361e-06,82.14434,5.705393e-07,4.13515e-06
-0.35,0.0576,3.498908e-06,89.30159,4.263594e-08,3.498522e-06
-0.35,0.058,3.422996e-06,97.33153,-4.367697e-07,3.394994e-06
-0.35,0.0584,2.611571e-06,102.5439,-5.672145e-07,2.549177e-06
-0.35,0.0588,3.017216e-06,105.9038,-8.263662e-07,2.901468e-06
-0.35,0.0592,3.611158e-06,128.4745,-2.246724e-06,2.826986e-06
-0.35,0.0596,3.326537e-06,96.18276,-3.582872e-07,3.307057e-06
-0.35,0.06,2.571115e-06,91.62761,-7.301755e-08,2.569964e-06
-0.35,0.0604,2.559738e-06,97.38136,-3.288444e-07,2.538515e-06
-0.35,0.0608,3.115464e-06,110.91,-1.111904e-06,2.910263e-06
-0.35,0.0612,2.121409e-06,95.90837,-2.183876e-07,2.11001e-06
-0.35,0.0616,2.891538e-06,106.3864,-8.1571e-07,2.774091e-06
-0.35,0.062,2.959594e-06,97.29918,-3.760121e-07,2.935577e-06
-0.35,0.0624,3.077935e-06,85.95389,2.171806e-07,3.070151e-06
-0.35,0.0628,3.968948e-06,107.647,-1.203177e-06,3.782059e-06
-0.35,0.0632,2.62353e-06,79.85186,4.622116e-07,2.582352e-06
-0.35,0.0636,2.912834e-06,73.49683,8.274279e-07,2.792743e-06
-0.35,0.064,2.240924e-06,91.684,-6.622262e-08,2.239521e-06
-0.35,0.0644,3.431819e-06,122.7787,-1.857927e-06,2.885213e-06
-0.35,0.0648,2.49917e-06,124.354,-1.410232e-06,2.06311e-06
-0.35,0.0652,2.365518e-06,123.1608,-1.293914e-06,1.980235e-06
-0.35,0.0656,2.944713e-06,132.7743,-1.999692e-06,2.161441e-06
-0.35,0.066,2.432199e-06,111.5911,-8.94986e-07,2.26151e-06
-0.35,0.0664,2.52307e-06,107.101,-7.418934e-07,2.411406e-06
-0.35,0.0668,3.423068e-06,113.856,-1.384383e-06,3.130512e-06
-0.35,0.0672,2.885503e-06,81.88,4.07584e-07,2.856563e-06
-0.35,0.0676,3.449404e-06,97.76341,-4.659499e-07,3.41738e-06
-0.35,0.068,2.262946e-06,125.9722,-1.329224e-06,1.831406e-06
-0.35,0.0684,2.179825e-06,74.66045,5.766693e-07,2.102153e-06
-0.35,0.0688,2.948507e-06,98.89107,-4.556905e-07,2.913057e-06
-0.35,0.0692,3.051063e-06,112.3188,-1.158675e-06,2.822455e-06
-0.35,0.0696,2.941075e-06,79.98955,5.112458e-07,2.896271e-06
-0.35,0.07,3.210531e-06,109.114,-1.05128e-06,3.033377e-06
-0.35,0.0704,2.879798e-06,98.26555,-4.139821e-07,2.849768e-06
-0.35,0.0708,2.850819e-06,90.92645,-4.610605e-08,2.850305e-06
-0.35,0.0712,3.423102e-06,104.7088,-8.691363e-07,3.311052e-06
-0.35,0.0716,2.434283e-06,58.51698,1.271255e-06,2.075901e-06
-0.35,0.072,2.876484e-06,74.72952,7.576067e-07,2.77489e-06
-0.35,0.0724,2.616936e-06,88.19404,8.247233e-08,2.615533e-06
-0.35,0.0728,3.28675e-06,87.67211,1.335069e-07,3.284007e-06
-0.35,0.0732,2.731561e-06,101.9638,-5.661472e-07,2.671893e-06
-0.35,0.0736,4.202479e-06,96.55957,-4.800707e-07,4.174858e-06
-0.35,0.074,3.4018e-06,93.97354,-2.357047e-07,3.39353e-06
-0.35,0.0744,3.190241e-06,72.89983,9.380187e-07,3.049101e-06
-0.35,0.0748,4.277793e-06,79.0799,8.103735e-07,4.200305e-06
-0.35,0.0752,2.997631e-06,95.02625,-2.626217e-07,2.986075e-06
-0.35,0.0756,3.447884e-06,85.29415,2.828668e-07,3.436166e-06
-0.35,0.076,3.301369e-06,87.17565,1.626871e-07,3.297328e-06
-0.35,0.0764,3.098001e-06,82.77075,3.898646e-07,3.073347e-06
-0.35,0.0768,3.862805e-06,105.7333,-1.047413e-06,3.717971e-06
-0.35,0.0772,4.130847e-06,93.95299,-2.847388e-07,4.121029e-06
-0.35,0.0776,3.941176e-06,92.53464,-1.742821e-07,3.937287e-06
-0.35,0.078,3.792526e-06,79.53537,6.888583e-07,3.729432e-06
-0.35,0.0784,2.922769e-06,82.37952,3.875959e-07,2.896936e-06
-0.35,0.0788,2.256156e-06,89.37066,2.478249e-08,2.255911e-06
-0.35,0.0792,3.934359e-06,91.89031,-1.297798e-07,3.93209e-06
-0.35,0.0796,4.000363e-06,88.65302,9.40673e-08,3.999246e-06
-0.35,0.08,3.580564e-06,95.94247,-3.706812e-07,3.56128e-06
-0.35,0.0804,3.858681e-06,83.28349,4.512872e-07,3.832161e-06
-0.35,0.0808,2.58072e-06,69.32859,9.109731e-07,2.414468e-06
-0.35,0.0812,2.171421e-06,107.4402,-6.507541e-07,2.071503e-06
-0.35,0.0816,2.360181e-06,93.3113,-1.363065e-07,2.356242e-06
-0.35,0.082,3.444286e-06,79.63198,6.198361e-07,3.387931e-06
-0.35,0.0824,3.228446e-06,135.1183,-2.287494e-06,2.278028e-06
-0.35,0.0828,2.801673e-06,98.90768,-4.338361e-07,2.767827e-06
-0.35,0.0832,2.752041e-06,121.0952,-1.421291e-06,2.35651e-06
-0.35,0.0836,2.782585e-06,121.3413,-1.447275e-06,2.376498e-06
-0.35,0.084,3.462513e-06,104.5628,-8.706059e-07,3.351157e-06
-0.35,0.0844,2.566298e-06,108.6345,-8.199736e-07,2.431657e-06
-0.35,0.0848,2.659589e-06,103.165,-6.05721e-07,2.589683e-06
-0.35,0.0852,2.16333e-06,150.2644,-1.878445e-06,1.072989e-06
-0.35,0.0856,3.280285e-06,111.5054,-1.202506e-06,3.051895e-06
-0.35,0.086,2.261213e-06,95.79646,-2.283789e-07,2.249518e-06
-0.35,0.0864,1.980917e-06,97.70833,-2.656839e-07,1.962913e-06
-0.35,0.0868,3.065848e-06,112.1924,-1.158004e-06,2.83871e-06
-0.35,0.0872,3.684254e-06,111.2623,-1.336019e-06,3.433367e-06
-0.35,0.0876,1.63404e-06,118.7918,-7.869265e-07,1.431947e-06
-0.35,0.088,1.175047e-06,155.9,-1.072598e-06,4.798024e-07
-0.35,0.0884,2.351352e-06,93.66798,-1.504328e-07,2.346513e-06
-0.35,0.0888,2.520438e-06,129.8614,-1.615427e-06,1.934666e-06
-0.35,0.0892,3.015417e-06,136.1246,-2.173572e-06,2.089893e-06
-0.35,0.0896,1.116475e-06,130.5381,-7.256381e-07,8.484777e-07
-0.35,0.09,1.843085e-06,142.9481,-1.470856e-06,1.110434e-06
-0.35,0.0904,2.792615e-06,118.3988,-1.328157e-06,2.456439e-06
-0.35,0.0908,1.68907e-06,113.2223,-6.659422e-07,1.552127e-06
-0.35,0.0912,2.333113e-06,139.8115,-1.782244e-06,1.505495e-06
-0.35,0.0916,1.522611e-06,145.7316,-1.258201e-06,8.572731e-07
-0.35,0.092,2.799432e-06,128.3727,-1.737741e-06,2.194622e-06
-0.35,0.0924,2.119129e-06,132.8373,-1.440742e-06,1.553859e-06
-0.35,0.0928,2.301508e-06,140.0467,-1.764256e-06,1.477913e-06
-0.35,0.0932,3.377348e-06,137.0367,-2.471504e-06,2.301748e-06
-0.35,0.0936,2.91137e-06,151.8673,-2.567304e-06,1.372653e-06
-0.35,0.094,2.980045e-06,142.9874,-2.3797e-06,1.794498e-06
-0.35,0.0944,3.197489e-06,131.8328,-2.132669e-06,2.382494e-06
-0.35,0.0948,3.311309e-06,152.7765,-2.944512e-06,1.514822e-06
-0.35,0.0952,3.194868e-06,146.034,-2.649648e-06,1.784903e-06
-0.35,0.0956,2.607498e-06,-177.8443,-2.605542e-06,-9.806826e-08
-0.35,0.096,2.702392e-06,164.1131,-2.599149e-06,7.397532e-07
-0.35,0.0964,3.823215e-06,-168.4033,-3.745157e-06,-7.685422e-07
-0.35,0.0968,3.901423e-06,176.8635,-3.895455e-06,2.134479e-07
-0.35,0.0972,3.399247e-06,-177.3286,-3.395531e-06,-1.584291e-07
-0.35,0.0976,3.444788e-06,178.8296,-3.444034e-06,7.034651e-08
-0.35,0.098,2.30595e-06,-171.3322,-2.279503e-06,-3.474969e-07
-0.35,0.0984,3.305464e-06,169.4024,-3.248965e-06,6.078444e-07
-0.35,0.0988,1.834513e-06,144.0915,-1.485781e-06,1.075789e-06
-0.35,0.0992,2.273328e-06,141.736,-1.784909e-06,1.40783e-06
-0.35,0.0996,2.179635e-06,161.6789,-2.069111e-06,6.851255e-07
-0.35,0.1,4.10431e-06,174.6406,-4.086256e-06,3.833323e-07
-0.35,0.1004,3.887565e-06,169.4654,-3.821907e-06,7.107071e-07
-0.35,0.1008,3.827216e-06,-174.6424,-3.810446e-06,-3.573596e-07
-0.35,0.1012,4.312343e-06,-176.7957,-4.305576e-06,-2.410355e-07
-0.35,0.1016,5.4621e-06,-158.6156,-5.085971e-06,-1.991568e-06
-0.35,0.102,5.900781e-06,-170.1001,-5.812805e-06,-1.014506e-06
-0.35,0.1024,5.117928e-06,-164.5181,-4.932207e-06,-1.366127e-06
-0.35,0.1028,4.998201e-06,-166.7164,-4.864392e-06,-1.14841e-06
-0.35,0.1032,4.804395e-06,-173.5267,-4.77365e-06,-5.416329e-07
-0.35,0.1036,4.752483e-06,-171.3327,-4.698107e-06,-7.161777e-07
-0.35,0.104,4.867594e-06,-166.8609,-4.740078e-06,-1.106439e-06
-0.35,0.1044,5.490135e-06,-163.6832,-5.268914e-06,-1.542409e-06
-0.35,0.1048,4.292484e-06,-160.1668,-4.037758e-06,-1.456333e-06
-0.35,0.1052,4.712535e-06,-175.5863,-4.698503e-06,-3.626849e-07
-0.35,0.1056,4.961717e-06,-170.1974,-4.889175e-06,-8.447561e-07
-0.35,0.106,4.508011e-06,-169.0458,-4.42589e-06,-8.566137e-07
-0.35,0.1064,5.581833e-06,-162.7123,-5.329672e-06,-1.658728e-06
-0.35,0.1068,5.674056e-06,-148.7211,-4.849333e-06,-2.945976e-06
-0.35,0.1072,6.571255e-06,-164.6416,-6.336579e-06,-1.740407e-06
-0.35,0.1076,7.123002e-06,-151.935,-6.28541e-06,-3.351163e-06
-0.35,0.108,7.357696e-06,-144.9795,-6.025459e-06,-4.222299e-06
-0.35,0.1084,9.487392e-06,-142.5293,-7.529754e-06,-5.771633e-06
-0.35,0.1088,1.122185e-05,-138.6025,-8.417945e-06,-7.421029e-06
-0.35,0.1092,1.229957e-05,-139.4112,-9.340245e-06,-8.002365e-06
-0.35,0.1096,1.404616e-05,-137.9274,-1.042643e-05,-9.411927e-06
-0.35,0.11,1.681166e-05,-137.0634,-1.230793e-05,-1.145185e-05
-0.35,0.1104,1.75115e-05,-136.0033,-1.259746e-05,-1.216376e-05
-0.35,0.1108,1.896211e-05,-132.9262,-1.291418e-05,-1.388458e-05
-0.35,0.1112,2.023239e-05,-132.0334,-1.354682e-05,-1.502766e-05
-0.35,0.1116,2.163962e-05,-132.4304,-1.459996e-05,-1.597195e-05
-0.35,0.112,2.152281e-05,-130.8959,-1.409071e-05,-1.626907e-05
-0.35,0.1124,2.238138e-05,-129.6488,-1.428111e-05,-1.723294e-05
-0.35,0.1128,2.474162e-05,-129.0353,-1.558222e-05,-1.921825e-05
-0.35,0.1132,2.552534e-05,-128.3717,-1.58451e-05,-2.001183e-05
-0.35,0.1136,2.609236e-05,-127.8615,-1.601431e-05,-2.059983e-05
-0.35,0.114,2.751217e-05,-128.2411,-1.702922e-05,-2.160833e-05
-0.35,0.1144,3.140349e-05,-125.3553,-1.81715e-05,-2.561198e-05
-0.35,0.1148,3.579099e-05,-123.7718,-1.989578e-05,-2.975167e-05
-0.35,0.1152,3.929128e-05,-122.4567,-2.108616e-05,-3.315386e-05
-0.35,0.1156,4.180864e-05,-122.8119,-2.265548e-05,-3.513796e-05
-0.35,0.116,4.695591e-05,-120.5433,-2.386252e-05,-4.044058e-05
-0.35,0.1164,5.271597e-05,-120.3623,-2.66462e-05,-4.548578e-05
-0.35,0.1168,5.465729e-05,-119.5724,-2.697464e-05,-4.753717e-05
-0.35,0.1172,5.741626e-05,-118.1295,-2.706991e-05,-5.06345e-05
-0.35,0.1176,6.385315e-05,-116.2963,-2.828787e-05,-5.724529e-05
-0.35,0.118,7.358599e-05,-116.2942,-3.259731e-05,-6.597342e-05
-0.35,0.1184,7.620914e-05,-116.4264,-3.39168e-05,-6.824585e-05
-0.35,0.1188,7.873865e-05,-116.0569,-3.458714e-05,-7.073561e-05
-0.35,0.1192,8.315264e-05,-115.2287,-3.544242e-05,-7.522106e-05
-0.35,0.1196,8.868659e-05,-114.5789,-3.688889e-05,-8.065066e-05
-0.35,0.12,8.974097e-05,-114.1272,-3.668303e-05,-8.190126e-05
-0.35,0.1204,9.018497e-05,-115.1715,-3.835841e-05,-8.162092e-05
-0.35,0.1208,9.39251e-05,-113.9088,-3.806621e-05,-8.58656e-05
-0.35,0.1212,9.865679e-05,-113.9689,-4.007856e-05,-9.014932e-05
-0.35,0.1216,0.0001014165,-113.6691,-4.071426e-05,-9.288531e-05
-0.35,0.122,0.0001016469,-113.2005,-4.004392e-05,-9.342707e-05
-0.35,0.1224,0.0001036945,-113.5243,-4.13886e-05,-9.50766e-05
-0.35,0.1228,0.000106706,-112.4582,-4.076289e-05,-9.861337e-05
-0.35,0.1232,0.0001113083,-112.5103,-4.261455e-05,-0.0001028279
-0.35,0.1236,0.0001109148,-112.8308,-4.303626e-05,-0.0001022252
-0.35,0.124,0.000112741,-113.539,-4.502596e-05,-0.0001033597
-0.35,0.1244,0.0001118498,-112.7865,-4.33194e-05,-0.0001031205
-0.35,0.1248,0.0001124741,-113.5077,-4.486301e-05,-0.0001031395
-0.35,0.1252,0.0001115103,-112.6576,-4.295645e-05,-0.0001029044
-0.35,0.1256,0.0001099376,-113.1263,-4.317923e-05,-0.0001011032
-0.35,0.126,0.0001073243,-113.3989,-4.262175e-05,-9.849825e-05
-0.35,0.1264,0.0001033359,-113.2171,-4.073691e-05,-9.496761e-05
-0.35,0.1268,0.000101219,-113.3563,-4.012826e-05,-9.292488e-05
-0.35,0.1272,9.96083e-05,-114.4165,-4.117447e-05,-9.069881e-05
-0.35,0.1276,9.171908e-05,-115.201,-3.905367e-05,-8.298918e-05
-0.35,0.128,8.384284e-05,-114.8458,-3.522897e-05,-7.608246e-05
-0.35,0.1284,7.942697e-05,-116.1629,-3.502137e-05,-7.128923e-05
-0.35,0.1288,7.42787e-05,-116.9905,-3.371094e-05,-6.618834e-05
-0.35,0.1292,6.641803e-05,-118.5334,-3.172604e-05,-5.835079e-05
-0.35,0.1296,5.579533e-05,-120.5612,-2.836969e-05,-4.804455e-05
-0.35,0.13,5.179053e-05,-121.4429,-2.701648e-05,-4.418561e-05
-0.35,0.1304,4.81384e-05,-122.5347,-2.588939e-05,-4.058382e-05
-0.35,0.1308,4.343903e-05,-124.2952,-2.44761e-05,-3.588691e-05
-0.35,0.1312,3.975654e-05,-124.0297,-2.22487e-05,-3.294827e-05
-0.35,0.1316,3.837507e-05,-126.6237,-2.289292e-05,-3.079868e-05
-0.35,0.132,3.735061e-05,-126.5652,-2.225123e-05,-2.999923e-05
-0.35,0.1324,3.93778e-05,-127.4615,-2.395072e-05,-3.125663e-05
-0.35,0.1328,4.122757e-05,-123.5696,-2.279685e-05,-3.435144e-05
-0.35,0.1332,4.153234e-05,-124.506,-2.352781e-05,-3.422539e-05
-0.35,0.1336,4.188372e-05,-123.6879,-2.323162e-05,-3.485016e-05
-0.35,0.134,4.336973e-05,-123.5347,-2.395925e-05,-3.615006e-05
-0.35,0.1344,4.451907e-05,-122.5788,-2.397177e-05,-3.751406e-05
-0.35,0.1348,4.487208e-05,-123.9596,-2.506596e-05,-3.721827e-05
-0.35,0.1352,4.543376e-05,-123.713,-2.521732e-05,-3.779307e-05
-0.35,0.1356,4.498992e-05,-124.3895,-2.541105e-05,-3.712646e-05
-0.35,0.136,4.187522e-05,-124.0733,-2.346079e-05,-3.468614e-05
-0.35,0.1364,4.202372e-05,-124.6233,-2.387704e-05,-3.458154e-05
-0.35,0.1368,4.074847e-05,-124.0603,-2.282177e-05,-3.375798e-05
-0.35,0.1372,3.972338e-05,-126.7821,-2.378537e-05,-3.181518e-05
-0.35,0.1376,3.917066e-05,-125.816,-2.29221e-05,-3.176349e-05
-0.35,0.138,3.976722e-05,-127.8135,-2.43811e-05,-3.141626e-05
-0.35,0.1384,3.889196e-05,-126.861,-2.333035e-05,-3.111713e-05
-0.35,0.1388,3.922522e-05,-125.8085,-2.294981e-05,-3.181078e-05
-0.35,0.1392,3.798289e-05,-128.3295,-2.355633e-05,-2.97959e-05
-0.35,0.1396,3.803096e-05,-129.2653,-2.407024e-05,-2.944441e-05
-0.35,0.14,3.705125e-05,-128.1629,-2.289398e-05,-2.913182e-05
-0.35,0.1404,3.5814e-05,-128.4195,-2.225536e-05,-2.805963e-05
-0.35,0.1408,3.251479e-05,-130.3358,-2.104579e-05,-2.478482e-05
-0.35,0.1412,2.780936e-05,-134.173,-1.937827e-05,-1.994588e-05
-0.35,0.1416,2.576637e-05,-136.3246,-1.863584e-05,-1.779349e-05
-0.35,0.142,2.377059e-05,-136.2483,-1.717059e-05,-1.643816e-05
-0.35,0.1424,1.908718e-05,-142.6096,-1.516503e-05,-1.159056e-05
-0.35,0.1428,1.488685e-05,-147.5391,-1.256096e-05,-7.990105e-06
-0.35,0.1432,1.440296e-05,-148.5211,-1.228328e-05,-7.520964e-06
-0.35,0.1436,1.224308e-05,-152.5212,-1.086186e-05,-5.649184e-06
-0.35,0.144,1.083159e-05,-154.6669,-9.789934e-06,-4.634549e-06
-0.35,0.1444,9.027812e-06,-145.9182,-7.477127e-06,-5.058925e-06
-0.35,0.1448,7.040441e-06,-154.27,-6.342306e-06,-3.056433e-06
-0.35,0.1452,6.175803e-06,-154.6521,-5.581095e-06,-2.643914e-06
-0.35,0.1456,4.585795e-06,-170.5883,-4.523959e-06,-7.498897e-07
-0.35,0.146,4.172204e-06,-175.371,-4.158474e-06,-3.367066e-07
-0.35,0.1464,2.971837e-06,154.7547,-2.687886e-06,1.267394e-06
-0.35,0.1468,3.009913e-06,144.9412,-2.463776e-06,1.72894e-06
-0.35,0.1472,2.910397e-06,131.96,-1.945864e-06,2.164106e-06
-0.35,0.1476,3.431987e-06,123.3015,-1.884307e-06,2.868426e-06
-0.35,0.148,2.456456e-06,108.9772,-7.987841e-07,2.322798e-06
-0.35,0.1484,2.355091e-06,122.8045,-1.275926e-06,1.979436e-06
-0.35,0.1488,3.115156e-06,100.6289,-5.745403e-07,3.061624e-06
-0.35,0.1492,1.26494e-06,77.65146,2.704784e-07,1.235548e-06
-0.35,0.1496,2.312924e-06,103.2656,-5.307029e-07,2.251116e-06
-0.35,0.15,2.929436e-06,90.87312,-4.463642e-08,2.92905e-06
-0.35,0.1504,2.126444e-06,90.85039,-3.158301e-08,2.126136e-06
-0.35,0.1508,3.279218e-06,108.4067,-1.035422e-06,3.111457e-06
-0.35,0.1512,2.596931e-06,103.3616,-6.001219e-07,2.526523e-06
-0.35,0.1516,2.575976e-06,68.67028,9.369514e-07,2.399414e-06
-0.35,0.152,2.636918e-06,83.93775,2.784747e-07,2.62206e-06
-0.35,0.1524,1.931319e-06,83.24109,2.27306e-07,1.91788e-06
-0.35,0.1528,1.939672e-06,123.8418,-1.080192e-06,1.611024e-06
-0.35,0.1532,2.412183e-06,131.6251,-1.602234e-06,1.803025e-06
-0.35,0.1536,2.157876e-06,88.66263,5.036406e-08,2.157177e-06
-0.35,0.154,2.700855e-06,74.98337,6.997827e-07,2.608604e-06
-0.35,0.1544,2.587772e-06,87.38229,1.181848e-07,2.585286e-06
-0.35,0.1548,2.480953e-06,106.6823,-7.121823e-07,2.376498e-06
-0.35,0.1552,3.76139e-06,112.9775,-1.469392e-06,3.462681e-06
-0.35,0.1556,3.103857e-06,94.08938,-2.213157e-07,3.095867e-06
-0.35,0.156,1.665031e-06,93.1653,-9.19383e-08,1.662455e-06
-0.35,0.1564,3.468599e-06,78.84123,6.712675e-07,3.402991e-06
-0.35,0.1568,2.692457e-06,98.09376,-3.790743e-07,2.665495e-06
-0.35,0.1572,3.767313e-06,99.60359,-6.28503e-07,3.714507e-06
-0.35,0.1576,3.376398e-06,90.54496,-3.211386e-08,3.376208e-06
-0.35,0.158,3.703191e-06,91.38763,-8.967518e-08,3.701984e-06
-0.35,0.1584,3.865297e-06,89.56387,2.944283e-08,3.865471e-06
-0.35,0.1588,3.061171e-06,117.3528,-1.4065e-06,2.718927e-06
-0.35,0.1592,2.591991e-06,91.55242,-7.022358e-08,2.591013e-06
-0.35,0.1596,2.290377e-06,108.742,-7.358975e-07,2.168772e-06
-0.35,0.16,1.375682e-06,69.94669,4.71672e-07,1.292176e-06
-0.35,0.1604,2.651967e-06,73.52349,7.521472e-07,2.543047e-06
-0.35,0.1608,1.620545e-06,93.64001,-1.028627e-07,1.617154e-06
-0.35,0.1612,2.144526e-06,70.25562,7.244311e-07,2.018339e-06
-0.35,0.1616,2.551356e-06,105.9947,-7.029846e-07,2.452444e-06
-0.35,0.162,3.210643e-06,75.76102,7.897205e-07,3.111988e-06
-0.35,0.1624,1.674067e-06,92.31739,-6.769225e-08,1.67258e-06
-0.35,0.1628,3.440726e-06,87.86095,1.284442e-07,3.438301e-06
-0.35,0.1632,1.454969e-06,113.1576,-5.721431e-07,1.337612e-06
-0.35,0.1636,1.647049e-06,92.96859,-8.527748e-08,1.64473e-06
-0.35,0.164,2.594511e-06,89.09452,4.103779e-08,2.59421e-06
-0.35,0.1644,2.84313e-06,104.7517,-7.239058e-07,2.749303e-06
-0.35,0.1648,3.391815e-06,80.16484,5.793347e-07,3.341831e-06
-0.35,0.1652,3.427812e-06,94.32499,-2.584923e-07,3.418045e-06
-0.35,0.1656,1.805428e-06,76.80169,4.122443e-07,1.757724e-06
-0.35,0.166,2.615092e-06,72.66684,7.790587e-07,2.496281e-06
-0.35,0.1664,3.562336e-06,100.18,-6.295703e-07,3.50625e-06
-0.35,0.1668,2.321261e-06,100.9362,-4.403684e-07,2.279095e-06
-0.35,0.1672,3.392988e-06,103.8739,-8.135754e-07,3.293864e-06
-0.35,0.1676,3.788368e-06,89.12206,5.809217e-08,3.787927e-06
-0.35,0.168,2.546478e-06,123.09,-1.390244e-06,2.133462e-06
-0.35,0.1684,2.76239e-06,88.46855,7.381103e-08,2.7613e-06
-0.35,0.1688,2.00585e-06,78.73282,3.918595e-07,1.967042e-06
-0.35,0.1692,3.146007e-06,91.90299,-1.044664e-07,3.144236e-06
-0.35,0.1696,1.871902e-06,79.64029,3.365669e-07,1.841263e-06
-0.35,0.17,2.048145e-06,83.24459,2.408958e-07,2.033796e-06
-0.35,0.1704,1.696178e-06,77.7249,3.605503e-07,1.657258e-06
-0.35,0.1708,4.095314e-06,86.29529,2.646166e-07,4.086652e-06
-0.35,0.1712,3.461575e-06,92.35629,-1.423023e-07,3.458552e-06
-0.35,0.1716,3.821494e-06,86.44566,2.369005e-07,3.814039e-06
-0.35,0.172,3.947909e-06,76.60555,9.145662e-07,3.84109e-06
-0.35,0.1724,3.756629e-06,98.64323,-5.645491e-07,3.713842e-06
-0.35,0.1728,3.836469e-06,92.3034,-1.541655e-07,3.833362e-06
-0.35,0.1732,2.732606e-06,91.44751,-6.902217e-08,2.731718e-06
-0.35,0.1736,3.475606e-06,101.5041,-6.931275e-07,3.405785e-06
-0.35,0.174,2.288857e-06,91.99522,-7.968395e-08,2.287359e-06
-0.35,0.1744,3.464268e-06,108.0736,-1.074727e-06,3.293333e-06
-0.35,0.1748,2.419123e-06,107.3309,-7.205754e-07,2.309208e-06
-0.35,0.1752,3.374733e-06,107.9057,-1.037556e-06,3.211252e-06
-0.35,0.1756,2.619517e-06,110.2797,-9.079109e-07,2.457104e-06
-0.35,0.176,3.402046e-06,110.3715,-1.184256e-06,3.189269e-06
-0.35,0.1764,3.773672e-06,87.69353,1.518912e-07,3.770604e-06
-0.35,0.1768,2.132529e-06,105.656,-5.754735e-07,2.053387e-06
-0.35,0.1772,3.119604e-06,82.19636,4.23571e-07,3.09067e-06
-0.35,0.1776,4.779199e-06,93.05252,-2.544969e-07,4.772314e-06
-0.35,0.178,3.233721e-06,108.4509,-1.02343e-06,3.067351e-06
-0.35,0.1784,2.003593e-06,84.19216,2.027917e-07,1.993294e-06
-0.35,0.1788,3.607409e-06,95.17226,-3.252457e-07,3.592595e-06
-0.35,0.1792,2.402527e-06,98.63449,-3.612209e-07,2.374632e-06
-0.35,0.1796,2.858776e-06,102.1369,-6.010551e-07,2.794738e-06
-0.35,0.18,2.495342e-06,101.108,-4.807412e-07,2.448448e-06
-0.35,0.1804,2.839213e-06,76.74574,6.508827e-07,2.763429e-06
-0.35,0.1808,3.528596e-06,95.70991,-3.510955e-07,3.510916e-06
-0.35,0.1812,1.529227e-06,118.2104,-7.228385e-07,1.347469e-06
-0.35,0.1816,3.913354e-06,90.16204,-1.106411e-08,3.913303e-06
-0.35,0.182,3.431495e-06,87.87931,1.269746e-07,3.429103e-06
-0.35,0.1824,2.424873e-06,92.0691,-8.754059e-08,2.423264e-06
-0.35,0.1828,3.340959e-06,82.55962,4.326347e-07,3.312785e-06
-0.35,0.1832,2.547852e-06,80.48645,4.210397e-07,2.512671e-06
-0.35,0.1836,1.807976e-06,86.38796,1.139212e-07,1.804355e-06
-0.35,0.184,3.710959e-06,93.41971,-2.213157e-07,3.704247e-06
-0.35,0.1844,2.242321e-06,70.23769,7.581431e-07,2.110144e-06
-0.35,0.1848,2.913108e-06,88.06509,9.83309e-08,2.911325e-06
-0.35,0.1852,2.071771e-06,91.80944,-6.542354e-08,2.070704e-06
-0.35,0.1856,3.048498e-06,68.89103,1.09804e-06,2.843907e-06
-0.35,0.186,3.27696e-06,112.0832,-1.231955e-06,3.036439e-06
-0.35,0.1864,2.964466e-06,96.33226,-3.26978e-07,2.946238e-06
-0.35,0.1868,1.095939e-06,77.27379,2.414323e-07,1.068994e-06
-0.35,0.1872,2.269679e-06,95.95733,-2.355761e-07,2.257375e-06
-0.35,0.1876,2.568321e-06,101.7155,-5.215108e-07,2.514665e-06
-0.35,0.188,3.240348e-06,89.2369,4.31668e-08,3.239504e-06
-0.35,0.1884,1.122286e-06,83.1694,1.335069e-07,1.114295e-06
-0.35,0.1888,2.265186e-06,97.07887,-2.791453e-07,2.247786e-06
-0.35,0.1892,1.897729e-06,122.1644,-1.010242e-06,1.606492e-06
-0.35,0.1896,2.927899e-06,98.85872,-4.508905e-07,2.892941e-06
-0.35,0.19,2.292651e-06,96.99058,-2.790112e-07,2.275496e-06
-0.35,0.1904,3.78078e-06,107.1014,-1.11177e-06,3.613511e-06
-0.35,0.1908,3.083674e-06,98.62094,-4.622172e-07,3.048699e-06
-0.35,0.1912,2.325307e-06,104.7324,-5.91332e-07,2.248847e-06
-0.35,0.1916,1.910604e-06,80.01097,3.313701e-07,1.881502e-06
-0.35,0.192,2.364618e-06,84.60088,2.225115e-07,2.354113e-06
-0.35,0.1924,2.836586e-06,92.07347,-1.026e-07,2.834714e-06
-0.35,0.1928,2.530636e-06,106.0568,-6.999224e-07,2.431791e-06
-0.35,0.1932,2.874679e-06,109.5996,-9.642709e-07,2.708002e-06
-0.35,0.1936,2.347927e-06,119.499,-1.156138e-06,2.043524e-06
-0.35,0.194,1.680571e-06,115.6079,-7.26303e-07,1.515353e-06
-0.35,0.1944,2.857508e-06,84.19566,2.889968e-07,2.842839e-06
-0.35,0.1948,2.128411e-06,97.28694,-2.699531e-07,2.111077e-06
-0.35,0.1952,2.370754e-06,109.0047,-7.720068e-07,2.241387e-06
-0.35,0.1956,2.556435e-06,90.85651,-3.824383e-08,2.556106e-06
-0.35,0.196,1.810764e-06,135.5183,-1.291913e-06,1.268723e-06
-0.35,0.1964,1.857809e-06,102.901,-4.147868e-07,1.810882e-06
-0.35,0.1968,1.781629e-06,131.4664,-1.179724e-06,1.33508e-06
-0.35,0.1972,2.959102e-06,139.4924,-2.249786e-06,1.922009e-06
-0.35,0.1976,2.902748e-06,64.05631,1.269925e-06,2.610202e-06
-0.35,0.198,1.719614e-06,81.19721,2.63147e-07,1.699229e-06
-0.35,0.1984,1.841604e-06,93.87955,-1.24583e-07,1.837268e-06
-0.35,0.1988,2.312751e-06,79.45319,4.233084e-07,2.273635e-06
-0.35,0.1992,2.882486e-06,107.3886,-8.614081e-07,2.750638e-06
-0.35,0.1996,2.012489e-06,133.1337,-1.375855e-06,1.468587e-06
-0.35,0.2,1.450382e-06,104.4868,-3.62819e-07,1.404231e-06
-0.34,0.0,3.185698e-06,135.9895,-2.291092e-06,2.213275e-06
-0.34,0.0004,3.757769e-06,123.8401,-2.092564e-06,3.121051e-06
-0.34,0.0008,2.443794e-06,125.4188,-1.416228e-06,1.991428e-06
-0.34,0.0012,3.407405e-06,146.8575,-2.852976e-06,1.86285e-06
-0.34,0.0016,3.109401e-06,115.2732,-1.327492e-06,2.811798e-06
-0.34,0.002,3.55092e-06,94.27647,-2.647563e-07,3.541029e-06
-0.34,0.0024,3.88357e-06,115.5703,-1.676185e-06,3.503054e-06
-0.34,0.0028,3.985259e-06,127.9902,-2.45298e-06,3.140771e-06
-0.34,0.0032,3.825517e-06,114.6048,-1.592773e-06,3.478137e-06
-0.34,0.0036,3.219349e-06,146.0449,-2.670301e-06,1.798091e-06
-0.34,0.004,2.823086e-06,129.3431,-1.789703e-06,2.183295e-06
-0.34,0.0044,3.207257e-06,118.8867,-1.549338e-06,2.8082e-06
-0.34,0.0048,3.704287e-06,91.10218,-7.128529e-08,3.703448e-06
-0.34,0.0052,3.806903e-06,100.142,-6.703399e-07,3.74742e-06
-0.34,0.0056,3.524271e-06,125.3052,-2.036735e-06,2.87602e-06
-0.34,0.006,3.880094e-06,108.8801,-1.255536e-06,3.671206e-06
-0.34,0.0064,2.984812e-06,109.0458,-9.741336e-07,2.82179e-06
-0.34,0.0068,3.785429e-06,124.5848,-2.148656e-06,3.116386e-06
-0.34,0.0072,4.010718e-06,102.011,-8.346308e-07,3.922764e-06
-0.34,0.0076,3.279285e-06,99.7451,-5.550887e-07,3.231905e-06
-0.34,0.008,3.42503e-06,104.982,-8.847266e-07,3.308655e-06
-0.34,0.0084,3.111261e-06,111.7693,-1.153875e-06,2.889208e-06
-0.34,0.0088,3.914656e-06,108.2222,-1.224093e-06,3.718374e-06
-0.34,0.0092,3.720313e-06,98.30271,-5.372352e-07,3.681197e-06
-0.34,0.0096,3.655683e-06,115.9812,-1.601435e-06,3.286136e-06
-0.34,0.01,3.569925e-06,116.0503,-1.567723e-06,3.207122e-06
-0.34,0.0104,3.292696e-06,113.7537,-1.32629e-06,3.013657e-06
-0.34,0.0108,3.525115e-06,107.7536,-1.074861e-06,3.357153e-06
-0.34,0.0112,3.135865e-06,123.2587,-1.719754e-06,2.622194e-06
-0.34,0.0116,2.440704e-06,110.855,-8.688736e-07,2.280961e-06
-0.34,0.012,2.203965e-06,121.3431,-1.146415e-06,1.882301e-06
-0.34,0.0124,3.546791e-06,93.37075,-2.085249e-07,3.540627e-06
-0.34,0.0128,3.61084e-06,94.42476,-2.786088e-07,3.599921e-06
-0.34,0.0132,4.287153e-06,102.8958,-9.56811e-07,4.178987e-06
-0.34,0.0136,3.693077e-06,103.134,-8.39157e-07,3.596456e-06
-0.34,0.014,3.835642e-06,104.2297,-9.434893e-07,3.717709e-06
-0.34,0.0144,2.719424e-06,107.1906,-8.037183e-07,2.597942e-06
-0.34,0.0148,3.847908e-06,105.3137,-1.016238e-06,3.711177e-06
-0.34,0.0152,2.586727e-06,120.4047,-1.309102e-06,2.23086e-06
-0.34,0.0156,3.612823e-06,129.017,-2.27444e-06,2.806998e-06
-0.34,0.016,3.107719e-06,127.6109,-1.896567e-06,2.46177e-06
-0.34,0.0164,4.326324e-06,107.4601,-1.298043e-06,4.126891e-06
-0.34,0.0168,3.98318e-06,133.5637,-2.745045e-06,2.88628e-06
-0.34,0.0172,2.958297e-06,119.2367,-1.444878e-06,2.581419e-06
-0.34,0.0176,2.920595e-06,114.0278,-1.189185e-06,2.667495e-06
-0.34,0.018,2.36891e-06,107.1351,-6.979219e-07,2.263639e-06
-0.34,0.0184,2.582782e-06,99.66741,-4.33702e-07,2.546114e-06
-0.34,0.0188,2.667892e-06,109.3312,-8.831284e-07,2.517331e-06
-0.34,0.0192,3.657007e-06,136.7938,-2.665501e-06,2.503607e-06
-0.34,0.0196,3.154244e-06,116.2876,-1.396911e-06,2.82792e-06
-0.34,0.02,2.318646e-06,105.4475,-6.175786e-07,2.234861e-06
-0.34,0.0204,2.307359e-06,120.5852,-1.173997e-06,1.986365e-06
-0.34,0.0208,3.953475e-06,115.6333,-1.710293e-06,3.564342e-06
-0.34,0.0212,3.128388e-06,99.05019,-4.920624e-07,3.08934e-06
-0.34,0.0216,2.386031e-06,92.30427,-9.593926e-08,2.383958e-06
-0.34,0.022,3.470784e-06,86.59952,2.058539e-07,3.464547e-06
-0.34,0.0224,3.18804e-06,88.6163,7.701292e-08,3.187006e-06
-0.34,0.0228,4.625061e-06,74.87246,1.207033e-06,4.464793e-06
-0.34,0.0232,3.549445e-06,69.90822,1.219293e-06,3.333304e-06
-0.34,0.0236,3.892606e-06,76.90748,8.817929e-07,3.791391e-06
-0.34,0.024,2.685209e-06,75.80166,6.586108e-07,2.603139e-06
-0.34,0.0244,3.312489e-06,86.37965,2.091843e-07,3.305856e-06
-0.34,0.0248,2.257671e-06,80.02889,3.909263e-07,2.223534e-06
-0.34,0.0252,3.030594e-06,87.20013,1.480299e-07,3.02685e-06
-0.34,0.0256,1.853479e-06,105.3233,-4.897993e-07,1.787435e-06
-0.34,0.026,4.206614e-06,100.5957,-7.734708e-07,4.134887e-06
-0.34,0.0264,2.844588e-06,94.77447,-2.36772e-07,2.83458e-06
-0.34,0.0268,3.521354e-06,98.55624,-5.23908e-07,3.482133e-06
-0.34,0.0272,2.769386e-06,95.90706,-2.85007e-07,2.754634e-06
-0.34,0.0276,3.848997e-06,96.60154,-4.424974e-07,3.823366e-06
-0.34,0.028,3.599435e-06,88.58133,8.913315e-08,3.598323e-06
-0.34,0.0284,4.001738e-06,81.24704,6.089117e-07,3.955012e-06
-0.34,0.0288,3.368614e-06,100.4305,-6.098505e-07,3.312919e-06
-0.34,0.0292,3.933856e-06,102.4044,-8.450187e-07,3.842018e-06
-0.34,0.0296,4.074074e-06,96.36374,-4.51561e-07,4.048945e-06
-0.34,0.03,4.384472e-06,102.5299,-9.512174e-07,4.279984e-06
-0.34,0.0304,4.234811e-06,114.5318,-1.75826e-06,3.852546e-06
-0.34,0.0308,3.820359e-06,76.25977,9.073745e-07,3.710908e-06
-0.34,0.0312,2.323955e-06,101.1915,-4.510246e-07,2.27976e-06
-0.34,0.0316,2.827053e-06,98.77568,-4.313047e-07,2.793939e-06
-0.34,0.032,4.307728e-06,98.79667,-6.587505e-07,4.256933e-06
-0.34,0.0324,3.523791e-06,106.1591,-9.806603e-07,3.384467e-06
-0.34,0.0328,3.716697e-06,101.0643,-7.13244e-07,3.647619e-06
-0.34,0.0332,3.030164e-06,90.04532,-2.402812e-09,3.030046e-06
-0.34,0.0336,3.507072e-06,95.6273,-3.438983e-07,3.490129e-06
-0.34,0.034,4.125935e-06,95.72477,-4.115849e-07,4.105305e-06
-0.34,0.0344,3.183849e-06,96.95911,-3.857351e-07,3.160357e-06
-0.34,0.0348,3.626804e-06,86.86879,1.981258e-07,3.621373e-06
-0.34,0.0352,3.747627e-06,92.14778,-1.404415e-07,3.744889e-06
-0.34,0.0356,3.768576e-06,80.73823,6.065145e-07,3.719441e-06
-0.34,0.036,4.120549e-06,87.83734,1.554898e-07,4.117565e-06
-0.34,0.0364,3.564113e-06,84.30406,3.537554e-07,3.546489e-06
-0.34,0.0368,4.070498e-06,76.00449,9.843874e-07,3.949547e-06
-0.34,0.0372,3.36278e-06,89.85238,8.655712e-09,3.362752e-06
-0.34,0.0376,3.107724e-06,98.08152,-4.369039e-07,3.076812e-06
-0.34,0.038,3.381354e-06,98.63711,-5.077868e-07,3.342898e-06
-0.34,0.0384,3.909146e-06,113.1926,-1.539476e-06,3.593126e-06
-0.34,0.0388,3.633487e-06,92.77669,-1.760143e-07,3.629101e-06
-0.34,0.0392,2.706745e-06,121.1197,-1.398906e-06,2.317205e-06
-0.34,0.0396,3.745369e-06,104.1467,-9.153708e-07,3.631766e-06
-0.34,0.04,2.042731e-06,82.21822,2.766083e-07,2.023804e-06
-0.34,0.0404,3.016646e-06,121.0734,-1.556932e-06,2.583688e-06
-0.34,0.0408,2.373503e-06,106.3291,-6.672777e-07,2.277765e-06
-0.34,0.0412,3.972932e-06,116.671,-1.783311e-06,3.550222e-06
-0.34,0.0416,3.427091e-06,95.43452,-3.245808e-07,3.411652e-06
-0.34,0.042,3.585482e-06,130.4529,-2.326268e-06,2.728253e-06
-0.34,0.0424,2.900931e-06,115.5502,-1.251144e-06,2.617131e-06
-0.34,0.0428,3.976631e-06,121.4108,-2.072442e-06,3.393793e-06
-0.34,0.0432,4.787832e-06,101.068,-9.191036e-07,4.698766e-06
-0.34,0.0436,3.926279e-06,94.70453,-3.220494e-07,3.912907e-06
-0.34,0.044,2.425644e-06,126.9744,-1.458864e-06,1.937728e-06
-0.34,0.0444,1.815671e-06,105.2315,-4.770085e-07,1.751856e-06
-0.34,0.0448,2.56974e-06,74.80165,6.736647e-07,2.479758e-06
-0.34,0.0452,3.999743e-06,81.81706,5.693379e-07,3.959007e-06
-0.34,0.0456,3.474952e-06,82.17145,4.732701e-07,3.44243e-06
-0.34,0.046,3.689222e-06,75.22947,9.405501e-07,3.567276e-06
-0.34,0.0464,2.765838e-06,87.49857,1.207161e-07,2.763161e-06
-0.34,0.0468,2.844208e-06,76.94901,6.422214e-07,2.770626e-06
-0.34,0.0472,2.908425e-06,102.9028,-6.494242e-07,2.834983e-06
-0.34,0.0476,3.59678e-06,78.37579,7.246993e-07,3.522908e-06
-0.34,0.048,4.282487e-06,75.5947,1.065395e-06,4.147812e-06
-0.34,0.0484,3.717787e-06,83.54489,4.179775e-07,3.69439e-06
-0.34,0.0488,4.51475e-06,84.51301,4.317015e-07,4.493974e-06
-0.34,0.0492,4.802243e-06,86.71208,2.754069e-07,4.794297e-06
-0.34,0.0496,3.371424e-06,82.31788,4.506222e-07,3.340898e-06
-0.34,0.05,3.759121e-06,91.312,-8.607655e-08,3.758076e-06
-0.34,0.0504,4.317764e-06,93.9213,-2.952665e-07,4.307566e-06
-0.34,0.0508,5.186257e-06,75.75053,1.276586e-06,5.026672e-06
-0.34,0.0512,5.741648e-06,71.94559,1.779438e-06,5.45891e-06
-0.34,0.0516,4.236482e-06,78.6078,8.367542e-07,4.152875e-06
-0.34,0.052,4.189018e-06,82.19549,5.688071e-07,4.150075e-06
-0.34,0.0524,4.133898e-06,81.83629,5.870573e-07,4.091983e-06
-0.34,0.0528,3.399387e-06,82.15571,4.639439e-07,3.367546e-06
-0.34,0.0532,3.281638e-06,86.27999,2.129171e-07,3.274675e-06
-0.34,0.0536,3.913505e-06,96.91102,-4.708785e-07,3.885056e-06
-0.34,0.054,3.933845e-06,105.4824,-1.050079e-06,3.790989e-06
-0.34,0.0544,3.839878e-06,93.54078,-2.371743e-07,3.832429e-06
-0.34,0.0548,5.037551e-06,75.37963,1.271523e-06,4.874378e-06
-0.34,0.0552,4.155915e-06,83.96485,4.368983e-07,4.132753e-06
-0.34,0.0556,3.758495e-06,88.73257,8.31373e-08,3.757545e-06
-0.34,0.056,3.053952e-06,111.1583,-1.102309e-06,2.848036e-06
-0.34,0.0564,3.591421e-06,80.62458,5.850624e-07,3.543427e-06
-0.34,0.0568,3.885375e-06,74.28059,1.052604e-06,3.73996e-06
-0.34,0.0572,2.8879e-06,85.98143,2.023894e-07,2.880681e-06
-0.34,0.0576,3.722151e-06,85.06335,3.203116e-07,3.708248e-06
-0.34,0.058,2.595087e-06,95.82575,-2.634208e-07,2.581553e-06
-0.34,0.0584,4.004342e-06,110.2097,-1.383315e-06,3.757679e-06
-0.34,0.0588,3.314662e-06,82.67458,4.218388e-07,3.287868e-06
-0.34,0.0592,3.306778e-06,87.49901,1.442972e-07,3.303593e-06
-0.34,0.0596,3.601307e-06,101.3388,-7.080473e-07,3.530899e-06
-0.34,0.06,3.013908e-06,112.8538,-1.170532e-06,2.777287e-06
-0.34,0.0604,2.992702e-06,99.08647,-4.726108e-07,2.955028e-06
-0.34,0.0608,2.995524e-06,85.72002,2.235788e-07,2.987142e-06
-0.34,0.0612,2.981951e-06,94.30838,-2.239812e-07,2.973418e-06
-0.34,0.0616,2.968372e-06,130.3943,-1.923613e-06,2.260711e-06
-0.34,0.062,1.931989e-06,94.73513,-1.592282e-07,1.925736e-06
-0.34,0.0624,2.971529e-06,102.8061,-6.586164e-07,2.897601e-06
-0.34,0.0628,2.376101e-06,116.2422,-1.050615e-06,2.131065e-06
-0.34,0.0632,1.466352e-06,114.7539,-6.139799e-07,1.331616e-06
-0.34,0.0636,2.334538e-06,115.6892,-1.011975e-06,2.103751e-06
-0.34,0.064,2.812296e-06,119.6686,-1.391977e-06,2.443514e-06
-0.34,0.0644,2.745285e-06,129.2225,-1.735875e-06,2.126667e-06
-0.34,0.0648,2.262907e-06,128.4208,-1.406237e-06,1.772912e-06
-0.34,0.0652,1.988595e-06,123.013,-1.083388e-06,1.667384e-06
-0.34,0.0656,2.30694e-06,117.0767,-1.049945e-06,2.053918e-06
-0.34,0.066,2.389065e-06,101.5953,-4.802048e-07,2.340255e-06
-0.34,0.0664,2.008538e-06,132.5724,-1.358801e-06,1.479115e-06
-0.34,0.0668,2.974854e-06,112.5893,-1.142682e-06,2.746509e-06
-0.34,0.0672,3.050269e-06,102.2803,-6.487593e-07,2.980347e-06
-0.34,0.0676,2.737138e-06,87.83734,1.032594e-07,2.735048e-06
-0.34,0.068,2.47013e-06,114.5799,-1.027431e-06,2.246187e-06
-0.34,0.0684,1.461602e-06,111.6348,-5.388334e-07,1.358527e-06
-0.34,0.0688,2.769062e-06,136.365,-2.00409e-06,1.910816e-06
-0.34,0.0692,3.339149e-06,107.3611,-9.963847e-07,3.187006e-06
-0.34,0.0696,3.738541e-06,88.8812,7.301196e-08,3.737825e-06
-0.34,0.07,2.684008e-06,70.7417,8.852574e-07,2.53372e-06
-0.34,0.0704,3.163749e-06,95.74007,-3.164503e-07,3.147829e-06
-0.34,0.0708,3.880105e-06,102.7926,-8.59145e-07,3.783663e-06
-0.34,0.0712,2.672296e-06,80.12987,4.580821e-07,2.632722e-06
-0.34,0.0716,3.470208e-06,87.42732,1.557581e-07,3.466676e-06
-0.34,0.072,2.659734e-06,85.27973,2.189129e-07,2.650709e-06
-0.34,0.0724,4.148997e-06,82.75633,5.231034e-07,4.115564e-06
-0.34,0.0728,3.260035e-06,92.4765,-1.408383e-07,3.256956e-06
-0.34,0.0732,3.786837e-06,84.72896,3.478936e-07,3.770738e-06
-0.34,0.0736,3.132814e-06,93.25972,-1.781489e-07,3.127712e-06
-0.34,0.074,3.212157e-06,98.80016,-4.913974e-07,3.174349e-06
-0.34,0.0744,2.673452e-06,108.5226,-8.492879e-07,2.534922e-06
-0.34,0.0748,3.003755e-06,96.00366,-3.141872e-07,2.987142e-06
-0.34,0.0752,2.366188e-06,96.39827,-2.63689e-07,2.351313e-06
-0.34,0.0756,4.245143e-06,109.6831,-1.429818e-06,3.996983e-06
-0.34,0.076,2.318171e-06,86.31234,1.490972e-07,2.313338e-06
-0.34,0.0764,3.675246e-06,106.6688,-1.054208e-06,3.520773e-06
-0.34,0.0768,4.005767e-06,94.22926,-2.954006e-07,3.994848e-06
-0.34,0.0772,3.200294e-06,94.889,-2.727471e-07,3.188604e-06
-0.34,0.0776,2.897657e-06,108.9046,-9.388234e-07,2.741312e-06
-0.34,0.078,3.737233e-06,121.7662,-1.96745e-06,3.177411e-06
-0.34,0.0784,4.684746e-06,81.59434,6.848573e-07,4.63441e-06
-0.34,0.0788,3.754723e-06,111.2213,-1.359069e-06,3.499992e-06
-0.34,0.0792,2.46267e-06,105.3382,-6.514191e-07,2.374894e-06
-0.34,0.0796,3.418464e-06,117.6448,-1.586113e-06,3.02818e-06
-0.34,0.08,3.548718e-06,93.46167,-2.142582e-07,3.542225e-06
-0.34,0.0804,3.36406e-06,91.87501,-1.100599e-07,3.362216e-06
-0.34,0.0808,3.908805e-06,92.23258,-1.522991e-07,3.905709e-06
-0.34,0.0812,3.113027e-06,107.7152,-9.476188e-07,2.965556e-06
-0.34,0.0816,3.270892e-06,103.6903,-7.741358e-07,3.177942e-06
-0.34,0.082,3.719827e-06,95.08396,-3.296434e-07,3.705047e-06
-0.34,0.0824,3.737635e-06,81.07745,5.797315e-07,3.69239e-06
-0.34,0.0828,4.446895e-06,94.39449,-3.40702e-07,4.433747e-06
-0.34,0.0832,3.543069e-06,115.7447,-1.538945e-06,3.191269e-06
-0.34,0.0836,2.635343e-06,99.71637,-4.447661e-07,2.597546e-06
-0.34,0.084,3.266165e-06,93.51325,-2.001319e-07,3.260023e-06
-0.34,0.0844,1.986617e-06,88.69061,4.542991e-08,1.986097e-06
-0.34,0.0848,3.671491e-06,100.4248,-6.64344e-07,3.610845e-06
-0.34,0.0852,4.494057e-06,86.85262,2.467632e-07,4.487179e-06
-0.34,0.0856,3.325548e-06,83.8251,3.577508e-07,3.306258e-06
-0.34,0.086,3.697358e-06,91.54281,-9.95323e-08,3.695989e-06
-0.34,0.0864,4.016775e-06,99.81504,-6.847344e-07,3.95794e-06
-0.34,0.0868,3.829892e-06,101.6779,-7.752031e-07,3.750482e-06
-0.34,0.0872,3.070833e-06,104.7355,-7.810648e-07,2.96982e-06
-0.34,0.0876,3.444828e-06,104.9396,-8.88057e-07,3.328375e-06
-0.34,0.088,2.973463e-06,95.64259,-2.923328e-07,2.959029e-06
-0.34,0.0884,4.402007e-06,91.77425,-1.363065e-07,4.399772e-06
-0.34,0.0888,3.424745e-06,100.5957,-6.297044e-07,3.366351e-06
-0.34,0.0892,4.183497e-06,100.1131,-7.34562e-07,4.118498e-06
-0.34,0.0896,3.903575e-06,115.7067,-1.693239e-06,3.51718e-06
-0.34,0.09,2.742452e-06,117.5819,-1.269796e-06,2.430723e-06
-0.34,0.0904,3.583928e-06,96.26931,-3.913342e-07,3.562482e-06
-0.34,0.0908,2.516532e-06,88.82874,5.142576e-08,2.515867e-06
-0.34,0.0912,3.690585e-06,88.20628,1.155193e-07,3.688657e-06
-0.34,0.0916,3.258777e-06,91.42653,-8.114799e-08,3.257621e-06
-0.34,0.092,3.770632e-06,102.6247,-8.241031e-07,3.679465e-06
-0.34,0.0924,3.594215e-06,97.79183,-4.872679e-07,3.561012e-06
-0.34,0.0928,2.94326e-06,95.72608,-2.936683e-07,2.928514e-06
-0.34,0.0932,3.484038e-06,100.2504,-6.199758e-07,3.428304e-06
-0.34,0.0936,3.474231e-06,83.24721,4.085171e-07,3.450024e-06
-0.34,0.094,3.584213e-06,99.54152,-5.94126e-07,3.534497e-06
-0.34,0.0944,2.280106e-06,92.21029,-8.821114e-08,2.278028e-06
-0.34,0.0948,3.201205e-06,93.28114,-1.832116e-07,3.19593e-06
-0.34,0.0952,3.392681e-06,83.27912,3.970563e-07,3.369279e-06
-0.34,0.0956,5.120638e-06,85.89947,3.661438e-07,5.107417e-06
-0.34,0.096,4.096124e-06,95.41092,-3.862716e-07,4.077723e-06
-0.34,0.0964,2.742849e-06,91.90736,-9.127333e-08,2.741312e-06
-0.34,0.0968,2.671401e-06,102.4464,-5.757417e-07,2.60847e-06
-0.34,0.0972,2.942288e-06,111.6759,-1.086719e-06,2.734115e-06
-0.34,0.0976,2.643054e-06,119.7333,-1.310834e-06,2.295082e-06
-0.34,0.098,2.509491e-06,104.8977,-6.451606e-07,2.42513e-06
-0.34,0.0984,2.777516e-06,136.8658,-2.026872e-06,1.898959e-06
-0.34,0.0988,2.183888e-06,111.3275,-7.942579e-07,2.034198e-06
-0.34,0.0992,3.338892e-06,118.9272,-1.615025e-06,2.922255e-06
-0.34,0.0996,1.986695e-06,124.7369,-1.132026e-06,1.63261e-06
-0.34,0.1,2.193599e-06,138.9482,-1.654196e-06,1.440608e-06
-0.34,0.1004,2.667037e-06,122.0106,-1.413697e-06,2.26151e-06
-0.34,0.1008,1.560587e-06,142.2758,-1.234352e-06,9.548049e-07
-0.34,0.1012,2.407802e-06,136.3497,-1.742139e-06,1.661919e-06
-0.34,0.1016,3.033936e-06,121.7623,-1.597037e-06,2.579558e-06
-0.34,0.102,2.660013e-06,130.3746,-1.723084e-06,2.02647e-06
-0.34,0.1024,3.172812e-06,119.7818,-1.575853e-06,2.753701e-06
-0.34,0.1028,1.918874e-06,97.9269,-2.646222e-07,1.900423e-06
-0.34,0.1032,2.409925e-06,106.927,-7.016547e-07,2.305475e-06
-0.34,0.1036,3.451695e-06,127.0995,-2.082036e-06,2.753036e-06
-0.34,0.104,1.919757e-06,151.1451,-1.681381e-06,9.264294e-07
-0.34,0.1044,2.648748e-06,140.1896,-2.0346e-06,1.695765e-06
-0.34,0.1048,3.919992e-06,175.3833,-3.907179e-06,3.155115e-07
-0.34,0.1052,2.564337e-06,149.7421,-2.214878e-06,1.292042e-06
-0.34,0.1056,3.638383e-06,162.2179,-3.46495e-06,1.111233e-06
-0.34,0.106,2.728197e-06,-179.7312,-2.728125e-06,-1.279637e-08
-0.34,0.1064,4.73906e-06,158.8573,-4.420028e-06,1.709355e-06
-0.34,0.1068,3.390915e-06,178.3024,-3.389406e-06,1.004599e-07
-0.34,0.1072,3.758769e-06,163.2446,-3.598462e-06,1.083383e-06
-0.34,0.1076,2.210872e-06,156.7199,-2.030873e-06,8.737966e-07
-0.34,0.108,3.138447e-06,174.4304,-3.123588e-06,3.045871e-07
-0.34,0.1084,3.383796e-06,157.6431,-3.12945e-06,1.287113e-06
-0.34,0.1088,2.601262e-06,125.9539,-1.527216e-06,2.105617e-06
-0.34,0.1092,2.62909e-06,159.3727,-2.460446e-06,9.261611e-07
-0.34,0.1096,2.875875e-06,178.1844,-2.874428e-06,9.113363e-08
-0.34,0.11,4.35209e-06,177.4183,-4.347547e-06,1.959968e-07
-0.34,0.1104,5.460552e-06,-165.1792,-5.278771e-06,-1.396777e-06
-0.34,0.1108,4.169421e-06,-168.0169,-4.078533e-06,-8.65275e-07
-0.34,0.1112,4.01544e-06,176.3722,-4.007382e-06,2.54089e-07
-0.34,0.1116,4.021871e-06,162.2253,-3.829769e-06,1.227686e-06
-0.34,0.112,3.544924e-06,-177.8216,-3.542365e-06,-1.347083e-07
-0.34,0.1124,4.407132e-06,178.6471,-4.405774e-06,1.040585e-07
-0.34,0.1128,4.628129e-06,171.3985,-4.576055e-06,6.921887e-07
-0.34,0.1132,3.677247e-06,174.7158,-3.661617e-06,3.386959e-07
-0.34,0.1136,3.822539e-06,174.714,-3.806183e-06,3.521572e-07
-0.34,0.114,4.504345e-06,-165.8252,-4.367133e-06,-1.10298e-06
-0.34,0.1144,3.977408e-06,-169.4313,-3.909844e-06,-7.294993e-07
-0.34,0.1148,4.775488e-06,-165.4349,-4.622021e-06,-1.200908e-06
-0.34,0.1152,4.971787e-06,-165.8447,-4.820818e-06,-1.215834e-06
-0.34,0.1156,5.343116e-06,-165.366,-5.169779e-06,-1.349871e-06
-0.34,0.116,5.697889e-06,-165.1269,-5.507016e-06,-1.462463e-06
-0.34,0.1164,6.756842e-06,-155.5522,-6.15097e-06,-2.796348e-06
-0.34,0.1168,6.752332e-06,-146.1282,-5.60628e-06,-3.763278e-06
-0.34,0.1172,8.867248e-06,-139.592,-6.751891e-06,-5.747918e-06
-0.34,0.1176,9.615451e-06,-140.0462,-7.370799e-06,-6.174691e-06
-0.34,0.118,1.150821e-05,-143.0994,-9.202871e-06,-6.909783e-06
-0.34,0.1184,1.254281e-05,-140.8964,-9.733306e-06,-7.910963e-06
-0.34,0.1188,1.453693e-05,-131.7036,-9.671084e-06,-1.08532e-05
-0.34,0.1192,1.860613e-05,-129.2417,-1.177004e-05,-1.441008e-05
-0.34,0.1196,1.90389e-05,-129.7514,-1.217456e-05,-1.463753e-05
-0.34,0.12,1.915901e-05,-131.2299,-1.262731e-05,-1.440889e-05
-0.34,0.1204,1.996033e-05,-130.3576,-1.292538e-05,-1.521007e-05
-0.34,0.1208,2.066642e-05,-131.9491,-1.38149e-05,-1.537036e-05
-0.34,0.1212,2.056263e-05,-127.3726,-1.248141e-05,-1.634116e-05
-0.34,0.1216,2.178199e-05,-129.2456,-1.378025e-05,-1.686879e-05
-0.34,0.122,2.260821e-05,-128.5885,-1.410123e-05,-1.767158e-05
-0.34,0.1224,2.521313e-05,-126.8566,-1.512319e-05,-2.017399e-05
-0.34,0.1228,2.732754e-05,-127.864,-1.67734e-05,-2.157423e-05
-0.34,0.1232,2.787014e-05,-127.0782,-1.680338e-05,-2.223564e-05
-0.34,0.1236,3.238628e-05,-126.2615,-1.915562e-05,-2.61139e-05
-0.34,0.124,3.827569e-05,-123.9274,-2.13633e-05,-3.175909e-05
-0.34,0.1244,3.982362e-05,-124.5399,-2.257927e-05,-3.280396e-05
-0.34,0.1248,4.209914e-05,-122.6669,-2.27233e-05,-3.544002e-05
-0.34,0.1252,4.678889e-05,-121.6978,-2.458469e-05,-3.980941e-05
-0.34,0.1256,5.428275e-05,-119.6057,-2.681729e-05,-4.719593e-05
-0.34,0.126,5.71048e-05,-118.6804,-2.740595e-05,-5.00986e-05
-0.34,0.1264,5.915277e-05,-118.7376,-2.84407e-05,-5.186699e-05
-0.34,0.1268,6.504783e-05,-118.2258,-3.07643e-05,-5.731297e-05
-0.34,0.1272,7.321688e-05,-116.0171,-3.211591e-05,-6.57974e-05
-0.34,0.1276,7.855156e-05,-115.9239,-3.434104e-05,-7.06474e-05
-0.34,0.128,8.016063e-05,-115.8947,-3.500778e-05,-7.21124e-05
-0.34,0.1284,8.369205e-05,-116.1278,-3.685598e-05,-7.513991e-05
-0.34,0.1288,8.831146e-05,-115.2524,-3.767435e-05,-7.987226e-05
-0.34,0.1292,8.969532e-05,-113.8545,-3.627425e-05,-8.203317e-05
-0.34,0.1296,9.026932e-05,-114.0597,-3.680189e-05,-8.24269e-05
-0.34,0.13,9.297988e-05,-114.2258,-3.815282e-05,-8.479167e-05
-0.34,0.1304,9.883042e-05,-113.5515,-3.949004e-05,-9.059808e-05
-0.34,0.1308,0.0001017157,-113.7202,-4.091732e-05,-9.312288e-05
-0.34,0.1312,0.0001021327,-113.6177,-4.091772e-05,-9.357803e-05
-0.34,0.1316,0.0001051269,-113.0541,-4.116781e-05,-9.673106e-05
-0.34,0.132,0.0001078082,-112.4185,-4.111478e-05,-9.966052e-05
-0.34,0.1324,0.0001140142,-112.6308,-4.387195e-05,-0.0001052356
-0.34,0.1328,0.0001127594,-112.2472,-4.26913e-05,-0.0001043656
-0.34,0.1332,0.0001146594,-112.9523,-4.471324e-05,-0.0001055819
-0.34,0.1336,0.0001140966,-112.5545,-4.376323e-05,-0.00010537
-0.34,0.134,0.000113154,-112.6838,-4.363745e-05,-0.0001044013
-0.34,0.1344,0.0001118846,-112.6984,-4.317417e-05,-0.0001032191
-0.34,0.1348,0.0001128054,-112.8082,-4.372899e-05,-0.000103985
-0.34,0.1352,0.0001097575,-113.2804,-4.337936e-05,-0.0001008203
-0.34,0.1356,0.000104077,-113.2408,-4.106855e-05,-9.563169e-05
-0.34,0.136,0.0001038182,-113.7432,-4.180124e-05,-9.503103e-05
-0.34,0.1364,0.0001027152,-113.7233,-4.13245e-05,-9.403572e-05
-0.34,0.1368,9.486144e-05,-114.3933,-3.917771e-05,-8.639337e-05
-0.34,0.1372,8.471794e-05,-115.596,-3.660016e-05,-7.640398e-05
-0.34,0.1376,7.959403e-05,-116.1936,-3.51333e-05,-7.142034e-05
-0.34,0.138,7.378919e-05,-116.8151,-3.328737e-05,-6.58547e-05
-0.34,0.1384,6.329758e-05,-118.7626,-3.045771e-05,-5.548796e-05
-0.34,0.1388,5.387003e-05,-121.0518,-2.778689e-05,-4.615052e-05
-0.34,0.1392,4.920054e-05,-121.6796,-2.583863e-05,-4.18696e-05
-0.34,0.1396,4.588698e-05,-122.3126,-2.452833e-05,-3.878105e-05
-0.34,0.14,4.278166e-05,-122.0282,-2.268866e-05,-3.626972e-05
-0.34,0.1404,4.014014e-05,-124.5578,-2.2769e-05,-3.305753e-05
-0.34,0.1408,3.952442e-05,-124.3791,-2.231811e-05,-3.262023e-05
-0.34,0.1412,3.910727e-05,-125.9689,-2.296953e-05,-3.165089e-05
-0.34,0.1416,4.02511e-05,-125.9201,-2.361376e-05,-3.259691e-05
-0.34,0.142,4.127346e-05,-125.2541,-2.382321e-05,-3.370388e-05
-0.34,0.1424,4.185268e-05,-122.3514,-2.239579e-05,-3.535634e-05
-0.34,0.1428,4.259718e-05,-122.4299,-2.284349e-05,-3.595407e-05
-0.34,0.1432,4.347717e-05,-124.1029,-2.437683e-05,-3.600044e-05
-0.34,0.1436,4.375941e-05,-123.0731,-2.387997e-05,-3.666931e-05
-0.34,0.144,4.265123e-05,-124.9621,-2.444065e-05,-3.495396e-05
-0.34,0.1444,4.390254e-05,-123.0431,-2.393873e-05,-3.680175e-05
-0.34,0.1448,4.298754e-05,-123.7786,-2.390049e-05,-3.573089e-05
-0.34,0.1452,4.278136e-05,-125.0995,-2.459921e-05,-3.500179e-05
-0.34,0.1456,3.94944e-05,-125.3898,-2.287267e-05,-3.219705e-05
-0.34,0.146,3.776881e-05,-126.468,-2.244882e-05,-3.037324e-05
-0.34,0.1464,3.780436e-05,-127.015,-2.275914e-05,-3.01859e-05
-0.34,0.1468,3.655065e-05,-127.6391,-2.232091e-05,-2.894342e-05
-0.34,0.1472,3.626546e-05,-127.6202,-2.213731e-05,-2.872491e-05
-0.34,0.1476,3.730386e-05,-127.7015,-2.28131e-05,-2.951503e-05
-0.34,0.148,3.611182e-05,-126.1377,-2.129615e-05,-2.916394e-05
-0.34,0.1484,3.643598e-05,-128.6878,-2.277526e-05,-2.844057e-05
-0.34,0.1488,3.493401e-05,-128.6494,-2.181819e-05,-2.728283e-05
-0.34,0.1492,3.441011e-05,-131.4112,-2.276087e-05,-2.580691e-05
-0.34,0.1496,3.443324e-05,-129.5618,-2.193091e-05,-2.654587e-05
-0.34,0.15,3.25106e-05,-131.3812,-2.149161e-05,-2.439362e-05
-0.34,0.1504,2.649472e-05,-133.253,-1.815471e-05,-1.929699e-05
-0.34,0.1508,2.419924e-05,-135.1969,-1.717019e-05,-1.705254e-05
-0.34,0.1512,2.107373e-05,-138.4302,-1.576622e-05,-1.398305e-05
-0.34,0.1516,1.753267e-05,-141.557,-1.373202e-05,-1.090063e-05
-0.34,0.152,1.56244e-05,-147.7391,-1.321238e-05,-8.339865e-06
-0.34,0.1524,1.333098e-05,-151.0443,-1.166451e-05,-6.453964e-06
-0.34,0.1528,1.221301e-05,-149.0892,-1.047839e-05,-6.27382e-06
-0.34,0.1532,1.050434e-05,-151.6772,-9.246842e-06,-4.983639e-06
-0.34,0.1536,7.754305e-06,-152.9512,-6.906185e-06,-3.526244e-06
-0.34,0.154,6.067849e-06,-166.2759,-5.894612e-06,-1.439547e-06
-0.34,0.1544,5.279788e-06,-156.4436,-4.839738e-06,-2.110015e-06
-0.34,0.1548,4.895824e-06,-166.3869,-4.758194e-06,-1.152276e-06
-0.34,0.1552,3.110026e-06,-179.0844,-3.109596e-06,-4.970468e-08
-0.34,0.1556,2.810524e-06,159.8483,-2.638852e-06,9.684003e-07
-0.34,0.156,2.389652e-06,153.2607,-2.133999e-06,1.075124e-06
-0.34,0.1564,3.001386e-06,154.35,-2.705605e-06,1.299234e-06
-0.34,0.1568,2.279173e-06,115.0564,-9.65204e-07,2.064574e-06
-0.34,0.1572,2.97144e-06,98.13048,-4.202462e-07,2.941438e-06
-0.34,0.1576,2.940572e-06,118.5042,-1.403303e-06,2.584084e-06
-0.34,0.158,3.82032e-06,80.82216,6.09314e-07,3.771269e-06
-0.34,0.1584,2.947764e-06,93.15043,-1.620221e-07,2.943171e-06
-0.34,0.1588,3.521952e-06,105.8724,-9.632091e-07,3.387669e-06
-0.34,0.1592,3.080768e-06,82.76944,3.8773e-07,3.056159e-06
-0.34,0.1596,2.357555e-06,97.26334,-2.98066e-07,2.338523e-06
-0.34,0.16,3.576273e-06,95.73264,-3.572255e-07,3.558347e-06
-0.34,0.1604,2.746302e-06,85.65358,2.081226e-07,2.738378e-06
-0.34,0.1608,3.504093e-06,74.67663,9.26027e-07,3.379538e-06
-0.34,0.1612,1.905798e-06,99.72949,-3.220494e-07,1.878306e-06
-0.34,0.1616,2.730103e-06,115.8667,-1.191051e-06,2.456439e-06
-0.34,0.162,2.482485e-06,107.6019,-7.506888e-07,2.366233e-06
-0.34,0.1624,3.662137e-06,113.731,-1.47379e-06,3.352358e-06
-0.34,0.1628,2.101499e-06,116.7025,-9.442884e-07,1.877238e-06
-0.34,0.1632,3.015065e-06,90.12357,-6.532296e-09,3.014987e-06
-0.34,0.1636,3.611683e-06,86.8006,2.015903e-07,3.606051e-06
-0.34,0.164,3.762904e-06,96.23872,-4.089195e-07,3.740491e-06
-0.34,0.1644,3.361875e-06,98.31757,-4.863347e-07,3.326375e-06
-0.34,0.1648,3.556793e-06,93.3266,-2.063959e-07,3.550752e-06
-0.34,0.1652,2.428969e-06,125.536,-1.411696e-06,1.976503e-06
-0.34,0.1656,2.265332e-06,71.02888,7.364228e-07,2.142257e-06
-0.34,0.166,4.143465e-06,103.7362,-9.838566e-07,4.024961e-06
-0.34,0.1664,3.791727e-06,93.13645,-2.074576e-07,3.785926e-06
-0.34,0.1668,2.794833e-06,93.83016,-1.868102e-07,2.788078e-06
-0.34,0.1672,2.570969e-06,105.6499,-6.935242e-07,2.475628e-06
-0.34,0.1676,3.452707e-06,95.78728,-3.481619e-07,3.434965e-06
-0.34,0.168,3.139441e-06,96.11557,-3.344379e-07,3.121448e-06
-0.34,0.1684,2.385668e-06,94.47897,-1.862738e-07,2.378359e-06
-0.34,0.1688,2.519907e-06,114.6288,-1.050079e-06,2.290556e-06
-0.34,0.1692,2.8725e-06,76.3437,6.781965e-07,2.791279e-06
-0.34,0.1696,2.820063e-06,96.93638,-3.405679e-07,2.799404e-06
-0.34,0.17,3.135234e-06,108.0487,-9.71334e-07,2.980878e-06
-0.34,0.1704,3.635851e-06,112.8333,-1.410897e-06,3.35076e-06
-0.34,0.1708,3.043513e-06,112.8201,-1.180389e-06,2.805266e-06
-0.34,0.1712,3.19893e-06,100.0948,-5.606822e-07,3.149298e-06
-0.34,0.1716,3.300441e-06,100.7994,-6.183777e-07,3.241902e-06
-0.34,0.172,2.764614e-06,76.72301,6.348956e-07,2.69068e-06
-0.34,0.1724,3.390703e-06,106.8777,-9.84393e-07,3.244567e-06
-0.34,0.1728,2.802036e-06,94.32849,-2.114586e-07,2.793939e-06
-0.34,0.1732,2.912275e-06,99.11401,-4.61284e-07,2.875484e-06
-0.34,0.1736,2.137994e-06,99.67703,-3.593545e-07,2.107478e-06
-0.34,0.174,2.75845e-06,108.8771,-8.924547e-07,2.609934e-06
-0.34,0.1744,3.278441e-06,95.65833,-3.232453e-07,3.262421e-06
-0.34,0.1748,3.263482e-06,99.83602,-5.574859e-07,3.215387e-06
-0.34,0.1752,3.807473e-06,92.93056,-1.946669e-07,3.80245e-06
-0.34,0.1756,2.320976e-06,91.83261,-7.421895e-08,2.319736e-06
-0.34,0.176,2.77318e-06,84.83691,2.495571e-07,2.761831e-06
-0.34,0.1764,3.052761e-06,85.19055,2.559553e-07,3.041904e-06
-0.34,0.1768,3.304962e-06,82.30302,4.426259e-07,3.275077e-06
-0.34,0.1772,3.160949e-06,112.376,-1.203306e-06,2.92292e-06
-0.34,0.1776,2.693396e-06,106.7693,-7.770694e-07,2.578753e-06
-0.34,0.178,3.106065e-06,108.742,-9.98117e-07,2.941707e-06
-0.34,0.1784,3.917455e-06,96.61902,-4.51561e-07,3.89132e-06
-0.34,0.1788,2.286907e-06,94.92659,-1.963991e-07,2.27843e-06
-0.34,0.1792,3.193516e-06,86.02077,2.215784e-07,3.18567e-06
-0.34,0.1796,2.656074e-06,119.7613,-1.318428e-06,2.305744e-06
-0.34,0.18,2.456277e-06,113.5999,-9.833257e-07,2.250714e-06
-0.34,0.1804,2.310482e-06,76.38436,5.438905e-07,2.245517e-06
-0.34,0.1808,2.419084e-06,108.5046,-7.677432e-07,2.293886e-06
-0.34,0.1812,2.649882e-06,97.04216,-3.248434e-07,2.629788e-06
-0.34,0.1816,2.050157e-06,84.82861,1.848042e-07,2.041792e-06
-0.34,0.182,2.712523e-06,79.55111,4.919227e-07,2.667495e-06
-0.34,0.1824,2.604497e-06,116.5639,-1.164671e-06,2.329459e-06
-0.34,0.1828,3.152551e-06,88.97868,5.62258e-08,3.151964e-06
-0.34,0.1832,3.360372e-06,86.0776,2.298373e-07,3.352358e-06
-0.34,0.1836,2.648418e-06,124.8641,-1.513894e-06,2.173036e-06
-0.34,0.184,1.492884e-06,96.81223,-1.770816e-07,1.482311e-06
-0.34,0.1844,2.245947e-06,120.3396,-1.134423e-06,1.938264e-06
-0.34,0.1848,2.61612e-06,106.6911,-7.513538e-07,2.505876e-06
-0.34,0.1852,3.950893e-06,93.33316,-2.297088e-07,3.944082e-06
-0.34,0.1856,2.606911e-06,103.2708,-5.983896e-07,2.537185e-06
-0.34,0.186,2.925725e-06,128.3482,-1.815157e-06,2.294417e-06
-0.34,0.1864,2.324642e-06,97.20782,-2.916678e-07,2.306146e-06
-0.34,0.1868,2.016272e-06,123.861,-1.123365e-06,1.674178e-06
-0.34,0.1872,3.200473e-06,110.1569,-1.102846e-06,3.004331e-06
-0.34,0.1876,1.702548e-06,104.5873,-4.287734e-07,1.647664e-06
-0.34,0.188,1.778081e-06,116.9228,-8.051823e-07,1.585571e-06
-0.34,0.1884,2.184228e-06,80.45978,3.620143e-07,2.153981e-06
-0.34,0.1888,2.770051e-06,110.9432,-9.901206e-07,2.587018e-06
-0.34,0.1892,2.624854e-06,89.78506,9.857118e-09,2.624725e-06
-0.34,0.1896,1.689311e-06,108.0439,-5.23243e-07,1.606224e-06
-0.34,0.19,2.159424e-06,96.97484,-2.62225e-07,2.143325e-06
-0.34,0.1904,1.510402e-06,108.784,-4.863347e-07,1.429812e-06
-0.34,0.1908,2.648022e-06,102.1299,-5.564186e-07,2.588884e-06
-0.34,0.1912,3.096576e-06,94.7019,-2.538263e-07,3.086138e-06
-0.34,0.1916,1.669513e-06,103.9334,-4.019904e-07,1.62035e-06
-0.34,0.192,3.174221e-06,92.73604,-1.515001e-07,3.170482e-06
-0.34,0.1924,2.928089e-06,104.0855,-7.125791e-07,2.840045e-06
-0.34,0.1928,2.177814e-06,84.79407,1.975949e-07,2.168772e-06
-0.34,0.1932,1.900278e-06,69.6984,6.592757e-07,1.782104e-06
-0.34,0.1936,2.378102e-06,112.6706,-9.165722e-07,2.19422e-06
-0.34,0.194,3.017351e-06,82.06741,4.163794e-07,2.988344e-06
-0.34,0.1944,2.485552e-06,108.7525,-7.990524e-07,2.353442e-06
-0.34,0.1948,2.829255e-06,82.49667,3.694742e-07,2.805003e-06
-0.34,0.1952,3.751214e-06,77.12517,8.35821e-07,3.656683e-06
-0.34,0.1956,2.721693e-06,91.56292,-7.421895e-08,2.720659e-06
-0.34,0.196,2.606587e-06,92.77188,-1.261811e-07,2.603804e-06
-0.34,0.1964,2.704773e-06,95.75931,-2.714172e-07,2.691077e-06
-0.34,0.1968,3.207167e-06,90.8928,-4.996731e-08,3.206726e-06
-0.34,0.1972,1.915974e-06,72.49811,5.761329e-07,1.827143e-06
-0.34,0.1976,2.621546e-06,130.5101,-1.702833e-06,1.993026e-06
-0.34,0.198,2.177702e-06,95.8122,-2.205166e-07,2.166375e-06
-0.34,0.1984,2.263795e-06,93.45599,-1.364406e-07,2.259643e-06
-0.34,0.1988,3.238946e-06,94.34641,-2.454333e-07,3.229642e-06
-0.34,0.1992,3.610186e-06,87.9169,1.312382e-07,3.607783e-06
-0.34,0.1996,2.468481e-06,80.48033,4.082489e-07,2.434456e-06
-0.34,0.2,2.570087e-06,90.51655,-2.318434e-08,2.56983e-06
-0.33,0.0,4.242623e-06,120.1363,-2.130003e-06,3.669071e-06
-0.33,0.0004,3.953654e-06,127.6214,-2.413406e-06,3.131445e-06
-0.33,0.0008,2.908112e-06,119.2345,-1.420224e-06,2.537587e-06
-0.33,0.0012,3.334941e-06,100.5253,-6.091855e-07,3.27881e-06
-0.33,0.0016,3.097264e-06,114.8811,-1.303106e-06,2.809798e-06
-0.33,0.002,3.902055e-06,109.6442,-1.311767e-06,3.674805e-06
-0.33,0.0024,3.172019e-06,103.9255,-7.633455e-07,3.078812e-06
-0.33,0.0028,3.471957e-06,107.1513,-1.023832e-06,3.317451e-06
-0.33,0.0032,3.558676e-06,121.1634,-1.841537e-06,3.0451e-06
-0.33,0.0036,3.044653e-06,110.5184,-1.067133e-06,2.851366e-06
-0.33,0.004,4.099052e-06,110.8987,-1.461932e-06,3.830026e-06
-0.33,0.0044,2.797102e-06,129.0083,-1.760523e-06,2.173433e-06
-0.33,0.0048,3.435652e-06,103.7804,-8.183754e-07,3.336634e-06
-0.33,0.0052,3.499343e-06,119.6979,-1.733612e-06,3.039641e-06
-0.33,0.0056,3.113558e-06,108.9597,-1.011572e-06,2.944506e-06
-0.33,0.006,3.593103e-06,127.9211,-2.208217e-06,2.834446e-06
-0.33,0.0064,3.031047e-06,108.3997,-9.566769e-07,2.87602e-06
-0.33,0.0068,2.899641e-06,107.1749,-8.562114e-07,2.770224e-06
-0.33,0.0072,4.250379e-06,104.0035,-1.028493e-06,4.123957e-06
-0.33,0.0076,2.975067e-06,104.1782,-7.287003e-07,2.884414e-06
-0.33,0.008,4.466632e-06,103.8527,-1.069402e-06,4.336612e-06
-0.33,0.0084,4.671676e-06,97.68407,-6.246417e-07,4.62961e-06
-0.33,0.0088,2.623496e-06,104.4614,-6.551519e-07,2.540247e-06
-0.33,0.0092,3.000469e-06,91.88332,-9.859912e-08,2.998732e-06
-0.33,0.0096,4.02742e-06,98.16938,-5.722772e-07,3.986187e-06
-0.33,0.01,3.090128e-06,113.5283,-1.233553e-06,2.83325e-06
-0.33,0.0104,3.622798e-06,91.06634,-6.742402e-08,3.622038e-06
-0.33,0.0108,3.171807e-06,95.4743,-3.025922e-07,3.157289e-06
-0.33,0.0112,3.58841e-06,85.67281,2.707466e-07,3.578066e-06
-0.33,0.0116,3.468364e-06,92.29203,-1.387093e-07,3.465481e-06
-0.33,0.012,3.950854e-06,87.52961,1.702811e-07,3.947149e-06
-0.33,0.0124,3.072079e-06,100.1603,-5.418956e-07,3.023782e-06
-0.33,0.0128,3.516968e-06,90.75173,-4.610605e-08,3.516644e-06
-0.33,0.0132,3.384014e-06,86.84693,1.861341e-07,3.378873e-06
-0.33,0.0136,2.276033e-06,86.25026,1.48829e-07,2.271099e-06
-0.33,0.014,2.610001e-06,102.091,-5.466956e-07,2.551976e-06
-0.33,0.0144,4.115397e-06,98.34205,-5.970597e-07,4.071727e-06
-0.33,0.0148,3.853054e-06,114.0654,-1.571187e-06,3.518108e-06
-0.33,0.0152,3.825366e-06,87.42644,1.717451e-07,3.821371e-06
-0.33,0.0156,4.03721e-06,96.29642,-4.427656e-07,4.013104e-06
-0.33,0.016,3.87891e-06,96.94512,-4.690121e-07,3.850417e-06
-0.33,0.0164,2.810496e-06,96.06049,-2.967305e-07,2.794738e-06
-0.33,0.0168,2.576244e-06,94.66912,-2.097263e-07,2.567566e-06
-0.33,0.0172,2.486335e-06,82.87042,3.085825e-07,2.467101e-06
-0.33,0.0176,3.908883e-06,103.0802,-8.845925e-07,3.807378e-06
-0.33,0.018,3.140917e-06,85.90755,2.241097e-07,3.132775e-06
-0.33,0.0184,4.330415e-06,102.1511,-9.115096e-07,4.233352e-06
-0.33,0.0188,3.821544e-06,84.36745,3.750734e-07,3.802981e-06
-0.33,0.0192,3.037931e-06,97.23142,-3.824047e-07,3.013657e-06
-0.33,0.0196,2.69938e-06,99.32864,-4.375688e-07,2.663629e-06
-0.33,0.02,3.286929e-06,86.45353,2.033226e-07,3.280542e-06
-0.33,0.0204,3.864319e-06,100.8195,-7.253699e-07,3.795521e-06
-0.33,0.0208,2.474388e-06,100.1673,-4.367697e-07,2.435524e-06
-0.33,0.0212,3.14603e-06,88.11492,1.035276e-07,3.144236e-06
-0.33,0.0216,4.100695e-06,79.67132,7.35227e-07,4.034154e-06
-0.33,0.022,3.963405e-06,86.30053,2.556871e-07,3.955012e-06
-0.33,0.0224,4.569763e-06,91.4838,-1.183189e-07,4.568187e-06
-0.33,0.0228,4.593282e-06,79.63919,8.26098e-07,4.518354e-06
-0.33,0.0232,3.670429e-06,82.86605,4.55819e-07,3.641892e-06
-0.33,0.0236,3.689819e-06,82.64661,4.722084e-07,3.659348e-06
-0.33,0.024,3.520868e-06,58.47632,1.840867e-06,3.001263e-06
-0.33,0.0244,3.875657e-06,75.10402,9.96245e-07,3.745285e-06
-0.33,0.0248,5.182111e-06,95.51801,-4.983264e-07,5.158049e-06
-0.33,0.0252,3.668457e-06,92.37116,-1.517627e-07,3.66521e-06
-0.33,0.0256,4.193175e-06,86.85961,2.297032e-07,4.18685e-06
-0.33,0.026,3.465307e-06,74.66788,9.162984e-07,3.341965e-06
-0.33,0.0264,4.298709e-06,83.0693,5.187056e-07,4.267193e-06
-0.33,0.0268,4.404623e-06,81.2195,6.723348e-07,4.352867e-06
-0.33,0.0272,4.112295e-06,71.22778,1.323351e-06,3.893449e-06
-0.33,0.0276,3.458641e-06,81.42145,5.159117e-07,3.419911e-06
-0.33,0.028,3.538062e-06,74.30987,9.568054e-07,3.406187e-06
-0.33,0.0284,2.76116e-06,98.20348,-3.939997e-07,2.732785e-06
-0.33,0.0288,2.171315e-06,98.7394,-3.299117e-07,2.145985e-06
-0.33,0.0292,1.939633e-06,96.85682,-2.315752e-07,1.925608e-06
-0.33,0.0296,3.728237e-06,78.83904,7.216315e-07,3.657616e-06
-0.33,0.03,3.269573e-06,81.19065,5.007181e-07,3.230972e-06
-0.33,0.0304,3.88476e-06,91.15158,-7.808022e-08,3.883861e-06
-0.33,0.0308,3.703985e-06,76.05126,8.928515e-07,3.594992e-06
-0.33,0.0312,3.402253e-06,76.63483,7.863901e-07,3.309985e-06
-0.33,0.0316,3.942226e-06,91.7181,-1.181904e-07,3.940355e-06
-0.33,0.032,3.258677e-06,84.20353,3.291014e-07,3.242835e-06
-0.33,0.0324,3.308588e-06,95.87602,-3.387015e-07,3.291198e-06
-0.33,0.0328,2.922439e-06,91.10743,-5.649961e-08,2.921853e-06
-0.33,0.0332,3.93409e-06,77.96619,8.202306e-07,3.848416e-06
-0.33,0.0336,3.541516e-06,94.1191,-2.543628e-07,3.532368e-06
-0.33,0.034,3.006974e-06,67.61561,1.145074e-06,2.780349e-06
-0.33,0.0344,4.432277e-06,96.56307,-5.065854e-07,4.403103e-06
-0.33,0.0348,4.393866e-06,101.2848,-8.5981e-07,4.308901e-06
-0.33,0.0352,3.097079e-06,82.24139,4.181116e-07,3.068687e-06
-0.33,0.0356,3.352174e-06,77.02638,7.52544e-07,3.26655e-06
-0.33,0.036,4.340149e-06,74.58505,1.153601e-06,4.183921e-06
-0.33,0.0364,4.288634e-06,81.31545,6.475523e-07,4.239348e-06
-0.33,0.0368,3.214593e-06,89.8008,1.118704e-08,3.214454e-06
-0.33,0.0372,4.251424e-06,99.12384,-6.742067e-07,4.197908e-06
-0.33,0.0376,3.197975e-06,107.6404,-9.690709e-07,3.047503e-06
-0.33,0.038,3.188436e-06,98.31145,-4.608873e-07,3.154892e-06
-0.33,0.0384,4.022402e-06,82.19374,5.462877e-07,3.984991e-06
-0.33,0.0388,3.582391e-06,93.97572,-2.483669e-07,3.573674e-06
-0.33,0.0392,2.227155e-06,102.2764,-4.73544e-07,2.176098e-06
-0.33,0.0396,3.294518e-06,94.76747,-2.738144e-07,3.283074e-06
-0.33,0.04,2.854602e-06,99.76346,-4.840716e-07,2.813128e-06
-0.33,0.0404,2.25543e-06,115.3239,-9.646732e-07,2.038596e-06
-0.33,0.0408,2.510989e-06,111.1684,-9.067151e-07,2.341451e-06
-0.33,0.0412,3.738703e-06,90.79806,-5.210191e-08,3.738228e-06
-0.33,0.0416,2.939706e-06,80.07654,5.065798e-07,2.895606e-06
-0.33,0.042,3.409082e-06,79.87459,5.993172e-07,3.355957e-06
-0.33,0.0424,3.028091e-06,92.80248,-1.480355e-07,3.024447e-06
-0.33,0.0428,1.918477e-06,102.5198,-4.158485e-07,1.872841e-06
-0.33,0.0432,2.294501e-06,115.6822,-9.943842e-07,2.067776e-06
-0.33,0.0436,3.565281e-06,75.84188,8.720643e-07,3.456953e-06
-0.33,0.044,2.904195e-06,86.29791,1.874696e-07,2.898003e-06
-0.33,0.0444,1.848673e-06,120.0707,-9.263008e-07,1.599831e-06
-0.33,0.0448,1.519359e-06,147.4669,-1.280855e-06,8.170343e-07
-0.33,0.0452,2.484636e-06,128.1087,-1.533346e-06,1.954916e-06
-0.33,0.0456,2.287013e-06,84.91603,2.026576e-07,2.277899e-06
-0.33,0.046,2.894919e-06,55.06937,1.657521e-06,2.373296e-06
-0.33,0.0464,2.731075e-06,94.13833,-1.970697e-07,2.723855e-06
-0.33,0.0468,3.381427e-06,83.80674,3.648139e-07,3.361819e-06
-0.33,0.0472,2.027196e-06,93.69334,-1.305788e-07,2.022871e-06
-0.33,0.0476,3.691552e-06,58.49905,1.928804e-06,3.147432e-06
-0.33,0.048,3.010405e-06,67.42371,1.155735e-06,2.779684e-06
-0.33,0.0484,3.543594e-06,66.5158,1.412093e-06,3.250027e-06
-0.33,0.0488,3.170901e-06,65.2452,1.327749e-06,2.879485e-06
-0.33,0.0492,3.232548e-06,77.43641,7.031131e-07,3.155026e-06
-0.33,0.0496,2.953989e-06,81.26758,4.484876e-07,2.919724e-06
-0.33,0.05,3.654621e-06,76.51331,8.523445e-07,3.55382e-06
-0.33,0.0504,2.006962e-06,98.31407,-2.902038e-07,1.985829e-06
-0.33,0.0508,2.827763e-06,62.30793,1.314025e-06,2.503741e-06
-0.33,0.0512,3.186307e-06,66.57744,1.266594e-06,2.923719e-06
-0.33,0.0516,3.184307e-06,77.46176,6.912555e-07,3.108261e-06
-0.33,0.052,3.685707e-06,69.40946,1.296171e-06,3.450158e-06
-0.33,0.0524,3.441073e-06,74.02093,9.472109e-07,3.30799e-06
-0.33,0.0528,3.384796e-06,83.07017,4.08383e-07,3.359952e-06
-0.33,0.0532,3.427332e-06,84.70011,3.165788e-07,3.412585e-06
-0.33,0.0536,3.689076e-06,81.45686,5.4802e-07,3.648022e-06
-0.33,0.054,3.693507e-06,97.31404,-4.702135e-07,3.663344e-06
-0.33,0.0544,3.625888e-06,77.31007,7.965154e-07,3.537297e-06
-0.33,0.0548,3.302e-06,72.89327,9.714625e-07,3.15649e-06
-0.33,0.0552,2.834117e-06,87.65331,1.160502e-07,2.831647e-06
-0.33,0.0556,4.448125e-06,76.49473,1.038746e-06,4.325022e-06
-0.33,0.056,4.407232e-06,91.67548,-1.288466e-07,4.405232e-06
-0.33,0.0564,3.201987e-06,86.37135,2.026576e-07,3.195533e-06
-0.33,0.0568,2.661494e-06,102.2348,-5.640126e-07,2.60101e-06
-0.33,0.0572,4.623072e-06,94.21308,-3.396347e-07,4.61056e-06
-0.33,0.0576,3.29763e-06,85.81445,2.406332e-07,3.288533e-06
-0.33,0.058,2.503618e-06,78.54922,4.969909e-07,2.45364e-06
-0.33,0.0584,3.904469e-06,86.89939,2.111848e-07,3.898646e-06
-0.33,0.0588,3.032399e-06,93.15655,-1.669563e-07,3.027783e-06
-0.33,0.0592,4.213688e-06,89.11812,6.48871e-08,4.213096e-06
-0.33,0.0596,2.790933e-06,94.79021,-2.330448e-07,2.780618e-06
-0.33,0.06,3.841549e-06,90.61447,-4.11719e-08,3.841219e-06
-0.33,0.0604,3.06743e-06,99.78138,-5.211085e-07,3.022715e-06
-0.33,0.0608,3.233274e-06,90.89498,-5.050376e-08,3.232838e-06
-0.33,0.0612,2.51091e-06,110.9835,-8.991155e-07,2.344384e-06
-0.33,0.0616,2.991909e-06,98.75295,-4.552882e-07,2.957029e-06
-0.33,0.062,3.788927e-06,95.11237,-3.376398e-07,3.773801e-06
-0.33,0.0624,3.647614e-06,83.98234,3.821365e-07,3.627637e-06
-0.33,0.0628,3.636986e-06,84.84216,3.269724e-07,3.622172e-06
-0.33,0.0632,3.699347e-06,101.087,-7.113777e-07,3.630168e-06
-0.33,0.0636,3.677817e-06,104.7018,-9.333584e-07,3.557419e-06
-0.33,0.064,3.696793e-06,102.9255,-8.269026e-07,3.603117e-06
-0.33,0.0644,2.765413e-06,100.6989,-5.133803e-07,2.717329e-06
-0.33,0.0648,2.520248e-06,92.94586,-1.295115e-07,2.5168e-06
-0.33,0.0652,2.903776e-06,81.64963,4.217047e-07,2.872953e-06
-0.33,0.0656,2.984913e-06,95.22209,-2.716798e-07,2.972485e-06
-0.33,0.066,2.964617e-06,113.8433,-1.198377e-06,2.711467e-06
-0.33,0.0664,3.046207e-06,98.29877,-4.396978e-07,3.014322e-06
-0.33,0.0668,2.667697e-06,92.88816,-1.344457e-07,2.664299e-06
-0.33,0.0672,3.032946e-06,95.22253,-2.760775e-07,3.020318e-06
-0.33,0.0676,2.175707e-06,113.4125,-8.644759e-07,1.996491e-06
-0.33,0.068,2.245724e-06,72.87448,6.612762e-07,2.146119e-06
-0.33,0.0684,2.783222e-06,96.25533,-3.032628e-07,2.766625e-06
-0.33,0.0688,3.845717e-06,95.48916,-3.678817e-07,3.828031e-06
-0.33,0.0692,2.984225e-06,95.62948,-2.927351e-07,2.969685e-06
-0.33,0.0696,2.576334e-06,96.87387,-3.083255e-07,2.557704e-06
-0.33,0.07,1.603731e-06,98.84648,-2.466347e-07,1.584509e-06
-0.33,0.0704,2.243634e-06,105.4837,-5.98926e-07,2.162111e-06
-0.33,0.0708,9.664893e-07,122.9011,-5.249753e-07,8.114408e-07
-0.33,0.0712,2.797499e-06,108.3975,-8.828602e-07,2.654436e-06
-0.33,0.0716,3.344669e-06,88.85235,6.70161e-08,3.343965e-06
-0.33,0.072,2.687199e-06,81.88525,3.793369e-07,2.660298e-06
-0.33,0.0724,3.093654e-06,84.99647,2.698134e-07,3.081746e-06
-0.33,0.0728,3.32676e-06,98.27167,-4.786066e-07,3.292132e-06
-0.33,0.0732,2.91565e-06,86.8701,1.592226e-07,2.911197e-06
-0.33,0.0736,3.913197e-06,94.95544,-3.380365e-07,3.898518e-06
-0.33,0.074,4.09138e-06,94.30925,-3.073923e-07,4.079723e-06
-0.33,0.0744,3.592796e-06,109.966,-1.226758e-06,3.376873e-06
-0.33,0.0748,3.42223e-06,93.26103,-1.946669e-07,3.416581e-06
-0.33,0.0752,1.964192e-06,88.91267,3.730505e-08,1.963846e-06
-0.33,0.0756,2.958225e-06,82.94211,3.634784e-07,2.935711e-06
-0.33,0.076,3.910576e-06,99.22329,-6.267707e-07,3.860006e-06
-0.33,0.0764,2.439547e-06,86.86573,1.333728e-07,2.435786e-06
-0.33,0.0768,2.678548e-06,110.8287,-9.524133e-07,2.503473e-06
-0.33,0.0772,4.485005e-06,91.41976,-1.111272e-07,4.48358e-06
-0.33,0.0776,2.291729e-06,86.50947,1.395028e-07,2.287359e-06
-0.33,0.078,2.667982e-06,97.89761,-3.665518e-07,2.642579e-06
-0.33,0.0784,3.205128e-06,88.43008,8.780322e-08,3.203792e-06
-0.33,0.0788,3.775622e-06,94.165,-2.742167e-07,3.765542e-06
-0.33,0.0792,2.779366e-06,103.8975,-6.675459e-07,2.698006e-06
-0.33,0.0796,2.467134e-06,101.7636,-5.029924e-07,2.415267e-06
-0.33,0.08,3.328057e-06,110.333,-1.156406e-06,3.120649e-06
-0.33,0.0804,2.954537e-06,112.8857,-1.148946e-06,2.721861e-06
-0.33,0.0808,4.03174e-06,128.1161,-2.488559e-06,3.171946e-06
-0.33,0.0812,3.489749e-06,102.5207,-7.565505e-07,3.406718e-06
-0.33,0.0816,2.849612e-06,127.4041,-1.730946e-06,2.263639e-06
-0.33,0.082,3.763172e-06,120.2819,-1.897629e-06,3.249764e-06
-0.33,0.0824,3.152148e-06,95.26099,-2.890024e-07,3.138771e-06
-0.33,0.0828,3.350514e-06,110.9747,-1.19931e-06,3.128377e-06
-0.33,0.0832,2.081835e-06,111.0464,-7.47621e-07,1.942925e-06
-0.33,0.0836,1.952257e-06,114.2433,-8.015837e-07,1.779975e-06
-0.33,0.084,3.405276e-06,107.6435,-1.032091e-06,3.245098e-06
-0.33,0.0844,1.380449e-06,86.00416,9.61963e-08,1.377051e-06
-0.33,0.0848,2.940807e-06,99.02177,-4.611499e-07,2.904402e-06
-0.33,0.0852,3.123544e-06,102.7786,-6.908588e-07,3.046033e-06
-0.33,0.0856,2.369508e-06,107.1412,-6.983242e-07,2.264175e-06
-0.33,0.086,1.579329e-06,136.3296,-1.142285e-06,1.090446e-06
-0.33,0.0864,2.174768e-06,132.3009,-1.463664e-06,1.608492e-06
-0.33,0.0868,2.327537e-06,129.3947,-1.47712e-06,1.798627e-06
-0.33,0.0872,2.350945e-06,137.1836,-1.724414e-06,1.597696e-06
-0.33,0.0876,2.822505e-06,112.8249,-1.094849e-06,2.601407e-06
-0.33,0.088,3.279179e-06,113.8267,-1.324692e-06,2.999665e-06
-0.33,0.0884,3.479691e-06,97.19733,-4.355683e-07,3.451757e-06
-0.33,0.0888,3.693955e-06,89.20193,5.142576e-08,3.693457e-06
-0.33,0.0892,3.930626e-06,109.5122,-1.312835e-06,3.704784e-06
-0.33,0.0896,4.01573e-06,109.6342,-1.349341e-06,3.782194e-06
-0.33,0.09,1.587398e-06,95.24045,-1.451019e-07,1.58091e-06
-0.33,0.0904,2.469588e-06,95.96476,-2.566259e-07,2.456177e-06
-0.33,0.0908,3.394508e-06,88.38068,9.593367e-08,3.393128e-06
-0.33,0.0912,4.079326e-06,96.76415,-4.80473e-07,4.050543e-06
-0.33,0.0916,3.598552e-06,95.82881,-3.654845e-07,3.579799e-06
-0.33,0.092,2.354566e-06,84.4999,2.257078e-07,2.343719e-06
-0.33,0.0924,3.302229e-06,107.1574,-9.739995e-07,3.154495e-06
-0.33,0.0928,2.777075e-06,107.3357,-8.274335e-07,2.650838e-06
-0.33,0.0932,2.407802e-06,115.1788,-1.024363e-06,2.179032e-06
-0.33,0.0936,3.083758e-06,115.3745,-1.321496e-06,2.786211e-06
-0.33,0.094,3.529462e-06,95.56566,-3.423001e-07,3.512782e-06
-0.33,0.0944,2.705622e-06,105.5432,-7.249731e-07,2.606604e-06
-0.33,0.0948,2.924552e-06,120.0266,-1.463396e-06,2.531988e-06
-0.33,0.0952,2.930581e-06,113.1196,-1.150678e-06,2.695078e-06
-0.33,0.0956,2.698928e-06,83.87786,2.87801e-07,2.683483e-06
-0.33,0.096,3.945596e-06,86.93173,2.111848e-07,3.939818e-06
-0.33,0.0964,2.717474e-06,107.3711,-8.113123e-07,2.593411e-06
-0.33,0.0968,2.180574e-06,122.1767,-1.161206e-06,1.845661e-06
-0.33,0.0972,1.48653e-06,105.2639,-3.913342e-07,1.434076e-06
-0.33,0.0976,3.650251e-06,110.2946,-1.266064e-06,3.42351e-06
-0.33,0.098,2.920053e-06,108.1706,-9.105764e-07,2.774354e-06
-0.33,0.0984,2.11705e-06,87.01042,1.104567e-07,2.114145e-06
-0.33,0.0988,3.470728e-06,102.3476,-7.421616e-07,3.390334e-06
-0.33,0.0992,3.504725e-06,100.945,-6.654113e-07,3.440961e-06
-0.33,0.0996,3.168538e-06,110.959,-1.133356e-06,2.958895e-06
-0.33,0.1,3.429679e-06,103.3258,-7.905252e-07,3.337299e-06
-0.33,0.1004,3.154568e-06,124.7719,-1.79903e-06,2.591148e-06
-0.33,0.1008,3.323312e-06,115.7504,-1.44381e-06,2.993272e-06
-0.33,0.1012,2.11106e-06,110.0428,-7.235035e-07,1.983163e-06
-0.33,0.1016,3.392016e-06,83.47714,3.853328e-07,3.369944e-06
-0.33,0.102,3.313947e-06,102.0136,-6.897971e-07,3.241231e-06
-0.33,0.1024,2.080483e-06,87.45966,9.220093e-08,2.078298e-06
-0.33,0.1028,2.221288e-06,94.94845,-1.916047e-07,2.212872e-06
-0.33,0.1032,4.151863e-06,100.587,-7.62809e-07,4.081187e-06
-0.33,0.1036,3.036053e-06,99.21804,-4.863347e-07,2.996737e-06
-0.33,0.104,3.989981e-06,89.47033,3.690272e-08,3.989785e-06
-0.33,0.1044,3.349604e-06,97.19602,-4.195813e-07,3.323178e-06
-0.33,0.1048,3.813715e-06,93.82448,-2.543628e-07,3.805115e-06
-0.33,0.1052,1.92796e-06,110.034,-6.603486e-07,1.810882e-06
-0.33,0.1056,3.012059e-06,125.5871,-1.752795e-06,2.449376e-06
-0.33,0.106,2.387702e-06,120.6386,-1.216767e-06,2.054315e-06
-0.33,0.1064,3.347553e-06,117.7969,-1.561062e-06,2.961158e-06
-0.33,0.1068,2.954179e-06,134.7719,-2.080572e-06,2.097219e-06
-0.33,0.1072,2.990964e-06,118.8766,-1.444341e-06,2.618998e-06
-0.33,0.1076,3.695692e-06,109.7404,-1.24821e-06,3.478405e-06
-0.33,0.108,1.779237e-06,91.76748,-5.489587e-08,1.778243e-06
-0.33,0.1084,2.517303e-06,133.0095,-1.717088e-06,1.840732e-06
-0.33,0.1088,3.316484e-06,121.7671,-1.746e-06,2.819655e-06
-0.33,0.1092,3.118772e-06,123.1612,-1.705896e-06,2.610733e-06
-0.33,0.1096,2.495454e-06,126.5723,-1.486849e-06,2.004085e-06
-0.33,0.11,2.974279e-06,146.625,-2.483759e-06,1.636203e-06
-0.33,0.1104,2.591181e-06,152.8609,-2.305883e-06,1.181982e-06
-0.33,0.1108,3.291936e-06,134.239,-2.296557e-06,2.358376e-06
-0.33,0.1112,2.505188e-06,138.2423,-1.868717e-06,1.668317e-06
-0.33,0.1116,2.085126e-06,156.331,-1.909621e-06,8.370224e-07
-0.33,0.112,2.464279e-06,154.0086,-2.215012e-06,1.079918e-06
-0.33,0.1124,3.317909e-06,114.3124,-1.365998e-06,3.023648e-06
-0.33,0.1128,2.669462e-06,147.9596,-2.262711e-06,1.416089e-06
-0.33,0.1132,2.675224e-06,133.4483,-1.839671e-06,1.942126e-06
-0.33,0.1136,3.051297e-06,-169.8081,-3.003135e-06,-5.399007e-07
-0.33,0.114,2.875082e-06,166.9678,-2.801008e-06,6.483513e-07
-0.33,0.1144,3.163056e-06,164.3916,-3.046307e-06,8.512772e-07
-0.33,0.1148,3.343032e-06,-179.4703,-3.34277e-06,-3.091245e-08
-0.33,0.1152,4.522517e-06,173.9812,-4.497578e-06,4.742033e-07
-0.33,0.1156,5.044111e-06,175.9479,-5.031477e-06,3.564208e-07
-0.33,0.116,3.791084e-06,170.0546,-3.734098e-06,6.547495e-07
-0.33,0.1164,3.026157e-06,164.9741,-2.921858e-06,7.845237e-07
-0.33,0.1168,2.999603e-06,149.8697,-2.594215e-06,1.50563e-06
-0.33,0.1172,3.179585e-06,178.1656,-3.177948e-06,1.017954e-07
-0.33,0.1176,3.425074e-06,161.4074,-3.246305e-06,1.092044e-06
-0.33,0.118,4.473499e-06,-168.5981,-4.385121e-06,-8.843299e-07
-0.33,0.1184,5.809217e-06,-159.4278,-5.438659e-06,-2.041267e-06
-0.33,0.1188,5.780054e-06,-174.3403,-5.751779e-06,-5.700085e-07
-0.33,0.1192,5.350917e-06,-168.7494,-5.247993e-06,-1.043949e-06
-0.33,0.1196,4.492482e-06,-168.8272,-4.407238e-06,-8.704718e-07
-0.33,0.12,4.026593e-06,-166.1129,-3.908783e-06,-9.664054e-07
-0.33,0.1204,4.399538e-06,-173.5311,-4.371397e-06,-4.95661e-07
-0.33,0.1208,3.934744e-06,-178.444,-3.933163e-06,-1.068636e-07
-0.33,0.1212,4.258302e-06,-174.7483,-4.240421e-06,-3.897361e-07
-0.33,0.1216,5.358953e-06,-173.1886,-5.32101e-06,-6.355661e-07
-0.33,0.122,5.485262e-06,-157.5618,-5.069984e-06,-2.093631e-06
-0.33,0.1224,4.977772e-06,-163.1945,-4.765123e-06,-1.439144e-06
-0.33,0.1228,4.954397e-06,-162.2622,-4.718888e-06,-1.509362e-06
-0.33,0.1232,5.780015e-06,-171.7106,-5.719536e-06,-8.332952e-07
-0.33,0.1236,6.831843e-06,-164.3063,-6.577078e-06,-1.84793e-06
-0.33,0.124,5.489179e-06,-159.5364,-5.142733e-06,-1.919081e-06
-0.33,0.1244,6.919523e-06,-156.6607,-6.353231e-06,-2.741318e-06
-0.33,0.1248,6.302727e-06,-166.4881,-6.128188e-06,-1.472588e-06
-0.33,0.1252,6.635002e-06,-159.0435,-6.196008e-06,-2.373039e-06
-0.33,0.1256,7.90167e-06,-143.9417,-6.387742e-06,-4.650939e-06
-0.33,0.126,8.891109e-06,-151.7082,-7.829016e-06,-4.214035e-06
-0.33,0.1264,1.158329e-05,-149.5155,-9.982338e-06,-5.876362e-06
-0.33,0.1268,1.183535e-05,-143.2286,-9.480413e-06,-7.084865e-06
-0.33,0.1272,1.194108e-05,-142.5208,-9.476149e-06,-7.265802e-06
-0.33,0.1276,1.335196e-05,-137.3033,-9.813118e-06,-9.054176e-06
-0.33,0.128,1.71075e-05,-135.8336,-1.227156e-05,-1.191953e-05
-0.33,0.1284,1.786573e-05,-131.5031,-1.183892e-05,-1.337999e-05
-0.33,0.1288,1.843941e-05,-132.9266,-1.255829e-05,-1.350178e-05
-0.33,0.1292,1.960908e-05,-133.3763,-1.346727e-05,-1.4253e-05
-0.33,0.1296,2.075327e-05,-132.1517,-1.392735e-05,-1.538582e-05
-0.33,0.13,2.147435e-05,-132.5549,-1.452294e-05,-1.581859e-05
-0.33,0.1304,2.133186e-05,-130.6442,-1.389471e-05,-1.618593e-05
-0.33,0.1308,2.297396e-05,-130.3494,-1.487417e-05,-1.750862e-05
-0.33,0.1312,2.415616e-05,-128.5833,-1.506497e-05,-1.888287e-05
-0.33,0.1316,2.455112e-05,-130.1232,-1.582151e-05,-1.877322e-05
-0.33,0.132,2.652003e-05,-125.7883,-1.550866e-05,-2.151254e-05
-0.33,0.1324,2.880039e-05,-126.9979,-1.733168e-05,-2.300164e-05
-0.33,0.1328,3.385082e-05,-126.061,-1.992616e-05,-2.736464e-05
-0.33,0.1332,3.751614e-05,-123.5492,-2.073347e-05,-3.126636e-05
-0.33,0.1336,3.890618e-05,-122.6577,-2.099449e-05,-3.275547e-05
-0.33,0.134,4.244509e-05,-121.6226,-2.225496e-05,-3.614287e-05
-0.33,0.1344,4.993719e-05,-119.7223,-2.475883e-05,-4.336737e-05
-0.33,0.1348,5.568576e-05,-120.1165,-2.794091e-05,-4.81686e-05
-0.33,0.1352,5.518151e-05,-118.7933,-2.657825e-05,-4.8359e-05
-0.33,0.1356,5.894794e-05,-118.8537,-2.844683e-05,-5.162982e-05
-0.33,0.136,6.592057e-05,-116.8069,-2.972928e-05,-5.883619e-05
-0.33,0.1364,7.32636e-05,-116.3021,-3.246354e-05,-6.567869e-05
-0.33,0.1368,7.630207e-05,-115.6446,-3.302261e-05,-6.878602e-05
-0.33,0.1372,7.965714e-05,-116.2815,-3.52708e-05,-7.14238e-05
-0.33,0.1376,8.592529e-05,-114.4881,-3.561657e-05,-7.819608e-05
-0.33,0.138,9.052894e-05,-113.8735,-3.66388e-05,-8.278345e-05
-0.33,0.1384,9.049935e-05,-113.8649,-3.661441e-05,-8.276187e-05
-0.33,0.1388,9.126643e-05,-114.2133,-3.743159e-05,-8.323728e-05
-0.33,0.1392,9.572836e-05,-113.7676,-3.858133e-05,-8.760947e-05
-0.33,0.1396,9.97869e-05,-112.8566,-3.875987e-05,-9.195169e-05
-0.33,0.14,0.0001025326,-112.917,-3.992613e-05,-9.443904e-05
-0.33,0.1404,0.0001033522,-112.7877,-4.00302e-05,-9.528526e-05
-0.33,0.1408,0.0001063509,-112.8776,-4.134556e-05,-9.798513e-05
-0.33,0.1412,0.0001100341,-112.1731,-4.15277e-05,-0.0001018969
-0.33,0.1416,0.0001121063,-112.3008,-4.254114e-05,-0.0001037213
-0.33,0.142,0.000113651,-112.0465,-4.266012e-05,-0.0001053408
-0.33,0.1424,0.0001161444,-112.4095,-4.427714e-05,-0.0001073737
-0.33,0.1428,0.000116959,-112.6022,-4.495121e-05,-0.0001079761
-0.33,0.1432,0.0001176282,-111.865,-4.380746e-05,-0.0001091666
-0.33,0.1436,0.0001175113,-112.5465,-4.505794e-05,-0.0001085298
-0.33,0.144,0.0001153965,-112.4261,-4.402278e-05,-0.0001066694
-0.33,0.1444,0.0001122828,-112.4314,-4.284466e-05,-0.0001037872
-0.33,0.1448,0.0001099024,-113.2519,-4.338682e-05,-0.000100976
-0.33,0.1452,0.0001091911,-113.3029,-4.319522e-05,-0.000100284
-0.33,0.1456,0.000103094,-113.2576,-4.07084e-05,-9.471658e-05
-0.33,0.146,9.262283e-05,-114.1272,-3.786102e-05,-8.453132e-05
-0.33,0.1464,8.372651e-05,-115.6893,-3.629476e-05,-7.54509e-05
-0.33,0.1468,7.917524e-05,-115.7305,-3.437316e-05,-7.132467e-05
-0.33,0.1472,7.167375e-05,-116.6159,-3.211045e-05,-6.407845e-05
-0.33,0.1476,5.955674e-05,-118.9844,-2.885961e-05,-5.209736e-05
-0.33,0.148,5.016821e-05,-119.5819,-2.476643e-05,-4.362879e-05
-0.33,0.1484,4.691188e-05,-121.0361,-2.418683e-05,-4.019608e-05
-0.33,0.1488,4.405074e-05,-123.725,-2.445731e-05,-3.66368e-05
-0.33,0.1492,3.965275e-05,-124.0481,-2.220113e-05,-3.2855e-05
-0.33,0.1496,3.755635e-05,-124.7574,-2.1411e-05,-3.085531e-05
-0.33,0.15,3.810406e-05,-124.269,-2.145564e-05,-3.148927e-05
-0.33,0.1504,3.688148e-05,-124.8515,-2.107603e-05,-3.026625e-05
-0.33,0.1508,3.942873e-05,-124.9772,-2.260258e-05,-3.230711e-05
-0.33,0.1512,3.986185e-05,-124.2088,-2.241072e-05,-3.296546e-05
-0.33,0.1516,4.176282e-05,-121.9661,-2.210999e-05,-3.542989e-05
-0.33,0.152,4.306747e-05,-123.6844,-2.38861e-05,-3.583668e-05
-0.33,0.1524,4.343241e-05,-124.3177,-2.448649e-05,-3.587186e-05
-0.33,0.1528,4.47317e-05,-122.1306,-2.379057e-05,-3.788048e-05
-0.33,0.1532,4.315584e-05,-122.3978,-2.312263e-05,-3.643854e-05
-0.33,0.1536,4.242359e-05,-124.7765,-2.419749e-05,-3.484603e-05
-0.33,0.154,4.207945e-05,-124.3914,-2.376832e-05,-3.472384e-05
-0.33,0.1544,3.974778e-05,-125.1915,-2.290717e-05,-3.248312e-05
-0.33,0.1548,3.905118e-05,-124.8193,-2.229786e-05,-3.205928e-05
-0.33,0.1552,3.780779e-05,-125.0398,-2.17072e-05,-3.095524e-05
-0.33,0.1556,3.57251e-05,-126.6151,-2.130774e-05,-2.867507e-05
-0.33,0.156,3.470781e-05,-125.9745,-2.038824e-05,-2.808828e-05
-0.33,0.1564,3.167727e-05,-126.9539,-1.904357e-05,-2.531392e-05
-0.33,0.1568,3.406801e-05,-127.2846,-2.063754e-05,-2.710575e-05
-0.33,0.1572,3.395044e-05,-126.5772,-2.023128e-05,-2.726405e-05
-0.33,0.1576,3.35992e-05,-128.8461,-2.107444e-05,-2.616813e-05
-0.33,0.158,3.396544e-05,-130.6187,-2.211225e-05,-2.578173e-05
-0.33,0.1584,3.211435e-05,-128.4534,-1.997093e-05,-2.514883e-05
-0.33,0.1588,3.122547e-05,-127.7375,-1.911139e-05,-2.469381e-05
-0.33,0.1592,2.872467e-05,-131.2189,-1.892778e-05,-2.16066e-05
-0.33,0.1596,2.589035e-05,-136.1535,-1.867209e-05,-1.793499e-05
-0.33,0.16,2.528719e-05,-133.2179,-1.731608e-05,-1.842812e-05
-0.33,0.1604,2.184184e-05,-136.1608,-1.575423e-05,-1.512839e-05
-0.33,0.1608,1.705421e-05,-142.9273,-1.360677e-05,-1.028053e-05
-0.33,0.1612,1.421402e-05,-146.8909,-1.190607e-05,-7.764128e-06
-0.33,0.1616,1.157909e-05,-147.3042,-9.744364e-06,-6.254766e-06
-0.33,0.162,1.097815e-05,-146.6345,-9.168628e-06,-6.037713e-06
-0.33,0.1624,8.6153e-06,-154.8473,-7.798103e-06,-3.662019e-06
-0.33,0.1628,7.059797e-06,-154.7779,-6.386674e-06,-3.008332e-06
-0.33,0.1632,7.116174e-06,-160.5782,-6.711121e-06,-2.366239e-06
-0.33,0.1636,5.394782e-06,-154.6594,-4.875713e-06,-2.308946e-06
-0.33,0.164,4.74186e-06,-163.93,-4.556469e-06,-1.312566e-06
-0.33,0.1644,2.691965e-06,162.1886,-2.562906e-06,8.234325e-07
-0.33,0.1648,3.324838e-06,175.6675,-3.315322e-06,2.511553e-07
-0.33,0.1652,3.366099e-06,154.9706,-3.049906e-06,1.424085e-06
-0.33,0.1656,2.941047e-06,161.8262,-2.794213e-06,9.172316e-07
-0.33,0.166,2.14798e-06,120.5682,-1.092318e-06,1.849394e-06
-0.33,0.1664,1.508234e-06,113.7345,-6.070509e-07,1.38065e-06
-0.33,0.1668,1.921646e-06,112.0185,-7.204413e-07,1.781439e-06
-0.33,0.1672,1.541348e-06,127.6752,-9.420197e-07,1.219958e-06
-0.33,0.1676,2.594232e-06,97.49327,-3.383047e-07,2.571959e-06
-0.33,0.168,2.015529e-06,84.25511,2.017244e-07,2.005286e-06
-0.33,0.1684,2.913957e-06,91.8501,-9.407289e-08,2.912392e-06
-0.33,0.1688,2.61327e-06,102.2466,-5.542896e-07,2.553708e-06
-0.33,0.1692,3.214247e-06,110.4117,-1.120967e-06,3.012327e-06
-0.33,0.1696,3.291215e-06,94.37701,-2.511609e-07,3.281604e-06
-0.33,0.17,2.238951e-06,94.66256,-1.820102e-07,2.231396e-06
-0.33,0.1704,2.025855e-06,77.62173,4.342328e-07,1.978637e-06
-0.33,0.1708,3.236409e-06,84.83473,2.91394e-07,3.223244e-06
-0.33,0.1712,4.097862e-06,74.67575,1.082986e-06,3.952078e-06
-0.33,0.1716,2.986399e-06,109.5415,-9.989161e-07,2.81433e-06
-0.33,0.172,2.683332e-06,82.32138,3.585498e-07,2.659237e-06
-0.33,0.1724,2.958269e-06,106.528,-8.415598e-07,2.83591e-06
-0.33,0.1728,3.135155e-06,106.5442,-8.929912e-07,3.00513e-06
-0.33,0.1732,1.686997e-06,73.0454,4.919227e-07,1.613555e-06
-0.33,0.1736,2.367826e-06,91.00252,-4.144012e-08,2.367435e-06
-0.33,0.174,3.015602e-06,75.28149,7.661394e-07,2.916522e-06
-0.33,0.1744,3.119984e-06,103.3734,-7.216371e-07,3.035243e-06
-0.33,0.1748,3.03616e-06,100.67,-5.621518e-07,2.983544e-06
-0.33,0.1752,1.845672e-06,87.25696,8.833408e-08,1.843526e-06
-0.33,0.1756,2.719597e-06,88.6246,6.528384e-08,2.718793e-06
-0.33,0.176,3.387155e-06,94.65469,-2.748817e-07,3.37594e-06
-0.33,0.1764,3.012735e-06,113.985,-1.224629e-06,2.752505e-06
-0.33,0.1768,2.929123e-06,106.1294,-8.137095e-07,2.813793e-06
-0.33,0.1772,3.600927e-06,92.33094,-1.464374e-07,3.59792e-06
-0.33,0.1776,3.059836e-06,84.71672,2.818051e-07,3.046832e-06
-0.33,0.178,3.278888e-06,101.5372,-6.55286e-07,3.212587e-06
-0.33,0.1784,2.175444e-06,113.3311,-8.615422e-07,1.997558e-06
-0.33,0.1788,2.595936e-06,109.0939,-8.491538e-07,2.452975e-06
-0.33,0.1792,2.083254e-06,100.9804,-3.967992e-07,2.044988e-06
-0.33,0.1796,1.512117e-06,111.7973,-5.614813e-07,1.403963e-06
-0.33,0.18,2.217354e-06,86.47887,1.361723e-07,2.21314e-06
-0.33,0.1804,2.449538e-06,103.8062,-5.845315e-07,2.378761e-06
-0.33,0.1808,3.983689e-06,117.3764,-1.831809e-06,3.537431e-06
-0.33,0.1812,2.655839e-06,76.04471,6.404891e-07,2.577424e-06
-0.33,0.1816,2.001743e-06,86.75251,1.133847e-07,1.998491e-06
-0.33,0.182,3.141671e-06,83.96179,3.304369e-07,3.124114e-06
-0.33,0.1824,2.534955e-06,100.2058,-4.490297e-07,2.494946e-06
-0.33,0.1828,1.828115e-06,89.5359,1.478567e-08,1.827942e-06
-0.33,0.1832,1.177104e-06,101.5128,-2.349056e-07,1.153338e-06
-0.33,0.1836,2.746392e-06,93.69989,-1.772157e-07,2.740647e-06
-0.33,0.184,1.927189e-06,124.6976,-1.096984e-06,1.584375e-06
-0.33,0.1844,1.778136e-06,82.82845,2.219751e-07,1.764116e-06
-0.33,0.1848,2.880821e-06,100.4244,-5.212426e-07,2.83325e-06
-0.33,0.1852,2.580687e-06,90.63326,-2.838112e-08,2.580357e-06
-0.33,0.1856,2.252865e-06,95.7698,-2.265125e-07,2.241387e-06
-0.33,0.186,2.409266e-06,76.07006,5.799997e-07,2.338388e-06
-0.33,0.1864,2.191359e-06,108.3079,-6.883274e-07,2.080433e-06
-0.33,0.1868,3.312416e-06,105.3627,-8.775349e-07,3.193935e-06
-0.33,0.1872,2.232855e-06,79.18612,4.189107e-07,2.193152e-06
-0.33,0.1876,2.898473e-06,115.962,-1.268863e-06,2.605939e-06
-0.33,0.188,2.90472e-06,93.77989,-1.914706e-07,2.898802e-06
-0.33,0.1884,2.949547e-06,110.1569,-1.016372e-06,2.76876e-06
-0.33,0.1888,2.697084e-06,85.37065,2.177115e-07,2.688283e-06
-0.33,0.1892,1.607738e-06,74.49128,4.298351e-07,1.549065e-06
-0.33,0.1896,1.97534e-06,96.31653,-2.173203e-07,1.963315e-06
-0.33,0.19,2.183362e-06,73.60086,6.163716e-07,2.094425e-06
-0.33,0.1904,1.980995e-06,81.65095,2.876669e-07,1.959985e-06
-0.33,0.1908,2.275731e-06,117.2007,-1.040222e-06,2.023939e-06
-0.33,0.1912,3.678711e-06,84.90117,3.269724e-07,3.664143e-06
-0.33,0.1916,2.273563e-06,96.19019,-2.45165e-07,2.260174e-06
-0.33,0.192,3.498941e-06,85.34967,2.836715e-07,3.487329e-06
-0.33,0.1924,2.720491e-06,91.35309,-6.422773e-08,2.719726e-06
-0.33,0.1928,2.12256e-06,81.87345,3.000553e-07,2.10122e-06
-0.33,0.1932,3.227742e-06,82.58366,4.16642e-07,3.20073e-06
-0.33,0.1936,2.116603e-06,96.08934,-2.245176e-07,2.10455e-06
-0.33,0.194,2.599831e-06,97.41196,-3.353711e-07,2.578089e-06
-0.33,0.1944,2.401728e-06,95.83318,-2.441033e-07,2.389155e-06
-0.33,0.1948,2.985103e-06,88.92141,5.62258e-08,2.984745e-06
-0.33,0.1952,2.066876e-06,83.99807,2.161134e-07,2.055516e-06
-0.33,0.1956,1.966271e-06,110.8156,-6.98721e-07,1.837933e-06
-0.33,0.196,2.968456e-06,114.5913,-1.235285e-06,2.699207e-06
-0.33,0.1964,2.036673e-06,106.4598,-5.770716e-07,1.953184e-06
-0.33,0.1968,2.434115e-06,110.7959,-8.642077e-07,2.275496e-06
-0.33,0.1972,2.170136e-06,90.96055,-3.637745e-08,2.169705e-06
-0.33,0.1976,1.312181e-06,99.6814,-2.206508e-07,1.293506e-06
-0.33,0.198,1.619758e-06,97.18727,-2.026632e-07,1.606894e-06
-0.33,0.1984,2.126622e-06,122.8517,-1.153606e-06,1.786502e-06
-0.33,0.1988,2.803327e-06,89.73872,1.305341e-08,2.803003e-06
-0.33,0.1992,1.837905e-06,126.0142,-1.080594e-06,1.486307e-06
-0.33,0.1996,2.965556e-06,109.7609,-1.002648e-06,2.790877e-06
-0.33,0.2,1.982672e-06,108.5803,-6.316993e-07,1.879239e-06
-0.32,0.0,4.389323e-06,124.1111,-2.461507e-06,3.634164e-06
-0.32,0.0004,3.069302e-06,127.8809,-1.884575e-06,2.422465e-06
-0.32,0.0008,3.655493e-06,110.5988,-1.286052e-06,3.421643e-06
-0.32,0.0012,2.539901e-06,98.78486,-3.878697e-07,2.510005e-06
-0.32,0.0016,2.548757e-06,121.3955,-1.327754e-06,2.175567e-06
-0.32,0.002,3.226535e-06,113.1554,-1.268729e-06,2.966489e-06
-0.32,0.0024,2.542035e-06,120.0795,-1.27406e-06,2.199685e-06
-0.32,0.0028,3.426337e-06,111.9975,-1.283386e-06,3.176746e-06
-0.32,0.0032,3.935839e-06,109.0353,-1.283654e-06,3.720503e-06
-0.32,0.0036,3.726381e-06,103.0776,-8.431579e-07,3.629632e-06
-0.32,0.004,2.329241e-06,113.0597,-9.123086e-07,2.143057e-06
-0.32,0.0044,3.711009e-06,94.61885,-2.988651e-07,3.698917e-06
-0.32,0.0048,3.5532e-06,125.6566,-2.071246e-06,2.887079e-06
-0.32,0.0052,3.195265e-06,90.13144,-7.331371e-09,3.195131e-06
-0.32,0.0056,4.314064e-06,119.031,-2.093497e-06,3.771934e-06
-0.32,0.006,3.362193e-06,104.6083,-8.479524e-07,3.253491e-06
-0.32,0.0064,4.370944e-06,100.6363,-8.067805e-07,4.295708e-06
-0.32,0.0068,3.275854e-06,66.62072,1.299904e-06,3.006862e-06
-0.32,0.0072,2.714669e-06,96.57268,-3.107227e-07,2.69681e-06
-0.32,0.0076,3.830675e-06,90.47021,-3.14489e-08,3.830429e-06
-0.32,0.008,3.299759e-06,96.7624,-3.885347e-07,3.276675e-06
-0.32,0.0084,3.93485e-06,103.2629,-9.027142e-07,3.829898e-06
-0.32,0.0088,3.361584e-06,106.8947,-9.769331e-07,3.216449e-06
-0.32,0.0092,3.352191e-06,103.0837,-7.588136e-07,3.265086e-06
-0.32,0.0096,3.217013e-06,89.50661,2.771057e-08,3.216851e-06
-0.32,0.01,3.557721e-06,79.29846,6.606113e-07,3.495728e-06
-0.32,0.0104,4.178792e-06,75.63732,1.036617e-06,4.048146e-06
-0.32,0.0108,3.621568e-06,85.02095,3.143157e-07,3.607783e-06
-0.32,0.0112,3.534039e-06,88.23776,1.087244e-07,3.532368e-06
-0.32,0.0116,3.531603e-06,88.12585,1.155193e-07,3.529703e-06
-0.32,0.012,3.212844e-06,96.65617,-3.724135e-07,3.191001e-06
-0.32,0.0124,4.297323e-06,103.3483,-9.921211e-07,4.181122e-06
-0.32,0.0128,4.023956e-06,104.6345,-1.016635e-06,3.893321e-06
-0.32,0.0132,3.554323e-06,87.59998,1.48829e-07,3.551155e-06
-0.32,0.0136,3.702146e-06,80.24877,6.270334e-07,3.648553e-06
-0.32,0.014,3.751846e-06,82.0591,5.188398e-07,3.714373e-06
-0.32,0.0144,3.561146e-06,91.00732,-6.262399e-08,3.560481e-06
-0.32,0.0148,4.760669e-06,83.93032,5.033835e-07,4.733942e-06
-0.32,0.0152,4.466816e-06,79.55067,8.101053e-07,4.392709e-06
-0.32,0.0156,4.532212e-06,83.67887,4.989858e-07,4.50463e-06
-0.32,0.016,3.41757e-06,92.64555,-1.577585e-07,3.413781e-06
-0.32,0.0164,5.188984e-06,79.05061,9.855832e-07,5.094492e-06
-0.32,0.0168,4.128584e-06,95.82007,-4.186481e-07,4.107305e-06
-0.32,0.0172,3.669524e-06,96.31215,-4.034601e-07,3.647223e-06
-0.32,0.0176,3.956755e-06,93.26234,-2.251826e-07,3.950212e-06
-0.32,0.018,4.759624e-06,94.73076,-3.925301e-07,4.743402e-06
-0.32,0.0184,2.903619e-06,106.8327,-8.407551e-07,2.779154e-06
-0.32,0.0188,4.66991e-06,87.78117,1.808088e-07,4.666389e-06
-0.32,0.0192,3.889515e-06,86.21879,2.564862e-07,3.880927e-06
-0.32,0.0196,4.937035e-06,91.39659,-1.203194e-07,4.935538e-06
-0.32,0.02,4.471689e-06,96.59104,-5.132518e-07,4.44214e-06
-0.32,0.0204,4.447728e-06,88.02422,1.533608e-07,4.445074e-06
-0.32,0.0208,4.64007e-06,85.47228,3.662779e-07,4.62548e-06
-0.32,0.0212,4.855854e-06,79.62695,8.743274e-07,4.776444e-06
-0.32,0.0216,3.28028e-06,76.31573,7.759965e-07,3.18714e-06
-0.32,0.022,3.51523e-06,96.3174,-3.868024e-07,3.493862e-06
-0.32,0.0224,3.694189e-06,89.42574,3.703683e-08,3.693988e-06
-0.32,0.0228,3.766659e-06,93.28332,-2.157222e-07,3.760345e-06
-0.32,0.0232,3.904161e-06,77.08495,8.725952e-07,3.805378e-06
-0.32,0.0236,3.713736e-06,98.82508,-5.697458e-07,3.669736e-06
-0.32,0.024,3.525948e-06,79.73427,6.283633e-07,3.469476e-06
-0.32,0.0244,4.457842e-06,78.97652,8.523445e-07,4.375521e-06
-0.32,0.0248,4.051582e-06,89.22116,5.50244e-08,4.051079e-06
-0.32,0.0252,3.957297e-06,94.29658,-2.964679e-07,3.946082e-06
-0.32,0.0256,3.599373e-06,89.87511,7.856637e-09,3.599256e-06
-0.32,0.026,3.380108e-06,91.04798,-6.182491e-08,3.379404e-06
-0.32,0.0264,4.076264e-06,65.77368,1.67258e-06,3.717172e-06
-0.32,0.0268,4.104221e-06,79.47068,7.500126e-07,4.035087e-06
-0.32,0.0272,2.846293e-06,115.9821,-1.24688e-06,2.558503e-06
-0.32,0.0276,3.270663e-06,98.58466,-4.882011e-07,3.233905e-06
-0.32,0.028,3.925262e-06,108.8727,-1.269662e-06,3.71411e-06
-0.32,0.0284,3.038417e-06,93.58274,-1.898724e-07,3.032444e-06
-0.32,0.0288,3.94872e-06,95.35759,-3.68284e-07,3.931559e-06
-0.32,0.0292,3.735249e-06,85.29022,3.067217e-07,3.722637e-06
-0.32,0.0296,2.585509e-06,111.428,-9.44551e-07,2.40674e-06
-0.32,0.03,2.661393e-06,88.08651,8.887052e-08,2.659901e-06
-0.32,0.0304,3.424672e-06,112.1037,-1.288583e-06,3.17288e-06
-0.32,0.0308,3.521913e-06,74.74176,9.268261e-07,3.39766e-06
-0.32,0.0312,4.272596e-06,73.32547,1.225953e-06,4.092916e-06
-0.32,0.0316,3.955386e-06,72.32326,1.201037e-06,3.768872e-06
-0.32,0.032,3.098946e-06,76.60948,7.176361e-07,3.01459e-06
-0.32,0.0324,3.673838e-06,82.50803,4.790034e-07,3.642423e-06
-0.32,0.0328,3.999643e-06,87.36874,1.836027e-07,3.995385e-06
-0.32,0.0332,4.486821e-06,76.31791,1.061266e-06,4.359399e-06
-0.32,0.0336,4.461251e-06,85.76221,3.296378e-07,4.448935e-06
-0.32,0.034,4.685187e-06,76.99949,1.05394e-06,4.564991e-06
-0.32,0.0344,2.36929e-06,86.73765,1.348368e-07,2.365434e-06
-0.32,0.0348,3.394631e-06,83.77439,3.681443e-07,3.37461e-06
-0.32,0.0352,3.356432e-06,91.58084,-9.260326e-08,3.355024e-06
-0.32,0.0356,4.394698e-06,96.7401,-5.157832e-07,4.364194e-06
-0.32,0.036,3.602474e-06,74.93004,9.364206e-07,3.477869e-06
-0.32,0.0364,3.923876e-06,100.5581,-7.189773e-07,3.857346e-06
-0.32,0.0368,3.779282e-06,92.92444,-1.928061e-07,3.774331e-06
-0.32,0.0372,3.759792e-06,66.81611,1.480177e-06,3.456154e-06
-0.32,0.0376,2.935118e-06,79.55854,5.318988e-07,2.886414e-06
-0.32,0.038,2.865057e-06,69.98996,9.807888e-07,2.692412e-06
-0.32,0.0384,2.733327e-06,78.88407,5.269702e-07,2.682019e-06
-0.32,0.0388,3.657985e-06,85.40606,2.929978e-07,3.646155e-06
-0.32,0.0392,3.006482e-06,94.85053,-2.542287e-07,2.995669e-06
-0.32,0.0396,4.627481e-06,93.25535,-2.627559e-07,4.620021e-06
-0.32,0.04,3.476137e-06,84.32505,3.437586e-07,3.459082e-06
-0.32,0.0404,3.969982e-06,81.38255,5.947854e-07,3.925032e-06
-0.32,0.0408,4.386367e-06,70.80793,1.441938e-06,4.142481e-06
-0.32,0.0412,3.527747e-06,86.83644,1.946613e-07,3.522243e-06
-0.32,0.0416,4.521539e-06,80.64687,7.348246e-07,4.461329e-06
-0.32,0.042,3.871729e-06,102.8433,-8.606091e-07,3.774868e-06
-0.32,0.0424,2.693451e-06,108.5173,-8.554123e-07,2.553971e-06
-0.32,0.0428,3.553865e-06,75.72037,8.765961e-07,3.444029e-06
-0.32,0.0432,3.626357e-06,76.81437,8.271597e-07,3.530636e-06
-0.32,0.0436,3.172053e-06,93.52855,-1.952033e-07,3.16595e-06
-0.32,0.044,2.387512e-06,60.28721,1.183317e-06,2.073504e-06
-0.32,0.0444,3.729835e-06,85.35142,3.02324e-07,3.717575e-06
-0.32,0.0448,4.002023e-06,96.63213,-4.622172e-07,3.975128e-06
-0.32,0.0452,3.091609e-06,92.89996,-1.564286e-07,3.087608e-06
-0.32,0.0456,3.208201e-06,87.04058,1.656152e-07,3.203792e-06
-0.32,0.046,3.182709e-06,84.48198,3.060512e-07,3.167951e-06
-0.32,0.0464,3.982717e-06,96.53159,-4.530251e-07,3.956744e-06
-0.32,0.0468,3.50425e-06,93.31305,-2.025291e-07,3.498259e-06
-0.32,0.0472,4.772353e-06,93.6352,-3.025922e-07,4.76272e-06
-0.32,0.0476,3.761289e-06,89.82921,1.118704e-08,3.761144e-06
-0.32,0.048,5.19598e-06,76.89305,1.178255e-06,5.060518e-06
-0.32,0.0484,3.840079e-06,98.74771,-5.840007e-07,3.795387e-06
-0.32,0.0488,4.280626e-06,84.98226,3.744084e-07,4.264131e-06
-0.32,0.0492,2.968406e-06,87.21674,1.441631e-07,2.964891e-06
-0.32,0.0496,2.996977e-06,99.25957,-4.822053e-07,2.957828e-06
-0.32,0.05,4.145856e-06,84.05228,4.295669e-07,4.123426e-06
-0.32,0.0504,2.951323e-06,72.24632,8.99909e-07,2.810731e-06
-0.32,0.0508,3.788609e-06,71.04899,1.230351e-06,3.583135e-06
-0.32,0.0512,2.049559e-06,103.4744,-4.775393e-07,1.993026e-06
-0.32,0.0516,3.457641e-06,110.5315,-1.212637e-06,3.237901e-06
-0.32,0.052,3.699129e-06,97.19252,-4.631504e-07,3.669474e-06
-0.32,0.0524,2.808524e-06,95.95908,-2.872701e-07,2.752102e-06
-0.32,0.0528,3.204267e-06,83.87699,3.417637e-07,3.185939e-06
-0.32,0.0532,2.541063e-06,87.98116,8.953548e-08,2.539448e-06
-0.32,0.0536,3.810653e-06,83.54358,4.285052e-07,3.786457e-06
-0.32,0.054,3.763016e-06,71.04899,1.222092e-06,3.559017e-06
-0.32,0.0544,3.405438e-06,84.42952,3.30571e-07,3.389267e-06
-0.32,0.0548,3.541991e-06,89.67665,1.998245e-08,3.541829e-06
-0.32,0.0552,3.582051e-06,86.92561,1.921299e-07,3.576871e-06
-0.32,0.0556,3.952514e-06,80.81735,6.307605e-07,3.901848e-06
-0.32,0.056,2.776013e-06,90.86875,-4.210509e-08,2.775555e-06
-0.32,0.0564,2.038517e-06,99.13936,-3.237817e-07,2.012612e-06
-0.32,0.0568,2.722967e-06,98.52958,-4.038568e-07,2.692809e-06
-0.32,0.0572,2.269461e-06,88.78197,4.822947e-08,2.268835e-06
-0.32,0.0576,3.206877e-06,107.2474,-9.508151e-07,3.062557e-06
-0.32,0.058,2.689763e-06,94.24718,-1.991987e-07,2.682287e-06
-0.32,0.0584,3.148661e-06,104.4387,-7.850602e-07,3.049101e-06
-0.32,0.0588,3.623049e-06,114.3889,-1.496041e-06,3.299726e-06
-0.32,0.0592,3.07917e-06,98.90681,-4.767403e-07,3.041904e-06
-0.32,0.0596,3.490565e-06,106.2395,-9.76134e-07,3.351157e-06
-0.32,0.06,2.78344e-06,107.2776,-8.266344e-07,2.657767e-06
-0.32,0.0604,2.253625e-06,113.551,-9.00451e-07,2.06591e-06
-0.32,0.0608,2.145482e-06,112.4586,-8.195713e-07,1.982633e-06
-0.32,0.0612,3.422906e-06,93.22256,-1.924037e-07,3.41738e-06
-0.32,0.0616,3.204658e-06,114.433,-1.325491e-06,2.917589e-06
-0.32,0.062,2.891957e-06,118.8058,-1.393446e-06,2.534123e-06
-0.32,0.0624,3.128277e-06,98.8797,-4.828702e-07,3.09067e-06
-0.32,0.0628,2.508586e-06,108.4745,-7.949229e-07,2.379158e-06
-0.32,0.0632,3.459423e-06,92.4459,-1.476332e-07,3.456154e-06
-0.32,0.0636,3.169443e-06,99.75909,-5.372352e-07,3.123449e-06
-0.32,0.064,2.985047e-06,106.1412,-8.298307e-07,2.867359e-06
-0.32,0.0644,3.330208e-06,92.64817,-1.538973e-07,3.326509e-06
-0.32,0.0648,2.933459e-06,102.2069,-6.20244e-07,2.867091e-06
-0.32,0.0652,3.003666e-06,94.24368,-2.222489e-07,2.995401e-06
-0.32,0.0656,2.815598e-06,100.225,-4.997905e-07,2.770755e-06
-0.32,0.066,3.184469e-06,104.7158,-8.089151e-07,3.07988e-06
-0.32,0.0664,3.415826e-06,88.4397,9.3e-08,3.414446e-06
-0.32,0.0668,2.831937e-06,81.70296,4.086513e-07,2.802204e-06
-0.32,0.0672,3.852322e-06,87.61528,1.602843e-07,3.848947e-06
-0.32,0.0676,3.789721e-06,91.09169,-7.221847e-08,3.788989e-06
-0.32,0.068,3.228116e-06,103.9684,-7.791984e-07,3.132641e-06
-0.32,0.0684,2.617824e-06,69.34345,9.234957e-07,2.44951e-06
-0.32,0.0688,3.393173e-06,100.9699,-6.456915e-07,3.33104e-06
-0.32,0.0692,2.207094e-06,73.91647,6.11443e-07,2.120671e-06
-0.32,0.0696,3.131719e-06,77.60512,6.722006e-07,3.05869e-06
-0.32,0.07,2.942483e-06,99.85263,-5.035232e-07,2.898937e-06
-0.32,0.0704,2.979839e-06,71.82101,9.296257e-07,2.830982e-06
-0.32,0.0708,2.156663e-06,100.0305,-3.756098e-07,2.123337e-06
-0.32,0.0712,2.404572e-06,105.9305,-6.599463e-07,2.312142e-06
-0.32,0.0716,2.48292e-06,99.95754,-4.293099e-07,2.445515e-06
-0.32,0.072,2.720313e-06,116.539,-1.215431e-06,2.432992e-06
-0.32,0.0724,2.450712e-06,86.31496,1.574903e-07,2.445515e-06
-0.32,0.0728,3.684729e-06,113.8232,-1.488313e-06,3.370743e-06
-0.32,0.0732,3.03293e-06,105.0201,-7.859934e-07,2.929313e-06
-0.32,0.0736,3.943489e-06,109.6329,-1.324955e-06,3.71411e-06
-0.32,0.074,2.27715e-06,105.6805,-6.15444e-07,2.192353e-06
-0.32,0.0744,3.682259e-06,87.94532,1.320373e-07,3.679867e-06
-0.32,0.0748,3.45778e-06,89.42574,3.463961e-08,3.457484e-06
-0.32,0.0752,2.213375e-06,96.31784,-2.435669e-07,2.199819e-06
-0.32,0.0756,2.887956e-06,83.44304,3.29772e-07,2.868957e-06
-0.32,0.076,2.986343e-06,79.43833,5.47355e-07,2.935711e-06
-0.32,0.0764,2.602955e-06,123.5446,-1.438345e-06,2.169437e-06
-0.32,0.0768,4.100097e-06,87.83909,1.545567e-07,4.097046e-06
-0.32,0.0772,3.484798e-06,84.50383,3.337673e-07,3.468677e-06
-0.32,0.0776,3.036769e-06,94.11167,-2.177171e-07,3.028845e-06
-0.32,0.078,3.41149e-06,91.32905,-7.914751e-08,3.410451e-06
-0.32,0.0784,2.989741e-06,91.48598,-7.754936e-08,2.988606e-06
-0.32,0.0788,2.1246e-06,108.9269,-6.891265e-07,2.009684e-06
-0.32,0.0792,3.064736e-06,86.4037,1.92264e-07,3.05869e-06
-0.32,0.0796,3.016367e-06,92.17489,-1.144576e-07,3.014188e-06
-0.32,0.08,3.061288e-06,86.97151,1.617539e-07,3.056963e-06
-0.32,0.0804,3.251239e-06,96.20855,-3.516264e-07,3.232039e-06
-0.32,0.0808,2.587119e-06,101.6596,-5.228407e-07,2.533586e-06
-0.32,0.0812,3.946049e-06,95.77723,-3.97196e-07,3.925966e-06
-0.32,0.0816,2.988902e-06,92.50667,-1.307129e-07,2.985941e-06
-0.32,0.082,3.576993e-06,77.99723,7.438883e-07,3.49879e-06
-0.32,0.0824,3.499215e-06,89.88035,7.325783e-09,3.499187e-06
-0.32,0.0828,3.007616e-06,86.90726,1.622848e-07,3.001799e-06
-0.32,0.0832,4.153523e-06,88.11536,1.365691e-07,4.151143e-06
-0.32,0.0836,3.886805e-06,103.8564,-9.308271e-07,3.773666e-06
-0.32,0.084,2.883782e-06,106.0677,-7.981192e-07,2.771023e-06
-0.32,0.0844,4.240499e-06,103.5474,-9.933169e-07,4.122493e-06
-0.32,0.0848,3.340942e-06,97.1134,-4.137195e-07,3.315182e-06
-0.32,0.0852,2.391993e-06,75.10664,6.147734e-07,2.311605e-06
-0.32,0.0856,3.420839e-06,68.94655,1.228887e-06,3.192465e-06
-0.32,0.086,3.299916e-06,100.8195,-6.194449e-07,3.241231e-06
-0.32,0.0864,2.720329e-06,84.28571,2.708751e-07,2.706801e-06
-0.32,0.0868,2.933492e-06,82.06041,4.051867e-07,2.905329e-06
-0.32,0.0872,4.276022e-06,101.6257,-8.616764e-07,4.188185e-06
-0.32,0.0876,3.415966e-06,80.68053,5.532167e-07,3.370877e-06
-0.32,0.088,2.902843e-06,100.7915,-5.434937e-07,2.851501e-06
-0.32,0.0884,3.848701e-06,89.84538,1.038797e-08,3.848684e-06
-0.32,0.0888,3.260476e-06,97.12695,-4.049241e-07,3.235369e-06
-0.32,0.0892,3.481149e-06,100.9262,-6.598178e-07,3.417911e-06
-0.32,0.0896,3.0738e-06,103.5631,-7.20838e-07,2.987941e-06
-0.32,0.09,2.962796e-06,92.02582,-1.04729e-07,2.960896e-06
-0.32,0.0904,3.793783e-06,100.2346,-6.740726e-07,3.733294e-06
-0.32,0.0908,2.966165e-06,121.7868,-1.562392e-06,2.521198e-06
-0.32,0.0912,2.559307e-06,100.5843,-4.700794e-07,2.515733e-06
-0.32,0.0916,3.887347e-06,97.43644,-5.031209e-07,3.854546e-06
-0.32,0.092,3.722872e-06,98.87358,-5.742721e-07,3.678269e-06
-0.32,0.0924,2.287779e-06,82.88047,2.835374e-07,2.270037e-06
-0.32,0.0928,3.008879e-06,112.2733,-1.140419e-06,2.784216e-06
-0.32,0.0932,2.476422e-06,104.2005,-6.074532e-07,2.400744e-06
-0.32,0.0936,4.038071e-06,108.655,-1.291645e-06,3.825763e-06
-0.32,0.094,2.880228e-06,87.31379,1.349709e-07,2.876954e-06
-0.32,0.0944,3.016736e-06,115.5555,-1.301374e-06,2.721592e-06
-0.32,0.0948,4.023307e-06,100.4816,-7.318966e-07,3.956073e-06
-0.32,0.0952,3.575278e-06,108.9728,-1.162402e-06,3.380874e-06
-0.32,0.0956,3.702851e-06,126.23,-2.188498e-06,2.986874e-06
-0.32,0.096,2.64378e-06,109.0707,-8.63811e-07,2.498544e-06
-0.32,0.0964,3.927553e-06,101.4254,-7.780026e-07,3.849618e-06
-0.32,0.0968,3.935253e-06,120.9628,-2.024609e-06,3.374475e-06
-0.32,0.0972,4.056304e-06,108.5759,-1.292182e-06,3.844952e-06
-0.32,0.0976,2.988517e-06,132.3897,-2.014752e-06,2.207279e-06
-0.32,0.098,2.980615e-06,95.57178,-2.894047e-07,2.966489e-06
-0.32,0.0984,2.749918e-06,85.8822,1.974608e-07,2.742776e-06
-0.32,0.0988,3.085054e-06,90.06412,-3.464519e-09,3.084942e-06
-0.32,0.0992,3.859408e-06,109.6246,-1.296177e-06,3.635097e-06
-0.32,0.0996,2.78981e-06,87.97198,9.872764e-08,2.787943e-06
-0.32,0.1,3.926429e-06,96.98009,-4.771426e-07,3.897316e-06
-0.32,0.1004,2.507088e-06,97.08542,-3.092586e-07,2.487888e-06
-0.32,0.1008,2.183094e-06,100.7714,-4.079863e-07,2.144521e-06
-0.32,0.1012,2.79442e-06,89.38246,3.010779e-08,2.794208e-06
-0.32,0.1016,3.007493e-06,87.67954,1.217778e-07,3.004996e-06
-0.32,0.102,4.027146e-06,89.77457,1.585297e-08,4.027096e-06
-0.32,0.1024,2.858614e-06,85.31601,2.33436e-07,2.848969e-06
-0.32,0.1028,3.106981e-06,84.62142,2.912655e-07,3.093201e-06
-0.32,0.1032,2.197796e-06,102.0018,-4.570204e-07,2.149717e-06
-0.32,0.1036,3.163715e-06,106.4284,-8.947234e-07,3.034578e-06
-0.32,0.104,2.613455e-06,108.3267,-8.217059e-07,2.480825e-06
-0.32,0.1044,2.848371e-06,88.66569,6.635114e-08,2.847505e-06
-0.32,0.1048,3.55372e-06,79.52663,6.459541e-07,3.494393e-06
-0.32,0.1052,3.537682e-06,99.47158,-5.821343e-07,3.48933e-06
-0.32,0.1056,3.738591e-06,96.90447,-4.494264e-07,3.711445e-06
-0.32,0.106,3.302156e-06,99.76433,-5.600173e-07,3.25429e-06
-0.32,0.1064,3.136921e-06,92.37596,-1.30048e-07,3.134105e-06
-0.32,0.1068,3.061624e-06,76.13344,7.337573e-07,2.972351e-06
-0.32,0.1072,2.360925e-06,96.29817,-2.590231e-07,2.346513e-06
-0.32,0.1076,3.064138e-06,84.93658,2.704784e-07,3.052163e-06
-0.32,0.108,2.714188e-06,87.92302,9.83309e-08,2.711998e-06
-0.32,0.1084,3.240851e-06,106.4214,-9.161699e-07,3.108657e-06
-0.32,0.1088,3.37856e-06,87.78751,1.304391e-07,3.37594e-06
-0.32,0.1092,3.956314e-06,98.03606,-5.530882e-07,3.917433e-06
-0.32,0.1096,4.140017e-06,95.83712,-4.210453e-07,4.118498e-06
-0.32,0.11,4.397336e-06,98.75645,-6.694067e-07,4.346072e-06
-0.32,0.1104,4.285203e-06,108.9691,-1.39291e-06,4.052409e-06
-0.32,0.1108,4.456428e-06,107.1906,-1.317098e-06,4.257336e-06
-0.32,0.1112,2.608917e-06,76.92802,5.899909e-07,2.54118e-06
-0.32,0.1116,3.387244e-06,99.08516,-5.348324e-07,3.34463e-06
-0.32,0.112,3.771102e-06,98.2555,-5.414988e-07,3.731964e-06
-0.32,0.1124,3.371564e-06,78.10607,6.948541e-07,3.299061e-06
-0.32,0.1128,2.300441e-06,86.89589,1.245774e-07,2.296948e-06
-0.32,0.1132,4.166845e-06,85.77467,3.069844e-07,4.155406e-06
-0.32,0.1136,3.280676e-06,68.11263,1.22302e-06,3.043368e-06
-0.32,0.114,4.534866e-06,84.07195,4.683416e-07,4.510492e-06
-0.32,0.1144,2.88086e-06,102.7506,-6.358344e-07,2.809664e-06
-0.32,0.1148,2.608906e-06,104.3574,-6.468929e-07,2.527328e-06
-0.32,0.1152,4.133177e-06,94.53405,-3.267098e-07,4.12023e-06
-0.32,0.1156,2.467777e-06,87.49332,1.079253e-07,2.465369e-06
-0.32,0.116,3.679314e-06,110.0078,-1.258872e-06,3.457216e-06
-0.32,0.1164,3.579737e-06,112.8114,-1.387847e-06,3.299592e-06
-0.32,0.1168,2.167504e-06,119.7993,-1.07713e-06,1.880837e-06
-0.32,0.1172,3.035657e-06,110.2911,-1.052744e-06,2.847237e-06
-0.32,0.1176,1.626078e-06,119.1169,-7.911901e-07,1.420486e-06
-0.32,0.118,1.98166e-06,118.123,-9.340289e-07,1.747593e-06
-0.32,0.1184,2.724051e-06,134.2115,-1.899495e-06,1.952519e-06
-0.32,0.1188,2.465413e-06,121.7811,-1.29844e-06,2.095755e-06
-0.32,0.1192,3.174696e-06,123.5367,-1.753997e-06,2.646312e-06
-0.32,0.1196,2.38369e-06,122.9566,-1.296579e-06,1.999821e-06
-0.32,0.12,3.066362e-06,143.4582,-2.463508e-06,1.825539e-06
-0.32,0.1204,3.605224e-06,117.9932,-1.692172e-06,3.183407e-06
-0.32,0.1208,2.669284e-06,129.4795,-1.6971e-06,2.06031e-06
-0.32,0.1212,3.718871e-06,162.7118,-3.550758e-06,1.105103e-06
-0.32,0.1216,3.60462e-06,130.6937,-2.350252e-06,2.733048e-06
-0.32,0.122,1.40128e-06,132.0295,-9.381584e-07,1.040881e-06
-0.32,0.1224,2.421185e-06,127.2507,-1.465525e-06,1.927206e-06
-0.32,0.1228,2.05332e-06,160.9991,-1.941332e-06,6.684679e-07
-0.32,0.1232,1.696458e-06,146.3749,-1.412495e-06,9.393487e-07
-0.32,0.1236,3.584068e-06,152.1199,-3.167957e-06,1.675911e-06
-0.32,0.124,3.718614e-06,-170.0525,-3.662684e-06,-6.423611e-07
-0.32,0.1244,4.24203e-06,167.4058,-4.139956e-06,9.249597e-07
-0.32,0.1248,2.887632e-06,169.4011,-2.838319e-06,5.310997e-07
-0.32,0.1252,3.995155e-06,179.7841,-3.995122e-06,1.505389e-08
-0.32,0.1256,3.346676e-06,-172.8852,-3.320787e-06,-4.145186e-07
-0.32,0.126,2.451684e-06,-169.3919,-2.409679e-06,-4.512928e-07
-0.32,0.1264,4.198975e-06,-178.6294,-4.197651e-06,-1.004654e-07
-0.32,0.1268,5.656393e-06,-175.0878,-5.635594e-06,-4.843343e-07
-0.32,0.1272,6.014842e-06,-169.5222,-5.914466e-06,-1.093782e-06
-0.32,0.1276,7.220746e-06,-168.7859,-7.082864e-06,-1.404237e-06
-0.32,0.128,6.660411e-06,-171.5285,-6.587605e-06,-9.811967e-07
-0.32,0.1284,5.269976e-06,-160.7648,-4.975648e-06,-1.736143e-06
-0.32,0.1288,5.870573e-06,175.998,-5.85624e-06,4.09713e-07
-0.32,0.1292,5.603626e-06,-176.7844,-5.594685e-06,-3.143213e-07
-0.32,0.1296,5.76258e-06,-170.8009,-5.688356e-06,-9.212382e-07
-0.32,0.13,5.343563e-06,-171.1771,-5.280235e-06,-8.195713e-07
-0.32,0.1304,5.216835e-06,-174.5803,-5.193499e-06,-4.924647e-07
-0.32,0.1308,5.708886e-06,-164.3916,-5.498355e-06,-1.536011e-06
-0.32,0.1312,6.127635e-06,-173.2166,-6.084619e-06,-7.237717e-07
-0.32,0.1316,6.779707e-06,-156.5494,-6.219724e-06,-2.698011e-06
-0.32,0.132,6.338093e-06,-160.388,-5.970295e-06,-2.127338e-06
-0.32,0.1324,6.467945e-06,-168.0273,-6.327118e-06,-1.341747e-06
-0.32,0.1328,6.285678e-06,-166.1671,-6.103271e-06,-1.502836e-06
-0.32,0.1332,5.786536e-06,-166.2081,-5.619602e-06,-1.379454e-06
-0.32,0.1336,6.748024e-06,-160.2831,-6.352297e-06,-2.276569e-06
-0.32,0.134,7.305672e-06,-157.8236,-6.765218e-06,-2.757573e-06
-0.32,0.1344,7.497439e-06,-153.2142,-6.692865e-06,-3.378745e-06
-0.32,0.1348,7.915545e-06,-156.6443,-7.266869e-06,-3.137977e-06
-0.32,0.1352,9.87876e-06,-144.825,-8.074846e-06,-5.690887e-06
-0.32,0.1356,1.033964e-05,-147.0942,-8.680701e-06,-5.61707e-06
-0.32,0.136,1.140893e-05,-141.3946,-8.915601e-06,-7.118571e-06
-0.32,0.1364,1.318204e-05,-139.6672,-1.004868e-05,-8.531732e-06
-0.32,0.1368,1.429747e-05,-133.8671,-9.907985e-06,-1.030771e-05
-0.32,0.1372,1.694756e-05,-135.7403,-1.213765e-05,-1.182853e-05
-0.32,0.1376,1.686366e-05,-135.1139,-1.194805e-05,-1.190061e-05
-0.32,0.138,1.738876e-05,-139.6131,-1.324475e-05,-1.126692e-05
-0.32,0.1384,1.804385e-05,-134.2493,-1.259067e-05,-1.292497e-05
-0.32,0.1388,2.021821e-05,-132.2294,-1.358865e-05,-1.497077e-05
-0.32,0.1392,2.112178e-05,-131.279,-1.393455e-05,-1.587308e-05
-0.32,0.1396,2.17617e-05,-131.8656,-1.452348e-05,-1.620618e-05
-0.32,0.14,2.255404e-05,-128.6017,-1.407152e-05,-1.762601e-05
-0.32,0.1404,2.428897e-05,-127.5882,-1.481581e-05,-1.924689e-05
-0.32,0.1408,2.632714e-05,-127.4967,-1.602577e-05,-2.088763e-05
-0.32,0.1412,2.625751e-05,-128.3123,-1.627827e-05,-2.060276e-05
-0.32,0.1416,2.915859e-05,-125.5463,-1.695167e-05,-2.372475e-05
-0.32,0.142,3.398837e-05,-123.0889,-1.855563e-05,-2.847628e-05
-0.32,0.1424,3.766378e-05,-123.5852,-2.083474e-05,-3.137628e-05
-0.32,0.1428,4.013118e-05,-122.2352,-2.140514e-05,-3.394532e-05
-0.32,0.1432,4.369949e-05,-121.0541,-2.254236e-05,-3.743651e-05
-0.32,0.1436,5.150443e-05,-119.4422,-2.531685e-05,-4.485274e-05
-0.32,0.144,5.284621e-05,-119.8364,-2.629232e-05,-4.58414e-05
-0.32,0.1444,5.630701e-05,-118.2417,-2.664407e-05,-4.960414e-05
-0.32,0.1448,5.960278e-05,-117.738,-2.774091e-05,-5.275358e-05
-0.32,0.1452,6.741404e-05,-117.6037,-3.123664e-05,-5.974051e-05
-0.32,0.1456,7.332801e-05,-116.8992,-3.317531e-05,-6.539422e-05
-0.32,0.146,7.562597e-05,-116.1175,-3.329163e-05,-6.790409e-05
-0.32,0.1464,7.946176e-05,-115.591,-3.432319e-05,-7.166657e-05
-0.32,0.1468,8.558641e-05,-114.6258,-3.566307e-05,-7.780222e-05
-0.32,0.1472,9.062368e-05,-114.0347,-3.691021e-05,-8.276653e-05
-0.32,0.1476,9.07181e-05,-113.6863,-3.644426e-05,-8.307592e-05
-0.32,0.148,9.147914e-05,-114.03,-3.725184e-05,-8.355093e-05
-0.32,0.1484,9.828737e-05,-113.1545,-3.864795e-05,-9.03701e-05
-0.32,0.1488,0.0001021317,-113.3341,-4.045364e-05,-9.377856e-05
-0.32,0.1492,0.0001026568,-113.0522,-4.019742e-05,-9.445956e-05
-0.32,0.1496,0.0001037326,-112.8427,-4.026937e-05,-9.559744e-05
-0.32,0.15,0.0001091094,-111.978,-4.083431e-05,-0.0001011802
-0.32,0.1504,0.0001140623,-112.0772,-4.287118e-05,-0.0001056991
-0.32,0.1508,0.0001151493,-112.2447,-4.359148e-05,-0.0001065794
-0.32,0.1512,0.00011592,-111.7157,-4.289076e-05,-0.0001076933
-0.32,0.1516,0.0001194397,-111.8673,-4.44866e-05,-0.000110846
-0.32,0.152,0.0001183824,-111.9762,-4.430139e-05,-0.0001097807
-0.32,0.1524,0.000119064,-111.793,-4.420332e-05,-0.0001105547
-0.32,0.1528,0.0001205551,-112.1488,-4.545113e-05,-0.0001116591
-0.32,0.1532,0.0001194174,-112.0741,-4.487779e-05,-0.000110664
-0.32,0.1536,0.0001138855,-113.3524,-4.514268e-05,-0.0001045566
-0.32,0.154,0.000111572,-112.8885,-4.339495e-05,-0.0001027873
-0.32,0.1544,0.0001093988,-113.044,-4.282294e-05,-0.0001006694
-0.32,0.1548,0.0001012905,-113.7149,-4.073784e-05,-9.273741e-05
-0.32,0.1552,8.866326e-05,-115.0332,-3.751739e-05,-8.033447e-05
-0.32,0.1556,8.334791e-05,-115.7284,-3.618191e-05,-7.508502e-05
-0.32,0.156,7.932202e-05,-116.7906,-3.5753e-05,-7.080756e-05
-0.32,0.1564,6.929509e-05,-116.3312,-3.073659e-05,-6.210541e-05
-0.32,0.1568,5.726158e-05,-119.4221,-2.812918e-05,-4.987622e-05
-0.32,0.1572,5.041055e-05,-121.049,-2.600038e-05,-4.318802e-05
-0.32,0.1576,4.888709e-05,-121.7443,-2.572097e-05,-4.15738e-05
-0.32,0.158,4.327507e-05,-120.5674,-2.200766e-05,-3.726117e-05
-0.32,0.1584,3.992969e-05,-123.2496,-2.189294e-05,-3.339276e-05
-0.32,0.1588,3.870329e-05,-125.7332,-2.260312e-05,-3.141719e-05
-0.32,0.1592,3.769693e-05,-124.2567,-2.121967e-05,-3.115737e-05
-0.32,0.1596,3.873037e-05,-125.3452,-2.240552e-05,-3.15916e-05
-0.32,0.16,3.977785e-05,-123.7856,-2.211998e-05,-3.306032e-05
-0.32,0.1604,4.290251e-05,-123.2859,-2.354567e-05,-3.586386e-05
-0.32,0.1608,4.410703e-05,-123.4442,-2.430848e-05,-3.680388e-05
-0.32,0.1612,4.477426e-05,-124.4891,-2.535349e-05,-3.690448e-05
-0.32,0.1616,4.491442e-05,-124.3878,-2.536735e-05,-3.70649e-05
-0.32,0.162,4.538451e-05,-123.9174,-2.532445e-05,-3.766196e-05
-0.32,0.1624,4.240832e-05,-124.6408,-2.410621e-05,-3.489067e-05
-0.32,0.1628,4.169761e-05,-123.4619,-2.299138e-05,-3.478633e-05
-0.32,0.1632,4.136061e-05,-126.2475,-2.445558e-05,-3.335612e-05
-0.32,0.1636,3.78608e-05,-125.9125,-2.220726e-05,-3.066398e-05
-0.32,0.164,3.811555e-05,-125.6825,-2.223257e-05,-3.095977e-05
-0.32,0.1644,3.628676e-05,-127.8591,-2.227001e-05,-2.864922e-05
-0.32,0.1648,3.376257e-05,-127.5316,-2.056812e-05,-2.677425e-05
-0.32,0.1652,3.200426e-05,-128.0205,-1.971284e-05,-2.521265e-05
-0.32,0.1656,3.122533e-05,-128.7167,-1.953056e-05,-2.436351e-05
-0.32,0.166,3.065703e-05,-128.7613,-1.919373e-05,-2.390515e-05
-0.32,0.1664,3.060503e-05,-131.7152,-2.036545e-05,-2.284548e-05
-0.32,0.1668,3.088963e-05,-129.1759,-1.951311e-05,-2.394592e-05
-0.32,0.1672,3.188866e-05,-130.2546,-2.060596e-05,-2.433672e-05
-0.32,0.1676,3.166651e-05,-130.2632,-2.046605e-05,-2.416418e-05
-0.32,0.168,3.122686e-05,-132.9464,-2.127523e-05,-2.285774e-05
-0.32,0.1684,2.738753e-05,-133.6104,-1.88906e-05,-1.982982e-05
-0.32,0.1688,2.664812e-05,-131.4496,-1.764e-05,-1.997372e-05
-0.32,0.1692,2.601272e-05,-132.3618,-1.752767e-05,-1.922091e-05
-0.32,0.1696,2.021438e-05,-134.8018,-1.42442e-05,-1.434306e-05
-0.32,0.17,1.58574e-05,-139.297,-1.202146e-05,-1.034075e-05
-0.32,0.1704,1.29442e-05,-148.6026,-1.10488e-05,-6.743498e-06
-0.32,0.1708,1.278227e-05,-148.0785,-1.08492e-05,-6.758686e-06
-0.32,0.1712,9.940618e-06,-145.3742,-8.179709e-06,-5.648251e-06
-0.32,0.1716,8.022649e-06,-152.3026,-7.103383e-06,-3.728901e-06
-0.32,0.172,6.347212e-06,-159.1613,-5.931923e-06,-2.257917e-06
-0.32,0.1724,6.637886e-06,-154.9451,-6.013199e-06,-2.811005e-06
-0.32,0.1728,5.180334e-06,-154.2346,-4.665194e-06,-2.251787e-06
-0.32,0.1732,4.393866e-06,-172.9067,-4.360204e-06,-5.425605e-07
-0.32,0.1736,4.318937e-06,162.3827,-4.11624e-06,1.307096e-06
-0.32,0.174,3.918668e-06,-178.2888,-3.916908e-06,-1.16989e-07
-0.32,0.1744,3.728097e-06,162.4172,-3.553826e-06,1.126153e-06
-0.32,0.1748,2.834698e-06,162.617,-2.705208e-06,8.468795e-07
-0.32,0.1752,3.515582e-06,138.2414,-2.622468e-06,2.341322e-06
-0.32,0.1756,2.941098e-06,125.4888,-1.70736e-06,2.394614e-06
-0.32,0.176,1.988343e-06,132.4421,-1.341747e-06,1.467252e-06
-0.32,0.1764,1.944478e-06,102.9045,-4.342384e-07,1.895226e-06
-0.32,0.1768,2.485809e-06,88.87289,4.889443e-08,2.485223e-06
-0.32,0.1772,2.885906e-06,98.325,-4.17849e-07,2.855367e-06
-0.32,0.1776,2.862978e-06,106.4961,-8.129104e-07,2.745039e-06
-0.32,0.178,2.84907e-06,94.78059,-2.374369e-07,2.839112e-06
-0.32,0.1784,2.62078e-06,95.78335,-2.640858e-07,2.607403e-06
-0.32,0.1788,3.046341e-06,87.95756,1.085903e-07,3.044301e-06
-0.32,0.1792,3.562906e-06,107.6194,-1.07846e-06,3.395659e-06
-0.32,0.1796,3.931693e-06,100.9681,-7.480233e-07,3.859743e-06
-0.32,0.18,2.699296e-06,88.22727,8.353963e-08,2.698006e-06
-0.32,0.1804,2.127662e-06,86.77262,1.200456e-07,2.124667e-06
-0.32,0.1808,3.413949e-06,87.96936,1.209788e-07,3.411781e-06
-0.32,0.1812,2.057489e-06,102.5793,-4.480965e-07,2.00808e-06
-0.32,0.1816,3.132127e-06,102.4757,-6.766039e-07,3.058025e-06
-0.32,0.182,3.181697e-06,87.10746,1.605525e-07,3.177545e-06
-0.32,0.1824,3.297893e-06,79.96245,5.748029e-07,3.247361e-06
-0.32,0.1828,2.844281e-06,91.41429,-7.022358e-08,2.843376e-06
-0.32,0.1832,2.308711e-06,77.19555,5.116425e-07,2.25125e-06
-0.32,0.1836,2.106718e-06,79.94016,3.680102e-07,2.074303e-06
-0.32,0.184,2.095615e-06,100.2294,-3.721453e-07,2.062177e-06
-0.32,0.1844,2.18667e-06,111.7938,-8.118432e-07,2.030331e-06
-0.32,0.1848,3.315735e-06,108.071,-1.028493e-06,3.152098e-06
-0.32,0.1852,3.484066e-06,110.2775,-1.207441e-06,3.268014e-06
-0.32,0.1856,1.648161e-06,106.0944,-4.568863e-07,1.583442e-06
-0.32,0.186,2.830976e-06,104.7185,-7.192399e-07,2.737982e-06
-0.32,0.1864,3.460183e-06,99.79974,-5.889292e-07,3.409652e-06
-0.32,0.1868,2.27891e-06,97.70833,-3.0566e-07,2.258308e-06
-0.32,0.1872,2.72903e-06,108.9912,-8.88057e-07,2.580357e-06
-0.32,0.1876,2.43872e-06,117.998,-1.144817e-06,2.153316e-06
-0.32,0.188,2.396978e-06,79.26699,4.463586e-07,2.354912e-06
-0.32,0.1884,1.499567e-06,82.19199,2.037249e-07,1.485642e-06
-0.32,0.1888,3.480976e-06,81.22168,5.312338e-07,3.440162e-06
-0.32,0.1892,1.843309e-06,117.9324,-8.634086e-07,1.628475e-06
-0.32,0.1896,2.066368e-06,91.35572,-4.890002e-08,2.065641e-06
-0.32,0.19,2.569595e-06,125.9263,-1.50763e-06,2.080701e-06
-0.32,0.1904,3.442715e-06,100.9122,-6.516873e-07,3.380605e-06
-0.32,0.1908,3.293378e-06,109.5105,-1.099912e-06,3.104394e-06
-0.32,0.1912,2.880267e-06,107.3108,-8.57016e-07,2.749705e-06
-0.32,0.1916,3.130987e-06,101.9092,-6.460938e-07,3.06349e-06
-0.32,0.192,3.296669e-06,101.8008,-6.742067e-07,3.226842e-06
-0.32,0.1924,3.003135e-06,106.4515,-8.511487e-07,2.880815e-06
-0.32,0.1928,2.851171e-06,122.5125,-1.532413e-06,2.404209e-06
-0.32,0.1932,2.753276e-06,105.3334,-7.280353e-07,2.655236e-06
-0.32,0.1936,3.185156e-06,98.5864,-4.755444e-07,3.149433e-06
-0.32,0.194,1.648737e-06,78.72582,3.224406e-07,1.61755e-06
-0.32,0.1944,1.758255e-06,91.16338,-3.571249e-08,1.757852e-06
-0.32,0.1948,2.395045e-06,111.4149,-8.744671e-07,2.229664e-06
-0.32,0.1952,2.20534e-06,120.3675,-1.114837e-06,1.902686e-06
-0.32,0.1956,2.164196e-06,116.0695,-9.510833e-07,1.943992e-06
-0.32,0.196,2.142526e-06,75.57699,5.33631e-07,2.074968e-06
-0.32,0.1964,2.225121e-06,116.4419,-9.907856e-07,1.992227e-06
-0.32,0.1968,2.832893e-06,116.3029,-1.255273e-06,2.539448e-06
-0.32,0.1972,3.106081e-06,117.7169,-1.444609e-06,2.749571e-06
-0.32,0.1976,2.112323e-06,102.936,-4.72879e-07,2.058578e-06
-0.32,0.198,2.323089e-06,123.2141,-1.272462e-06,1.943461e-06
-0.32,0.1984,3.026694e-06,72.48062,9.111016e-07,2.88628e-06
-0.32,0.1988,2.427203e-06,83.20874,2.870019e-07,2.41007e-06
-0.32,0.1992,2.514436e-06,121.8296,-1.326022e-06,2.136262e-06
-0.32,0.1996,2.626044e-06,114.0348,-1.069536e-06,2.398347e-06
-0.32,0.2,1.759065e-06,77.48012,3.813374e-07,1.717217e-06
-0.31,0.0,3.472829e-06,160.5594,-3.274815e-06,1.15587e-06
-0.31,0.0004,3.126109e-06,126.0753,-1.840738e-06,2.526523e-06
-0.31,0.0008,3.482501e-06,116.2924,-1.542543e-06,3.122113e-06
-0.31,0.0012,2.965198e-06,135.7994,-2.125471e-06,2.067374e-06
-0.31,0.0016,2.771962e-06,110.9603,-9.915847e-07,2.588482e-06
-0.31,0.002,3.518426e-06,103.0828,-7.963869e-07,3.427108e-06
-0.31,0.0024,4.622099e-06,108.5418,-1.469789e-06,4.382047e-06
-0.31,0.0028,3.192733e-06,115.4374,-1.371324e-06,2.883078e-06
-0.31,0.0032,3.282241e-06,106.1045,-9.104423e-07,3.153428e-06
-0.31,0.0036,3.022111e-06,116.8647,-1.365596e-06,2.696145e-06
-0.31,0.004,3.724901e-06,115.948,-1.629816e-06,3.349291e-06
-0.31,0.0044,3.228949e-06,111.855,-1.201976e-06,2.996737e-06
-0.31,0.0048,3.206217e-06,114.2027,-1.314433e-06,2.924384e-06
-0.31,0.0052,2.865023e-06,83.4496,3.268383e-07,2.846304e-06
-0.31,0.0056,2.972563e-06,107.3375,-8.857939e-07,2.83738e-06
-0.31,0.006,2.823818e-06,115.6752,-1.223428e-06,2.544913e-06
-0.31,0.0064,2.491593e-06,111.8388,-9.268317e-07,2.312673e-06
-0.31,0.0068,2.921624e-06,101.2671,-5.708076e-07,2.865225e-06
-0.31,0.0072,3.975413e-06,113.3429,-1.575188e-06,3.649888e-06
-0.31,0.0076,3.988076e-06,116.3589,-1.770649e-06,3.573406e-06
-0.31,0.008,2.585425e-06,93.11678,-1.405701e-07,2.581553e-06
-0.31,0.0084,3.751572e-06,99.58873,-6.249044e-07,3.699051e-06
-0.31,0.0088,3.598988e-06,100.4108,-6.503574e-07,3.539694e-06
-0.31,0.0092,2.682203e-06,97.74287,-3.61355e-07,2.657633e-06
-0.31,0.0096,3.851646e-06,109.2517,-1.26993e-06,3.636164e-06
-0.31,0.01,3.300709e-06,106.6343,-9.448193e-07,3.162486e-06
-0.31,0.0104,3.197271e-06,97.363,-4.097186e-07,3.170885e-06
-0.31,0.0108,4.393698e-06,110.1197,-1.511363e-06,4.125561e-06
-0.31,0.0112,3.496645e-06,96.20855,-3.781411e-07,3.476008e-06
-0.31,0.0116,3.391351e-06,99.60578,-5.65879e-07,3.343697e-06
-0.31,0.012,3.521718e-06,113.2048,-1.387579e-06,3.236705e-06
-0.31,0.0124,3.035204e-06,101.5936,-6.099846e-07,2.97315e-06
-0.31,0.0128,4.836833e-06,106.3355,-1.360399e-06,4.641473e-06
-0.31,0.0132,4.045866e-06,95.72871,-4.038568e-07,4.025626e-06
-0.31,0.0136,3.260258e-06,83.30404,3.80136e-07,3.237901e-06
-0.31,0.014,3.244975e-06,90.1651,-9.331852e-09,3.244964e-06
-0.31,0.0144,3.869835e-06,81.28419,5.863923e-07,3.825098e-06
-0.31,0.0148,4.899747e-06,92.51279,-2.14789e-07,4.895031e-06
-0.31,0.0152,3.330085e-06,95.06385,-2.939365e-07,3.317048e-06
-0.31,0.0156,4.114447e-06,92.70981,-1.945383e-07,4.109703e-06
-0.31,0.016,4.36606e-06,90.63108,-4.810094e-08,4.365658e-06
-0.31,0.0164,2.988126e-06,106.4166,-8.444879e-07,2.866292e-06
-0.31,0.0168,3.036266e-06,90.71938,-3.810971e-08,3.035908e-06
-0.31,0.0172,4.13776e-06,101.865,-8.507519e-07,4.048811e-06
-0.31,0.0176,3.957772e-06,104.9449,-1.020636e-06,3.823902e-06
-0.31,0.018,3.952173e-06,107.9617,-1.218762e-06,3.759546e-06
-0.31,0.0184,4.206145e-06,98.75732,-6.403606e-07,4.157004e-06
-0.31,0.0188,4.430942e-06,107.8351,-1.357069e-06,4.217896e-06
-0.31,0.0192,3.746682e-06,108.624,-1.196511e-06,3.550356e-06
-0.31,0.0196,2.988148e-06,96.19719,-3.225803e-07,2.970619e-06
-0.31,0.02,4.302039e-06,112.1376,-1.621155e-06,3.984857e-06
-0.31,0.0204,3.880759e-06,114.92,-1.635147e-06,3.519443e-06
-0.31,0.0208,3.181021e-06,102.5902,-6.933901e-07,3.104394e-06
-0.31,0.0212,3.209089e-06,108.7534,-1.031694e-06,3.038574e-06
-0.31,0.0216,2.795124e-06,87.65594,1.143179e-07,2.792743e-06
-0.31,0.022,2.969652e-06,95.73439,-2.967305e-07,2.954766e-06
-0.31,0.0224,3.467375e-06,84.44045,3.359019e-07,3.450958e-06
-0.31,0.0228,3.75944e-06,85.97968,2.635493e-07,3.750085e-06
-0.31,0.0232,3.776555e-06,95.86466,-3.858692e-07,3.756746e-06
-0.31,0.0236,2.947378e-06,104.7189,-7.488224e-07,2.850567e-06
-0.31,0.024,3.049699e-06,98.29484,-4.39966e-07,3.017652e-06
-0.31,0.0244,3.020664e-06,92.49574,-1.31512e-07,3.017786e-06
-0.31,0.0248,3.52934e-06,83.61046,3.927927e-07,3.507317e-06
-0.31,0.0252,3.312405e-06,87.22898,1.601558e-07,3.308521e-06
-0.31,0.0256,3.669105e-06,87.55496,1.565571e-07,3.665741e-06
-0.31,0.026,3.362791e-06,66.81611,1.323888e-06,3.091206e-06
-0.31,0.0264,3.726454e-06,89.54726,2.944283e-08,3.726236e-06
-0.31,0.0268,3.930106e-06,95.6015,-3.836061e-07,3.911308e-06
-0.31,0.0272,3.059048e-06,93.70121,-1.974664e-07,3.052566e-06
-0.31,0.0276,4.198037e-06,76.00099,1.015562e-06,4.073331e-06
-0.31,0.028,3.770761e-06,109.6486,-1.26793e-06,3.551552e-06
-0.31,0.0284,4.345692e-06,87.85439,1.626871e-07,4.342608e-06
-0.31,0.0288,3.573289e-06,100.0961,-6.26374e-07,3.517845e-06
-0.31,0.0292,5.469253e-06,84.95603,4.808641e-07,5.447985e-06
-0.31,0.0296,3.724465e-06,93.55433,-2.309102e-07,3.717172e-06
-0.31,0.03,4.198489e-06,104.7718,-1.070464e-06,4.059607e-06
-0.31,0.0304,2.968601e-06,101.0888,-5.709417e-07,2.913057e-06
-0.31,0.0308,3.595562e-06,91.85184,-1.161899e-07,3.593657e-06
-0.31,0.0312,5.294367e-06,94.48596,-4.141163e-07,5.278101e-06
-0.31,0.0316,3.213912e-06,94.74431,-2.65818e-07,3.202859e-06
-0.31,0.032,3.296904e-06,108.8098,-1.063004e-06,3.120783e-06
-0.31,0.0324,3.344284e-06,103.8403,-7.999856e-07,3.247098e-06
-0.31,0.0328,4.124645e-06,104.075,-1.003045e-06,4.00071e-06
-0.31,0.0332,4.352482e-06,86.55274,2.61683e-07,4.344474e-06
-0.31,0.0336,4.331985e-06,84.60503,4.073157e-07,4.312762e-06
-0.31,0.034,4.215929e-06,92.55257,-1.877378e-07,4.211632e-06
-0.31,0.0344,3.211727e-06,104.4605,-8.01986e-07,3.109859e-06
-0.31,0.0348,4.133004e-06,92.60939,-1.881401e-07,4.128623e-06
-0.31,0.0352,3.935912e-06,102.1299,-8.270312e-07,3.848014e-06
-0.31,0.0356,2.730533e-06,117.0391,-1.241281e-06,2.432059e-06
-0.31,0.036,2.94473e-06,88.94764,5.409121e-08,2.943573e-06
-0.31,0.0364,3.706399e-06,115.7207,-1.608498e-06,3.339031e-06
-0.31,0.0368,2.953648e-06,104.6918,-7.49085e-07,2.856966e-06
-0.31,0.0372,5.260258e-06,96.33204,-5.801394e-07,5.228133e-06
-0.31,0.0376,4.586694e-06,101.0591,-8.79798e-07,4.501434e-06
-0.31,0.038,3.681348e-06,85.07165,3.163106e-07,3.667742e-06
-0.31,0.0384,3.163782e-06,102.0923,-6.627459e-07,3.093469e-06
-0.31,0.0388,4.018267e-06,118.3403,-1.907492e-06,3.536632e-06
-0.31,0.0392,2.760188e-06,122.3489,-1.476852e-06,2.331728e-06
-0.31,0.0396,3.069514e-06,94.40597,-2.358388e-07,3.060294e-06
-0.31,0.04,2.870779e-06,122.4403,-1.539878e-06,2.422733e-06
-0.31,0.0404,5.34458e-06,111.5863,-1.966249e-06,4.969647e-06
-0.31,0.0408,4.044089e-06,120.1669,-2.032203e-06,3.496393e-06
-0.31,0.0412,2.962047e-06,102.7786,-6.551519e-07,2.888543e-06
-0.31,0.0416,3.353431e-06,98.47494,-4.94197e-07,3.31678e-06
-0.31,0.042,4.12384e-06,95.30557,-3.81343e-07,4.106104e-06
-0.31,0.0424,2.834815e-06,98.88495,-4.37837e-07,2.800734e-06
-0.31,0.0428,3.518057e-06,98.18905,-5.01126e-07,3.482133e-06
-0.31,0.0432,4.195919e-06,70.30676,1.41396e-06,3.95048e-06
-0.31,0.0436,4.20125e-06,90.05319,-3.866851e-09,4.201238e-06
-0.31,0.044,4.557011e-06,88.13022,1.486949e-07,4.554463e-06
-0.31,0.0444,5.158776e-06,86.9973,2.702102e-07,5.151651e-06
-0.31,0.0448,4.296133e-06,87.095,2.177115e-07,4.290511e-06
-0.31,0.0452,4.14817e-06,101.2475,-8.090436e-07,4.068531e-06
-0.31,0.0456,4.188314e-06,86.67907,2.426281e-07,4.181256e-06
-0.31,0.046,3.520522e-06,90.59436,-3.651157e-08,3.520242e-06
-0.31,0.0464,4.43549e-06,95.15477,-3.985259e-07,4.417492e-06
-0.31,0.0468,3.903781e-06,77.23183,8.627381e-07,3.80711e-06
-0.31,0.0472,4.298603e-06,77.92095,8.995123e-07,4.203373e-06
-0.31,0.0476,3.401331e-06,77.01938,7.644072e-07,3.313852e-06
-0.31,0.048,3.093978e-06,79.09214,5.854591e-07,3.038043e-06
-0.31,0.0484,3.626385e-06,81.65925,5.26037e-07,3.587929e-06
-0.31,0.0488,4.314891e-06,69.20663,1.531742e-06,4.033757e-06
-0.31,0.0492,3.753421e-06,102.4626,-8.099768e-07,3.664942e-06
-0.31,0.0496,2.215661e-06,85.09089,1.895986e-07,2.207413e-06
-0.31,0.05,2.557665e-06,75.16609,6.547495e-07,2.472432e-06
-0.31,0.0504,3.375386e-06,84.63366,3.156457e-07,3.360483e-06
-0.31,0.0508,3.175014e-06,105.0865,-8.263662e-07,3.065619e-06
-0.31,0.0512,2.711037e-06,89.28761,3.370642e-08,2.710796e-06
-0.31,0.0516,3.016892e-06,71.8551,9.394828e-07,2.866823e-06
-0.31,0.052,4.116129e-06,85.61992,3.143157e-07,4.103975e-06
-0.31,0.0524,3.967367e-06,88.32167,1.161843e-07,3.965534e-06
-0.31,0.0528,3.6241e-06,89.20149,5.049817e-08,3.623636e-06
-0.31,0.0532,3.294317e-06,80.38372,5.502831e-07,3.247898e-06
-0.31,0.0536,2.73911e-06,95.46862,-2.610236e-07,2.726521e-06
-0.31,0.054,3.865163e-06,99.84914,-6.611477e-07,3.808043e-06
-0.31,0.0544,3.242114e-06,87.13107,1.622848e-07,3.238035e-06
-0.31,0.0548,2.772269e-06,100.5293,-5.065854e-07,2.725454e-06
-0.31,0.0552,4.196757e-06,100.7539,-7.830653e-07,4.12303e-06
-0.31,0.0556,4.376817e-06,83.88508,4.662126e-07,4.351805e-06
-0.31,0.056,3.869377e-06,95.24875,-3.538951e-07,3.852412e-06
-0.31,0.0564,3.732372e-06,100.3907,-6.731394e-07,3.671072e-06
-0.31,0.0568,2.739178e-06,112.9626,-1.068603e-06,2.521997e-06
-0.31,0.0572,3.83515e-06,111.1474,-1.383583e-06,3.576871e-06
-0.31,0.0576,3.290455e-06,116.4148,-1.463793e-06,2.946903e-06
-0.31,0.058,2.778902e-06,93.23786,-1.569595e-07,2.774354e-06
-0.31,0.0584,3.756579e-06,104.1559,-9.263008e-07,3.67267e-06
-0.31,0.0588,2.981733e-06,90.66561,-3.464519e-08,2.981415e-06
-0.31,0.0592,3.734383e-06,92.01402,-1.312438e-07,3.731964e-06
-0.31,0.0596,2.835474e-06,109.7015,-9.558778e-07,2.669362e-06
-0.31,0.06,2.635812e-06,94.53186,-2.082567e-07,2.627525e-06
-0.31,0.0604,4.00138e-06,93.49402,-2.438351e-07,3.993915e-06
-0.31,0.0608,2.92235e-06,103.6532,-6.897971e-07,2.839643e-06
-0.31,0.0612,3.132428e-06,115.6709,-1.356935e-06,2.823119e-06
-0.31,0.0616,3.66008e-06,86.45659,2.262443e-07,3.653084e-06
-0.31,0.062,3.234447e-06,86.03825,2.234447e-07,3.22658e-06
-0.31,0.0624,3.308767e-06,90.65993,-3.810971e-08,3.308521e-06
-0.31,0.0628,4.230815e-06,85.53851,3.291014e-07,4.217896e-06
-0.31,0.0632,4.032762e-06,101.0175,-7.706712e-07,3.958342e-06
-0.31,0.0636,3.057494e-06,103.359,-7.064491e-07,2.97462e-06
-0.31,0.064,3.809809e-06,82.1203,5.223043e-07,3.773801e-06
-0.31,0.0644,3.238448e-06,81.73925,4.652794e-07,3.204725e-06
-0.31,0.0648,3.060132e-06,88.24388,9.379908e-08,3.05869e-06
-0.31,0.0652,3.617227e-06,90.01691,-1.067295e-09,3.617109e-06
-0.31,0.0656,3.634443e-06,81.49533,5.374923e-07,3.594456e-06
-0.31,0.066,3.411294e-06,116.692,-1.532284e-06,3.047632e-06
-0.31,0.0664,2.834586e-06,95.47037,-2.702157e-07,2.821655e-06
-0.31,0.0668,3.607202e-06,100.6219,-6.648804e-07,3.545293e-06
-0.31,0.0672,2.884559e-06,74.59445,7.66268e-07,2.780886e-06
-0.31,0.0676,3.425192e-06,67.03468,1.33641e-06,3.153696e-06
-0.31,0.068,2.866515e-06,115.9887,-1.256072e-06,2.576624e-06
-0.31,0.0684,2.852361e-06,80.52229,4.696715e-07,2.813396e-06
-0.31,0.0688,3.189258e-06,69.11747,1.136815e-06,2.979682e-06
-0.31,0.0692,4.168594e-06,84.28614,4.150439e-07,4.147812e-06
-0.31,0.0696,3.147147e-06,88.33566,9.140186e-08,3.1457e-06
-0.31,0.07,2.70042e-06,89.78244,1.025944e-08,2.700274e-06
-0.31,0.0704,3.435758e-06,99.70588,-5.792062e-07,3.386601e-06
-0.31,0.0708,3.520343e-06,110.5219,-1.234089e-06,3.296932e-06
-0.31,0.0712,2.138067e-06,119.2778,-1.045553e-06,1.86485e-06
-0.31,0.0716,2.402778e-06,116.4752,-1.071134e-06,2.150651e-06
-0.31,0.072,4.33417e-06,119.6301,-2.142794e-06,3.767408e-06
-0.31,0.0724,3.103019e-06,91.28447,-6.955303e-08,3.102131e-06
-0.31,0.0728,3.14052e-06,110.8633,-1.11843e-06,2.934509e-06
-0.31,0.0732,3.438647e-06,97.46092,-4.464983e-07,3.409517e-06
-0.31,0.0736,3.232559e-06,124.2243,-1.818085e-06,2.672826e-06
-0.31,0.074,3.515973e-06,102.4197,-7.560141e-07,3.432836e-06
-0.31,0.0744,2.919679e-06,99.37148,-4.754103e-07,2.880681e-06
-0.31,0.0748,2.228675e-06,99.58873,-3.712121e-07,2.197416e-06
-0.31,0.0752,3.575166e-06,109.3085,-1.182122e-06,3.374073e-06
-0.31,0.0756,2.08378e-06,81.39829,3.116503e-07,2.06031e-06
-0.31,0.076,2.738049e-06,105.083,-7.12445e-07,2.643646e-06
-0.31,0.0764,3.956397e-06,84.79407,3.589522e-07,3.939952e-06
-0.31,0.0768,4.249457e-06,92.12593,-1.5763e-07,4.246411e-06
-0.31,0.0772,2.003369e-06,83.30928,2.33436e-07,1.989696e-06
-0.31,0.0776,3.957839e-06,88.0052,1.377705e-07,3.955408e-06
-0.31,0.078,2.904111e-06,82.27942,3.901273e-07,2.877753e-06
-0.31,0.0784,2.369217e-06,108.0561,-7.342994e-07,2.252446e-06
-0.31,0.0788,3.007784e-06,89.22597,4.063546e-08,3.007393e-06
-0.31,0.0792,3.19973e-06,97.01069,-3.905352e-07,3.175813e-06
-0.31,0.0796,2.818224e-06,107.2247,-8.344966e-07,2.691747e-06
-0.31,0.08,3.395464e-06,88.07514,1.140497e-07,3.39353e-06
-0.31,0.0804,2.587694e-06,92.46776,-1.113954e-07,2.585286e-06
-0.31,0.0808,3.278447e-06,97.1864,-4.101209e-07,3.252558e-06
-0.31,0.0812,2.610929e-06,91.86277,-8.487515e-08,2.6098e-06
-0.31,0.0816,3.198176e-06,91.12666,-6.289221e-08,3.197528e-06
-0.31,0.082,4.105171e-06,92.76795,-1.982655e-07,4.100242e-06
-0.31,0.0824,3.080701e-06,83.75035,3.353655e-07,3.062289e-06
-0.31,0.0828,2.531524e-06,113.6427,-1.015171e-06,2.318937e-06
-0.31,0.0832,2.635097e-06,80.35356,4.415586e-07,2.597808e-06
-0.31,0.0836,3.563672e-06,78.58988,7.049795e-07,3.493191e-06
-0.31,0.084,4.205044e-06,71.25619,1.351201e-06,3.981923e-06
-0.31,0.0844,3.86969e-06,77.86959,8.131731e-07,3.783261e-06
-0.31,0.0848,3.463385e-06,78.38322,6.973855e-07,3.392329e-06
-0.31,0.0852,4.06582e-06,118.9604,-1.968646e-06,3.557285e-06
-0.31,0.0856,3.157205e-06,92.83745,-1.562945e-07,3.153294e-06
-0.31,0.086,3.699235e-06,87.8203,1.406986e-07,3.696519e-06
-0.31,0.0864,3.467263e-06,82.37471,4.600826e-07,3.436569e-06
-0.31,0.0868,2.798225e-06,77.5317,6.041172e-07,2.73212e-06
-0.31,0.0872,2.757713e-06,79.57253,4.991199e-07,2.712132e-06
-0.31,0.0876,2.652592e-06,96.82884,-3.15383e-07,2.633783e-06
-0.31,0.088,3.739781e-06,98.41811,-5.474947e-07,3.699453e-06
-0.31,0.0884,2.579122e-06,113.8127,-1.041283e-06,2.359438e-06
-0.31,0.0888,3.297865e-06,109.5839,-1.105377e-06,3.107059e-06
-0.31,0.0892,3.432109e-06,112.9653,-1.339081e-06,3.159955e-06
-0.31,0.0896,2.905877e-06,110.305,-1.008376e-06,2.725191e-06
-0.31,0.09,2.505546e-06,114.5843,-1.042351e-06,2.278296e-06
-0.31,0.0904,2.084506e-06,122.1076,-1.107908e-06,1.765714e-06
-0.31,0.0908,3.025341e-06,95.7969,-3.055259e-07,3.009393e-06
-0.31,0.0912,3.402007e-06,123.5293,-1.87911e-06,2.83591e-06
-0.31,0.0916,2.194935e-06,61.01285,1.063663e-06,1.919874e-06
-0.31,0.092,4.504781e-06,101.9837,-9.353589e-07,4.406567e-06
-0.31,0.0924,4.017211e-06,99.6272,-6.718095e-07,3.960605e-06
-0.31,0.0928,3.593277e-06,85.73008,2.675447e-07,3.583263e-06
-0.31,0.0932,3.999207e-06,85.56299,3.092531e-07,3.986986e-06
-0.31,0.0936,2.742357e-06,79.31857,5.083121e-07,2.694809e-06
-0.31,0.094,4.239667e-06,87.79363,1.63218e-07,4.236415e-06
-0.31,0.0944,3.406723e-06,90.23067,-1.372396e-08,3.406589e-06
-0.31,0.0948,3.152031e-06,78.44485,6.314311e-07,3.088138e-06
-0.31,0.0952,3.948429e-06,75.48126,9.898468e-07,3.822298e-06
-0.31,0.0956,3.402281e-06,80.73911,5.474891e-07,3.357818e-06
-0.31,0.096,4.52088e-06,82.76878,5.690697e-07,4.48491e-06
-0.31,0.0964,4.188062e-06,95.38338,-3.929324e-07,4.169527e-06
-0.31,0.0968,2.422302e-06,102.7528,-5.347039e-07,2.362506e-06
-0.31,0.0972,3.039026e-06,96.07535,-3.216471e-07,3.021916e-06
-0.31,0.0976,3.26607e-06,80.38984,5.452204e-07,3.220181e-06
-0.31,0.098,2.765575e-06,95.81526,-2.802126e-07,2.751303e-06
-0.31,0.0984,2.414217e-06,65.30771,1.008505e-06,2.193421e-06
-0.31,0.0988,3.24711e-06,88.73957,7.141381e-08,3.246299e-06
-0.31,0.0992,3.09481e-06,84.10386,3.179144e-07,3.07841e-06
-0.31,0.0996,2.550998e-06,82.00765,3.546886e-07,2.526126e-06
-0.31,0.1,2.943065e-06,98.09376,-4.143845e-07,2.913594e-06
-0.31,0.1004,3.147426e-06,107.5001,-9.464174e-07,3.001665e-06
-0.31,0.1008,2.662723e-06,124.1111,-1.493241e-06,2.204613e-06
-0.31,0.1012,2.814682e-06,96.52373,-3.197807e-07,2.796342e-06
-0.31,0.1016,3.28195e-06,83.67866,3.613494e-07,3.261884e-06
-0.31,0.102,3.384461e-06,106.695,-9.722672e-07,3.241768e-06
-0.31,0.1024,2.604039e-06,96.17402,-2.800785e-07,2.588884e-06
-0.31,0.1028,2.707958e-06,82.47919,3.544203e-07,2.68455e-06
-0.31,0.1032,3.904363e-06,95.95296,-4.049241e-07,3.88319e-06
-0.31,0.1036,4.30556e-06,94.74846,-3.564264e-07,4.290645e-06
-0.31,0.104,4.230072e-06,100.6259,-7.799975e-07,4.157535e-06
-0.31,0.1044,3.421118e-06,83.76477,3.716088e-07,3.400856e-06
-0.31,0.1048,3.255212e-06,107.9621,-1.003844e-06,3.096532e-06
-0.31,0.1052,3.340914e-06,108.7245,-1.072464e-06,3.163956e-06
-0.31,0.1056,3.423945e-06,87.45049,1.522935e-07,3.420442e-06
-0.31,0.106,4.146751e-06,101.5324,-8.291658e-07,4.063602e-06
-0.31,0.1064,3.71634e-06,87.25652,1.778751e-07,3.711579e-06
-0.31,0.1068,3.391999e-06,84.30494,3.365669e-07,3.37514e-06
-0.31,0.1072,2.899395e-06,94.83129,-2.442374e-07,2.888945e-06
-0.31,0.1076,3.314405e-06,81.95125,4.64078e-07,3.281738e-06
-0.31,0.108,4.209754e-06,86.68519,2.434272e-07,4.202708e-06
-0.31,0.1084,3.571825e-06,80.97341,5.60414e-07,3.527568e-06
-0.31,0.1088,2.808708e-06,76.47965,6.567444e-07,2.731315e-06
-0.31,0.1092,4.119766e-06,89.31646,4.916265e-08,4.119828e-06
-0.31,0.1096,2.819934e-06,72.3897,8.531436e-07,2.687746e-06
-0.31,0.11,5.094923e-06,89.86986,1.158937e-08,5.094895e-06
-0.31,0.1104,3.099208e-06,91.58652,-8.580833e-08,3.098001e-06
-0.31,0.1108,3.453282e-06,77.92685,7.223021e-07,3.376873e-06
-0.31,0.1112,2.126488e-06,78.33076,4.301033e-07,2.082433e-06
-0.31,0.1116,4.025811e-06,73.53792,1.14081e-06,3.860676e-06
-0.31,0.112,4.101913e-06,90.25296,-1.812167e-08,4.10184e-06
-0.31,0.1124,3.916298e-06,70.34916,1.316959e-06,3.688126e-06
-0.31,0.1128,3.20558e-06,87.03621,1.657493e-07,3.201261e-06
-0.31,0.1132,4.556151e-06,95.42687,-4.30908e-07,4.535676e-06
-0.31,0.1136,4.165375e-06,97.8622,-5.697458e-07,4.126226e-06
-0.31,0.114,3.461804e-06,84.86358,3.09918e-07,3.447761e-06
-0.31,0.1144,3.613796e-06,105.8645,-9.878575e-07,3.476137e-06
-0.31,0.1148,2.701431e-06,93.56875,-1.681521e-07,2.696145e-06
-0.31,0.1152,3.838252e-06,93.72831,-2.495627e-07,3.830026e-06
-0.31,0.1156,3.683321e-06,87.47628,1.621507e-07,3.679599e-06
-0.31,0.116,3.474527e-06,90.03046,-1.86637e-09,3.474405e-06
-0.31,0.1164,2.712937e-06,105.2049,-7.115118e-07,2.61793e-06
-0.31,0.1168,1.645021e-06,96.64175,-1.902692e-07,1.63394e-06
-0.31,0.1172,2.060411e-06,104.5934,-5.191136e-07,1.993825e-06
-0.31,0.1176,4.019524e-06,75.35405,1.016233e-06,3.888789e-06
-0.31,0.118,3.018764e-06,84.60831,2.836715e-07,3.005398e-06
-0.31,0.1184,2.812407e-06,84.65552,2.619512e-07,2.800069e-06
-0.31,0.1188,3.717144e-06,95.6697,-3.672167e-07,3.698917e-06
-0.31,0.1192,4.477059e-06,101.8307,-9.179022e-07,4.381913e-06
-0.31,0.1196,3.185816e-06,96.16047,-3.419034e-07,3.167286e-06
-0.31,0.12,4.042318e-06,99.33126,-6.554201e-07,3.988718e-06
-0.31,0.1204,2.560861e-06,109.5328,-8.562114e-07,2.413401e-06
-0.31,0.1208,3.402387e-06,105.1005,-8.863247e-07,3.284934e-06
-0.31,0.1212,3.179065e-06,100.1004,-5.574859e-07,3.129713e-06
-0.31,0.1216,2.475807e-06,101.5297,-4.948619e-07,2.425795e-06
-0.31,0.122,2.878278e-06,101.1115,-5.546864e-07,2.824187e-06
-0.31,0.1224,3.484686e-06,103.6055,-8.197054e-07,3.38687e-06
-0.31,0.1228,3.479395e-06,111.0044,-1.247009e-06,3.248831e-06
-0.31,0.1232,3.55553e-06,121.4782,-1.856591e-06,3.032309e-06
-0.31,0.1236,3.4746e-06,88.85759,6.928481e-08,3.473874e-06
-0.31,0.124,2.769872e-06,80.62808,4.51019e-07,2.732785e-06
-0.31,0.1244,2.702051e-06,93.43763,-1.620221e-07,2.697072e-06
-0.31,0.1248,2.513738e-06,98.5134,-3.721453e-07,2.486022e-06
-0.31,0.1252,2.344798e-06,109.3483,-7.769353e-07,2.21261e-06
-0.31,0.1256,2.994703e-06,129.5372,-1.90629e-06,2.309476e-06
-0.31,0.126,3.71834e-06,112.9111,-1.447537e-06,3.424974e-06
-0.31,0.1264,2.8428e-06,129.5175,-1.808892e-06,2.193024e-06
-0.31,0.1268,2.385562e-06,134.9214,-1.684444e-06,1.689104e-06
-0.31,0.1272,2.219226e-06,118.1479,-1.046882e-06,1.956649e-06
-0.31,0.1276,2.541169e-06,135.1804,-1.802494e-06,1.791162e-06
-0.31,0.128,2.021491e-06,133.9343,-1.402504e-06,1.455662e-06
-0.31,0.1284,2.729471e-06,162.8889,-2.60861e-06,8.030422e-07
-0.31,0.1288,2.706611e-06,145.628,-2.233933e-06,1.528015e-06
-0.31,0.1292,2.757607e-06,154.3588,-2.486027e-06,1.193309e-06
-0.31,0.1296,3.128226e-06,139.2507,-2.369837e-06,2.041926e-06
-0.31,0.13,1.916488e-06,156.9769,-1.763725e-06,7.494818e-07
-0.31,0.1304,2.033717e-06,157.8389,-1.883374e-06,7.67067e-07
-0.31,0.1308,2.142509e-06,125.7742,-1.252474e-06,1.738267e-06
-0.31,0.1312,2.57886e-06,135.9235,-1.852596e-06,1.793827e-06
-0.31,0.1316,1.664606e-06,146.6022,-1.389713e-06,9.162984e-07
-0.31,0.132,3.499371e-06,168.113,-3.424314e-06,7.208324e-07
-0.31,0.1324,3.491157e-06,175.9796,-3.482541e-06,2.447627e-07
-0.31,0.1328,3.39053e-06,161.9796,-3.224182e-06,1.048877e-06
-0.31,0.1332,3.568315e-06,-174.7442,-3.553289e-06,-3.268439e-07
-0.31,0.1336,2.83415e-06,155.799,-2.585157e-06,1.161865e-06
-0.31,0.134,4.082836e-06,170.6578,-4.028566e-06,6.627403e-07
-0.31,0.1344,4.453517e-06,-173.9532,-4.42869e-06,-4.691462e-07
-0.31,0.1348,3.757534e-06,-173.7708,-3.7353e-06,-4.077237e-07
-0.31,0.1352,5.202172e-06,-170.6901,-5.133535e-06,-8.415598e-07
-0.31,0.1356,5.083741e-06,-175.8046,-5.070112e-06,-3.718826e-07
-0.31,0.136,6.479736e-06,-169.5384,-6.372017e-06,-1.176528e-06
-0.31,0.1364,6.835436e-06,-179.3923,-6.835034e-06,-7.248669e-08
-0.31,0.1368,5.385378e-06,179.0573,-5.384568e-06,8.86023e-08
-0.31,0.1372,6.046369e-06,-174.6223,-6.019726e-06,-5.666781e-07
-0.31,0.1376,5.53899e-06,-169.178,-5.440391e-06,-1.039953e-06
-0.31,0.138,5.188504e-06,-176.6371,-5.179373e-06,-3.043245e-07
-0.31,0.1384,5.543511e-06,-168.5358,-5.432931e-06,-1.101778e-06
-0.31,0.1388,5.225887e-06,-169.0783,-5.131138e-06,-9.901206e-07
-0.31,0.1392,5.600066e-06,-167.967,-5.476903e-06,-1.167465e-06
-0.31,0.1396,5.409831e-06,-164.8969,-5.222808e-06,-1.409567e-06
-0.31,0.14,5.150349e-06,-179.0735,-5.149528e-06,-8.3277e-08
-0.31,0.1404,5.633091e-06,-166.1056,-5.468241e-06,-1.352671e-06
-0.31,0.1408,6.238298e-06,-166.7107,-6.071157e-06,-1.433948e-06
-0.31,0.1412,5.253972e-06,-163.4032,-5.03507e-06,-1.500701e-06
-0.31,0.1416,5.070162e-06,-155.5332,-4.614293e-06,-2.09989e-06
-0.31,0.142,4.521416e-06,-164.9029,-4.365401e-06,-1.17759e-06
-0.31,0.1424,6.660064e-06,-154.2123,-5.99681e-06,-2.897344e-06
-0.31,0.1428,7.368285e-06,-156.1456,-6.738832e-06,-2.979822e-06
-0.31,0.1432,7.725348e-06,-159.3089,-7.227033e-06,-2.729594e-06
-0.31,0.1436,7.310137e-06,-156.4961,-6.703527e-06,-2.915332e-06
-0.31,0.144,6.510375e-06,-133.1192,-4.449874e-06,-4.752069e-06
-0.31,0.1444,1.124457e-05,-142.5678,-8.928928e-06,-6.834637e-06
-0.31,0.1448,1.144012e-05,-136.9268,-8.356785e-06,-7.81276e-06
-0.31,0.1452,1.254827e-05,-141.908,-9.875742e-06,-7.741346e-06
-0.31,0.1456,1.432244e-05,-140.9717,-1.112621e-05,-9.018866e-06
-0.31,0.146,1.401513e-05,-135.924,-1.006867e-05,-9.74903e-06
-0.31,0.1464,1.571594e-05,-135.3713,-1.118457e-05,-1.104054e-05
-0.31,0.1468,1.457533e-05,-130.1657,-9.401137e-06,-1.11382e-05
-0.31,0.1472,1.536462e-05,-132.7005,-1.041976e-05,-1.129156e-05
-0.31,0.1476,1.881658e-05,-132.401,-1.268834e-05,-1.389497e-05
-0.31,0.148,2.121009e-05,-134.7831,-1.494092e-05,-1.505444e-05
-0.31,0.1484,2.03368e-05,-129.8906,-1.304249e-05,-1.56038e-05
-0.31,0.1488,2.168903e-05,-127.5125,-1.320718e-05,-1.720416e-05
-0.31,0.1492,2.467138e-05,-129.6287,-1.573571e-05,-1.900173e-05
-0.31,0.1496,2.495376e-05,-129.6695,-1.592944e-05,-1.920785e-05
-0.31,0.15,2.579028e-05,-128.8754,-1.618673e-05,-2.007806e-05
-0.31,0.1504,2.88905e-05,-126.4249,-1.71542e-05,-2.324628e-05
-0.31,0.1508,3.22368e-05,-126.9452,-1.9376e-05,-2.576401e-05
-0.31,0.1512,3.342467e-05,-124.6988,-1.902745e-05,-2.748029e-05
-0.31,0.1516,3.557165e-05,-124.5241,-2.01604e-05,-2.930704e-05
-0.31,0.152,4.105998e-05,-123.4382,-2.262564e-05,-3.426376e-05
-0.31,0.1524,4.861435e-05,-120.4425,-2.463159e-05,-4.191224e-05
-0.31,0.1528,5.039568e-05,-119.409,-2.474644e-05,-4.390153e-05
-0.31,0.1532,5.232442e-05,-119.2813,-2.559186e-05,-4.563887e-05
-0.31,0.1536,5.769824e-05,-118.7308,-2.773532e-05,-5.059493e-05
-0.31,0.154,6.443639e-05,-118.5824,-3.082786e-05,-5.658388e-05
-0.31,0.1544,6.881923e-05,-117.3542,-3.162185e-05,-6.112409e-05
-0.31,0.1548,7.044107e-05,-116.1484,-3.104331e-05,-6.323184e-05
-0.31,0.1552,7.756001e-05,-115.1398,-3.294973e-05,-7.021304e-05
-0.31,0.1556,8.529249e-05,-115.4233,-3.661641e-05,-7.703288e-05
-0.31,0.156,8.841671e-05,-114.576,-3.677271e-05,-8.040709e-05
-0.31,0.1564,8.996924e-05,-115.0973,-3.816108e-05,-8.147516e-05
-0.31,0.1568,9.338036e-05,-114.118,-3.815695e-05,-8.522884e-05
-0.31,0.1572,9.868435e-05,-113.7846,-3.979956e-05,-9.030295e-05
-0.31,0.1576,0.000101887,-113.1699,-4.008856e-05,-9.366917e-05
-0.31,0.158,0.0001019663,-113.1167,-4.00326e-05,-9.377923e-05
-0.31,0.1584,0.0001045443,-113.0252,-4.08912e-05,-9.621568e-05
-0.31,0.1588,0.0001100814,-113.8058,-4.443317e-05,-0.0001007156
-0.31,0.1592,0.0001148244,-113.2349,-4.529871e-05,-0.0001055116
-0.31,0.1596,0.0001146782,-112.2417,-4.340747e-05,-0.0001061457
-0.31,0.16,0.0001166529,-112.6942,-4.500651e-05,-0.0001076214
-0.31,0.1604,0.0001204183,-112.0101,-4.512936e-05,-0.000111642
-0.31,0.1608,0.0001229827,-111.6844,-4.544154e-05,-0.0001142796
-0.31,0.1612,0.0001237509,-112.552,-4.746135e-05,-0.000114288
-0.31,0.1616,0.0001243966,-112.6767,-4.795888e-05,-0.0001147802
-0.31,0.162,0.00012154,-112.302,-4.612321e-05,-0.0001124485
-0.31,0.1624,0.0001190283,-112.5564,-4.565859e-05,-0.000109923
-0.31,0.1628,0.0001168984,-112.6027,-4.492869e-05,-0.0001079197
-0.31,0.1632,0.0001135753,-112.7194,-4.386503e-05,-0.0001047628
-0.31,0.1636,0.0001048758,-114.184,-4.296445e-05,-9.567139e-05
-0.31,0.164,9.477009e-05,-114.6815,-3.957358e-05,-8.611223e-05
-0.31,0.1644,9.109427e-05,-114.5887,-3.790459e-05,-8.283369e-05
-0.31,0.1648,8.599149e-05,-114.8138,-3.608824e-05,-7.805244e-05
-0.31,0.1652,7.453214e-05,-116.2428,-3.29564e-05,-6.685001e-05
-0.31,0.1656,6.37319e-05,-118.5125,-3.042254e-05,-5.600201e-05
-0.31,0.166,5.915587e-05,-118.9945,-2.867441e-05,-5.174161e-05
-0.31,0.1664,5.380225e-05,-119.4331,-2.643888e-05,-4.685804e-05
-0.31,0.1668,4.617437e-05,-122.7789,-2.49988e-05,-3.882183e-05
-0.31,0.1672,4.045689e-05,-123.4089,-2.227601e-05,-3.377183e-05
-0.31,0.1676,4.00511e-05,-123.2162,-2.193997e-05,-3.350708e-05
-0.31,0.168,3.856473e-05,-123.4182,-2.123939e-05,-3.218892e-05
-0.31,0.1684,3.943242e-05,-123.0482,-2.150427e-05,-3.305273e-05
-0.31,0.1688,4.049916e-05,-122.8824,-2.198767e-05,-3.401061e-05
-0.31,0.1692,4.188264e-05,-124.5199,-2.373461e-05,-3.450826e-05
-0.31,0.1696,4.297817e-05,-123.012,-2.341523e-05,-3.603961e-05
-0.31,0.17,4.393442e-05,-122.1115,-2.33542e-05,-3.721307e-05
-0.31,0.1704,4.319058e-05,-124.8378,-2.467289e-05,-3.544961e-05
-0.31,0.1708,4.302678e-05,-123.3894,-2.367878e-05,-3.592516e-05
-0.31,0.1712,4.271582e-05,-122.1427,-2.27261e-05,-3.616859e-05
-0.31,0.1716,4.025954e-05,-124.1938,-2.262564e-05,-3.330029e-05
-0.31,0.172,3.980364e-05,-127.5775,-2.427357e-05,-3.15455e-05
-0.31,0.1724,3.711446e-05,-125.7745,-2.169694e-05,-3.011182e-05
-0.31,0.1728,3.656412e-05,-126.1576,-2.157316e-05,-2.952169e-05
-0.31,0.1732,3.573333e-05,-128.5875,-2.22872e-05,-2.793118e-05
-0.31,0.1736,3.218304e-05,-129.9769,-2.067698e-05,-2.466197e-05
-0.31,0.174,2.92495e-05,-127.7041,-1.788849e-05,-2.314155e-05
-0.31,0.1744,2.82124e-05,-130.4315,-1.829675e-05,-2.147469e-05
-0.31,0.1748,2.782629e-05,-130.5537,-1.809156e-05,-2.114226e-05
-0.31,0.1752,2.850242e-05,-131.4065,-1.885143e-05,-2.137783e-05
-0.31,0.1756,2.911061e-05,-128.2726,-1.803106e-05,-2.285361e-05
-0.31,0.176,2.866186e-05,-129.5084,-1.823439e-05,-2.211346e-05
-0.31,0.1764,3.084178e-05,-129.7046,-1.970271e-05,-2.372808e-05
-0.31,0.1768,3.034272e-05,-130.2019,-1.958573e-05,-2.317499e-05
-0.31,0.1772,3.063692e-05,-129.4013,-1.944675e-05,-2.367371e-05
-0.31,0.1776,2.944631e-05,-133.436,-2.024567e-05,-2.138222e-05
-0.31,0.178,2.697676e-05,-132.5509,-1.824292e-05,-1.987313e-05
-0.31,0.1784,2.341534e-05,-131.9877,-1.566416e-05,-1.740429e-05
-0.31,0.1788,1.872346e-05,-139.2948,-1.419384e-05,-1.22108e-05
-0.31,0.1792,1.621835e-05,-143.2055,-1.298746e-05,-9.713854e-06
-0.31,0.1796,1.503724e-05,-141.3914,-1.175045e-05,-9.383149e-06
-0.31,0.18,1.128773e-05,-146.0689,-9.365558e-06,-6.300738e-06
-0.31,0.1804,9.049599e-06,-145.3823,-7.447415e-06,-5.141001e-06
-0.31,0.1808,8.069297e-06,-146.5008,-6.72884e-06,-4.453606e-06
-0.31,0.1812,7.437799e-06,-149.4256,-6.403729e-06,-3.783266e-06
-0.31,0.1816,6.024353e-06,-145.5244,-4.966188e-06,-3.410059e-06
-0.31,0.182,4.302972e-06,-146.8789,-3.603788e-06,-2.351185e-06
-0.31,0.1824,3.936672e-06,-171.5058,-3.893455e-06,-5.814693e-07
-0.31,0.1828,4.209e-06,-171.8288,-4.166202e-06,-5.982555e-07
-0.31,0.1832,2.573389e-06,178.5166,-2.572501e-06,6.661936e-08
-0.31,0.1836,2.20259e-06,163.1772,-2.108283e-06,6.374269e-07
-0.31,0.184,1.437278e-06,177.0873,-1.435283e-06,7.301196e-08
-0.31,0.1844,2.819644e-06,109.1874,-9.266976e-07,2.662964e-06
-0.31,0.1848,1.977598e-06,96.34363,-2.185218e-07,1.965444e-06
-0.31,0.1852,2.07846e-06,106.4188,-5.874652e-07,1.993691e-06
-0.31,0.1856,2.937309e-06,126.953,-1.76572e-06,2.347184e-06
-0.31,0.186,1.845415e-06,134.8951,-1.302441e-06,1.30723e-06
-0.31,0.1864,2.338752e-06,105.4575,-6.233062e-07,2.254044e-06
-0.31,0.1868,3.47313e-06,90.29187,-1.772493e-08,3.47294e-06
-0.31,0.1872,3.01378e-06,95.35278,-2.811402e-07,3.000598e-06
-0.31,0.1876,2.495907e-06,114.5034,-1.035159e-06,2.271099e-06
-0.31,0.188,2.679482e-06,116.1609,-1.181323e-06,2.404874e-06
-0.31,0.1884,1.662869e-06,114.1821,-6.811358e-07,1.516822e-06
-0.31,0.1888,1.305079e-06,113.9697,-5.301721e-07,1.19251e-06
-0.31,0.1892,1.874662e-06,109.8575,-6.367675e-07,1.763183e-06
-0.31,0.1896,2.945255e-06,108.8723,-9.526815e-07,2.786882e-06
-0.31,0.19,2.201244e-06,116.6382,-9.869243e-07,1.967579e-06
-0.31,0.1904,2.087775e-06,110.3514,-7.260348e-07,1.957319e-06
-0.31,0.1908,2.874109e-06,101.2392,-5.601514e-07,2.81899e-06
-0.31,0.1912,2.946322e-06,108.2537,-9.228363e-07,2.79794e-06
-0.31,0.1916,3.086099e-06,68.10476,1.150807e-06,2.863358e-06
-0.31,0.192,3.019865e-06,85.26967,2.490263e-07,3.009527e-06
-0.31,0.1924,3.124572e-06,93.71432,-2.02395e-07,3.117984e-06
-0.31,0.1928,3.12018e-06,69.38366,1.098576e-06,2.920255e-06
-0.31,0.1932,2.654671e-06,80.10189,4.563499e-07,2.615131e-06
-0.31,0.1936,1.831183e-06,73.36088,5.241706e-07,1.75479e-06
-0.31,0.194,1.998681e-06,93.05776,-1.065954e-07,1.995826e-06
-0.31,0.1944,2.468163e-06,127.3556,-1.497505e-06,1.961845e-06
-0.31,0.1948,3.471549e-06,93.45949,-2.094581e-07,3.465212e-06
-0.31,0.1952,3.006594e-06,96.95648,-3.641545e-07,2.984343e-06
-0.31,0.1956,1.997703e-06,95.46162,-1.901406e-07,1.988494e-06
-0.31,0.196,2.255413e-06,90.60616,-2.385489e-08,2.255246e-06
-0.31,0.1964,3.137664e-06,79.72596,5.596149e-07,3.087339e-06
-0.31,0.1968,2.516834e-06,95.49528,-2.410355e-07,2.505205e-06
-0.31,0.1972,2.472136e-06,106.5599,-7.045827e-07,2.369569e-06
-0.31,0.1976,2.066189e-06,80.40776,3.44295e-07,2.03726e-06
-0.31,0.198,1.634515e-06,74.24387,4.438273e-07,1.573048e-06
-0.31,0.1984,1.782333e-06,89.40388,1.851841e-08,1.782104e-06
-0.31,0.1988,2.25871e-06,112.7087,-8.719358e-07,2.083495e-06
-0.31,0.1992,2.816738e-06,94.39012,-2.155881e-07,2.808462e-06
-0.31,0.1996,1.649647e-06,112.3708,-6.27838e-07,1.525484e-06
-0.31,0.2,1.970864e-06,114.3779,-8.134413e-07,1.795029e-06
-0.3,0.0,3.380706e-06,130.4236,-2.192096e-06,2.573562e-06
-0.3,0.0004,3.577474e-06,142.5542,-2.840179e-06,2.175036e-06
-0.3,0.0008,4.425795e-06,126.0109,-2.602078e-06,3.580067e-06
-0.3,0.0012,3.043005e-06,115.0725,-1.289516e-06,2.756232e-06
-0.3,0.0016,3.302676e-06,112.6894,-1.273926e-06,3.046967e-06
-0.3,0.002,3.964416e-06,112.7485,-1.532949e-06,3.655884e-06
-0.3,0.0024,5.046185e-06,110.7588,-1.788508e-06,4.718486e-06
-0.3,0.0028,3.019016e-06,121.1966,-1.563727e-06,2.582352e-06
-0.3,0.0032,3.976844e-06,113.8831,-1.610096e-06,3.636298e-06
-0.3,0.0036,3.141403e-06,127.2031,-1.899361e-06,2.502009e-06
-0.3,0.004,5.014378e-06,123.8945,-2.796348e-06,4.162201e-06
-0.3,0.0044,3.931721e-06,123.0095,-2.141861e-06,3.296932e-06
-0.3,0.0048,4.146812e-06,124.1644,-2.328665e-06,3.431104e-06
-0.3,0.0052,5.133049e-06,120.3942,-2.597015e-06,4.427483e-06
-0.3,0.0056,3.795878e-06,110.4746,-1.327754e-06,3.555949e-06
-0.3,0.006,3.157049e-06,122.8578,-1.712825e-06,2.651905e-06
-0.3,0.0064,3.212029e-06,104.454,-8.017178e-07,3.110256e-06
-0.3,0.0068,3.757271e-06,79.85229,6.619412e-07,3.698386e-06
-0.3,0.0072,3.749677e-06,86.1165,2.539549e-07,3.741022e-06
-0.3,0.0076,4.163699e-06,98.8526,-6.407629e-07,4.113966e-06
-0.3,0.008,3.976665e-06,88.20454,1.245774e-07,3.974597e-06
-0.3,0.0084,4.468984e-06,104.6538,-1.130556e-06,4.323558e-06
-0.3,0.0088,3.754489e-06,100.4051,-6.78068e-07,3.692658e-06
-0.3,0.0092,2.134881e-06,106.8865,-6.201099e-07,2.070441e-06
-0.3,0.0096,3.362523e-06,100.7775,-6.287712e-07,3.30319e-06
-0.3,0.01,3.797963e-06,89.16171,5.556084e-08,3.797516e-06
-0.3,0.0104,3.773689e-06,98.72104,-5.721431e-07,3.729963e-06
-0.3,0.0108,3.874473e-06,108.5549,-1.232888e-06,3.672938e-06
-0.3,0.0112,3.239197e-06,102.5491,-7.037837e-07,3.161687e-06
-0.3,0.0116,3.47389e-06,100.7369,-6.471555e-07,3.412982e-06
-0.3,0.012,4.518577e-06,93.64525,-2.872701e-07,4.50943e-06
-0.3,0.0124,4.209816e-06,86.17814,2.806037e-07,4.200439e-06
-0.3,0.0128,2.237297e-06,97.05351,-2.747476e-07,2.220204e-06
-0.3,0.0132,4.281135e-06,91.4803,-1.105908e-07,4.279587e-06
-0.3,0.0136,3.832463e-06,101.9673,-7.946547e-07,3.749018e-06
-0.3,0.014,3.906911e-06,91.55374,-1.059304e-07,3.905441e-06
-0.3,0.0144,3.858609e-06,78.74855,7.529463e-07,3.783926e-06
-0.3,0.0148,3.054454e-06,88.35752,8.7535e-08,3.053097e-06
-0.3,0.0152,3.526456e-06,92.7509,-1.692194e-07,3.522371e-06
-0.3,0.0156,3.68412e-06,86.46619,2.270434e-07,3.677068e-06
-0.3,0.016,4.506893e-06,85.83062,3.276374e-07,4.494773e-06
-0.3,0.0164,4.097985e-06,91.2272,-8.780881e-08,4.096912e-06
-0.3,0.0168,5.226815e-06,84.58645,4.931241e-07,5.203485e-06
-0.3,0.0172,4.147622e-06,82.42367,5.468185e-07,4.111301e-06
-0.3,0.0176,3.923395e-06,87.65069,1.608207e-07,3.91997e-06
-0.3,0.018,3.895657e-06,98.30489,-5.626827e-07,3.85468e-06
-0.3,0.0184,4.743637e-06,85.18137,3.985203e-07,4.726879e-06
-0.3,0.0188,5.152774e-06,83.34469,5.971882e-07,5.117945e-06
-0.3,0.0192,5.378656e-06,85.29546,4.411619e-07,5.360445e-06
-0.3,0.0196,5.345547e-06,85.82865,3.887973e-07,5.331264e-06
-0.3,0.02,5.321603e-06,79.34742,9.837225e-07,5.229866e-06
-0.3,0.0204,5.017239e-06,87.82838,1.90135e-07,5.013613e-06
-0.3,0.0208,4.138715e-06,78.15066,8.498132e-07,4.050409e-06
-0.3,0.0212,5.70284e-06,83.46643,6.488822e-07,5.665702e-06
-0.3,0.0216,2.968428e-06,85.60145,2.277083e-07,2.959694e-06
-0.3,0.022,4.027599e-06,97.86832,-5.51356e-07,3.989651e-06
-0.3,0.0224,3.615444e-06,83.16765,4.301033e-07,3.589661e-06
-0.3,0.0228,3.530357e-06,88.81912,7.368251e-08,3.529569e-06
-0.3,0.0232,3.820991e-06,86.04481,2.635493e-07,3.811776e-06
-0.3,0.0236,4.64126e-06,72.31976,1.409562e-06,4.422023e-06
-0.3,0.024,5.071492e-06,72.90289,1.490972e-06,4.847327e-06
-0.3,0.0244,3.653459e-06,77.06441,8.178334e-07,3.560615e-06
-0.3,0.0248,4.28546e-06,86.27037,2.787373e-07,4.276257e-06
-0.3,0.0252,4.127377e-06,85.4231,3.293696e-07,4.1141e-06
-0.3,0.0256,3.90101e-06,84.10474,4.006549e-07,3.880262e-06
-0.3,0.026,3.874506e-06,87.30942,1.818705e-07,3.870137e-06
-0.3,0.0264,4.184726e-06,100.0913,-7.332321e-07,4.119962e-06
-0.3,0.0268,4.901496e-06,70.23857,1.657258e-06,4.612823e-06
-0.3,0.0272,4.234917e-06,90.29361,-2.17203e-08,4.234816e-06
-0.3,0.0276,4.388239e-06,76.92562,9.926464e-07,4.27439e-06
-0.3,0.028,4.222132e-06,73.03447,1.231949e-06,4.038283e-06
-0.3,0.0284,4.437591e-06,71.93073,1.376381e-06,4.218695e-06
-0.3,0.0288,3.686919e-06,89.29766,4.516728e-08,3.686528e-06
-0.3,0.0292,2.67353e-06,68.84645,9.648017e-07,2.493347e-06
-0.3,0.0296,4.677006e-06,92.38864,-1.949351e-07,4.672916e-06
-0.3,0.03,3.603905e-06,96.19282,-3.888029e-07,3.582732e-06
-0.3,0.0304,4.169527e-06,98.27561,-6.001219e-07,4.126092e-06
-0.3,0.0308,2.691658e-06,74.48254,7.200334e-07,2.593411e-06
-0.3,0.0312,4.740346e-06,94.78234,-3.951955e-07,4.723817e-06
-0.3,0.0316,4.29777e-06,93.84677,-2.883374e-07,4.28798e-06
-0.3,0.032,3.616813e-06,92.45115,-1.546964e-07,3.613376e-06
-0.3,0.0324,3.223014e-06,83.69133,3.541521e-07,3.203395e-06
-0.3,0.0328,4.592472e-06,91.27179,-1.019351e-07,4.591237e-06
-0.3,0.0332,3.862112e-06,74.5927,1.026755e-06,3.722772e-06
-0.3,0.0336,3.968534e-06,91.37932,-9.553693e-08,3.967266e-06
-0.3,0.034,4.138659e-06,87.22286,2.005286e-07,4.133686e-06
-0.3,0.0344,3.555916e-06,87.65069,1.457612e-07,3.552887e-06
-0.3,0.0348,2.608012e-06,123.4361,-1.437015e-06,2.176366e-06
-0.3,0.0352,3.583369e-06,80.71026,5.784016e-07,3.536229e-06
-0.3,0.0356,3.802634e-06,95.23957,-3.472287e-07,3.786725e-06
-0.3,0.036,3.604022e-06,75.42137,9.071063e-07,3.487866e-06
-0.3,0.0364,2.803036e-06,96.98446,-3.408361e-07,2.782216e-06
-0.3,0.0368,3.561006e-06,85.7751,2.623479e-07,3.551289e-06
-0.3,0.0372,2.861626e-06,95.19062,-2.58889e-07,2.849768e-06
-0.3,0.0376,3.347028e-06,88.99223,5.889125e-08,3.346497e-06
-0.3,0.038,3.436831e-06,78.56889,6.811302e-07,3.368614e-06
-0.3,0.0384,4.795962e-06,73.6343,1.351336e-06,4.601631e-06
-0.3,0.0388,4.428762e-06,90.74473,-5.756132e-08,4.428282e-06
-0.3,0.0392,3.989456e-06,83.26819,4.676766e-07,3.961941e-06
-0.3,0.0396,3.967652e-06,85.33306,3.228429e-07,3.954475e-06
-0.3,0.04,3.747006e-06,95.26579,-3.438983e-07,3.73103e-06
-0.3,0.0404,2.792246e-06,93.84983,-1.874752e-07,2.785814e-06
-0.3,0.0408,3.341205e-06,88.67968,7.701292e-08,3.340233e-06
-0.3,0.0412,3.787161e-06,81.8918,5.341619e-07,3.749286e-06
-0.3,0.0416,3.718994e-06,81.3502,5.593467e-07,3.676665e-06
-0.3,0.042,3.37675e-06,96.00672,-3.533586e-07,3.358086e-06
-0.3,0.0424,3.312332e-06,82.01814,4.599485e-07,3.28014e-06
-0.3,0.0428,2.806713e-06,79.51264,5.108434e-07,2.759696e-06
-0.3,0.0432,3.392916e-06,101.2479,-6.618127e-07,3.327839e-06
-0.3,0.0436,2.922093e-06,95.34797,-2.723503e-07,2.90933e-06
-0.3,0.044,3.013567e-06,88.25524,9.17986e-08,3.012193e-06
-0.3,0.0444,4.46129e-06,92.95679,-2.301111e-07,4.455333e-06
-0.3,0.0448,2.583704e-06,89.66616,1.505389e-08,2.583554e-06
-0.3,0.0452,4.208028e-06,97.66112,-5.609504e-07,4.17046e-06
-0.3,0.0456,2.876484e-06,96.12956,-3.071241e-07,2.859894e-06
-0.3,0.046,3.54365e-06,95.20373,-3.213845e-07,3.529038e-06
-0.3,0.0464,3.293707e-06,92.61813,-1.504328e-07,3.290265e-06
-0.3,0.0468,2.538219e-06,97.42333,-3.279112e-07,2.516934e-06
-0.3,0.0472,3.66103e-06,85.748,2.714116e-07,3.650821e-06
-0.3,0.0476,2.996463e-06,79.72334,5.345642e-07,2.948367e-06
-0.3,0.048,3.240572e-06,85.15121,2.739429e-07,3.228977e-06
-0.3,0.0484,2.966349e-06,94.5782,-2.36772e-07,2.956761e-06
-0.3,0.0488,3.155691e-06,92.16133,-1.189894e-07,3.153428e-06
-0.3,0.0492,2.331571e-06,101.2575,-4.551541e-07,2.286689e-06
-0.3,0.0496,2.578519e-06,74.46505,6.905905e-07,2.484289e-06
-0.3,0.05,3.69947e-06,96.05568,-3.902669e-07,3.6788e-06
-0.3,0.0504,3.254435e-06,106.8528,-9.434893e-07,3.114653e-06
-0.3,0.0508,2.172796e-06,102.1098,-4.558246e-07,2.124404e-06
-0.3,0.0512,2.510642e-06,97.34246,-3.20848e-07,2.490017e-06
-0.3,0.0516,3.873696e-06,79.53188,7.037781e-07,3.809111e-06
-0.3,0.052,3.591567e-06,99.37541,-5.85068e-07,3.543561e-06
-0.3,0.0524,3.95015e-06,84.93221,3.492236e-07,3.934755e-06
-0.3,0.0528,3.166979e-06,91.42478,-7.875077e-08,3.16595e-06
-0.3,0.0532,4.015216e-06,89.21417,5.50244e-08,4.014702e-06
-0.3,0.0536,3.349229e-06,63.09858,1.515353e-06,2.98674e-06
-0.3,0.054,4.030114e-06,80.28886,6.797946e-07,3.972329e-06
-0.3,0.0544,3.561543e-06,67.80401,1.345474e-06,3.297597e-06
-0.3,0.0548,3.155138e-06,98.67121,-4.75673e-07,3.119051e-06
-0.3,0.0552,2.772454e-06,102.039,-5.78273e-07,2.711333e-06
-0.3,0.0556,3.388166e-06,99.3929,-5.529541e-07,3.34263e-06
-0.3,0.056,4.051538e-06,110.653,-1.429019e-06,3.791123e-06
-0.3,0.0564,2.624619e-06,107.1915,-7.757339e-07,2.50734e-06
-0.3,0.0568,2.905804e-06,103.6077,-6.836671e-07,2.824187e-06
-0.3,0.0572,3.261303e-06,112.3743,-1.241415e-06,3.015657e-06
-0.3,0.0576,2.015691e-06,147.0603,-1.691641e-06,1.096045e-06
-0.3,0.058,2.328285e-06,108.2432,-7.288344e-07,2.21114e-06
-0.3,0.0584,3.403013e-06,79.6193,6.131753e-07,3.347296e-06
-0.3,0.0588,2.86965e-06,109.6495,-9.649414e-07,2.702403e-06
-0.3,0.0592,3.176115e-06,112.9093,-1.236353e-06,2.925451e-06
-0.3,0.0596,2.569187e-06,95.86728,-2.626217e-07,2.555703e-06
-0.3,0.06,2.987734e-06,100.9231,-5.661472e-07,2.933576e-06
-0.3,0.0604,2.634331e-06,103.9172,-6.335657e-07,2.556905e-06
-0.3,0.0608,3.913706e-06,93.65618,-2.495627e-07,3.905709e-06
-0.3,0.0612,2.803685e-06,111.1469,-1.011438e-06,2.614863e-06
-0.3,0.0616,2.265812e-06,97.31448,-2.884715e-07,2.247249e-06
-0.3,0.062,3.597646e-06,110.4869,-1.259135e-06,3.370078e-06
-0.3,0.0624,3.145219e-06,82.8914,3.891941e-07,3.120917e-06
-0.3,0.0628,2.847572e-06,92.2575,-1.121945e-07,2.845242e-06
-0.3,0.0632,3.357265e-06,117.6868,-1.559861e-06,2.972753e-06
-0.3,0.0636,3.572696e-06,114.4531,-1.478852e-06,3.252161e-06
-0.3,0.064,2.804931e-06,104.7368,-7.135123e-07,2.712663e-06
-0.3,0.0644,2.307973e-06,101.3843,-4.555564e-07,2.262571e-06
-0.3,0.0648,1.890057e-06,119.0374,-9.173713e-07,1.652458e-06
-0.3,0.0652,3.009622e-06,115.3907,-1.290449e-06,2.718793e-06
-0.3,0.0656,1.686198e-06,96.24134,-1.833457e-07,1.676045e-06
-0.3,0.066,2.714389e-06,99.06068,-4.274435e-07,2.68042e-06
-0.3,0.0664,3.377672e-06,90.11745,-6.929039e-09,3.377538e-06
-0.3,0.0668,3.206379e-06,90.67173,-3.757886e-08,3.206061e-06
-0.3,0.0672,3.265405e-06,91.07333,-6.115995e-08,3.264818e-06
-0.3,0.0676,3.092307e-06,90.26389,-1.426041e-08,3.092134e-06
-0.3,0.068,3.499606e-06,99.72162,-5.909297e-07,3.449359e-06
-0.3,0.0684,3.331739e-06,108.2537,-1.043552e-06,3.16409e-06
-0.3,0.0688,3.613455e-06,94.73338,-2.982001e-07,3.600988e-06
-0.3,0.0692,3.402203e-06,85.1075,2.901982e-07,3.389798e-06
-0.3,0.0696,1.352872e-06,102.6702,-2.967305e-07,1.319887e-06
-0.3,0.07,2.408606e-06,119.5934,-1.189453e-06,2.094425e-06
-0.3,0.0704,4.104377e-06,79.93753,7.171053e-07,4.041217e-06
-0.3,0.0708,3.976883e-06,84.64852,3.709439e-07,3.959538e-06
-0.3,0.0712,2.866605e-06,100.5586,-5.252435e-07,2.818057e-06
-0.3,0.0716,3.204116e-06,95.92935,-3.309734e-07,3.186872e-06
-0.3,0.072,2.496046e-06,83.49943,2.826042e-07,2.479892e-06
-0.3,0.0724,2.845102e-06,81.22912,4.338305e-07,2.811798e-06
-0.3,0.0728,4.248227e-06,86.193,2.820678e-07,4.238812e-06
-0.3,0.0732,2.665529e-06,96.09502,-2.830065e-07,2.650441e-06
-0.3,0.0736,2.798041e-06,62.70659,1.282978e-06,2.486418e-06
-0.3,0.074,3.004057e-06,100.1468,-5.292389e-07,2.957029e-06
-0.3,0.0744,3.238404e-06,93.87169,-2.186503e-07,3.230972e-06
-0.3,0.0748,3.928726e-06,82.14391,5.369614e-07,3.891717e-06
-0.3,0.0752,3.117308e-06,102.8171,-6.915293e-07,3.039507e-06
-0.3,0.0756,3.779629e-06,95.74182,-3.781411e-07,3.760607e-06
-0.3,0.076,3.646798e-06,98.21135,-5.208458e-07,3.609381e-06
-0.3,0.0764,3.379628e-06,93.43107,-2.022609e-07,3.373542e-06
-0.3,0.0768,4.20952e-06,93.29032,-2.41572e-07,4.202574e-06
-0.3,0.0772,3.388384e-06,86.56848,2.027917e-07,3.382204e-06
-0.3,0.0776,3.594143e-06,94.59087,-2.876725e-07,3.582598e-06
-0.3,0.078,3.930782e-06,71.62037,1.239409e-06,3.730231e-06
-0.3,0.0784,3.800801e-06,85.32694,3.096498e-07,3.788055e-06
-0.3,0.0788,2.92672e-06,79.59482,5.285684e-07,2.878814e-06
-0.3,0.0792,3.763407e-06,106.549,-1.071933e-06,3.607515e-06
-0.3,0.0796,3.096951e-06,91.20272,-6.50268e-08,3.096135e-06
-0.3,0.08,3.106009e-06,86.06929,2.129171e-07,3.098001e-06
-0.3,0.0804,3.040814e-06,99.57474,-5.057863e-07,2.998335e-06
-0.3,0.0808,2.787826e-06,86.40807,1.746788e-07,2.78235e-06
-0.3,0.0812,3.443727e-06,98.78005,-5.256403e-07,3.403253e-06
-0.3,0.0816,3.051711e-06,66.75754,1.204233e-06,2.803936e-06
-0.3,0.082,3.057276e-06,82.9928,3.729388e-07,3.03431e-06
-0.3,0.0824,3.316216e-06,97.87532,-4.54355e-07,3.284934e-06
-0.3,0.0828,2.412311e-06,92.54207,-1.069977e-07,2.409808e-06
-0.3,0.0832,3.456048e-06,89.84538,9.326264e-09,3.45602e-06
-0.3,0.0836,2.677576e-06,80.69321,4.330314e-07,2.642311e-06
-0.3,0.084,3.233196e-06,103.7441,-7.681399e-07,3.140503e-06
-0.3,0.0844,3.053789e-06,75.02009,7.893182e-07,2.949966e-06
-0.3,0.0848,2.947775e-06,91.36227,-7.008947e-08,2.946903e-06
-0.3,0.0852,3.745649e-06,99.89984,-6.439592e-07,3.689859e-06
-0.3,0.0856,2.919735e-06,93.00575,-1.530982e-07,2.915589e-06
-0.3,0.086,3.651581e-06,99.84302,-6.242394e-07,3.597786e-06
-0.3,0.0864,2.964762e-06,80.56688,4.859268e-07,2.924652e-06
-0.3,0.0868,4.046145e-06,135.9576,-2.908403e-06,2.812726e-06
-0.3,0.0872,4.551004e-06,99.72315,-7.685422e-07,4.485446e-06
-0.3,0.0876,2.811832e-06,98.92254,-4.361048e-07,2.777684e-06
-0.3,0.088,3.144906e-06,98.00284,-4.37837e-07,3.114122e-06
-0.3,0.0884,2.694496e-06,89.50967,2.305023e-08,2.694278e-06
-0.3,0.0888,3.146572e-06,78.78003,6.122421e-07,3.086406e-06
-0.3,0.0892,2.503344e-06,72.916,7.353555e-07,2.392753e-06
-0.3,0.0896,2.308817e-06,80.6543,3.749392e-07,2.278162e-06
-0.3,0.09,3.325894e-06,92.97427,-1.725498e-07,3.321312e-06
-0.3,0.0904,3.294194e-06,93.79912,-2.182535e-07,3.286935e-06
-0.3,0.0908,3.671234e-06,94.12741,-2.642199e-07,3.661612e-06
-0.3,0.0912,3.288069e-06,80.5424,5.402918e-07,3.243366e-06
-0.3,0.0916,3.133602e-06,96.54864,-3.573596e-07,3.113055e-06
-0.3,0.092,3.316774e-06,88.13547,1.079253e-07,3.314919e-06
-0.3,0.0924,3.618719e-06,109.8951,-1.231424e-06,3.402722e-06
-0.3,0.0928,2.778572e-06,109.8243,-9.422879e-07,2.613801e-06
-0.3,0.0932,3.251329e-06,85.24913,2.69277e-07,3.240035e-06
-0.3,0.0936,3.602541e-06,108.728,-1.156674e-06,3.411781e-06
-0.3,0.094,3.016758e-06,105.5646,-8.094459e-07,2.906e-06
-0.3,0.0944,2.284957e-06,76.85109,5.197729e-07,2.225797e-06
-0.3,0.0948,2.544242e-06,95.80433,-2.572908e-07,2.531055e-06
-0.3,0.0952,3.156105e-06,87.83516,1.192465e-07,3.153825e-06
-0.3,0.0956,4.059227e-06,77.4246,8.837878e-07,3.961807e-06
-0.3,0.096,3.867069e-06,84.41247,3.765374e-07,3.848684e-06
-0.3,0.0964,3.37813e-06,102.9141,-7.549524e-07,3.292663e-06
-0.3,0.0968,3.438144e-06,95.20985,-3.121867e-07,3.423906e-06
-0.3,0.0972,3.753723e-06,96.86818,-4.488956e-07,3.726767e-06
-0.3,0.0976,3.064535e-06,112.9251,-1.193717e-06,2.822455e-06
-0.3,0.098,2.424012e-06,104.3473,-6.006583e-07,2.34838e-06
-0.3,0.0984,3.958012e-06,72.59777,1.183714e-06,3.776734e-06
-0.3,0.0988,3.533821e-06,89.02807,5.995854e-08,3.533698e-06
-0.3,0.0992,3.833927e-06,91.74127,-1.164581e-07,3.832161e-06
-0.3,0.0996,3.367681e-06,88.09088,1.121889e-07,3.36568e-06
-0.3,0.1,2.851171e-06,88.50046,7.501244e-08,2.850305e-06
-0.3,0.1004,3.079639e-06,109.6285,-1.034488e-06,2.900669e-06
-0.3,0.1008,2.785585e-06,99.31815,-4.510246e-07,2.748772e-06
-0.3,0.1012,4.542963e-06,92.05555,-1.629553e-07,4.53994e-06
-0.3,0.1016,3.43273e-06,94.97904,-2.979319e-07,3.419643e-06
-0.3,0.102,4.723224e-06,92.19084,-1.805461e-07,4.719682e-06
-0.3,0.1024,3.619439e-06,92.81079,-1.774784e-07,3.614975e-06
-0.3,0.1028,3.045212e-06,80.58961,4.979241e-07,3.004197e-06
-0.3,0.1032,3.116732e-06,96.07666,-3.299117e-07,3.099197e-06
-0.3,0.1036,4.004627e-06,98.78093,-6.113145e-07,3.957677e-06
-0.3,0.104,2.969674e-06,62.60868,1.366255e-06,2.636717e-06
-0.3,0.1044,3.787916e-06,91.44533,-9.553693e-08,3.786323e-06
-0.3,0.1048,3.29112e-06,100.5896,-6.047878e-07,3.234973e-06
-0.3,0.1052,3.21656e-06,73.84959,8.947178e-07,3.089603e-06
-0.3,0.1056,2.653604e-06,96.1714,-2.852752e-07,2.638181e-06
-0.3,0.106,3.46239e-06,114.4496,-1.433014e-06,3.15183e-06
-0.3,0.1064,3.957269e-06,88.16694,1.265779e-07,3.95514e-06
-0.3,0.1068,3.001403e-06,92.91919,-1.5283e-07,2.997402e-06
-0.3,0.1072,3.0958e-06,87.77265,1.203138e-07,3.093335e-06
-0.3,0.1076,4.093039e-06,99.23203,-6.566159e-07,4.040015e-06
-0.3,0.108,3.351453e-06,93.24311,-1.896042e-07,3.34596e-06
-0.3,0.1084,4.843879e-06,97.74964,-6.531514e-07,4.799628e-06
-0.3,0.1088,3.125729e-06,87.56633,1.327078e-07,3.122784e-06
-0.3,0.1092,4.644183e-06,91.16076,-9.407289e-08,4.643205e-06
-0.3,0.1096,3.50254e-06,105.8942,-9.592082e-07,3.368614e-06
-0.3,0.11,3.682544e-06,89.4712,3.437139e-08,3.682399e-06
-0.3,0.1104,4.252469e-06,89.12424,6.502121e-08,4.251871e-06
-0.3,0.1108,3.647938e-06,103.2678,-8.371621e-07,3.55049e-06
-0.3,0.1112,2.940483e-06,91.03093,-5.290098e-08,2.939974e-06
-0.3,0.1116,2.844108e-06,91.30676,-6.489269e-08,2.843242e-06
-0.3,0.112,3.700369e-06,89.3523,4.183687e-08,3.700118e-06
-0.3,0.1124,3.504596e-06,89.35274,3.956817e-08,3.504255e-06
-0.3,0.1128,2.971021e-06,116.2728,-1.315098e-06,2.664031e-06
-0.3,0.1132,3.63304e-06,105.2761,-9.572133e-07,3.504652e-06
-0.3,0.1136,3.313913e-06,86.69131,1.911967e-07,3.308253e-06
-0.3,0.114,2.788133e-06,90.8622,-4.197657e-08,2.787681e-06
-0.3,0.1144,2.560934e-06,103.369,-5.921311e-07,2.491481e-06
-0.3,0.1148,3.824137e-06,90.62539,-4.170835e-08,3.823902e-06
-0.3,0.1152,2.769911e-06,74.95802,7.188376e-07,2.674955e-06
-0.3,0.1156,3.342524e-06,102.4962,-7.232408e-07,3.26322e-06
-0.3,0.116,2.628983e-06,130.1342,-1.694569e-06,2.009946e-06
-0.3,0.1164,2.624748e-06,79.33781,4.856642e-07,2.579424e-06
-0.3,0.1168,3.610638e-06,83.73942,3.937259e-07,3.588996e-06
-0.3,0.1172,3.662779e-06,74.7422,9.638685e-07,3.533832e-06
-0.3,0.1176,3.070201e-06,86.32676,1.966618e-07,3.063758e-06
-0.3,0.118,3.303766e-06,79.94059,5.77066e-07,3.25296e-06
-0.3,0.1184,3.065144e-06,67.64359,1.165861e-06,2.834714e-06
-0.3,0.1188,4.113396e-06,80.38897,6.867237e-07,4.055606e-06
-0.3,0.1192,3.475952e-06,79.31158,6.446186e-07,3.415513e-06
-0.3,0.1196,4.303319e-06,84.016,4.484876e-07,4.278654e-06
-0.3,0.12,3.773633e-06,84.27959,3.761406e-07,3.75488e-06
-0.3,0.1204,3.16956e-06,67.72008,1.201702e-06,2.932911e-06
-0.3,0.1208,3.761149e-06,64.74425,1.604625e-06,3.401521e-06
-0.3,0.1212,3.823913e-06,90.12226,-8.130446e-09,3.823902e-06
-0.3,0.1216,3.209318e-06,103.4884,-7.485542e-07,3.120783e-06
-0.3,0.122,3.625106e-06,103.2546,-8.311662e-07,3.528501e-06
-0.3,0.1224,3.378203e-06,84.40198,3.295037e-07,3.361953e-06
-0.3,0.1228,3.756908e-06,80.52185,6.186403e-07,3.705583e-06
-0.3,0.1232,2.976603e-06,83.05312,3.600139e-07,2.954632e-06
-0.3,0.1236,2.801891e-06,93.77639,-1.845415e-07,2.795672e-06
-0.3,0.124,3.668613e-06,85.73052,2.731438e-07,3.658415e-06
-0.3,0.1244,3.34292e-06,108.1855,-1.043284e-06,3.175947e-06
-0.3,0.1248,2.413798e-06,128.6831,-1.508563e-06,1.884168e-06
-0.3,0.1252,3.381058e-06,81.734,4.860609e-07,3.345826e-06
-0.3,0.1256,2.287058e-06,99.85919,-3.916025e-07,2.253245e-06
-0.3,0.126,3.589343e-06,81.64745,5.213711e-07,3.551155e-06
-0.3,0.1264,3.538828e-06,95.2234,-3.221835e-07,3.524104e-06
-0.3,0.1268,3.400163e-06,84.70273,3.139134e-07,3.385534e-06
-0.3,0.1272,3.740848e-06,88.34047,1.083221e-07,3.739155e-06
-0.3,0.1276,3.401175e-06,90.77009,-4.570372e-08,3.400856e-06
-0.3,0.128,3.627866e-06,89.53502,2.944283e-08,3.627637e-06
-0.3,0.1284,3.444828e-06,97.32934,-4.394352e-07,3.416581e-06
-0.3,0.1288,4.252457e-06,95.61549,-4.161167e-07,4.232017e-06
-0.3,0.1292,2.152198e-06,71.65053,6.775315e-07,2.042725e-06
-0.3,0.1296,4.436898e-06,91.23551,-9.567104e-08,4.435747e-06
-0.3,0.13,3.468632e-06,92.53858,-1.536291e-07,3.465212e-06
-0.3,0.1304,3.65067e-06,96.55345,-4.166476e-07,3.626704e-06
-0.3,0.1308,4.038278e-06,89.84276,1.105852e-08,4.038155e-06
-0.3,0.1312,2.467118e-06,76.10328,5.925223e-07,2.394882e-06
-0.3,0.1316,3.575474e-06,94.09637,-2.554245e-07,3.566209e-06
-0.3,0.132,3.582431e-06,86.59077,2.130512e-07,3.576071e-06
-0.3,0.1324,2.628721e-06,81.81531,3.742743e-07,2.601938e-06
-0.3,0.1328,2.031354e-06,60.02801,1.014763e-06,1.759584e-06
-0.3,0.1332,3.210129e-06,97.7962,-4.354342e-07,3.180345e-06
-0.3,0.1336,4.118079e-06,95.20898,-3.738775e-07,4.101041e-06
-0.3,0.134,3.576932e-06,112.9019,-1.391977e-06,3.294931e-06
-0.3,0.1344,2.863436e-06,124.2438,-1.611292e-06,2.367038e-06
-0.3,0.1348,3.348905e-06,112.4202,-1.277256e-06,3.095733e-06
-0.3,0.1352,3.054242e-06,119.5051,-1.504166e-06,2.658035e-06
-0.3,0.1356,2.314109e-06,139.5767,-1.761591e-06,1.500433e-06
-0.3,0.136,2.529608e-06,136.0498,-1.821152e-06,1.755589e-06
-0.3,0.1364,2.496628e-06,140.5353,-1.927345e-06,1.586772e-06
-0.3,0.1368,2.832172e-06,120.0222,-1.417027e-06,2.452176e-06
-0.3,0.1372,2.847824e-06,127.846,-1.747202e-06,2.248719e-06
-0.3,0.1376,2.131182e-06,145.6415,-1.759327e-06,1.202769e-06
-0.3,0.138,2.867778e-06,125.7454,-1.675251e-06,2.327464e-06
-0.3,0.1384,3.39614e-06,124.5835,-1.927608e-06,2.79594e-06
-0.3,0.1388,2.855362e-06,148.7456,-2.440854e-06,1.481378e-06
-0.3,0.1392,3.536961e-06,123.3474,-1.944266e-06,2.954497e-06
-0.3,0.1396,1.841045e-06,128.8168,-1.154009e-06,1.434478e-06
-0.3,0.14,2.700805e-06,126.2611,-1.597439e-06,2.177696e-06
-0.3,0.1404,2.808446e-06,134.2775,-1.960655e-06,2.010745e-06
-0.3,0.1408,3.765055e-06,149.1809,-3.23338e-06,1.928938e-06
-0.3,0.1412,3.671603e-06,169.5957,-3.611119e-06,6.630085e-07
-0.3,0.1416,3.885073e-06,133.6992,-2.684025e-06,2.808731e-06
-0.3,0.142,3.804858e-06,177.756,-3.801919e-06,1.489631e-07
-0.3,0.1424,4.606833e-06,172.0013,-4.561929e-06,6.410256e-07
-0.3,0.1428,3.976436e-06,172.3607,-3.941025e-06,5.285684e-07
-0.3,0.1432,3.877921e-06,179.7837,-3.87787e-06,1.465156e-08
-0.3,0.1436,3.895897e-06,-164.2674,-3.749957e-06,-1.056343e-06
-0.3,0.144,5.55752e-06,178.5234,-5.555648e-06,1.432299e-07
-0.3,0.1444,4.048515e-06,-167.1701,-3.947418e-06,-8.98987e-07
-0.3,0.1448,4.326308e-06,-179.2091,-4.325827e-06,-5.969591e-08
-0.3,0.1452,5.05802e-06,-167.6639,-4.941137e-06,-1.080594e-06
-0.3,0.1456,4.368949e-06,179.1752,-4.368463e-06,6.288662e-08
-0.3,0.146,3.471421e-06,176.5448,-3.465084e-06,2.091843e-07
-0.3,0.1464,4.169639e-06,-176.6659,-4.162475e-06,-2.425052e-07
-0.3,0.1468,3.86394e-06,-166.668,-3.759685e-06,-8.909907e-07
-0.3,0.1472,5.148114e-06,-161.5291,-4.882777e-06,-1.631012e-06
-0.3,0.1476,4.343977e-06,-176.2837,-4.334757e-06,-2.815425e-07
-0.3,0.148,4.300659e-06,-160.833,-4.062144e-06,-1.411965e-06
-0.3,0.1484,6.530134e-06,-157.4165,-6.02932e-06,-2.507479e-06
-0.3,0.1488,5.803423e-06,-173.3088,-5.763771e-06,-6.762016e-07
-0.3,0.1492,6.432004e-06,-160.418,-6.059965e-06,-2.155719e-06
-0.3,0.1496,6.469985e-06,-163.8321,-6.213996e-06,-1.801561e-06
-0.3,0.15,6.589751e-06,-169.3041,-6.475148e-06,-1.223025e-06
-0.3,0.1504,5.933409e-06,-168.476,-5.813738e-06,-1.185318e-06
-0.3,0.1508,7.696107e-06,-160.9799,-7.275933e-06,-2.508144e-06
-0.3,0.1512,6.45483e-06,-158.5325,-6.006935e-06,-2.362243e-06
-0.3,0.1516,6.218165e-06,-163.0235,-5.947111e-06,-1.815553e-06
-0.3,0.152,7.38416e-06,-150.3304,-6.415989e-06,-3.65509e-06
-0.3,0.1524,9.498964e-06,-160.1101,-8.932258e-06,-3.231648e-06
-0.3,0.1528,9.482581e-06,-151.5146,-8.334271e-06,-4.52236e-06
-0.3,0.1532,1.018145e-05,-147.2577,-8.563712e-06,-5.506748e-06
-0.3,0.1536,1.176567e-05,-146.0957,-9.764883e-06,-6.562421e-06
-0.3,0.154,1.248167e-05,-147.7245,-1.055314e-05,-6.665015e-06
-0.3,0.1544,1.175431e-05,-141.6762,-9.221395e-06,-7.288858e-06
-0.3,0.1548,1.16052e-05,-143.6291,-9.344374e-06,-6.881933e-06
-0.3,0.1552,1.467223e-05,-139.4969,-1.115632e-05,-9.529447e-06
-0.3,0.1556,1.444665e-05,-138.6988,-1.085307e-05,-9.535046e-06
-0.3,0.156,1.613272e-05,-135.2618,-1.145958e-05,-1.135526e-05
-0.3,0.1564,1.698592e-05,-136.4178,-1.230433e-05,-1.170994e-05
-0.3,0.1568,1.775507e-05,-135.0442,-1.256442e-05,-1.254497e-05
-0.3,0.1572,1.966659e-05,-131.2517,-1.296748e-05,-1.478569e-05
-0.3,0.1576,2.126004e-05,-131.0052,-1.394934e-05,-1.60439e-05
-0.3,0.158,2.175571e-05,-129.4332,-1.381876e-05,-1.680338e-05
-0.3,0.1584,2.406341e-05,-130.8849,-1.57505e-05,-1.819255e-05
-0.3,0.1588,2.700373e-05,-127.1509,-1.630798e-05,-2.152319e-05
-0.3,0.1592,2.877877e-05,-126.656,-1.718125e-05,-2.308732e-05
-0.3,0.1596,3.011864e-05,-126.0876,-1.774059e-05,-2.433939e-05
-0.3,0.16,3.09254e-05,-125.7447,-1.806584e-05,-2.509993e-05
-0.3,0.1604,3.691313e-05,-122.2628,-1.970431e-05,-3.1214e-05
-0.3,0.1608,4.007556e-05,-122.7193,-2.16619e-05,-3.371668e-05
-0.3,0.1612,4.116234e-05,-120.8137,-2.108536e-05,-3.535168e-05
-0.3,0.1616,4.56981e-05,-121.0715,-2.358511e-05,-3.914148e-05
-0.3,0.162,5.331331e-05,-119.2811,-2.607606e-05,-4.650188e-05
-0.3,0.1624,5.609004e-05,-118.7816,-2.700582e-05,-4.916072e-05
-0.3,0.1628,5.757607e-05,-119.0602,-2.796636e-05,-5.032778e-05
-0.3,0.1632,6.219335e-05,-118.0113,-2.920884e-05,-5.49077e-05
-0.3,0.1636,7.004603e-05,-115.4438,-3.00937e-05,-6.325209e-05
-0.3,0.164,7.7378e-05,-115.2023,-3.29488e-05,-7.001237e-05
-0.3,0.1644,7.907789e-05,-115.3591,-3.386843e-05,-7.145804e-05
-0.3,0.1648,8.256189e-05,-115.4371,-3.546214e-05,-7.455818e-05
-0.3,0.1652,8.948655e-05,-114.7834,-3.751193e-05,-8.124478e-05
-0.3,0.1656,9.339648e-05,-114.6994,-3.902649e-05,-8.48519e-05
-0.3,0.166,9.507298e-05,-115.0036,-4.018529e-05,-8.616233e-05
-0.3,0.1664,9.620939e-05,-114.5855,-4.002806e-05,-8.748729e-05
-0.3,0.1668,0.0001015326,-113.1206,-3.986871e-05,-9.337764e-05
-0.3,0.1672,0.0001070049,-112.6424,-4.119473e-05,-9.875767e-05
-0.3,0.1676,0.0001077167,-112.8769,-4.187533e-05,-9.9244e-05
-0.3,0.168,0.0001102317,-112.7519,-4.263147e-05,-0.0001016544
-0.3,0.1684,0.0001159498,-112.0559,-4.353991e-05,-0.0001074654
-0.3,0.1688,0.0001188449,-112.3212,-4.513735e-05,-0.0001099398
-0.3,0.1692,0.0001220193,-112.3048,-4.631067e-05,-0.0001128896
-0.3,0.1696,0.0001215167,-112.001,-4.552308e-05,-0.0001126677
-0.3,0.17,0.000121615,-112.2757,-4.610002e-05,-0.0001125391
-0.3,0.1704,0.0001214858,-112.2542,-4.600875e-05,-0.0001124367
-0.3,0.1708,0.0001208982,-112.5394,-4.634279e-05,-0.0001116635
-0.3,0.1712,0.0001226051,-112.0869,-4.610122e-05,-0.0001136077
-0.3,0.1716,0.0001188001,-112.5093,-4.548085e-05,-0.0001097497
-0.3,0.172,0.0001124748,-113.2853,-4.446248e-05,-0.0001033136
-0.3,0.1724,0.0001103722,-113.7006,-4.436508e-05,-0.0001010639
-0.3,0.1728,0.0001066499,-113.2262,-4.20588e-05,-9.800658e-05
-0.3,0.1732,9.921918e-05,-114.1913,-4.065856e-05,-9.050601e-05
-0.3,0.1736,8.645199e-05,-116.0297,-3.793843e-05,-7.768297e-05
-0.3,0.174,7.908907e-05,-116.0772,-3.476622e-05,-7.103807e-05
-0.3,0.1744,7.621479e-05,-116.894,-3.447522e-05,-6.797178e-05
-0.3,0.1748,6.605168e-05,-117.5557,-3.055631e-05,-5.855892e-05
-0.3,0.1752,5.527791e-05,-119.8018,-2.747324e-05,-4.79674e-05
-0.3,0.1756,4.958343e-05,-120.893,-2.545795e-05,-4.254887e-05
-0.3,0.176,4.781339e-05,-122.1252,-2.542584e-05,-4.049254e-05
-0.3,0.1764,4.413804e-05,-121.9342,-2.334661e-05,-3.745797e-05
-0.3,0.1768,4.068348e-05,-123.9204,-2.270305e-05,-3.375971e-05
-0.3,0.1772,3.850126e-05,-124.3524,-2.172599e-05,-3.178654e-05
-0.3,0.1776,3.974105e-05,-123.5585,-2.196835e-05,-3.311708e-05
-0.3,0.178,4.199453e-05,-123.3972,-2.311556e-05,-3.506015e-05
-0.3,0.1784,4.331328e-05,-122.4148,-2.321789e-05,-3.656458e-05
-0.3,0.1788,4.57822e-05,-122.5439,-2.462839e-05,-3.859345e-05
-0.3,0.1792,4.464575e-05,-123.1779,-2.443199e-05,-3.736736e-05
-0.3,0.1796,4.392104e-05,-123.0365,-2.394459e-05,-3.682e-05
-0.3,0.18,4.110102e-05,-121.747,-2.162605e-05,-3.495156e-05
-0.3,0.1804,4.034527e-05,-123.1739,-2.207628e-05,-3.376957e-05
-0.3,0.1808,4.057945e-05,-124.4461,-2.295301e-05,-3.346418e-05
-0.3,0.1812,3.884429e-05,-123.7689,-2.159141e-05,-3.229072e-05
-0.3,0.1816,3.525227e-05,-126.0017,-2.072161e-05,-2.851905e-05
-0.3,0.182,3.323555e-05,-128.6372,-2.075185e-05,-2.596081e-05
-0.3,0.1824,3.177119e-05,-127.7811,-1.946448e-05,-2.511059e-05
-0.3,0.1828,2.918658e-05,-128.8608,-1.83126e-05,-2.272677e-05
-0.3,0.1832,2.788826e-05,-129.2381,-1.764053e-05,-2.160008e-05
-0.3,0.1836,2.512242e-05,-129.2946,-1.591026e-05,-1.944223e-05
-0.3,0.184,2.493389e-05,-130.8512,-1.630918e-05,-1.886023e-05
-0.3,0.1844,2.502726e-05,-130.5694,-1.627694e-05,-1.901119e-05
-0.3,0.1848,2.738041e-05,-132.4921,-1.849514e-05,-2.018945e-05
-0.3,0.1852,3.070005e-05,-131.6244,-2.039237e-05,-2.294875e-05
-0.3,0.1856,3.071459e-05,-129.4636,-1.952177e-05,-2.371249e-05
-0.3,0.186,2.99588e-05,-128.3631,-1.859374e-05,-2.349051e-05
-0.3,0.1864,2.887752e-05,-130.4233,-1.872498e-05,-2.198368e-05
-0.3,0.1868,2.672152e-05,-129.7113,-1.707292e-05,-2.055613e-05
-0.3,0.1872,2.700089e-05,-130.2884,-1.745972e-05,-2.059623e-05
-0.3,0.1876,2.402987e-05,-131.6468,-1.596888e-05,-1.795618e-05
-0.3,0.188,1.9688e-05,-136.2736,-1.422754e-05,-1.360864e-05
-0.3,0.1884,1.564307e-05,-137.7789,-1.15847e-05,-1.05121e-05
-0.3,0.1888,1.184536e-05,-147.0935,-9.944764e-06,-6.435178e-06
-0.3,0.1892,1.25567e-05,-146.0427,-1.041524e-05,-7.013842e-06
-0.3,0.1896,9.058669e-06,-147.1326,-7.608633e-06,-4.916086e-06
-0.3,0.19,7.650213e-06,-148.7158,-6.537906e-06,-3.972603e-06
-0.3,0.1904,6.513442e-06,-157.8081,-6.030919e-06,-2.460177e-06
-0.3,0.1908,5.436021e-06,-142.5953,-4.318099e-06,-3.302e-06
-0.3,0.1912,4.545958e-06,-165.5249,-4.401639e-06,-1.136289e-06
-0.3,0.1916,3.86656e-06,-174.7424,-3.850288e-06,-3.542918e-07
-0.3,0.192,3.063898e-06,-173.4998,-3.044173e-06,-3.468319e-07
-0.3,0.1924,3.458758e-06,-173.6432,-3.437373e-06,-3.829412e-07
-0.3,0.1928,3.131942e-06,-174.4408,-3.11719e-06,-3.033913e-07
-0.3,0.1932,1.778086e-06,163.6913,-1.706426e-06,4.99254e-07
-0.3,0.1936,1.742172e-06,100.3588,-3.13254e-07,1.713752e-06
-0.3,0.194,2.646904e-06,115.7618,-1.15041e-06,2.383824e-06
-0.3,0.1944,1.997899e-06,105.5873,-5.368329e-07,1.924406e-06
-0.3,0.1948,2.454131e-06,115.5091,-1.056874e-06,2.214873e-06
-0.3,0.1952,1.833502e-06,104.2892,-4.524942e-07,1.776773e-06
-0.3,0.1956,1.828132e-06,107.1819,-5.400292e-07,1.746531e-06
-0.3,0.196,1.368055e-06,116.4804,-6.099846e-07,1.224489e-06
-0.3,0.1964,8.470248e-07,90.05319,-8.046627e-10,8.468795e-07
-0.3,0.1968,3.086367e-06,103.9753,-7.453579e-07,2.995004e-06
-0.3,0.1972,2.533776e-06,106.1744,-7.057841e-07,2.433389e-06
-0.3,0.1976,2.422001e-06,120.0196,-1.211704e-06,2.09709e-06
-0.3,0.198,2.818325e-06,104.7272,-7.164459e-07,2.725722e-06
-0.3,0.1984,2.598602e-06,94.48727,-2.033282e-07,2.590483e-06
-0.3,0.1988,2.187889e-06,57.97276,1.160267e-06,1.854853e-06
-0.3,0.1992,2.357354e-06,41.5513,1.764116e-06,1.563588e-06
-0.3,0.1996,1.980381e-06,86.49723,1.208446e-07,1.976368e-06
-0.3,0.2,2.804154e-06,93.15699,-1.544281e-07,2.799807e-06
