"Frequency, Hz","SA, V, 23mK","SA, V, 137mK","SA, V, 191mK","SA, V, 295mK","SA, V, 398mK","SA, V, 496mK","SA, V, 606mK","SA, V, 4230mK"
838600.00,0.000000443164,0.000000422467,0.000000422651,0.000000432870,0.000000415434,0.000000414346,0.000000438952,0.000000443164
838650.00,0.000000454311,0.000000425505,0.000000420607,0.000000418150,0.000000427918,0.000000431348,0.000000421600,0.000000454311
838700.00,0.000000445559,0.000000438931,0.000000434453,0.000000427463,0.000000424566,0.000000413991,0.000000433571,0.000000445559
838750.00,0.000000444206,0.000000432791,0.000000424434,0.000000419408,0.000000432638,0.000000430696,0.000000428724,0.000000444206
838800.00,0.000000430467,0.000000419606,0.000000418722,0.000000425199,0.000000425183,0.000000421382,0.000000420080,0.000000430467
838850.00,0.000000432539,0.000000422895,0.000000418044,0.000000437143,0.000000435227,0.000000432952,0.000000418934,0.000000432539
838900.00,0.000000441348,0.000000436888,0.000000420545,0.000000417184,0.000000412502,0.000000418069,0.000000435232,0.000000441348
838950.00,0.000000439377,0.000000422269,0.000000419805,0.000000420691,0.000000408897,0.000000417098,0.000000424825,0.000000439377
839000.00,0.000000448949,0.000000428259,0.000000422327,0.000000425994,0.000000427795,0.000000419909,0.000000419290,0.000000448949
839050.00,0.000000432834,0.000000423569,0.000000422819,0.000000429216,0.000000422625,0.000000436888,0.000000414981,0.000000432834
839100.00,0.000000449578,0.000000415338,0.000000442285,0.000000421437,0.000000430995,0.000000437229,0.000000431952,0.000000449578
839150.00,0.000000433846,0.000000413841,0.000000431051,0.000000423510,0.000000420974,0.000000421964,0.000000422524,0.000000433846
839200.00,0.000000448835,0.000000431262,0.000000416164,0.000000421481,0.000000410017,0.000000428894,0.000000429051,0.000000448835
839250.00,0.000000445256,0.000000417733,0.000000424249,0.000000420549,0.000000431029,0.000000416674,0.000000435283,0.000000445256
839300.00,0.000000452950,0.000000417894,0.000000417126,0.000000437226,0.000000435980,0.000000421717,0.000000423721,0.000000452950
839350.00,0.000000445356,0.000000428331,0.000000420109,0.000000430448,0.000000432010,0.000000444391,0.000000429250,0.000000445356
839400.00,0.000000444144,0.000000442465,0.000000424280,0.000000413980,0.000000440215,0.000000416073,0.000000439663,0.000000444144
839450.00,0.000000443570,0.000000429900,0.000000427013,0.000000434133,0.000000419925,0.000000424766,0.000000434810,0.000000443570
839500.00,0.000000446272,0.000000436736,0.000000445167,0.000000423136,0.000000429412,0.000000423411,0.000000442143,0.000000446272
839550.00,0.000000454753,0.000000419397,0.000000421086,0.000000415235,0.000000422854,0.000000428116,0.000000422236,0.000000454753
839600.00,0.000000432247,0.000000424585,0.000000422119,0.000000415463,0.000000432615,0.000000417864,0.000000420404,0.000000432247
839650.00,0.000000442229,0.000000419864,0.000000424082,0.000000433254,0.000000437472,0.000000407542,0.000000437533,0.000000442229
839700.00,0.000000450075,0.000000433272,0.000000425063,0.000000418555,0.000000434090,0.000000421723,0.000000416454,0.000000450075
839750.00,0.000000446163,0.000000422413,0.000000413194,0.000000424072,0.000000434587,0.000000422843,0.000000426731,0.000000446163
839800.00,0.000000451287,0.000000443898,0.000000417017,0.000000426039,0.000000426687,0.000000424860,0.000000425466,0.000000451287
839850.00,0.000000444934,0.000000439719,0.000000426056,0.000000426988,0.000000427623,0.000000419729,0.000000428159,0.000000444934
839900.00,0.000000448415,0.000000437377,0.000000422395,0.000000423475,0.000000413194,0.000000429263,0.000000417029,0.000000448415
839950.00,0.000000432332,0.000000440634,0.000000424186,0.000000428001,0.000000415775,0.000000410730,0.000000422872,0.000000432332
840000.00,0.000000437084,0.000000428182,0.000000431771,0.000000425102,0.000000425072,0.000000439999,0.000000424557,0.000000437084
840050.00,0.000000443278,0.000000429904,0.000000430535,0.000000427274,0.000000428320,0.000000422224,0.000000440571,0.000000443278
840100.00,0.000000445384,0.000000432735,0.000000429229,0.000000418951,0.000000428143,0.000000432220,0.000000416065,0.000000445384
840150.00,0.000000437451,0.000000416948,0.000000429477,0.000000425125,0.000000429218,0.000000431335,0.000000427506,0.000000437451
840200.00,0.000000447231,0.000000421941,0.000000427980,0.000000435540,0.000000423661,0.000000432137,0.000000438054,0.000000447231
840250.00,0.000000459444,0.000000427111,0.000000439450,0.000000418608,0.000000417021,0.000000419838,0.000000435794,0.000000459444
840300.00,0.000000448113,0.000000424589,0.000000435425,0.000000420307,0.000000438850,0.000000413722,0.000000425004,0.000000448113
840350.00,0.000000451503,0.000000432213,0.000000437725,0.000000426640,0.000000425601,0.000000421522,0.000000427270,0.000000451503
840400.00,0.000000440421,0.000000432191,0.000000426037,0.000000439865,0.000000432831,0.000000438328,0.000000424930,0.000000440421
840450.00,0.000000451375,0.000000423806,0.000000424164,0.000000420694,0.000000434819,0.000000426492,0.000000412239,0.000000451375
840500.00,0.000000460294,0.000000430905,0.000000433705,0.000000436095,0.000000435533,0.000000425334,0.000000422402,0.000000460294
840550.00,0.000000448112,0.000000424870,0.000000446757,0.000000431575,0.000000420818,0.000000434745,0.000000420872,0.000000448112
840600.00,0.000000451617,0.000000427132,0.000000425250,0.000000425159,0.000000432171,0.000000428785,0.000000444719,0.000000451617
840650.00,0.000000452583,0.000000416637,0.000000440605,0.000000428649,0.000000423542,0.000000441648,0.000000427694,0.000000452583
840700.00,0.000000456714,0.000000429949,0.000000424099,0.000000421060,0.000000427633,0.000000432302,0.000000412119,0.000000456714
840750.00,0.000000468701,0.000000419545,0.000000428958,0.000000428375,0.000000430693,0.000000427296,0.000000445807,0.000000468701
840800.00,0.000000439437,0.000000440832,0.000000444141,0.000000434829,0.000000429699,0.000000422308,0.000000435941,0.000000439437
840850.00,0.000000460000,0.000000424566,0.000000416203,0.000000427056,0.000000428929,0.000000420866,0.000000431180,0.000000460000
840900.00,0.000000461459,0.000000449324,0.000000443875,0.000000428915,0.000000438203,0.000000427438,0.000000432579,0.000000461459
840950.00,0.000000460315,0.000000445303,0.000000426842,0.000000428519,0.000000426347,0.000000425289,0.000000435088,0.000000460315
841000.00,0.000000452304,0.000000440062,0.000000433298,0.000000433224,0.000000434535,0.000000430529,0.000000441262,0.000000452304
841050.00,0.000000451904,0.000000430563,0.000000420887,0.000000436587,0.000000427143,0.000000435537,0.000000435959,0.000000451904
841100.00,0.000000449663,0.000000431999,0.000000444247,0.000000428328,0.000000417826,0.000000442726,0.000000433040,0.000000449663
841150.00,0.000000446320,0.000000426834,0.000000421213,0.000000433289,0.000000439587,0.000000433431,0.000000416788,0.000000446320
841200.00,0.000000464376,0.000000433674,0.000000440554,0.000000435039,0.000000423409,0.000000434773,0.000000435832,0.000000464376
841250.00,0.000000464553,0.000000440731,0.000000425963,0.000000442009,0.000000442096,0.000000440204,0.000000441782,0.000000464553
841300.00,0.000000440642,0.000000434017,0.000000424463,0.000000435650,0.000000428990,0.000000430439,0.000000437178,0.000000440642
841350.00,0.000000436592,0.000000435975,0.000000433582,0.000000431903,0.000000430079,0.000000426338,0.000000443381,0.000000436592
841400.00,0.000000452526,0.000000445776,0.000000429654,0.000000426691,0.000000450107,0.000000435518,0.000000417459,0.000000452526
841450.00,0.000000446285,0.000000446598,0.000000438908,0.000000417990,0.000000414997,0.000000429925,0.000000439040,0.000000446285
841500.00,0.000000462213,0.000000433367,0.000000450453,0.000000440046,0.000000422728,0.000000427598,0.000000428720,0.000000462213
841550.00,0.000000442989,0.000000438456,0.000000421175,0.000000424594,0.000000422492,0.000000423599,0.000000428219,0.000000442989
841600.00,0.000000449888,0.000000428018,0.000000429366,0.000000425512,0.000000414890,0.000000433182,0.000000432502,0.000000449888
841650.00,0.000000460278,0.000000437331,0.000000426773,0.000000441129,0.000000432224,0.000000439253,0.000000422489,0.000000460278
841700.00,0.000000454845,0.000000442628,0.000000422217,0.000000430479,0.000000433824,0.000000431592,0.000000435571,0.000000454845
841750.00,0.000000455346,0.000000420344,0.000000446838,0.000000432974,0.000000428785,0.000000438955,0.000000433596,0.000000455346
841800.00,0.000000464549,0.000000421655,0.000000419918,0.000000422806,0.000000423692,0.000000435542,0.000000433338,0.000000464549
841850.00,0.000000446603,0.000000421286,0.000000422422,0.000000424745,0.000000428746,0.000000430201,0.000000422760,0.000000446603
841900.00,0.000000464918,0.000000429407,0.000000428679,0.000000429833,0.000000426834,0.000000440412,0.000000429827,0.000000464918
841950.00,0.000000450845,0.000000432269,0.000000447110,0.000000441042,0.000000446777,0.000000432339,0.000000427888,0.000000450845
842000.00,0.000000443425,0.000000430822,0.000000439265,0.000000430392,0.000000433038,0.000000414833,0.000000429022,0.000000443425
842050.00,0.000000439422,0.000000440256,0.000000440016,0.000000417611,0.000000436785,0.000000428213,0.000000419048,0.000000439422
842100.00,0.000000443792,0.000000426644,0.000000444815,0.000000429167,0.000000420987,0.000000435513,0.000000432150,0.000000443792
842150.00,0.000000469687,0.000000437576,0.000000439472,0.000000427436,0.000000446417,0.000000451876,0.000000435560,0.000000469687
842200.00,0.000000455865,0.000000435270,0.000000438954,0.000000424993,0.000000429516,0.000000437257,0.000000442150,0.000000455865
842250.00,0.000000448977,0.000000430507,0.000000437352,0.000000434945,0.000000425819,0.000000421367,0.000000435194,0.000000448977
842300.00,0.000000454880,0.000000432424,0.000000432437,0.000000429254,0.000000429240,0.000000438601,0.000000440706,0.000000454880
842350.00,0.000000468896,0.000000435588,0.000000431142,0.000000432964,0.000000428151,0.000000432774,0.000000422290,0.000000468896
842400.00,0.000000449077,0.000000428598,0.000000445766,0.000000431319,0.000000436426,0.000000428696,0.000000426063,0.000000449077
842450.00,0.000000457390,0.000000445364,0.000000438489,0.000000436590,0.000000430496,0.000000425654,0.000000428364,0.000000457390
842500.00,0.000000441258,0.000000429344,0.000000424551,0.000000421601,0.000000430187,0.000000427539,0.000000436076,0.000000441258
842550.00,0.000000456759,0.000000418126,0.000000424191,0.000000426675,0.000000429690,0.000000420126,0.000000433515,0.000000456759
842600.00,0.000000451160,0.000000428358,0.000000437930,0.000000427758,0.000000428702,0.000000419161,0.000000432509,0.000000451160
842650.00,0.000000446202,0.000000447297,0.000000422100,0.000000429626,0.000000426071,0.000000447735,0.000000438415,0.000000446202
842700.00,0.000000447681,0.000000431105,0.000000431135,0.000000431291,0.000000441885,0.000000436465,0.000000416966,0.000000447681
842750.00,0.000000438201,0.000000438405,0.000000421688,0.000000433813,0.000000429526,0.000000431865,0.000000425693,0.000000438201
842800.00,0.000000446903,0.000000423082,0.000000430124,0.000000432509,0.000000438768,0.000000439231,0.000000426237,0.000000446903
842850.00,0.000000436837,0.000000435850,0.000000431424,0.000000424290,0.000000422343,0.000000424943,0.000000426554,0.000000436837
842900.00,0.000000444836,0.000000423505,0.000000437052,0.000000426423,0.000000424040,0.000000426996,0.000000418762,0.000000444836
842950.00,0.000000468322,0.000000429756,0.000000425518,0.000000424623,0.000000422532,0.000000425660,0.000000429147,0.000000468322
843000.00,0.000000436719,0.000000434003,0.000000427064,0.000000426701,0.000000430278,0.000000416858,0.000000422657,0.000000436719
843050.00,0.000000458700,0.000000410868,0.000000427493,0.000000428647,0.000000428591,0.000000428846,0.000000430994,0.000000458700
843100.00,0.000000432852,0.000000447836,0.000000448077,0.000000430982,0.000000445394,0.000000424742,0.000000434496,0.000000432852
843150.00,0.000000455596,0.000000430860,0.000000429169,0.000000419528,0.000000448313,0.000000434240,0.000000418811,0.000000455596
843200.00,0.000000445010,0.000000443556,0.000000428348,0.000000417179,0.000000426482,0.000000419840,0.000000406692,0.000000445010
843250.00,0.000000442881,0.000000413152,0.000000426943,0.000000425732,0.000000438154,0.000000428085,0.000000422556,0.000000442881
843300.00,0.000000452792,0.000000432650,0.000000417096,0.000000421910,0.000000424087,0.000000428009,0.000000428960,0.000000452792
843350.00,0.000000446318,0.000000431001,0.000000429815,0.000000435791,0.000000421539,0.000000418548,0.000000415396,0.000000446318
843400.00,0.000000444976,0.000000429746,0.000000423130,0.000000430658,0.000000425801,0.000000424055,0.000000422369,0.000000444976
843450.00,0.000000448858,0.000000437295,0.000000421239,0.000000426726,0.000000434329,0.000000427905,0.000000429466,0.000000448858
843500.00,0.000000457556,0.000000426400,0.000000430409,0.000000422104,0.000000419068,0.000000404241,0.000000434137,0.000000457556
843550.00,0.000000460017,0.000000428393,0.000000428920,0.000000424477,0.000000442445,0.000000425654,0.000000426961,0.000000460017
843600.00,0.000000444850,0.000000426027,0.000000437818,0.000000435263,0.000000450155,0.000000424543,0.000000448569,0.000000444850
843650.00,0.000000445462,0.000000438921,0.000000433597,0.000000429703,0.000000420757,0.000000427275,0.000000430507,0.000000445462
843700.00,0.000000452375,0.000000434455,0.000000428748,0.000000424922,0.000000446612,0.000000428263,0.000000416341,0.000000452375
843750.00,0.000000450902,0.000000419415,0.000000427420,0.000000423764,0.000000428390,0.000000428914,0.000000428445,0.000000450902
843800.00,0.000000444777,0.000000435703,0.000000424774,0.000000422386,0.000000427337,0.000000415332,0.000000421491,0.000000444777
843850.00,0.000000443302,0.000000423593,0.000000443999,0.000000424114,0.000000427841,0.000000440306,0.000000435178,0.000000443302
843900.00,0.000000449269,0.000000427208,0.000000431490,0.000000415602,0.000000420994,0.000000423341,0.000000429532,0.000000449269
843950.00,0.000000440466,0.000000431847,0.000000421327,0.000000432510,0.000000416527,0.000000429545,0.000000434363,0.000000440466
844000.00,0.000000448628,0.000000427954,0.000000432093,0.000000426151,0.000000421389,0.000000416900,0.000000434375,0.000000448628
844050.00,0.000000447401,0.000000439832,0.000000427932,0.000000428414,0.000000414164,0.000000423686,0.000000425044,0.000000447401
844100.00,0.000000436746,0.000000438612,0.000000419085,0.000000425133,0.000000423333,0.000000425760,0.000000428935,0.000000436746
844150.00,0.000000453455,0.000000431785,0.000000427903,0.000000423928,0.000000427906,0.000000416123,0.000000432772,0.000000453455
844200.00,0.000000449509,0.000000425533,0.000000434468,0.000000431704,0.000000430928,0.000000438373,0.000000428643,0.000000449509
844250.00,0.000000453846,0.000000420539,0.000000421076,0.000000428733,0.000000431458,0.000000418637,0.000000429176,0.000000453846
844300.00,0.000000447093,0.000000438149,0.000000436866,0.000000433624,0.000000417941,0.000000416404,0.000000428391,0.000000447093
844350.00,0.000000453022,0.000000428282,0.000000434994,0.000000423456,0.000000420987,0.000000424461,0.000000427355,0.000000453022
844400.00,0.000000443061,0.000000432697,0.000000423545,0.000000433537,0.000000432990,0.000000442486,0.000000406612,0.000000443061
844450.00,0.000000451026,0.000000414337,0.000000444880,0.000000423926,0.000000413491,0.000000423826,0.000000442660,0.000000451026
844500.00,0.000000440454,0.000000417642,0.000000423887,0.000000415084,0.000000431162,0.000000427691,0.000000417505,0.000000440454
844550.00,0.000000454711,0.000000432534,0.000000431805,0.000000435662,0.000000430305,0.000000427401,0.000000417744,0.000000454711
844600.00,0.000000443251,0.000000418960,0.000000415373,0.000000426244,0.000000423907,0.000000426487,0.000000436406,0.000000443251
844650.00,0.000000451058,0.000000428768,0.000000428469,0.000000416320,0.000000424498,0.000000429143,0.000000421868,0.000000451058
844700.00,0.000000445370,0.000000438878,0.000000428826,0.000000414174,0.000000434318,0.000000420984,0.000000436979,0.000000445370
844750.00,0.000000429751,0.000000436066,0.000000416647,0.000000423058,0.000000423219,0.000000410204,0.000000436885,0.000000429751
844800.00,0.000000463315,0.000000419861,0.000000425624,0.000000424758,0.000000420276,0.000000426643,0.000000420828,0.000000463315
844850.00,0.000000455151,0.000000429138,0.000000428259,0.000000428117,0.000000424255,0.000000414631,0.000000419705,0.000000455151
844900.00,0.000000447406,0.000000424965,0.000000415214,0.000000420591,0.000000431384,0.000000418514,0.000000429088,0.000000447406
844950.00,0.000000462361,0.000000432755,0.000000430759,0.000000424072,0.000000417526,0.000000422398,0.000000416496,0.000000462361
845000.00,0.000000442302,0.000000422765,0.000000422995,0.000000422765,0.000000417110,0.000000433190,0.000000426274,0.000000442302
845050.00,0.000000455934,0.000000421847,0.000000444457,0.000000420709,0.000000416779,0.000000426137,0.000000419561,0.000000455934
845100.00,0.000000452720,0.000000427848,0.000000421557,0.000000419547,0.000000427783,0.000000424983,0.000000417678,0.000000452720
845150.00,0.000000434599,0.000000420288,0.000000426921,0.000000427067,0.000000422520,0.000000435307,0.000000404827,0.000000434599
845200.00,0.000000446942,0.000000438536,0.000000435379,0.000000425515,0.000000431484,0.000000429379,0.000000428494,0.000000446942
845250.00,0.000000437894,0.000000411387,0.000000424114,0.000000420592,0.000000418776,0.000000429327,0.000000407600,0.000000437894
845300.00,0.000000442391,0.000000431843,0.000000427791,0.000000418832,0.000000431666,0.000000421158,0.000000418623,0.000000442391
845350.00,0.000000450919,0.000000428035,0.000000421802,0.000000420070,0.000000420609,0.000000426166,0.000000424271,0.000000450919
845400.00,0.000000462548,0.000000427721,0.000000425221,0.000000425990,0.000000427535,0.000000420758,0.000000415906,0.000000462548
845450.00,0.000000440299,0.000000437960,0.000000415225,0.000000424669,0.000000425635,0.000000432302,0.000000422046,0.000000440299
845500.00,0.000000449268,0.000000435628,0.000000428071,0.000000418668,0.000000432819,0.000000414464,0.000000404452,0.000000449268
845550.00,0.000000434722,0.000000405227,0.000000413602,0.000000432989,0.000000426774,0.000000441808,0.000000425603,0.000000434722
845600.00,0.000000431980,0.000000421707,0.000000426262,0.000000422968,0.000000420353,0.000000421762,0.000000429773,0.000000431980
845650.00,0.000000469439,0.000000419388,0.000000424281,0.000000419539,0.000000438013,0.000000403139,0.000000427474,0.000000469439
845700.00,0.000000446234,0.000000435687,0.000000434707,0.000000417810,0.000000426225,0.000000415063,0.000000442550,0.000000446234
845750.00,0.000000443881,0.000000440022,0.000000419031,0.000000426076,0.000000435730,0.000000412207,0.000000425966,0.000000443881
845800.00,0.000000448819,0.000000424373,0.000000426212,0.000000431361,0.000000427608,0.000000409999,0.000000423253,0.000000448819
845850.00,0.000000445872,0.000000425145,0.000000414660,0.000000426320,0.000000424738,0.000000439835,0.000000425747,0.000000445872
845900.00,0.000000447697,0.000000421955,0.000000421355,0.000000418845,0.000000430196,0.000000421791,0.000000421052,0.000000447697
845950.00,0.000000458897,0.000000430161,0.000000420567,0.000000436449,0.000000413635,0.000000447451,0.000000421327,0.000000458897
846000.00,0.000000440479,0.000000430084,0.000000420923,0.000000422756,0.000000420023,0.000000429406,0.000000416504,0.000000440479
846050.00,0.000000453608,0.000000429782,0.000000438257,0.000000431294,0.000000431213,0.000000409753,0.000000424861,0.000000453608
846100.00,0.000000430090,0.000000426904,0.000000433789,0.000000423346,0.000000416804,0.000000431527,0.000000423270,0.000000430090
846150.00,0.000000443280,0.000000434263,0.000000422880,0.000000420810,0.000000435841,0.000000418530,0.000000432792,0.000000443280
846200.00,0.000000442864,0.000000418219,0.000000410640,0.000000416967,0.000000420206,0.000000418598,0.000000428718,0.000000442864
846250.00,0.000000441187,0.000000439371,0.000000415776,0.000000425849,0.000000416731,0.000000426563,0.000000428172,0.000000441187
846300.00,0.000000457832,0.000000414917,0.000000419493,0.000000413310,0.000000433187,0.000000422579,0.000000431492,0.000000457832
846350.00,0.000000458230,0.000000413416,0.000000419373,0.000000428370,0.000000424835,0.000000428266,0.000000432126,0.000000458230
846400.00,0.000000451369,0.000000429493,0.000000433373,0.000000423301,0.000000421504,0.000000422807,0.000000425356,0.000000451369
846450.00,0.000000453674,0.000000420923,0.000000420422,0.000000433020,0.000000415706,0.000000433961,0.000000426299,0.000000453674
846500.00,0.000000449439,0.000000415927,0.000000416760,0.000000422564,0.000000430149,0.000000431697,0.000000414647,0.000000449439
846550.00,0.000000435548,0.000000427563,0.000000426222,0.000000425685,0.000000429495,0.000000422845,0.000000428103,0.000000435548
846600.00,0.000000462740,0.000000426028,0.000000423907,0.000000418821,0.000000417288,0.000000425570,0.000000426982,0.000000462740
846650.00,0.000000434290,0.000000429105,0.000000420316,0.000000423599,0.000000426478,0.000000418806,0.000000439062,0.000000434290
846700.00,0.000000460806,0.000000430087,0.000000436579,0.000000426397,0.000000437123,0.000000409643,0.000000414743,0.000000460806
846750.00,0.000000424564,0.000000435813,0.000000425994,0.000000426312,0.000000428103,0.000000430233,0.000000427421,0.000000424564
846800.00,0.000000463633,0.000000428441,0.000000426149,0.000000425176,0.000000425139,0.000000426554,0.000000427773,0.000000463633
846850.00,0.000000453264,0.000000415506,0.000000434856,0.000000420629,0.000000433384,0.000000419912,0.000000413936,0.000000453264
846900.00,0.000000447864,0.000000417745,0.000000441935,0.000000423806,0.000000419369,0.000000418565,0.000000412647,0.000000447864
846950.00,0.000000452130,0.000000429126,0.000000426906,0.000000425138,0.000000431483,0.000000419070,0.000000424655,0.000000452130
847000.00,0.000000453179,0.000000432882,0.000000434846,0.000000428974,0.000000423730,0.000000413666,0.000000417076,0.000000453179
847050.00,0.000000452991,0.000000424230,0.000000427873,0.000000428434,0.000000408398,0.000000433964,0.000000427087,0.000000452991
847100.00,0.000000451170,0.000000408348,0.000000438578,0.000000429700,0.000000415206,0.000000417505,0.000000427836,0.000000451170
847150.00,0.000000444134,0.000000416359,0.000000428680,0.000000427441,0.000000415700,0.000000427461,0.000000423838,0.000000444134
847200.00,0.000000455724,0.000000417179,0.000000430466,0.000000421981,0.000000444911,0.000000417561,0.000000421580,0.000000455724
847250.00,0.000000453147,0.000000425143,0.000000415364,0.000000430897,0.000000432986,0.000000407428,0.000000437309,0.000000453147
847300.00,0.000000454535,0.000000411324,0.000000417317,0.000000424034,0.000000429873,0.000000429777,0.000000433086,0.000000454535
847350.00,0.000000452072,0.000000437618,0.000000424613,0.000000414419,0.000000439357,0.000000422396,0.000000424147,0.000000452072
847400.00,0.000000454586,0.000000432327,0.000000421696,0.000000432111,0.000000421658,0.000000426146,0.000000427177,0.000000454586
847450.00,0.000000452000,0.000000423584,0.000000418106,0.000000413174,0.000000425991,0.000000415819,0.000000436024,0.000000452000
847500.00,0.000000457661,0.000000434152,0.000000425104,0.000000424217,0.000000409806,0.000000421279,0.000000428557,0.000000457661
847550.00,0.000000432400,0.000000416653,0.000000439982,0.000000424180,0.000000428708,0.000000430695,0.000000420827,0.000000432400
847600.00,0.000000457966,0.000000415108,0.000000424709,0.000000424323,0.000000433359,0.000000425844,0.000000414459,0.000000457966
847650.00,0.000000451792,0.000000416723,0.000000426132,0.000000422389,0.000000422408,0.000000427147,0.000000417932,0.000000451792
847700.00,0.000000449591,0.000000427245,0.000000424770,0.000000424959,0.000000443392,0.000000430553,0.000000416303,0.000000449591
847750.00,0.000000452630,0.000000431210,0.000000434199,0.000000431556,0.000000440512,0.000000422479,0.000000426235,0.000000452630
847800.00,0.000000454323,0.000000430439,0.000000418937,0.000000419999,0.000000417825,0.000000436985,0.000000433838,0.000000454323
847850.00,0.000000462174,0.000000434100,0.000000424548,0.000000425484,0.000000418324,0.000000428113,0.000000431130,0.000000462174
847900.00,0.000000457463,0.000000434974,0.000000440637,0.000000425037,0.000000429479,0.000000423531,0.000000422814,0.000000457463
847950.00,0.000000449919,0.000000435325,0.000000425814,0.000000429540,0.000000433315,0.000000439811,0.000000438347,0.000000449919
848000.00,0.000000444358,0.000000446857,0.000000412904,0.000000417016,0.000000430763,0.000000424645,0.000000415997,0.000000444358
848050.00,0.000000454741,0.000000421728,0.000000423471,0.000000422296,0.000000428082,0.000000422017,0.000000433748,0.000000454741
848100.00,0.000000456109,0.000000426838,0.000000423761,0.000000416521,0.000000410335,0.000000430770,0.000000433500,0.000000456109
848150.00,0.000000443884,0.000000423228,0.000000428664,0.000000427290,0.000000430306,0.000000430826,0.000000435411,0.000000443884
848200.00,0.000000444687,0.000000416183,0.000000424065,0.000000435600,0.000000414841,0.000000428316,0.000000435575,0.000000444687
848250.00,0.000000450329,0.000000412640,0.000000427021,0.000000425295,0.000000424203,0.000000426877,0.000000419755,0.000000450329
848300.00,0.000000460575,0.000000431099,0.000000421226,0.000000424118,0.000000420379,0.000000425330,0.000000423426,0.000000460575
848350.00,0.000000441093,0.000000435826,0.000000435520,0.000000418662,0.000000424625,0.000000420996,0.000000427502,0.000000441093
848400.00,0.000000444340,0.000000441347,0.000000431202,0.000000431293,0.000000429974,0.000000425266,0.000000427976,0.000000444340
848450.00,0.000000449730,0.000000425884,0.000000426944,0.000000430372,0.000000430442,0.000000416930,0.000000425946,0.000000449730
848500.00,0.000000440725,0.000000412324,0.000000440863,0.000000425062,0.000000433460,0.000000429923,0.000000426325,0.000000440725
848550.00,0.000000443592,0.000000413260,0.000000413358,0.000000424251,0.000000437151,0.000000417907,0.000000425281,0.000000443592
848600.00,0.000000443506,0.000000424790,0.000000418927,0.000000426069,0.000000414401,0.000000424937,0.000000420848,0.000000443506
848650.00,0.000000450629,0.000000410492,0.000000424359,0.000000434784,0.000000428486,0.000000415010,0.000000426063,0.000000450629
848700.00,0.000000455351,0.000000434599,0.000000427523,0.000000418608,0.000000415848,0.000000412657,0.000000430822,0.000000455351
848750.00,0.000000453561,0.000000420745,0.000000413945,0.000000421843,0.000000433472,0.000000417015,0.000000424988,0.000000453561
848800.00,0.000000453477,0.000000426477,0.000000435650,0.000000423000,0.000000425076,0.000000431087,0.000000427961,0.000000453477
848850.00,0.000000444379,0.000000425414,0.000000423421,0.000000425787,0.000000428140,0.000000424214,0.000000412257,0.000000444379
848900.00,0.000000463145,0.000000426078,0.000000430815,0.000000435724,0.000000442886,0.000000431505,0.000000437654,0.000000463145
848950.00,0.000000447681,0.000000439690,0.000000429512,0.000000423298,0.000000417613,0.000000429195,0.000000438676,0.000000447681
849000.00,0.000000456668,0.000000432357,0.000000423167,0.000000421188,0.000000423659,0.000000426529,0.000000417452,0.000000456668
849050.00,0.000000457435,0.000000431217,0.000000413214,0.000000428161,0.000000431056,0.000000431727,0.000000419633,0.000000457435
849100.00,0.000000451302,0.000000415386,0.000000424002,0.000000418487,0.000000421736,0.000000426200,0.000000429680,0.000000451302
849150.00,0.000000444553,0.000000414912,0.000000424684,0.000000426907,0.000000423432,0.000000434543,0.000000424585,0.000000444553
849200.00,0.000000461644,0.000000431733,0.000000426704,0.000000416378,0.000000419123,0.000000431150,0.000000427480,0.000000461644
849250.00,0.000000455788,0.000000432123,0.000000424660,0.000000427616,0.000000407851,0.000000426177,0.000000427359,0.000000455788
849300.00,0.000000458986,0.000000416186,0.000000408028,0.000000417578,0.000000426706,0.000000423067,0.000000432094,0.000000458986
849350.00,0.000000461011,0.000000414081,0.000000416270,0.000000428200,0.000000419431,0.000000435854,0.000000435290,0.000000461011
849400.00,0.000000464435,0.000000425599,0.000000426425,0.000000423760,0.000000441267,0.000000432884,0.000000417056,0.000000464435
849450.00,0.000000459250,0.000000426305,0.000000429363,0.000000421331,0.000000428746,0.000000430344,0.000000436070,0.000000459250
849500.00,0.000000454345,0.000000439079,0.000000430495,0.000000426161,0.000000447004,0.000000421781,0.000000418597,0.000000454345
849550.00,0.000000456116,0.000000412559,0.000000424246,0.000000418872,0.000000413224,0.000000423680,0.000000421887,0.000000456116
849600.00,0.000000440178,0.000000410052,0.000000419763,0.000000424915,0.000000424423,0.000000410495,0.000000437177,0.000000440178
849650.00,0.000000448587,0.000000420143,0.000000426600,0.000000425570,0.000000440682,0.000000429811,0.000000420794,0.000000448587
849700.00,0.000000461317,0.000000412204,0.000000432861,0.000000423935,0.000000426490,0.000000415111,0.000000412480,0.000000461317
849750.00,0.000000468937,0.000000425021,0.000000425072,0.000000426723,0.000000444576,0.000000422925,0.000000429382,0.000000468937
849800.00,0.000000472705,0.000000432945,0.000000423274,0.000000428026,0.000000433255,0.000000432176,0.000000424229,0.000000472705
849850.00,0.000000460329,0.000000399577,0.000000422787,0.000000431883,0.000000416717,0.000000424403,0.000000413064,0.000000460329
849900.00,0.000000448306,0.000000421185,0.000000421124,0.000000428324,0.000000426154,0.000000421177,0.000000438544,0.000000448306
849950.00,0.000000456321,0.000000412374,0.000000435075,0.000000425851,0.000000440103,0.000000433599,0.000000434338,0.000000456321
850000.00,0.000000457107,0.000000420688,0.000000434465,0.000000419743,0.000000438549,0.000000424138,0.000000419723,0.000000457107
850050.00,0.000000457328,0.000000441086,0.000000425770,0.000000433929,0.000000442132,0.000000414920,0.000000431604,0.000000457328
850100.00,0.000000459305,0.000000426691,0.000000422308,0.000000429773,0.000000422466,0.000000430950,0.000000423747,0.000000459305
850150.00,0.000000467501,0.000000434379,0.000000439400,0.000000426105,0.000000423459,0.000000423824,0.000000424576,0.000000467501
850200.00,0.000000443478,0.000000438267,0.000000428938,0.000000417711,0.000000429659,0.000000417571,0.000000430655,0.000000443478
850250.00,0.000000449763,0.000000419599,0.000000415467,0.000000428249,0.000000423628,0.000000410716,0.000000433688,0.000000449763
850300.00,0.000000464116,0.000000430237,0.000000431435,0.000000433262,0.000000415576,0.000000431016,0.000000425827,0.000000464116
850350.00,0.000000458853,0.000000424118,0.000000420712,0.000000428777,0.000000420844,0.000000431325,0.000000417160,0.000000458853
850400.00,0.000000465805,0.000000434647,0.000000416070,0.000000423648,0.000000421003,0.000000427160,0.000000435730,0.000000465805
850450.00,0.000000462415,0.000000443195,0.000000421729,0.000000423815,0.000000411094,0.000000428601,0.000000428198,0.000000462415
850500.00,0.000000465427,0.000000428641,0.000000425283,0.000000434186,0.000000414866,0.000000417944,0.000000428960,0.000000465427
850550.00,0.000000440197,0.000000432376,0.000000438028,0.000000419775,0.000000409406,0.000000448359,0.000000422643,0.000000440197
850600.00,0.000000456265,0.000000423963,0.000000415503,0.000000425060,0.000000422574,0.000000420196,0.000000442090,0.000000456265
850650.00,0.000000439058,0.000000418075,0.000000419250,0.000000427745,0.000000399773,0.000000410514,0.000000406380,0.000000439058
850700.00,0.000000451689,0.000000413348,0.000000434979,0.000000426677,0.000000439518,0.000000422997,0.000000427286,0.000000451689
850750.00,0.000000452136,0.000000424390,0.000000429417,0.000000422405,0.000000430367,0.000000433355,0.000000425786,0.000000452136
850800.00,0.000000454250,0.000000413903,0.000000441809,0.000000434800,0.000000413856,0.000000413540,0.000000432211,0.000000454250
850850.00,0.000000466999,0.000000427718,0.000000418115,0.000000436170,0.000000420431,0.000000414940,0.000000418303,0.000000466999
850900.00,0.000000438787,0.000000419200,0.000000406743,0.000000420835,0.000000426814,0.000000425240,0.000000425620,0.000000438787
850950.00,0.000000460883,0.000000421260,0.000000425900,0.000000429169,0.000000420484,0.000000428304,0.000000423152,0.000000460883
851000.00,0.000000457207,0.000000415145,0.000000420002,0.000000425944,0.000000422293,0.000000439621,0.000000413684,0.000000457207
851050.00,0.000000455125,0.000000425814,0.000000417665,0.000000417870,0.000000419641,0.000000439128,0.000000416407,0.000000455125
851100.00,0.000000456738,0.000000420700,0.000000428925,0.000000429990,0.000000439019,0.000000416278,0.000000422300,0.000000456738
851150.00,0.000000458172,0.000000424593,0.000000409847,0.000000423195,0.000000429476,0.000000418316,0.000000434940,0.000000458172
851200.00,0.000000450759,0.000000421291,0.000000406072,0.000000435678,0.000000430213,0.000000428467,0.000000418648,0.000000450759
851250.00,0.000000464073,0.000000422540,0.000000421142,0.000000418040,0.000000435664,0.000000421619,0.000000419891,0.000000464073
851300.00,0.000000466076,0.000000425652,0.000000435869,0.000000428899,0.000000427334,0.000000416384,0.000000423149,0.000000466076
851350.00,0.000000459132,0.000000420813,0.000000430056,0.000000430779,0.000000424359,0.000000419736,0.000000428341,0.000000459132
851400.00,0.000000450135,0.000000421244,0.000000416242,0.000000424499,0.000000426389,0.000000425214,0.000000444859,0.000000450135
851450.00,0.000000461889,0.000000419409,0.000000421724,0.000000420599,0.000000418098,0.000000411856,0.000000415218,0.000000461889
851500.00,0.000000464078,0.000000419570,0.000000440894,0.000000420740,0.000000418968,0.000000425568,0.000000440320,0.000000464078
851550.00,0.000000473220,0.000000429663,0.000000422093,0.000000427957,0.000000423386,0.000000429262,0.000000424506,0.000000473220
851600.00,0.000000461324,0.000000428725,0.000000418870,0.000000425764,0.000000410847,0.000000418165,0.000000424904,0.000000461324
851650.00,0.000000452799,0.000000419711,0.000000423731,0.000000440230,0.000000430575,0.000000414943,0.000000428316,0.000000452799
851700.00,0.000000460169,0.000000434186,0.000000416452,0.000000432507,0.000000429496,0.000000428394,0.000000420301,0.000000460169
851750.00,0.000000460750,0.000000430536,0.000000429491,0.000000424698,0.000000416844,0.000000427812,0.000000439282,0.000000460750
851800.00,0.000000460415,0.000000427334,0.000000423695,0.000000423921,0.000000431075,0.000000421858,0.000000422314,0.000000460415
851850.00,0.000000458448,0.000000435101,0.000000419295,0.000000424907,0.000000416469,0.000000424960,0.000000428006,0.000000458448
851900.00,0.000000464857,0.000000417964,0.000000407544,0.000000425750,0.000000428962,0.000000422095,0.000000418280,0.000000464857
851950.00,0.000000462129,0.000000437095,0.000000412562,0.000000420349,0.000000439735,0.000000422286,0.000000426251,0.000000462129
852000.00,0.000000457025,0.000000429055,0.000000426070,0.000000431057,0.000000420691,0.000000427204,0.000000436301,0.000000457025
852050.00,0.000000459967,0.000000422831,0.000000418034,0.000000425626,0.000000429067,0.000000422476,0.000000429365,0.000000459967
852100.00,0.000000469098,0.000000431468,0.000000423898,0.000000427095,0.000000413743,0.000000421029,0.000000424776,0.000000469098
852150.00,0.000000458156,0.000000414898,0.000000423066,0.000000423193,0.000000438668,0.000000423368,0.000000414312,0.000000458156
852200.00,0.000000463064,0.000000426011,0.000000423796,0.000000432406,0.000000432184,0.000000419890,0.000000415205,0.000000463064
852250.00,0.000000473314,0.000000425914,0.000000431926,0.000000429654,0.000000431674,0.000000425365,0.000000421623,0.000000473314
852300.00,0.000000454067,0.000000422008,0.000000425766,0.000000429270,0.000000432833,0.000000413798,0.000000428116,0.000000454067
852350.00,0.000000468606,0.000000439130,0.000000413354,0.000000422797,0.000000410915,0.000000417486,0.000000428095,0.000000468606
852400.00,0.000000458954,0.000000434174,0.000000412903,0.000000430244,0.000000426633,0.000000427955,0.000000422387,0.000000458954
852450.00,0.000000479394,0.000000409191,0.000000427540,0.000000425549,0.000000425095,0.000000438921,0.000000429237,0.000000479394
852500.00,0.000000458076,0.000000417721,0.000000431638,0.000000433582,0.000000434687,0.000000429765,0.000000432405,0.000000458076
852550.00,0.000000465733,0.000000416561,0.000000423160,0.000000430818,0.000000411770,0.000000437445,0.000000414593,0.000000465733
852600.00,0.000000464683,0.000000414356,0.000000411408,0.000000427874,0.000000422076,0.000000423874,0.000000436575,0.000000464683
852650.00,0.000000464758,0.000000440925,0.000000417023,0.000000421945,0.000000416309,0.000000417309,0.000000428394,0.000000464758
852700.00,0.000000479427,0.000000433325,0.000000439700,0.000000427830,0.000000437474,0.000000424012,0.000000421648,0.000000479427
852750.00,0.000000465699,0.000000416689,0.000000423066,0.000000434155,0.000000424476,0.000000419682,0.000000444847,0.000000465699
852800.00,0.000000456074,0.000000418079,0.000000425665,0.000000425571,0.000000423830,0.000000410794,0.000000438498,0.000000456074
852850.00,0.000000459812,0.000000443292,0.000000443004,0.000000416984,0.000000418448,0.000000430989,0.000000423674,0.000000459812
852900.00,0.000000482316,0.000000420927,0.000000436981,0.000000428320,0.000000434341,0.000000419384,0.000000430490,0.000000482316
852950.00,0.000000478068,0.000000421198,0.000000425332,0.000000425479,0.000000423431,0.000000433374,0.000000420311,0.000000478068
853000.00,0.000000478966,0.000000414929,0.000000423033,0.000000420742,0.000000426104,0.000000426978,0.000000438838,0.000000478966
853050.00,0.000000473307,0.000000419837,0.000000414064,0.000000422477,0.000000425415,0.000000417602,0.000000417923,0.000000473307
853100.00,0.000000470522,0.000000420762,0.000000430325,0.000000432134,0.000000430585,0.000000420968,0.000000434296,0.000000470522
853150.00,0.000000465507,0.000000429197,0.000000426885,0.000000423147,0.000000424013,0.000000421883,0.000000425846,0.000000465507
853200.00,0.000000481101,0.000000418051,0.000000423382,0.000000426238,0.000000431106,0.000000423823,0.000000437652,0.000000481101
853250.00,0.000000473249,0.000000423850,0.000000420307,0.000000432041,0.000000418376,0.000000426795,0.000000421059,0.000000473249
853300.00,0.000000570429,0.000000433592,0.000000435398,0.000000437937,0.000000426828,0.000000427374,0.000000420139,0.000000570429
853350.00,0.000000560582,0.000000433505,0.000000474514,0.000000430334,0.000000429016,0.000000437470,0.000000425245,0.000000560582
853400.00,0.000000472227,0.000000514762,0.000000653847,0.000000505908,0.000000448400,0.000000467856,0.000000490416,0.000000472227
853450.00,0.000000487636,0.000000564402,0.000000462578,0.000000634937,0.000000653484,0.000000608286,0.000000610296,0.000000487636
853500.00,0.000000464052,0.000000426402,0.000000428774,0.000000439613,0.000000471848,0.000000481611,0.000000445573,0.000000464052
853550.00,0.000000481525,0.000000436775,0.000000417012,0.000000430327,0.000000419340,0.000000440795,0.000000413151,0.000000481525
853600.00,0.000000469417,0.000000409205,0.000000441068,0.000000426221,0.000000432779,0.000000413744,0.000000429799,0.000000469417
853650.00,0.000000480803,0.000000430492,0.000000425762,0.000000421140,0.000000419721,0.000000427404,0.000000438348,0.000000480803
853700.00,0.000000463751,0.000000428932,0.000000430748,0.000000427545,0.000000431127,0.000000429065,0.000000434060,0.000000463751
853750.00,0.000000471328,0.000000429888,0.000000432276,0.000000423657,0.000000426581,0.000000433472,0.000000424082,0.000000471328
853800.00,0.000000480158,0.000000434155,0.000000430681,0.000000427781,0.000000450682,0.000000412809,0.000000424415,0.000000480158
853850.00,0.000000472440,0.000000426343,0.000000424352,0.000000424416,0.000000417672,0.000000428050,0.000000443259,0.000000472440
853900.00,0.000000478009,0.000000413428,0.000000424436,0.000000424592,0.000000425249,0.000000422273,0.000000439193,0.000000478009
853950.00,0.000000477081,0.000000425058,0.000000434570,0.000000436579,0.000000431292,0.000000417346,0.000000438139,0.000000477081
854000.00,0.000000470206,0.000000431345,0.000000422616,0.000000425199,0.000000444397,0.000000423835,0.000000433421,0.000000470206
854050.00,0.000000473856,0.000000440539,0.000000432123,0.000000437898,0.000000436987,0.000000440864,0.000000418512,0.000000473856
854100.00,0.000000479696,0.000000427702,0.000000455226,0.000000417548,0.000000423899,0.000000427988,0.000000439377,0.000000479696
854150.00,0.000000473957,0.000000422176,0.000000432951,0.000000425883,0.000000420749,0.000000420590,0.000000431301,0.000000473957
854200.00,0.000000462433,0.000000422535,0.000000440957,0.000000426741,0.000000430054,0.000000434351,0.000000420455,0.000000462433
854250.00,0.000000484830,0.000000433953,0.000000433108,0.000000426648,0.000000416830,0.000000427846,0.000000411877,0.000000484830
854300.00,0.000000486772,0.000000453050,0.000000448157,0.000000438296,0.000000443705,0.000000437728,0.000000437936,0.000000486772
854350.00,0.000000472023,0.000000422087,0.000000441520,0.000000428667,0.000000439663,0.000000429779,0.000000440016,0.000000472023
854400.00,0.000000522425,0.000000504530,0.000000474478,0.000000510329,0.000000528040,0.000000480529,0.000000497094,0.000000522425
854450.00,0.000000472394,0.000000430525,0.000000422912,0.000000428022,0.000000426131,0.000000412083,0.000000417459,0.000000472394
854500.00,0.000000485950,0.000000438050,0.000000440679,0.000000436935,0.000000451619,0.000000425136,0.000000430526,0.000000485950
854550.00,0.000000795763,0.000000831325,0.000000848640,0.000000944814,0.000000935109,0.000000837484,0.000000861670,0.000000795763
854600.00,0.000000464450,0.000000438277,0.000000447591,0.000000437899,0.000000456911,0.000000411975,0.000000426230,0.000000464450
854650.00,0.000000523059,0.000000492680,0.000000504377,0.000000509176,0.000000522481,0.000000501201,0.000000507417,0.000000523059
854700.00,0.000000479243,0.000000413459,0.000000429471,0.000000434439,0.000000425333,0.000000435669,0.000000428872,0.000000479243
854750.00,0.000000482065,0.000000438125,0.000000426483,0.000000426232,0.000000432179,0.000000430886,0.000000440300,0.000000482065
854800.00,0.000000481119,0.000000448756,0.000000451676,0.000000468056,0.000000449109,0.000000450782,0.000000457594,0.000000481119
854850.00,0.000000471907,0.000000435172,0.000000426304,0.000000429307,0.000000409915,0.000000438527,0.000000421081,0.000000471907
854900.00,0.000000484153,0.000000431002,0.000000426212,0.000000432749,0.000000429312,0.000000445391,0.000000435054,0.000000484153
854950.00,0.000000480882,0.000000439314,0.000000420492,0.000000421537,0.000000433677,0.000000447326,0.000000444201,0.000000480882
855000.00,0.000000485582,0.000000422474,0.000000443065,0.000000427091,0.000000425024,0.000000430419,0.000000443160,0.000000485582
855050.00,0.000000472521,0.000000414567,0.000000424223,0.000000429834,0.000000424087,0.000000441155,0.000000435780,0.000000472521
855100.00,0.000000469711,0.000000444673,0.000000427223,0.000000420727,0.000000417065,0.000000426210,0.000000437353,0.000000469711
855150.00,0.000000487271,0.000000442302,0.000000423922,0.000000431597,0.000000428421,0.000000431425,0.000000432017,0.000000487271
855200.00,0.000000494834,0.000000433721,0.000000424341,0.000000431464,0.000000429136,0.000000426070,0.000000418119,0.000000494834
855250.00,0.000000493102,0.000000420212,0.000000433519,0.000000425887,0.000000430244,0.000000423000,0.000000428642,0.000000493102
855300.00,0.000000493358,0.000000435814,0.000000426986,0.000000437540,0.000000440833,0.000000421160,0.000000426758,0.000000493358
855350.00,0.000000472103,0.000000428467,0.000000423940,0.000000430558,0.000000441730,0.000000418691,0.000000407719,0.000000472103
855400.00,0.000000496251,0.000000430221,0.000000435896,0.000000420551,0.000000431023,0.000000442208,0.000000438729,0.000000496251
855450.00,0.000000484934,0.000000412159,0.000000423087,0.000000423189,0.000000413695,0.000000431046,0.000000425917,0.000000484934
855500.00,0.000000480486,0.000000451354,0.000000422238,0.000000438647,0.000000432058,0.000000442813,0.000000433734,0.000000480486
855550.00,0.000000488474,0.000000443623,0.000000427363,0.000000436830,0.000000429613,0.000000429886,0.000000413533,0.000000488474
855600.00,0.000000504704,0.000000438934,0.000000434542,0.000000432141,0.000000426613,0.000000438981,0.000000427323,0.000000504704
855650.00,0.000000482159,0.000000446365,0.000000438823,0.000000434758,0.000000435756,0.000000438847,0.000000418459,0.000000482159
855700.00,0.000000483761,0.000000440761,0.000000420232,0.000000427028,0.000000415990,0.000000445445,0.000000427943,0.000000483761
855750.00,0.000000492836,0.000000432972,0.000000433249,0.000000433126,0.000000426634,0.000000429063,0.000000446467,0.000000492836
855800.00,0.000000525473,0.000000463229,0.000000470326,0.000000480907,0.000000475789,0.000000459541,0.000000467559,0.000000525473
855850.00,0.000000489826,0.000000437878,0.000000444112,0.000000446796,0.000000434257,0.000000433993,0.000000438103,0.000000489826
855900.00,0.000000498503,0.000000465709,0.000000438105,0.000000441206,0.000000464999,0.000000448421,0.000000430123,0.000000498503
855950.00,0.000000490609,0.000000435888,0.000000422277,0.000000428350,0.000000432738,0.000000423177,0.000000425222,0.000000490609
856000.00,0.000000495855,0.000000433552,0.000000434721,0.000000434980,0.000000435848,0.000000426177,0.000000441693,0.000000495855
856050.00,0.000000507016,0.000000437476,0.000000441861,0.000000446296,0.000000435741,0.000000442905,0.000000429714,0.000000507016
856100.00,0.000000501674,0.000000415944,0.000000442094,0.000000436511,0.000000433208,0.000000422721,0.000000438393,0.000000501674
856150.00,0.000000500129,0.000000436308,0.000000423677,0.000000433381,0.000000434836,0.000000422773,0.000000419220,0.000000500129
856200.00,0.000000499691,0.000000438775,0.000000437662,0.000000423060,0.000000423142,0.000000428484,0.000000449294,0.000000499691
856250.00,0.000000497639,0.000000433890,0.000000438711,0.000000427613,0.000000431828,0.000000437787,0.000000431896,0.000000497639
856300.00,0.000000527685,0.000000432793,0.000000436151,0.000000437161,0.000000435874,0.000000451748,0.000000440102,0.000000527685
856350.00,0.000000514898,0.000000419723,0.000000431107,0.000000422579,0.000000438230,0.000000422372,0.000000434389,0.000000514898
856400.00,0.000000494845,0.000000429323,0.000000425239,0.000000424511,0.000000443031,0.000000434281,0.000000428520,0.000000494845
856450.00,0.000000505603,0.000000424166,0.000000421952,0.000000423246,0.000000440553,0.000000429485,0.000000440152,0.000000505603
856500.00,0.000000486795,0.000000426137,0.000000433134,0.000000440948,0.000000431667,0.000000438250,0.000000434900,0.000000486795
856550.00,0.000000507426,0.000000442046,0.000000435093,0.000000430102,0.000000433263,0.000000448346,0.000000454284,0.000000507426
856600.00,0.000000516764,0.000000431266,0.000000437274,0.000000431307,0.000000435096,0.000000439681,0.000000441366,0.000000516764
856650.00,0.000000510926,0.000000433603,0.000000417240,0.000000435500,0.000000435428,0.000000433545,0.000000438548,0.000000510926
856700.00,0.000000507318,0.000000426167,0.000000429897,0.000000421453,0.000000434469,0.000000437886,0.000000432457,0.000000507318
856750.00,0.000000505882,0.000000429101,0.000000436071,0.000000426747,0.000000443157,0.000000452102,0.000000437572,0.000000505882
856800.00,0.000000534870,0.000000446681,0.000000439971,0.000000439266,0.000000438686,0.000000443117,0.000000439676,0.000000534870
856850.00,0.000000502627,0.000000431481,0.000000443219,0.000000433432,0.000000447077,0.000000436125,0.000000441825,0.000000502627
856900.00,0.000000497822,0.000000418883,0.000000432497,0.000000421655,0.000000432320,0.000000429808,0.000000445251,0.000000497822
856950.00,0.000000511553,0.000000438306,0.000000411592,0.000000440746,0.000000434063,0.000000431204,0.000000439364,0.000000511553
857000.00,0.000000496995,0.000000437538,0.000000436429,0.000000439925,0.000000450569,0.000000423665,0.000000446376,0.000000496995
857050.00,0.000000508055,0.000000454235,0.000000435860,0.000000432824,0.000000443635,0.000000426597,0.000000440850,0.000000508055
857100.00,0.000000526743,0.000000430931,0.000000446632,0.000000435308,0.000000432264,0.000000431706,0.000000429660,0.000000526743
857150.00,0.000000519878,0.000000427099,0.000000413743,0.000000425203,0.000000420070,0.000000435036,0.000000441690,0.000000519878
857200.00,0.000000509568,0.000000439005,0.000000422559,0.000000432053,0.000000452826,0.000000431269,0.000000443934,0.000000509568
857250.00,0.000000509338,0.000000428340,0.000000480171,0.000000441154,0.000000438744,0.000000434814,0.000000421074,0.000000509338
857300.00,0.000000513185,0.000000436453,0.000000419236,0.000000429362,0.000000433574,0.000000427979,0.000000447577,0.000000513185
857350.00,0.000000515693,0.000000457474,0.000000445384,0.000000463406,0.000000455045,0.000000424593,0.000000425822,0.000000515693
857400.00,0.000000509765,0.000000442105,0.000000432348,0.000000427791,0.000000433852,0.000000423359,0.000000421268,0.000000509765
857450.00,0.000000519695,0.000000436547,0.000000438949,0.000000428020,0.000000482746,0.000000452333,0.000000473583,0.000000519695
857500.00,0.000000528037,0.000000435971,0.000000425636,0.000000424263,0.000000425093,0.000000438532,0.000000437346,0.000000528037
857550.00,0.000000517741,0.000000426669,0.000000434041,0.000000437260,0.000000436333,0.000000440392,0.000000442373,0.000000517741
857600.00,0.000000501228,0.000000431437,0.000000425163,0.000000427011,0.000000434387,0.000000432317,0.000000431593,0.000000501228
857650.00,0.000000507955,0.000000429017,0.000000435197,0.000000422312,0.000000431713,0.000000414884,0.000000424815,0.000000507955
857700.00,0.000000534684,0.000000421880,0.000000425883,0.000000436699,0.000000436350,0.000000440953,0.000000423944,0.000000534684
857750.00,0.000000527288,0.000000429012,0.000000427252,0.000000424154,0.000000435688,0.000000421100,0.000000442236,0.000000527288
857800.00,0.000000523452,0.000000436264,0.000000431520,0.000000428861,0.000000434314,0.000000436027,0.000000451332,0.000000523452
857850.00,0.000000536784,0.000000417685,0.000000414678,0.000000428706,0.000000418228,0.000000431594,0.000000440878,0.000000536784
857900.00,0.000000525109,0.000000411683,0.000000438455,0.000000429509,0.000000430403,0.000000423904,0.000000439842,0.000000525109
857950.00,0.000000542778,0.000000440002,0.000000424870,0.000000434695,0.000000445572,0.000000444443,0.000000447031,0.000000542778
858000.00,0.000000535178,0.000000424397,0.000000431367,0.000000427982,0.000000417778,0.000000434500,0.000000430459,0.000000535178
858050.00,0.000000556363,0.000000421791,0.000000419583,0.000000433958,0.000000432011,0.000000438498,0.000000435482,0.000000556363
858100.00,0.000000520648,0.000000425033,0.000000432697,0.000000432360,0.000000450010,0.000000426721,0.000000435411,0.000000520648
858150.00,0.000000533008,0.000000418447,0.000000413937,0.000000433334,0.000000439288,0.000000424454,0.000000441011,0.000000533008
858200.00,0.000000537696,0.000000427732,0.000000421593,0.000000428166,0.000000426976,0.000000435996,0.000000438418,0.000000537696
858250.00,0.000000530041,0.000000427930,0.000000424260,0.000000427621,0.000000431746,0.000000427724,0.000000455700,0.000000530041
858300.00,0.000000548751,0.000000434916,0.000000424670,0.000000422772,0.000000431919,0.000000433202,0.000000416889,0.000000548751
858350.00,0.000000558667,0.000000426976,0.000000421382,0.000000425007,0.000000440117,0.000000441256,0.000000433340,0.000000558667
858400.00,0.000000559895,0.000000433506,0.000000432709,0.000000429621,0.000000431451,0.000000432339,0.000000426331,0.000000559895
858450.00,0.000000549575,0.000000422192,0.000000422409,0.000000437894,0.000000438371,0.000000434334,0.000000435718,0.000000549575
858500.00,0.000000548150,0.000000430495,0.000000440388,0.000000434972,0.000000435046,0.000000432152,0.000000447648,0.000000548150
858550.00,0.000000547807,0.000000433736,0.000000426204,0.000000431551,0.000000435380,0.000000443897,0.000000432187,0.000000547807
858600.00,0.000000560302,0.000000438346,0.000000436840,0.000000432985,0.000000435331,0.000000426003,0.000000447022,0.000000560302
858650.00,0.000000541706,0.000000418234,0.000000424389,0.000000433839,0.000000424991,0.000000434670,0.000000426815,0.000000541706
858700.00,0.000000568257,0.000000430689,0.000000425071,0.000000432033,0.000000433105,0.000000430386,0.000000448687,0.000000568257
858750.00,0.000000545385,0.000000432327,0.000000432583,0.000000428938,0.000000424723,0.000000439635,0.000000439218,0.000000545385
858800.00,0.000000559428,0.000000438427,0.000000424047,0.000000424873,0.000000434423,0.000000412826,0.000000434895,0.000000559428
858850.00,0.000000567771,0.000000423939,0.000000427113,0.000000431821,0.000000424243,0.000000432985,0.000000440148,0.000000567771
858900.00,0.000000575483,0.000000437432,0.000000433819,0.000000436000,0.000000435204,0.000000416676,0.000000422778,0.000000575483
858950.00,0.000000563035,0.000000423397,0.000000419352,0.000000426851,0.000000437635,0.000000429450,0.000000442375,0.000000563035
859000.00,0.000000563038,0.000000438869,0.000000418914,0.000000430207,0.000000437220,0.000000438624,0.000000439167,0.000000563038
859050.00,0.000000562514,0.000000421616,0.000000413141,0.000000423388,0.000000432922,0.000000450113,0.000000436585,0.000000562514
859100.00,0.000000573075,0.000000421489,0.000000419413,0.000000428691,0.000000427664,0.000000445017,0.000000441346,0.000000573075
859150.00,0.000000573535,0.000000428186,0.000000437167,0.000000434038,0.000000436272,0.000000428331,0.000000436919,0.000000573535
859200.00,0.000000570096,0.000000425386,0.000000425863,0.000000427642,0.000000425086,0.000000433003,0.000000431272,0.000000570096
859250.00,0.000000594227,0.000000418385,0.000000426216,0.000000432107,0.000000435371,0.000000432843,0.000000443032,0.000000594227
859300.00,0.000000567456,0.000000428651,0.000000424817,0.000000424979,0.000000427732,0.000000449117,0.000000445936,0.000000567456
859350.00,0.000000590782,0.000000431160,0.000000432160,0.000000435808,0.000000431819,0.000000430812,0.000000436880,0.000000590782
859400.00,0.000000586988,0.000000428369,0.000000427490,0.000000430982,0.000000438943,0.000000438559,0.000000438953,0.000000586988
859450.00,0.000000593271,0.000000416760,0.000000436951,0.000000424798,0.000000434713,0.000000432660,0.000000456722,0.000000593271
859500.00,0.000000602521,0.000000430068,0.000000420453,0.000000436882,0.000000436533,0.000000450242,0.000000439335,0.000000602521
859550.00,0.000000607606,0.000000427399,0.000000431698,0.000000433051,0.000000436967,0.000000448807,0.000000451914,0.000000607606
859600.00,0.000000600801,0.000000427337,0.000000436182,0.000000431942,0.000000440299,0.000000432494,0.000000453346,0.000000600801
859650.00,0.000000624230,0.000000428949,0.000000431415,0.000000428311,0.000000435589,0.000000436968,0.000000448823,0.000000624230
859700.00,0.000000611658,0.000000422091,0.000000431647,0.000000420921,0.000000433008,0.000000433405,0.000000446994,0.000000611658
859750.00,0.000000599287,0.000000441376,0.000000426781,0.000000428332,0.000000443954,0.000000426658,0.000000452599,0.000000599287
859800.00,0.000000634414,0.000000426475,0.000000423640,0.000000428372,0.000000421459,0.000000447181,0.000000448562,0.000000634414
859850.00,0.000000625708,0.000000425771,0.000000426035,0.000000431862,0.000000438192,0.000000448737,0.000000441167,0.000000625708
859900.00,0.000000643696,0.000000438773,0.000000429759,0.000000437528,0.000000454073,0.000000445265,0.000000451963,0.000000643696
859950.00,0.000000655455,0.000000429086,0.000000413126,0.000000443088,0.000000455252,0.000000452622,0.000000457049,0.000000655455
860000.00,0.000000652147,0.000000433321,0.000000430316,0.000000434237,0.000000431047,0.000000462024,0.000000444034,0.000000652147
860050.00,0.000000650101,0.000000426006,0.000000418922,0.000000431788,0.000000432413,0.000000433033,0.000000438971,0.000000650101
860100.00,0.000000621621,0.000000423778,0.000000436792,0.000000432927,0.000000425513,0.000000440257,0.000000449895,0.000000621621
860150.00,0.000000645138,0.000000432729,0.000000432268,0.000000449274,0.000000427711,0.000000457881,0.000000442944,0.000000645138
860200.00,0.000000655274,0.000000432535,0.000000432468,0.000000440433,0.000000435819,0.000000431895,0.000000470497,0.000000655274
860250.00,0.000000658405,0.000000433379,0.000000431994,0.000000431544,0.000000444066,0.000000440264,0.000000450887,0.000000658405
860300.00,0.000000689696,0.000000421658,0.000000425697,0.000000437466,0.000000442448,0.000000452865,0.000000464226,0.000000689696
860350.00,0.000000702099,0.000000430152,0.000000434780,0.000000439706,0.000000438097,0.000000438209,0.000000453084,0.000000702099
860400.00,0.000000685221,0.000000437394,0.000000423182,0.000000432380,0.000000446869,0.000000465928,0.000000450252,0.000000685221
860450.00,0.000000664364,0.000000453642,0.000000421464,0.000000448212,0.000000434678,0.000000447202,0.000000455748,0.000000664364
860500.00,0.000000713330,0.000000421927,0.000000442190,0.000000442407,0.000000445315,0.000000470559,0.000000456730,0.000000713330
860550.00,0.000000700840,0.000000424537,0.000000429361,0.000000442469,0.000000455387,0.000000452279,0.000000450212,0.000000700840
860600.00,0.000000703140,0.000000438332,0.000000420420,0.000000439377,0.000000453594,0.000000465376,0.000000456800,0.000000703140
860650.00,0.000000740670,0.000000446609,0.000000441099,0.000000442451,0.000000451079,0.000000449590,0.000000450056,0.000000740670
860700.00,0.000000726093,0.000000438575,0.000000427339,0.000000449311,0.000000437169,0.000000464737,0.000000466535,0.000000726093
860750.00,0.000000752077,0.000000431957,0.000000426434,0.000000437040,0.000000449699,0.000000467124,0.000000463018,0.000000752077
860800.00,0.000000733277,0.000000436340,0.000000441129,0.000000447878,0.000000456600,0.000000450757,0.000000469457,0.000000733277
860850.00,0.000000736991,0.000000437117,0.000000426703,0.000000435998,0.000000434524,0.000000457721,0.000000465752,0.000000736991
860900.00,0.000000741738,0.000000431802,0.000000433580,0.000000443548,0.000000451728,0.000000457518,0.000000469785,0.000000741738
860950.00,0.000000795557,0.000000446213,0.000000423144,0.000000433749,0.000000438237,0.000000462619,0.000000465485,0.000000795557
861000.00,0.000000739314,0.000000424178,0.000000444513,0.000000439806,0.000000447427,0.000000473917,0.000000473717,0.000000739314
861050.00,0.000000776066,0.000000426436,0.000000417525,0.000000447451,0.000000462503,0.000000459158,0.000000485538,0.000000776066
861100.00,0.000000784219,0.000000441158,0.000000436175,0.000000445851,0.000000457517,0.000000456136,0.000000467505,0.000000784219
861150.00,0.000000807725,0.000000436837,0.000000419932,0.000000454017,0.000000452657,0.000000457613,0.000000463714,0.000000807725
861200.00,0.000000811448,0.000000437345,0.000000438793,0.000000437716,0.000000476166,0.000000475652,0.000000477472,0.000000811448
861250.00,0.000000831352,0.000000431319,0.000000440492,0.000000448382,0.000000465949,0.000000463145,0.000000459655,0.000000831352
861300.00,0.000000830685,0.000000436979,0.000000429773,0.000000442975,0.000000469888,0.000000467444,0.000000482429,0.000000830685
861350.00,0.000000839974,0.000000447551,0.000000442695,0.000000441654,0.000000464201,0.000000476050,0.000000485815,0.000000839974
861400.00,0.000000865986,0.000000452626,0.000000423336,0.000000458117,0.000000446752,0.000000471159,0.000000488056,0.000000865986
861450.00,0.000000832790,0.000000436390,0.000000437696,0.000000451014,0.000000458819,0.000000474080,0.000000502086,0.000000832790
861500.00,0.000000867083,0.000000442902,0.000000459857,0.000000460226,0.000000476595,0.000000489219,0.000000497445,0.000000867083
861550.00,0.000000895531,0.000000447712,0.000000439603,0.000000448942,0.000000475463,0.000000482573,0.000000494260,0.000000895531
861600.00,0.000000936392,0.000000435063,0.000000438783,0.000000456183,0.000000463417,0.000000488741,0.000000504390,0.000000936392
861650.00,0.000000934953,0.000000445189,0.000000458899,0.000000455366,0.000000471378,0.000000491728,0.000000499057,0.000000934953
861700.00,0.000000954939,0.000000438976,0.000000449380,0.000000455149,0.000000491835,0.000000503615,0.000000512824,0.000000954939
861750.00,0.000000977626,0.000000461426,0.000000450467,0.000000461268,0.000000480246,0.000000508822,0.000000504638,0.000000977626
861800.00,0.000000954379,0.000000431681,0.000000451924,0.000000469338,0.000000476933,0.000000491053,0.000000524605,0.000000954379
861850.00,0.000001036050,0.000000450355,0.000000450213,0.000000471800,0.000000484762,0.000000519656,0.000000526191,0.000001036050
861900.00,0.000001024480,0.000000439889,0.000000466970,0.000000477321,0.000000495442,0.000000510291,0.000000514521,0.000001024480
861950.00,0.000001084950,0.000000436167,0.000000459986,0.000000493126,0.000000497178,0.000000511839,0.000000519871,0.000001084950
862000.00,0.000001077330,0.000000447120,0.000000460717,0.000000480547,0.000000510382,0.000000522809,0.000000539570,0.000001077330
862050.00,0.000001108210,0.000000448329,0.000000449148,0.000000478339,0.000000493440,0.000000524272,0.000000559899,0.000001108210
862100.00,0.000001114110,0.000000426299,0.000000469869,0.000000491981,0.000000529035,0.000000528613,0.000000553239,0.000001114110
862150.00,0.000001139050,0.000000449332,0.000000471680,0.000000489168,0.000000524912,0.000000559902,0.000000557723,0.000001139050
862200.00,0.000001212720,0.000000439543,0.000000476407,0.000000501456,0.000000528522,0.000000543473,0.000000573426,0.000001212720
862250.00,0.000001215700,0.000000455284,0.000000464740,0.000000498628,0.000000523986,0.000000551082,0.000000587484,0.000001215700
862300.00,0.000001233720,0.000000467288,0.000000467877,0.000000498492,0.000000553207,0.000000558144,0.000000575874,0.000001233720
862350.00,0.000001272790,0.000000469325,0.000000479825,0.000000518447,0.000000551177,0.000000555723,0.000000602400,0.000001272790
862400.00,0.000001330680,0.000000459229,0.000000498510,0.000000523863,0.000000563674,0.000000559205,0.000000607483,0.000001330680
862450.00,0.000001291440,0.000000483587,0.000000502770,0.000000524888,0.000000550374,0.000000587668,0.000000619101,0.000001291440
862500.00,0.000001352210,0.000000481856,0.000000494106,0.000000525671,0.000000562787,0.000000606833,0.000000629915,0.000001352210
862550.00,0.000001385190,0.000000466974,0.000000504645,0.000000534626,0.000000572078,0.000000613600,0.000000650686,0.000001385190
862600.00,0.000001442320,0.000000491628,0.000000516454,0.000000541865,0.000000575185,0.000000611132,0.000000670802,0.000001442320
862650.00,0.000001538030,0.000000483076,0.000000520570,0.000000567266,0.000000609970,0.000000637618,0.000000655340,0.000001538030
862700.00,0.000001558820,0.000000493047,0.000000519990,0.000000562813,0.000000583984,0.000000636831,0.000000698005,0.000001558820
862750.00,0.000001642240,0.000000508487,0.000000549025,0.000000583219,0.000000647385,0.000000665618,0.000000736574,0.000001642240
862800.00,0.000001667780,0.000000511498,0.000000558403,0.000000596819,0.000000633151,0.000000677760,0.000000713200,0.000001667780
862850.00,0.000001705750,0.000000530681,0.000000558956,0.000000603488,0.000000635981,0.000000711109,0.000000764143,0.000001705750
862900.00,0.000001717580,0.000000536474,0.000000558255,0.000000641796,0.000000667623,0.000000748790,0.000000764009,0.000001717580
862950.00,0.000001808280,0.000000567573,0.000000600644,0.000000639759,0.000000709775,0.000000732923,0.000000786294,0.000001808280
863000.00,0.000001851110,0.000000561657,0.000000602823,0.000000658878,0.000000713573,0.000000787025,0.000000822150,0.000001851110
863050.00,0.000001848960,0.000000578341,0.000000633710,0.000000692664,0.000000737406,0.000000799762,0.000000894179,0.000001848960
863100.00,0.000001905130,0.000000582589,0.000000634719,0.000000706050,0.000000776109,0.000000801936,0.000000854685,0.000001905130
863150.00,0.000002001600,0.000000622364,0.000000667204,0.000000725245,0.000000788859,0.000000815367,0.000000916330,0.000002001600
863200.00,0.000002005340,0.000000654333,0.000000686146,0.000000752981,0.000000804818,0.000000882355,0.000000940298,0.000002005340
863250.00,0.000002097370,0.000000670565,0.000000728183,0.000000774885,0.000000832869,0.000000882624,0.000000946755,0.000002097370
863300.00,0.000002148490,0.000000700917,0.000000740175,0.000000813627,0.000000858580,0.000000914649,0.000000989702,0.000002148490
863350.00,0.000002094500,0.000000725426,0.000000793905,0.000000831189,0.000000895806,0.000000904037,0.000001023990,0.000002094500
863400.00,0.000002166020,0.000000726592,0.000000804129,0.000000863501,0.000000883532,0.000000975000,0.000001019700,0.000002166020
863450.00,0.000002109540,0.000000760014,0.000000809634,0.000000865643,0.000000930935,0.000000981082,0.000001069250,0.000002109540
863500.00,0.000002193860,0.000000783868,0.000000824203,0.000000879416,0.000000899761,0.000001018120,0.000001062360,0.000002193860
863550.00,0.000002190380,0.000000784431,0.000000833862,0.000000894320,0.000000915502,0.000001007690,0.000001061070,0.000002190380
863600.00,0.000002164710,0.000000784770,0.000000807857,0.000000877245,0.000000911022,0.000000986059,0.000001051000,0.000002164710
863650.00,0.000002137090,0.000000784982,0.000000804357,0.000000847575,0.000000923433,0.000000954899,0.000001033370,0.000002137090
863700.00,0.000002076600,0.000000725221,0.000000771115,0.000000844281,0.000000927352,0.000000965894,0.000001029790,0.000002076600
863750.00,0.000002102360,0.000000743176,0.000000788740,0.000000837638,0.000000880072,0.000000957856,0.000001026210,0.000002102360
863800.00,0.000002119370,0.000000700022,0.000000743528,0.000000823068,0.000000919323,0.000000934330,0.000000981763,0.000002119370
863850.00,0.000002016030,0.000000704294,0.000000712074,0.000000786053,0.000000823865,0.000000915331,0.000000957084,0.000002016030
863900.00,0.000001938320,0.000000668282,0.000000699093,0.000000768918,0.000000815305,0.000000881733,0.000000908551,0.000001938320
863950.00,0.000001949230,0.000000646209,0.000000664656,0.000000739751,0.000000798560,0.000000863663,0.000000934970,0.000001949230
864000.00,0.000001851530,0.000000654119,0.000000640995,0.000000739243,0.000000785565,0.000000806081,0.000000868880,0.000001851530
864050.00,0.000001812910,0.000000644963,0.000000665593,0.000000714106,0.000000789369,0.000000812948,0.000000855684,0.000001812910
864100.00,0.000001773430,0.000000596860,0.000000636885,0.000000692300,0.000000732956,0.000000765702,0.000000856119,0.000001773430
864150.00,0.000001664640,0.000000589545,0.000000635285,0.000000654291,0.000000729259,0.000000751425,0.000000807244,0.000001664640
864200.00,0.000001669340,0.000000578478,0.000000586384,0.000000654261,0.000000707749,0.000000728014,0.000000814923,0.000001669340
864250.00,0.000001592730,0.000000555979,0.000000573958,0.000000619602,0.000000693848,0.000000733801,0.000000778473,0.000001592730
864300.00,0.000001575740,0.000000559707,0.000000592418,0.000000624858,0.000000688235,0.000000724628,0.000000718473,0.000001575740
864350.00,0.000001516910,0.000000569804,0.000000612526,0.000000616207,0.000000692698,0.000000681691,0.000000748433,0.000001516910
864400.00,0.000001475290,0.000000540912,0.000000563027,0.000000599889,0.000000652825,0.000000675036,0.000000716662,0.000001475290
864450.00,0.000001399510,0.000000531849,0.000000547705,0.000000600420,0.000000602453,0.000000653166,0.000000694016,0.000001399510
864500.00,0.000001401100,0.000000517050,0.000000543335,0.000000575405,0.000000611671,0.000000653820,0.000000684686,0.000001401100
864550.00,0.000001437790,0.000000532797,0.000000552615,0.000000560278,0.000000601571,0.000000643951,0.000000669212,0.000001437790
864600.00,0.000001353230,0.000000512205,0.000000527280,0.000000546962,0.000000576293,0.000000635670,0.000000661380,0.000001353230
864650.00,0.000001307970,0.000000516628,0.000000504494,0.000000555587,0.000000558499,0.000000613461,0.000000656668,0.000001307970
864700.00,0.000001316520,0.000000485376,0.000000527509,0.000000530794,0.000000558620,0.000000576018,0.000000621674,0.000001316520
864750.00,0.000001247830,0.000000495597,0.000000501778,0.000000539133,0.000000555400,0.000000577232,0.000000604854,0.000001247830
864800.00,0.000001186500,0.000000492096,0.000000531535,0.000000542524,0.000000557345,0.000000584968,0.000000592595,0.000001186500
864850.00,0.000001140080,0.000000476906,0.000000501775,0.000000519941,0.000000535678,0.000000561899,0.000000602676,0.000001140080
864900.00,0.000001132640,0.000000481059,0.000000483073,0.000000518972,0.000000550652,0.000000579193,0.000000595793,0.000001132640
864950.00,0.000001128250,0.000000476413,0.000000472831,0.000000504475,0.000000540017,0.000000558057,0.000000575748,0.000001128250
865000.00,0.000001106740,0.000000474347,0.000000490421,0.000000512985,0.000000530696,0.000000568859,0.000000572195,0.000001106740
865050.00,0.000001071650,0.000000465262,0.000000485943,0.000000516887,0.000000528106,0.000000529111,0.000000548982,0.000001071650
865100.00,0.000001071220,0.000000476334,0.000000486365,0.000000489316,0.000000530025,0.000000552724,0.000000565556,0.000001071220
865150.00,0.000001060680,0.000000476514,0.000000470531,0.000000511461,0.000000505088,0.000000542842,0.000000557074,0.000001060680
865200.00,0.000001018560,0.000000468593,0.000000469911,0.000000493740,0.000000537355,0.000000543151,0.000000536127,0.000001018560
865250.00,0.000000991039,0.000000474738,0.000000460979,0.000000508023,0.000000507490,0.000000528309,0.000000529962,0.000000991039
865300.00,0.000000990219,0.000000461491,0.000000465694,0.000000487960,0.000000513428,0.000000506194,0.000000529947,0.000000990219
865350.00,0.000000962081,0.000000463660,0.000000483913,0.000000493335,0.000000494581,0.000000518205,0.000000545916,0.000000962081
865400.00,0.000000938234,0.000000460737,0.000000491060,0.000000489806,0.000000490915,0.000000515733,0.000000518738,0.000000938234
865450.00,0.000000920778,0.000000454701,0.000000461793,0.000000482187,0.000000497374,0.000000519464,0.000000514416,0.000000920778
865500.00,0.000000914217,0.000000459821,0.000000470682,0.000000482530,0.000000493890,0.000000515628,0.000000511456,0.000000914217
865550.00,0.000000883514,0.000000470241,0.000000458785,0.000000482077,0.000000511557,0.000000516382,0.000000506926,0.000000883514
865600.00,0.000000881008,0.000000457361,0.000000465830,0.000000483412,0.000000467913,0.000000501598,0.000000523279,0.000000881008
865650.00,0.000000859168,0.000000463519,0.000000478564,0.000000475218,0.000000499000,0.000000522393,0.000000515155,0.000000859168
865700.00,0.000000856931,0.000000458202,0.000000458485,0.000000476508,0.000000493779,0.000000502890,0.000000493908,0.000000856931
865750.00,0.000000867384,0.000000461361,0.000000469274,0.000000473912,0.000000465436,0.000000496371,0.000000502103,0.000000867384
865800.00,0.000000838985,0.000000471636,0.000000460687,0.000000472437,0.000000474653,0.000000481920,0.000000497603,0.000000838985
865850.00,0.000000814469,0.000000470426,0.000000452980,0.000000466812,0.000000492453,0.000000499009,0.000000502435,0.000000814469
865900.00,0.000000798027,0.000000454900,0.000000461682,0.000000465665,0.000000498666,0.000000489795,0.000000486630,0.000000798027
865950.00,0.000000792178,0.000000453077,0.000000449055,0.000000466565,0.000000466108,0.000000487503,0.000000489097,0.000000792178
866000.00,0.000000800004,0.000000458981,0.000000442166,0.000000476516,0.000000467017,0.000000489145,0.000000482351,0.000000800004
866050.00,0.000000765150,0.000000443833,0.000000465314,0.000000462071,0.000000483122,0.000000479927,0.000000489781,0.000000765150
866100.00,0.000000749535,0.000000438481,0.000000439400,0.000000458772,0.000000485491,0.000000473437,0.000000491292,0.000000749535
866150.00,0.000000758118,0.000000445553,0.000000448566,0.000000462782,0.000000469548,0.000000476436,0.000000485884,0.000000758118
866200.00,0.000000757138,0.000000437765,0.000000454683,0.000000467271,0.000000472655,0.000000464269,0.000000489023,0.000000757138
866250.00,0.000000746535,0.000000455824,0.000000445791,0.000000456411,0.000000469755,0.000000473835,0.000000489468,0.000000746535
866300.00,0.000000722587,0.000000459774,0.000000453931,0.000000459959,0.000000480067,0.000000483194,0.000000480999,0.000000722587
866350.00,0.000000738689,0.000000459912,0.000000454104,0.000000465422,0.000000457276,0.000000474861,0.000000488420,0.000000738689
866400.00,0.000000733474,0.000000450474,0.000000443809,0.000000452037,0.000000471896,0.000000473520,0.000000470351,0.000000733474
866450.00,0.000000709100,0.000000450969,0.000000448815,0.000000445003,0.000000463454,0.000000462660,0.000000458780,0.000000709100
866500.00,0.000000717556,0.000000442910,0.000000438169,0.000000460275,0.000000468831,0.000000474033,0.000000475963,0.000000717556
866550.00,0.000000687866,0.000000445341,0.000000444983,0.000000461613,0.000000458365,0.000000465947,0.000000477575,0.000000687866
866600.00,0.000000685647,0.000000427006,0.000000448961,0.000000454325,0.000000450838,0.000000468285,0.000000471765,0.000000685647
866650.00,0.000000678173,0.000000438357,0.000000438188,0.000000460384,0.000000457829,0.000000465568,0.000000476022,0.000000678173
866700.00,0.000000688662,0.000000424889,0.000000445123,0.000000452429,0.000000463713,0.000000451357,0.000000470753,0.000000688662
866750.00,0.000000664159,0.000000455231,0.000000440735,0.000000448962,0.000000443071,0.000000461249,0.000000466450,0.000000664159
866800.00,0.000000699524,0.000000447150,0.000000447113,0.000000454018,0.000000468196,0.000000460963,0.000000468696,0.000000699524
866850.00,0.000000659336,0.000000431072,0.000000460633,0.000000450257,0.000000459200,0.000000459804,0.000000458354,0.000000659336
866900.00,0.000000676656,0.000000450425,0.000000439602,0.000000450289,0.000000456954,0.000000458154,0.000000445772,0.000000676656
866950.00,0.000000658890,0.000000435973,0.000000448739,0.000000449652,0.000000450282,0.000000468062,0.000000461031,0.000000658890
867000.00,0.000000657905,0.000000445983,0.000000444010,0.000000448861,0.000000454433,0.000000471551,0.000000453057,0.000000657905
867050.00,0.000000640822,0.000000446894,0.000000445445,0.000000452220,0.000000448591,0.000000464858,0.000000458522,0.000000640822
867100.00,0.000000639573,0.000000446352,0.000000462704,0.000000457504,0.000000457713,0.000000448199,0.000000470316,0.000000639573
867150.00,0.000000643987,0.000000454104,0.000000473778,0.000000460078,0.000000469733,0.000000468549,0.000000487196,0.000000643987
867200.00,0.000000646019,0.000000437188,0.000000451952,0.000000444034,0.000000448020,0.000000446343,0.000000466084,0.000000646019
867250.00,0.000000625871,0.000000419964,0.000000456084,0.000000438571,0.000000446595,0.000000448850,0.000000466763,0.000000625871
867300.00,0.000000634894,0.000000434894,0.000000435513,0.000000445193,0.000000457965,0.000000457969,0.000000459515,0.000000634894
867350.00,0.000000609438,0.000000447929,0.000000425906,0.000000448507,0.000000438018,0.000000447895,0.000000452463,0.000000609438
867400.00,0.000000621567,0.000000453829,0.000000437547,0.000000455420,0.000000450926,0.000000462384,0.000000441071,0.000000621567
867450.00,0.000000620733,0.000000426600,0.000000434915,0.000000447488,0.000000447660,0.000000453424,0.000000456283,0.000000620733
867500.00,0.000000587852,0.000000440853,0.000000437677,0.000000444991,0.000000457574,0.000000443468,0.000000482804,0.000000587852
867550.00,0.000000595344,0.000000447221,0.000000441174,0.000000445741,0.000000453449,0.000000453253,0.000000456673,0.000000595344
867600.00,0.000000601600,0.000000427555,0.000000445478,0.000000446952,0.000000450642,0.000000456428,0.000000454693,0.000000601600
867650.00,0.000000607649,0.000000433310,0.000000458406,0.000000439713,0.000000448479,0.000000455786,0.000000466463,0.000000607649
867700.00,0.000000601157,0.000000450849,0.000000447165,0.000000441844,0.000000452319,0.000000439228,0.000000445170,0.000000601157
867750.00,0.000000595695,0.000000443835,0.000000447045,0.000000453595,0.000000436869,0.000000460730,0.000000452663,0.000000595695
867800.00,0.000000590581,0.000000430823,0.000000438684,0.000000445796,0.000000455888,0.000000448870,0.000000461874,0.000000590581
867850.00,0.000000605884,0.000000436310,0.000000445377,0.000000443016,0.000000437763,0.000000444816,0.000000454862,0.000000605884
867900.00,0.000000591442,0.000000456255,0.000000431836,0.000000450531,0.000000442716,0.000000464396,0.000000471532,0.000000591442
867950.00,0.000000600689,0.000000438287,0.000000445584,0.000000438587,0.000000450200,0.000000441621,0.000000477360,0.000000600689
868000.00,0.000000576676,0.000000437265,0.000000436206,0.000000449233,0.000000448546,0.000000459761,0.000000447583,0.000000576676
868050.00,0.000000562548,0.000000435093,0.000000445281,0.000000440703,0.000000443190,0.000000457187,0.000000461198,0.000000562548
868100.00,0.000000588243,0.000000447119,0.000000432576,0.000000436918,0.000000444601,0.000000450028,0.000000458424,0.000000588243
868150.00,0.000000572118,0.000000439878,0.000000449764,0.000000438689,0.000000454136,0.000000444028,0.000000447295,0.000000572118
868200.00,0.000000568004,0.000000455974,0.000000425361,0.000000438879,0.000000429027,0.000000442253,0.000000452703,0.000000568004
868250.00,0.000000562191,0.000000426790,0.000000445193,0.000000447412,0.000000442825,0.000000456917,0.000000448855,0.000000562191
868300.00,0.000000574731,0.000000436634,0.000000435140,0.000000444235,0.000000454642,0.000000437429,0.000000452818,0.000000574731
868350.00,0.000000572995,0.000000438284,0.000000452064,0.000000445308,0.000000443394,0.000000451648,0.000000455536,0.000000572995
868400.00,0.000000551304,0.000000437618,0.000000432196,0.000000436963,0.000000448405,0.000000440989,0.000000468952,0.000000551304
868450.00,0.000000564078,0.000000444517,0.000000430281,0.000000444612,0.000000447367,0.000000440484,0.000000451946,0.000000564078
868500.00,0.000000543914,0.000000450428,0.000000451648,0.000000440220,0.000000436318,0.000000454426,0.000000470058,0.000000543914
868550.00,0.000000552119,0.000000442800,0.000000454053,0.000000435935,0.000000443111,0.000000435453,0.000000445889,0.000000552119
868600.00,0.000000560387,0.000000443213,0.000000429924,0.000000428689,0.000000448644,0.000000436921,0.000000434993,0.000000560387
868650.00,0.000000547923,0.000000424282,0.000000439777,0.000000437354,0.000000439871,0.000000454261,0.000000456916,0.000000547923
868700.00,0.000000554399,0.000000446556,0.000000440153,0.000000446233,0.000000444028,0.000000430268,0.000000436564,0.000000554399
868750.00,0.000000553488,0.000000446712,0.000000429379,0.000000444118,0.000000450583,0.000000442789,0.000000456565,0.000000553488
868800.00,0.000000537515,0.000000438937,0.000000452224,0.000000444817,0.000000444898,0.000000428115,0.000000434194,0.000000537515
868850.00,0.000000545185,0.000000434885,0.000000432667,0.000000442742,0.000000442108,0.000000444914,0.000000443238,0.000000545185
868900.00,0.000000554595,0.000000445532,0.000000435221,0.000000443391,0.000000448098,0.000000435164,0.000000441805,0.000000554595
868950.00,0.000000526464,0.000000451566,0.000000451992,0.000000439475,0.000000428461,0.000000442822,0.000000459733,0.000000526464
869000.00,0.000000540353,0.000000439814,0.000000422211,0.000000445661,0.000000445925,0.000000428721,0.000000453702,0.000000540353
869050.00,0.000000521297,0.000000438112,0.000000416157,0.000000434751,0.000000434761,0.000000439970,0.000000441949,0.000000521297
869100.00,0.000000547593,0.000000429679,0.000000442004,0.000000445805,0.000000447245,0.000000437233,0.000000450691,0.000000547593
869150.00,0.000000547469,0.000000433609,0.000000447035,0.000000433322,0.000000442393,0.000000437853,0.000000425901,0.000000547469
869200.00,0.000000539330,0.000000439969,0.000000437858,0.000000440566,0.000000434246,0.000000454615,0.000000438975,0.000000539330
869250.00,0.000000524821,0.000000436342,0.000000442934,0.000000442032,0.000000439652,0.000000453224,0.000000427429,0.000000524821
869300.00,0.000000539924,0.000000429151,0.000000443446,0.000000443315,0.000000446486,0.000000445328,0.000000434953,0.000000539924
869350.00,0.000000517016,0.000000440677,0.000000435993,0.000000435315,0.000000439215,0.000000438410,0.000000451885,0.000000517016
869400.00,0.000000526843,0.000000437954,0.000000434260,0.000000440268,0.000000434761,0.000000445438,0.000000455828,0.000000526843
869450.00,0.000000509890,0.000000444176,0.000000432266,0.000000438615,0.000000447379,0.000000443335,0.000000445743,0.000000509890
869500.00,0.000000536485,0.000000441919,0.000000437628,0.000000451345,0.000000451158,0.000000431669,0.000000441132,0.000000536485
869550.00,0.000000524489,0.000000463631,0.000000444865,0.000000444212,0.000000444282,0.000000454410,0.000000453079,0.000000524489
869600.00,0.000000517994,0.000000443832,0.000000427106,0.000000437437,0.000000438748,0.000000450288,0.000000440874,0.000000517994
869650.00,0.000000538709,0.000000443196,0.000000453475,0.000000441035,0.000000447803,0.000000434352,0.000000440311,0.000000538709
869700.00,0.000000530685,0.000000450663,0.000000424950,0.000000436638,0.000000441474,0.000000433418,0.000000439962,0.000000530685
869750.00,0.000000514878,0.000000452512,0.000000450207,0.000000444901,0.000000446811,0.000000442022,0.000000442534,0.000000514878
869800.00,0.000000532659,0.000000439560,0.000000444679,0.000000455694,0.000000434844,0.000000452282,0.000000437115,0.000000532659
869850.00,0.000000519417,0.000000443207,0.000000447463,0.000000448629,0.000000451464,0.000000445755,0.000000425919,0.000000519417
869900.00,0.000000533310,0.000000440300,0.000000443475,0.000000445296,0.000000438845,0.000000453353,0.000000447210,0.000000533310
869950.00,0.000000522645,0.000000449897,0.000000428734,0.000000445183,0.000000441645,0.000000436497,0.000000454152,0.000000522645
870000.00,0.000000515771,0.000000452615,0.000000440692,0.000000442140,0.000000438778,0.000000443843,0.000000449182,0.000000515771
870050.00,0.000000506838,0.000000452625,0.000000428964,0.000000437697,0.000000461491,0.000000445628,0.000000448718,0.000000506838
870100.00,0.000000509560,0.000000455643,0.000000436839,0.000000433934,0.000000446621,0.000000440995,0.000000448543,0.000000509560
870150.00,0.000000516694,0.000000441668,0.000000445155,0.000000438310,0.000000437663,0.000000437933,0.000000449726,0.000000516694
870200.00,0.000000520576,0.000000445161,0.000000440410,0.000000442479,0.000000434670,0.000000439012,0.000000451894,0.000000520576
870250.00,0.000000527095,0.000000449444,0.000000433069,0.000000446286,0.000000450337,0.000000441881,0.000000462390,0.000000527095
870300.00,0.000000515986,0.000000439107,0.000000450810,0.000000447813,0.000000432919,0.000000450525,0.000000439893,0.000000515986
870350.00,0.000000519732,0.000000444468,0.000000435902,0.000000432989,0.000000444953,0.000000430544,0.000000429763,0.000000519732
870400.00,0.000000520978,0.000000430363,0.000000446146,0.000000441772,0.000000423669,0.000000438843,0.000000447299,0.000000520978
870450.00,0.000000508139,0.000000451693,0.000000448804,0.000000445341,0.000000429833,0.000000434583,0.000000435465,0.000000508139
870500.00,0.000000502826,0.000000435731,0.000000456976,0.000000439675,0.000000436711,0.000000443311,0.000000442039,0.000000502826
870550.00,0.000000521587,0.000000450443,0.000000447371,0.000000447733,0.000000458282,0.000000458157,0.000000440337,0.000000521587
870600.00,0.000000509348,0.000000441330,0.000000438439,0.000000443671,0.000000445574,0.000000447161,0.000000447811,0.000000509348
870650.00,0.000000502104,0.000000442864,0.000000434836,0.000000434796,0.000000456628,0.000000433164,0.000000440445,0.000000502104
870700.00,0.000000513615,0.000000450908,0.000000450497,0.000000450233,0.000000436976,0.000000446520,0.000000453356,0.000000513615
870750.00,0.000000521353,0.000000441476,0.000000440123,0.000000439496,0.000000437172,0.000000452120,0.000000449176,0.000000521353
870800.00,0.000000501393,0.000000444819,0.000000444911,0.000000439098,0.000000433120,0.000000443858,0.000000451546,0.000000501393
870850.00,0.000000497725,0.000000437602,0.000000434426,0.000000445474,0.000000428792,0.000000443988,0.000000433557,0.000000497725
870900.00,0.000000494940,0.000000435570,0.000000438551,0.000000434943,0.000000441771,0.000000436156,0.000000438180,0.000000494940
870950.00,0.000000501252,0.000000454801,0.000000448628,0.000000449592,0.000000459806,0.000000446182,0.000000457975,0.000000501252
871000.00,0.000000507764,0.000000442121,0.000000433570,0.000000444906,0.000000428023,0.000000454584,0.000000427571,0.000000507764
871050.00,0.000000504135,0.000000444252,0.000000427657,0.000000448093,0.000000438566,0.000000435323,0.000000448399,0.000000504135
871100.00,0.000000508634,0.000000430216,0.000000444339,0.000000434044,0.000000430923,0.000000424934,0.000000440381,0.000000508634
871150.00,0.000000487520,0.000000427852,0.000000446178,0.000000429764,0.000000438923,0.000000431861,0.000000448002,0.000000487520
871200.00,0.000000514615,0.000000464049,0.000000446710,0.000000439895,0.000000431894,0.000000447032,0.000000448237,0.000000514615
871250.00,0.000000491865,0.000000442010,0.000000435961,0.000000438875,0.000000435944,0.000000447032,0.000000436804,0.000000491865
871300.00,0.000000505272,0.000000439050,0.000000433556,0.000000435416,0.000000429443,0.000000436212,0.000000436787,0.000000505272
871350.00,0.000000479893,0.000000434007,0.000000425257,0.000000443797,0.000000433973,0.000000443844,0.000000428306,0.000000479893
871400.00,0.000000494190,0.000000439852,0.000000435216,0.000000442005,0.000000436436,0.000000428553,0.000000456086,0.000000494190
871450.00,0.000000515805,0.000000441550,0.000000443974,0.000000445958,0.000000448557,0.000000440263,0.000000446612,0.000000515805
871500.00,0.000000485213,0.000000448864,0.000000436915,0.000000430960,0.000000438061,0.000000444579,0.000000447442,0.000000485213
871550.00,0.000000500411,0.000000438373,0.000000431190,0.000000437806,0.000000431368,0.000000450538,0.000000427796,0.000000500411
871600.00,0.000000511927,0.000000443083,0.000000428914,0.000000431967,0.000000429743,0.000000420218,0.000000449402,0.000000511927
871650.00,0.000000505120,0.000000432125,0.000000442938,0.000000442382,0.000000441752,0.000000445487,0.000000427109,0.000000505120
871700.00,0.000000497965,0.000000456702,0.000000456839,0.000000446125,0.000000456292,0.000000436089,0.000000432220,0.000000497965
871750.00,0.000000495804,0.000000437458,0.000000430793,0.000000446311,0.000000434778,0.000000428357,0.000000453145,0.000000495804
871800.00,0.000000488377,0.000000439927,0.000000431986,0.000000444250,0.000000432973,0.000000442876,0.000000442965,0.000000488377
871850.00,0.000000495947,0.000000425135,0.000000443804,0.000000432840,0.000000431126,0.000000444590,0.000000443427,0.000000495947
871900.00,0.000000484985,0.000000445577,0.000000442507,0.000000437013,0.000000438139,0.000000438449,0.000000430119,0.000000484985
871950.00,0.000000482505,0.000000435977,0.000000432398,0.000000442734,0.000000437776,0.000000440225,0.000000441582,0.000000482505
872000.00,0.000000467033,0.000000443656,0.000000443246,0.000000450217,0.000000439893,0.000000429451,0.000000434038,0.000000467033
872050.00,0.000000485045,0.000000439557,0.000000441590,0.000000441559,0.000000422027,0.000000433303,0.000000439410,0.000000485045
872100.00,0.000000497247,0.000000441768,0.000000444411,0.000000444630,0.000000440152,0.000000436306,0.000000440528,0.000000497247
872150.00,0.000000498986,0.000000435865,0.000000453509,0.000000449525,0.000000447335,0.000000429162,0.000000437453,0.000000498986
872200.00,0.000000478940,0.000000452705,0.000000439479,0.000000452934,0.000000439587,0.000000449568,0.000000429031,0.000000478940
872250.00,0.000000484694,0.000000414136,0.000000432633,0.000000434053,0.000000439244,0.000000440991,0.000000441665,0.000000484694
872300.00,0.000000490409,0.000000437835,0.000000425879,0.000000443640,0.000000429161,0.000000448289,0.000000449033,0.000000490409
872350.00,0.000000492336,0.000000444903,0.000000442120,0.000000449233,0.000000443800,0.000000449209,0.000000438804,0.000000492336
872400.00,0.000000487602,0.000000432980,0.000000428010,0.000000436165,0.000000436419,0.000000422563,0.000000434357,0.000000487602
872450.00,0.000000493029,0.000000444514,0.000000418583,0.000000437400,0.000000442178,0.000000421385,0.000000443864,0.000000493029
872500.00,0.000000490635,0.000000434198,0.000000458167,0.000000447007,0.000000448681,0.000000442637,0.000000455736,0.000000490635
872550.00,0.000000469631,0.000000435973,0.000000436036,0.000000445609,0.000000438653,0.000000438701,0.000000446937,0.000000469631
872600.00,0.000000538023,0.000000495165,0.000000523943,0.000000533458,0.000000517967,0.000000517341,0.000000496851,0.000000538023
872650.00,0.000000478075,0.000000448963,0.000000439760,0.000000447601,0.000000435765,0.000000438669,0.000000446111,0.000000478075
872700.00,0.000000853618,0.000000921204,0.000000935822,0.000000983936,0.000001022180,0.000000925391,0.000000896694,0.000000853618
872750.00,0.000000477016,0.000000426509,0.000000433946,0.000000437930,0.000000440951,0.000000445275,0.000000433791,0.000000477016
872800.00,0.000000479497,0.000000428884,0.000000441500,0.000000440838,0.000000444633,0.000000435817,0.000000429698,0.000000479497
872850.00,0.000000517420,0.000000507347,0.000000512867,0.000000515875,0.000000529075,0.000000499519,0.000000496537,0.000000517420
872900.00,0.000000487997,0.000000442381,0.000000441357,0.000000447693,0.000000426749,0.000000435955,0.000000441692,0.000000487997
872950.00,0.000000506898,0.000000464701,0.000000480519,0.000000465015,0.000000470382,0.000000449712,0.000000466887,0.000000506898
873000.00,0.000000469243,0.000000430903,0.000000428986,0.000000431137,0.000000423322,0.000000431157,0.000000437934,0.000000469243
873050.00,0.000000486388,0.000000447182,0.000000426978,0.000000426581,0.000000427650,0.000000437704,0.000000421835,0.000000486388
873100.00,0.000000462727,0.000000433946,0.000000426257,0.000000444610,0.000000439478,0.000000451918,0.000000444249,0.000000462727
873150.00,0.000000469579,0.000000440132,0.000000447815,0.000000443564,0.000000423839,0.000000428976,0.000000443256,0.000000469579
873200.00,0.000000491807,0.000000441542,0.000000435563,0.000000442771,0.000000456959,0.000000442313,0.000000435267,0.000000491807
873250.00,0.000000486801,0.000000430833,0.000000421000,0.000000422160,0.000000434196,0.000000426589,0.000000423390,0.000000486801
873300.00,0.000000477238,0.000000428926,0.000000452425,0.000000447489,0.000000429077,0.000000450396,0.000000433275,0.000000477238
873350.00,0.000000452891,0.000000434599,0.000000428112,0.000000430433,0.000000428149,0.000000435232,0.000000447339,0.000000452891
873400.00,0.000000464933,0.000000432783,0.000000442793,0.000000433771,0.000000440361,0.000000429705,0.000000435947,0.000000464933
873450.00,0.000000473258,0.000000423526,0.000000445003,0.000000430476,0.000000444545,0.000000447093,0.000000446093,0.000000473258
873500.00,0.000000465417,0.000000439676,0.000000431520,0.000000430599,0.000000424287,0.000000433912,0.000000436797,0.000000465417
873550.00,0.000000479523,0.000000444014,0.000000443219,0.000000430138,0.000000436041,0.000000427967,0.000000438441,0.000000479523
873600.00,0.000000473753,0.000000431229,0.000000413209,0.000000437152,0.000000436929,0.000000428671,0.000000425511,0.000000473753
873650.00,0.000000457412,0.000000423090,0.000000433785,0.000000433762,0.000000439320,0.000000435602,0.000000440684,0.000000457412
873700.00,0.000000481271,0.000000431777,0.000000434947,0.000000438324,0.000000437764,0.000000432996,0.000000427117,0.000000481271
873750.00,0.000000473944,0.000000442583,0.000000423392,0.000000437699,0.000000429403,0.000000417335,0.000000426370,0.000000473944
873800.00,0.000000480241,0.000000432638,0.000000435520,0.000000430336,0.000000436299,0.000000431314,0.000000435797,0.000000480241
873850.00,0.000000461823,0.000000444427,0.000000431795,0.000000440005,0.000000430913,0.000000429839,0.000000417185,0.000000461823
873900.00,0.000000482265,0.000000430596,0.000000421536,0.000000432402,0.000000437580,0.000000431558,0.000000429618,0.000000482265
873950.00,0.000000475591,0.000000438077,0.000000439034,0.000000426559,0.000000430874,0.000000441070,0.000000421696,0.000000475591
874000.00,0.000000469799,0.000000430909,0.000000442891,0.000000443403,0.000000437416,0.000000432321,0.000000442170,0.000000469799
874050.00,0.000000474390,0.000000440115,0.000000438763,0.000000426816,0.000000423565,0.000000422448,0.000000426593,0.000000474390
874100.00,0.000000464369,0.000000437142,0.000000415396,0.000000436010,0.000000430345,0.000000430389,0.000000428673,0.000000464369
874150.00,0.000000473430,0.000000448560,0.000000442753,0.000000430357,0.000000443278,0.000000436590,0.000000423756,0.000000473430
874200.00,0.000000461834,0.000000428642,0.000000441360,0.000000431764,0.000000440929,0.000000444034,0.000000431388,0.000000461834
874250.00,0.000000473334,0.000000427150,0.000000441516,0.000000429775,0.000000433806,0.000000426599,0.000000429527,0.000000473334
874300.00,0.000000467080,0.000000451348,0.000000435020,0.000000435991,0.000000428588,0.000000429810,0.000000436389,0.000000467080
874350.00,0.000000481763,0.000000444624,0.000000430858,0.000000427214,0.000000440501,0.000000425890,0.000000423859,0.000000481763
874400.00,0.000000463687,0.000000417434,0.000000430320,0.000000437430,0.000000426442,0.000000436227,0.000000426637,0.000000463687
874450.00,0.000000471835,0.000000438524,0.000000433111,0.000000421979,0.000000435003,0.000000429712,0.000000441296,0.000000471835
874500.00,0.000000457654,0.000000437398,0.000000431927,0.000000433805,0.000000440038,0.000000433718,0.000000424904,0.000000457654
874550.00,0.000000456207,0.000000431769,0.000000433883,0.000000432995,0.000000426639,0.000000432498,0.000000427294,0.000000456207
874600.00,0.000000473115,0.000000430771,0.000000431681,0.000000428655,0.000000437425,0.000000423018,0.000000433937,0.000000473115
874650.00,0.000000461641,0.000000425942,0.000000437429,0.000000431365,0.000000432845,0.000000415151,0.000000426376,0.000000461641
874700.00,0.000000461467,0.000000431576,0.000000421715,0.000000430948,0.000000429590,0.000000427933,0.000000422395,0.000000461467
874750.00,0.000000457311,0.000000434017,0.000000426290,0.000000431902,0.000000430192,0.000000429671,0.000000422752,0.000000457311
874800.00,0.000000475276,0.000000412533,0.000000437873,0.000000428106,0.000000429667,0.000000433874,0.000000438096,0.000000475276
874850.00,0.000000468268,0.000000431827,0.000000426396,0.000000439038,0.000000425001,0.000000430530,0.000000445261,0.000000468268
874900.00,0.000000469709,0.000000415742,0.000000428390,0.000000436767,0.000000422098,0.000000418759,0.000000444420,0.000000469709
874950.00,0.000000454477,0.000000418397,0.000000443096,0.000000433416,0.000000431230,0.000000419993,0.000000430189,0.000000454477
875000.00,0.000000459538,0.000000429169,0.000000420575,0.000000437252,0.000000436970,0.000000432956,0.000000442214,0.000000459538
875050.00,0.000000453901,0.000000434116,0.000000437760,0.000000426720,0.000000434909,0.000000425159,0.000000431717,0.000000453901
875100.00,0.000000475228,0.000000423898,0.000000423530,0.000000445665,0.000000427056,0.000000439299,0.000000423389,0.000000475228
875150.00,0.000000460162,0.000000428814,0.000000439891,0.000000432903,0.000000428882,0.000000423472,0.000000437172,0.000000460162
875200.00,0.000000469554,0.000000427235,0.000000440585,0.000000432896,0.000000426748,0.000000438593,0.000000420987,0.000000469554
875250.00,0.000000470623,0.000000419293,0.000000442052,0.000000430547,0.000000443513,0.000000434286,0.000000436545,0.000000470623
875300.00,0.000000482844,0.000000429934,0.000000424710,0.000000427331,0.000000440691,0.000000424308,0.000000423904,0.000000482844
875350.00,0.000000469227,0.000000432690,0.000000438314,0.000000432388,0.000000438143,0.000000425232,0.000000422262,0.000000469227
875400.00,0.000000471155,0.000000441438,0.000000416816,0.000000424866,0.000000437936,0.000000428532,0.000000430353,0.000000471155
875450.00,0.000000463578,0.000000421870,0.000000420271,0.000000428397,0.000000435291,0.000000420955,0.000000427691,0.000000463578
875500.00,0.000000466385,0.000000430694,0.000000422805,0.000000425571,0.000000434455,0.000000425709,0.000000440892,0.000000466385
875550.00,0.000000466104,0.000000432846,0.000000436129,0.000000423014,0.000000430881,0.000000437483,0.000000437711,0.000000466104
875600.00,0.000000465936,0.000000429848,0.000000425516,0.000000437924,0.000000430066,0.000000437481,0.000000428815,0.000000465936
875650.00,0.000000475350,0.000000440022,0.000000426812,0.000000415058,0.000000425733,0.000000421780,0.000000420334,0.000000475350
875700.00,0.000000451168,0.000000427507,0.000000433904,0.000000446628,0.000000438823,0.000000442007,0.000000425755,0.000000451168
875750.00,0.000000459102,0.000000421079,0.000000431672,0.000000427628,0.000000439331,0.000000438475,0.000000411218,0.000000459102
875800.00,0.000000454415,0.000000423609,0.000000430175,0.000000431579,0.000000429910,0.000000427943,0.000000436307,0.000000454415
875850.00,0.000000475578,0.000000440869,0.000000434594,0.000000427536,0.000000441651,0.000000439470,0.000000436516,0.000000475578
875900.00,0.000000478831,0.000000431986,0.000000426083,0.000000424163,0.000000432841,0.000000428478,0.000000431104,0.000000478831
875950.00,0.000000451884,0.000000429921,0.000000442137,0.000000438377,0.000000432398,0.000000435186,0.000000418968,0.000000451884
876000.00,0.000000465113,0.000000416710,0.000000429325,0.000000425430,0.000000417860,0.000000433889,0.000000434603,0.000000465113
876050.00,0.000000472695,0.000000420377,0.000000434730,0.000000421100,0.000000437407,0.000000432852,0.000000431670,0.000000472695
876100.00,0.000000458455,0.000000444323,0.000000444025,0.000000437102,0.000000427069,0.000000429519,0.000000423734,0.000000458455
876150.00,0.000000460960,0.000000428640,0.000000439444,0.000000439715,0.000000435950,0.000000431567,0.000000437850,0.000000460960
876200.00,0.000000464625,0.000000444154,0.000000434373,0.000000423272,0.000000438630,0.000000424995,0.000000433385,0.000000464625
876250.00,0.000000465661,0.000000430422,0.000000438433,0.000000428301,0.000000424644,0.000000430486,0.000000425688,0.000000465661
876300.00,0.000000460035,0.000000437833,0.000000451512,0.000000429951,0.000000443765,0.000000436502,0.000000425747,0.000000460035
876350.00,0.000000473712,0.000000441939,0.000000428052,0.000000429420,0.000000427518,0.000000423531,0.000000428676,0.000000473712
876400.00,0.000000455898,0.000000444120,0.000000427048,0.000000434909,0.000000446929,0.000000449889,0.000000430638,0.000000455898
876450.00,0.000000455528,0.000000438161,0.000000433452,0.000000446401,0.000000437552,0.000000431915,0.000000416707,0.000000455528
876500.00,0.000000455437,0.000000451870,0.000000419833,0.000000440965,0.000000430198,0.000000426616,0.000000428913,0.000000455437
876550.00,0.000000465719,0.000000444606,0.000000434831,0.000000440889,0.000000425947,0.000000430569,0.000000429377,0.000000465719
876600.00,0.000000464422,0.000000422885,0.000000434528,0.000000430287,0.000000443705,0.000000415380,0.000000417275,0.000000464422
876650.00,0.000000469033,0.000000427787,0.000000423807,0.000000423426,0.000000446479,0.000000424587,0.000000413178,0.000000469033
876700.00,0.000000466431,0.000000440622,0.000000419561,0.000000430736,0.000000444834,0.000000432344,0.000000427760,0.000000466431
876750.00,0.000000460840,0.000000422543,0.000000424329,0.000000434432,0.000000429928,0.000000426028,0.000000446275,0.000000460840
876800.00,0.000000461817,0.000000424199,0.000000432799,0.000000430121,0.000000433503,0.000000428751,0.000000428300,0.000000461817
876850.00,0.000000448974,0.000000428907,0.000000430389,0.000000427515,0.000000431034,0.000000414942,0.000000427357,0.000000448974
876900.00,0.000000447471,0.000000431876,0.000000422694,0.000000437736,0.000000431181,0.000000423620,0.000000434233,0.000000447471
876950.00,0.000000451723,0.000000423568,0.000000418155,0.000000439572,0.000000436523,0.000000435313,0.000000439626,0.000000451723
877000.00,0.000000443156,0.000000424198,0.000000439068,0.000000431593,0.000000436606,0.000000438187,0.000000428288,0.000000443156
877050.00,0.000000469187,0.000000426972,0.000000430543,0.000000428313,0.000000426312,0.000000432436,0.000000439363,0.000000469187
877100.00,0.000000446001,0.000000439944,0.000000418873,0.000000424843,0.000000419875,0.000000428794,0.000000425773,0.000000446001
877150.00,0.000000454380,0.000000416021,0.000000437463,0.000000418659,0.000000421993,0.000000424274,0.000000415840,0.000000454380
877200.00,0.000000462530,0.000000440069,0.000000427140,0.000000427548,0.000000437509,0.000000401040,0.000000427334,0.000000462530
877250.00,0.000000446939,0.000000433824,0.000000415179,0.000000429135,0.000000420458,0.000000433694,0.000000424408,0.000000446939
877300.00,0.000000458681,0.000000427722,0.000000423904,0.000000435619,0.000000443156,0.000000416088,0.000000433070,0.000000458681
877350.00,0.000000468584,0.000000437497,0.000000417056,0.000000429928,0.000000421813,0.000000420231,0.000000429182,0.000000468584
877400.00,0.000000467824,0.000000428443,0.000000428080,0.000000436861,0.000000429813,0.000000433725,0.000000430360,0.000000467824
877450.00,0.000000463250,0.000000421777,0.000000433342,0.000000433575,0.000000436580,0.000000441922,0.000000430367,0.000000463250
877500.00,0.000000450991,0.000000413156,0.000000438176,0.000000431776,0.000000442177,0.000000441177,0.000000413972,0.000000450991
877550.00,0.000000457100,0.000000434842,0.000000440226,0.000000426260,0.000000419914,0.000000426563,0.000000421116,0.000000457100
877600.00,0.000000451912,0.000000439189,0.000000421726,0.000000435357,0.000000419037,0.000000434126,0.000000419575,0.000000451912
877650.00,0.000000467824,0.000000449688,0.000000438894,0.000000427435,0.000000448666,0.000000432007,0.000000426178,0.000000467824
877700.00,0.000000466150,0.000000432062,0.000000448700,0.000000425691,0.000000429729,0.000000431488,0.000000410200,0.000000466150
877750.00,0.000000444514,0.000000443777,0.000000437272,0.000000422357,0.000000420989,0.000000405117,0.000000442318,0.000000444514
877800.00,0.000000458497,0.000000419518,0.000000436155,0.000000437902,0.000000430338,0.000000427206,0.000000420563,0.000000458497
877850.00,0.000000463120,0.000000441741,0.000000431307,0.000000445417,0.000000431766,0.000000433001,0.000000423813,0.000000463120
877900.00,0.000000447296,0.000000433743,0.000000423981,0.000000430979,0.000000431579,0.000000434920,0.000000432010,0.000000447296
877950.00,0.000000461748,0.000000441478,0.000000422194,0.000000429132,0.000000419453,0.000000439020,0.000000446940,0.000000461748
878000.00,0.000000453805,0.000000434383,0.000000429506,0.000000430348,0.000000422149,0.000000423018,0.000000433071,0.000000453805
878050.00,0.000000461998,0.000000440198,0.000000437271,0.000000422665,0.000000432774,0.000000429416,0.000000434760,0.000000461998
878100.00,0.000000459875,0.000000433143,0.000000439750,0.000000441216,0.000000413440,0.000000422734,0.000000429254,0.000000459875
878150.00,0.000000472739,0.000000435300,0.000000426553,0.000000439471,0.000000427524,0.000000433538,0.000000435258,0.000000472739
878200.00,0.000000464839,0.000000426042,0.000000444558,0.000000428697,0.000000411568,0.000000439156,0.000000431970,0.000000464839
878250.00,0.000000445755,0.000000442494,0.000000433125,0.000000428867,0.000000434315,0.000000440289,0.000000427425,0.000000445755
878300.00,0.000000474045,0.000000435567,0.000000442611,0.000000422373,0.000000432428,0.000000422189,0.000000440632,0.000000474045
878350.00,0.000000469330,0.000000431664,0.000000422518,0.000000426837,0.000000429274,0.000000419960,0.000000425139,0.000000469330
878400.00,0.000000476775,0.000000430786,0.000000417664,0.000000435731,0.000000429296,0.000000444321,0.000000422064,0.000000476775
878450.00,0.000000471570,0.000000443292,0.000000440592,0.000000425392,0.000000425926,0.000000443817,0.000000434592,0.000000471570
878500.00,0.000000466440,0.000000424854,0.000000438772,0.000000427492,0.000000426864,0.000000424547,0.000000434900,0.000000466440
878550.00,0.000000465159,0.000000435860,0.000000424102,0.000000426906,0.000000423902,0.000000436080,0.000000416927,0.000000465159
878600.00,0.000000452327,0.000000418050,0.000000431274,0.000000425579,0.000000422829,0.000000445748,0.000000434143,0.000000452327
878650.00,0.000000459848,0.000000436343,0.000000433216,0.000000432070,0.000000438635,0.000000418864,0.000000433885,0.000000459848
878700.00,0.000000453265,0.000000437255,0.000000432177,0.000000436140,0.000000448143,0.000000445600,0.000000430929,0.000000453265
878750.00,0.000000445547,0.000000437114,0.000000417062,0.000000431000,0.000000430274,0.000000414352,0.000000432146,0.000000445547
878800.00,0.000000456976,0.000000428146,0.000000430370,0.000000440953,0.000000431333,0.000000418755,0.000000417859,0.000000456976
878850.00,0.000000460606,0.000000416508,0.000000427974,0.000000430639,0.000000424719,0.000000434767,0.000000430299,0.000000460606
878900.00,0.000000454512,0.000000438815,0.000000420381,0.000000427460,0.000000433882,0.000000449609,0.000000417008,0.000000454512
878950.00,0.000000462847,0.000000418252,0.000000431977,0.000000437689,0.000000442770,0.000000420021,0.000000434687,0.000000462847
879000.00,0.000000440030,0.000000454565,0.000000428838,0.000000430069,0.000000423494,0.000000429164,0.000000417158,0.000000440030
879050.00,0.000000464803,0.000000433793,0.000000422793,0.000000438931,0.000000427918,0.000000421067,0.000000423335,0.000000464803
879100.00,0.000000462437,0.000000415862,0.000000429021,0.000000424395,0.000000428238,0.000000427905,0.000000424572,0.000000462437
879150.00,0.000000445963,0.000000442539,0.000000418961,0.000000430379,0.000000430181,0.000000424617,0.000000441114,0.000000445963
879200.00,0.000000449196,0.000000451978,0.000000431425,0.000000431048,0.000000430168,0.000000434073,0.000000423182,0.000000449196
879250.00,0.000000462481,0.000000424773,0.000000439007,0.000000428781,0.000000429868,0.000000438262,0.000000432949,0.000000462481
879300.00,0.000000469257,0.000000439091,0.000000434965,0.000000431217,0.000000444320,0.000000419146,0.000000428359,0.000000469257
879350.00,0.000000461012,0.000000424322,0.000000431552,0.000000431450,0.000000431532,0.000000423465,0.000000431443,0.000000461012
879400.00,0.000000451768,0.000000414012,0.000000437059,0.000000428018,0.000000427639,0.000000416809,0.000000444549,0.000000451768
879450.00,0.000000453989,0.000000443466,0.000000420658,0.000000425527,0.000000430530,0.000000428383,0.000000421098,0.000000453989
879500.00,0.000000447061,0.000000426017,0.000000415407,0.000000427175,0.000000440919,0.000000423127,0.000000432548,0.000000447061
879550.00,0.000000441265,0.000000430004,0.000000410960,0.000000433959,0.000000426589,0.000000426570,0.000000427928,0.000000441265
879600.00,0.000000451883,0.000000444288,0.000000426878,0.000000429606,0.000000429389,0.000000430869,0.000000441277,0.000000451883
879650.00,0.000000460706,0.000000436041,0.000000431671,0.000000423033,0.000000437795,0.000000420259,0.000000424356,0.000000460706
879700.00,0.000000446673,0.000000421987,0.000000445503,0.000000431734,0.000000425122,0.000000436362,0.000000435332,0.000000446673
879750.00,0.000000457558,0.000000442176,0.000000432482,0.000000422216,0.000000433782,0.000000419162,0.000000430356,0.000000457558
879800.00,0.000000448944,0.000000425644,0.000000425919,0.000000436437,0.000000441461,0.000000420653,0.000000438610,0.000000448944
879850.00,0.000000452586,0.000000441279,0.000000442429,0.000000432122,0.000000432010,0.000000431584,0.000000434608,0.000000452586
879900.00,0.000000441539,0.000000437258,0.000000445161,0.000000431546,0.000000440481,0.000000428111,0.000000426233,0.000000441539
879950.00,0.000000448999,0.000000428557,0.000000426836,0.000000437467,0.000000441004,0.000000424112,0.000000432239,0.000000448999
880000.00,0.000000455842,0.000000450939,0.000000424322,0.000000428048,0.000000432115,0.000000437809,0.000000429273,0.000000455842
880050.00,0.000000456835,0.000000438195,0.000000438113,0.000000438323,0.000000420279,0.000000443332,0.000000445856,0.000000456835
880100.00,0.000000456847,0.000000446595,0.000000448563,0.000000430201,0.000000433714,0.000000434726,0.000000416608,0.000000456847
880150.00,0.000000447168,0.000000421515,0.000000435073,0.000000441657,0.000000430117,0.000000424841,0.000000438693,0.000000447168
880200.00,0.000000450833,0.000000434411,0.000000434787,0.000000428995,0.000000419476,0.000000433818,0.000000433545,0.000000450833
880250.00,0.000000457190,0.000000431516,0.000000440116,0.000000441768,0.000000429632,0.000000424613,0.000000439970,0.000000457190
880300.00,0.000000452606,0.000000433113,0.000000429707,0.000000426798,0.000000437373,0.000000418038,0.000000420569,0.000000452606
880350.00,0.000000439871,0.000000429648,0.000000443214,0.000000440172,0.000000418480,0.000000422401,0.000000430590,0.000000439871
880400.00,0.000000460340,0.000000422807,0.000000431544,0.000000430756,0.000000438773,0.000000429902,0.000000445839,0.000000460340
880450.00,0.000000458504,0.000000439531,0.000000433658,0.000000438543,0.000000437324,0.000000441698,0.000000431329,0.000000458504
880500.00,0.000000467885,0.000000437259,0.000000421958,0.000000435114,0.000000438952,0.000000427988,0.000000435977,0.000000467885
880550.00,0.000000457861,0.000000438934,0.000000436161,0.000000429896,0.000000448960,0.000000426694,0.000000414315,0.000000457861
880600.00,0.000000462981,0.000000408195,0.000000424760,0.000000435812,0.000000432874,0.000000439194,0.000000430689,0.000000462981
880650.00,0.000000462864,0.000000441135,0.000000438135,0.000000444065,0.000000421028,0.000000424677,0.000000440034,0.000000462864
880700.00,0.000000455396,0.000000431086,0.000000424609,0.000000434640,0.000000440750,0.000000427154,0.000000428863,0.000000455396
880750.00,0.000000456411,0.000000432898,0.000000441457,0.000000426202,0.000000416979,0.000000427743,0.000000427661,0.000000456411
880800.00,0.000000455019,0.000000421221,0.000000435538,0.000000440858,0.000000443149,0.000000435397,0.000000443992,0.000000455019
880850.00,0.000000451242,0.000000432132,0.000000421812,0.000000433188,0.000000438958,0.000000435101,0.000000424047,0.000000451242
880900.00,0.000000447220,0.000000439952,0.000000428866,0.000000425424,0.000000430869,0.000000424478,0.000000424120,0.000000447220
880950.00,0.000000448729,0.000000425948,0.000000433009,0.000000422763,0.000000443810,0.000000423955,0.000000440805,0.000000448729
881000.00,0.000000440473,0.000000426983,0.000000424324,0.000000430309,0.000000429429,0.000000419332,0.000000446023,0.000000440473
881050.00,0.000000455225,0.000000424046,0.000000446121,0.000000418414,0.000000437752,0.000000428143,0.000000407150,0.000000455225
881100.00,0.000000451468,0.000000433184,0.000000432926,0.000000430924,0.000000433472,0.000000436311,0.000000439455,0.000000451468
881150.00,0.000000451541,0.000000434341,0.000000450249,0.000000432452,0.000000432645,0.000000425566,0.000000443647,0.000000451541
881200.00,0.000000460556,0.000000428387,0.000000444164,0.000000433854,0.000000416436,0.000000408450,0.000000429578,0.000000460556
881250.00,0.000000441442,0.000000420561,0.000000441803,0.000000430786,0.000000435541,0.000000422672,0.000000427216,0.000000441442
881300.00,0.000000456946,0.000000442019,0.000000428216,0.000000432506,0.000000431488,0.000000436037,0.000000419373,0.000000456946
881350.00,0.000000448708,0.000000424031,0.000000432084,0.000000422875,0.000000436247,0.000000416110,0.000000430387,0.000000448708
881400.00,0.000000456533,0.000000435694,0.000000425148,0.000000416197,0.000000437226,0.000000427205,0.000000426019,0.000000456533
881450.00,0.000000450892,0.000000435760,0.000000428263,0.000000431656,0.000000426333,0.000000426349,0.000000434352,0.000000450892
881500.00,0.000000444731,0.000000412327,0.000000419141,0.000000432116,0.000000416283,0.000000434118,0.000000438670,0.000000444731
881550.00,0.000000456350,0.000000437574,0.000000416292,0.000000423490,0.000000436674,0.000000434876,0.000000435327,0.000000456350
881600.00,0.000000460597,0.000000428968,0.000000427503,0.000000422239,0.000000435663,0.000000418832,0.000000422553,0.000000460597
881650.00,0.000000444188,0.000000426558,0.000000429674,0.000000428011,0.000000432254,0.000000440295,0.000000427086,0.000000444188
881700.00,0.000000441060,0.000000424303,0.000000427436,0.000000429609,0.000000444655,0.000000428355,0.000000433591,0.000000441060
881750.00,0.000000454751,0.000000437849,0.000000451210,0.000000438010,0.000000427359,0.000000424895,0.000000440145,0.000000454751
881800.00,0.000000443468,0.000000423741,0.000000434014,0.000000427129,0.000000414280,0.000000429365,0.000000439042,0.000000443468
881850.00,0.000000447911,0.000000433180,0.000000431711,0.000000426995,0.000000417769,0.000000439885,0.000000429215,0.000000447911
881900.00,0.000000450726,0.000000444321,0.000000438285,0.000000424919,0.000000438400,0.000000413514,0.000000434332,0.000000450726
881950.00,0.000000460608,0.000000445262,0.000000434193,0.000000436849,0.000000428813,0.000000428056,0.000000435170,0.000000460608
882000.00,0.000000452879,0.000000425271,0.000000434977,0.000000436239,0.000000424508,0.000000440464,0.000000433136,0.000000452879
882050.00,0.000000441463,0.000000418529,0.000000430291,0.000000428567,0.000000434385,0.000000429551,0.000000416901,0.000000441463
882100.00,0.000000451707,0.000000428910,0.000000422022,0.000000431907,0.000000434581,0.000000431549,0.000000430713,0.000000451707
882150.00,0.000000452743,0.000000432043,0.000000439323,0.000000426062,0.000000419368,0.000000433166,0.000000418963,0.000000452743
882200.00,0.000000454735,0.000000431942,0.000000430659,0.000000419636,0.000000429863,0.000000431004,0.000000425974,0.000000454735
882250.00,0.000000454476,0.000000416185,0.000000434985,0.000000433186,0.000000433713,0.000000424983,0.000000426178,0.000000454476
882300.00,0.000000443444,0.000000434829,0.000000428576,0.000000436541,0.000000431932,0.000000440422,0.000000431930,0.000000443444
882350.00,0.000000445407,0.000000435829,0.000000432113,0.000000415503,0.000000419288,0.000000434856,0.000000430595,0.000000445407
882400.00,0.000000466523,0.000000440055,0.000000430734,0.000000440057,0.000000438882,0.000000415859,0.000000445378,0.000000466523
882450.00,0.000000445449,0.000000431361,0.000000435452,0.000000436383,0.000000430253,0.000000433716,0.000000440271,0.000000445449
882500.00,0.000000449441,0.000000433671,0.000000424068,0.000000423382,0.000000430571,0.000000426263,0.000000419983,0.000000449441
882550.00,0.000000449147,0.000000455183,0.000000432840,0.000000428945,0.000000432585,0.000000433772,0.000000436797,0.000000449147
882600.00,0.000000440520,0.000000416080,0.000000411177,0.000000427856,0.000000435585,0.000000428450,0.000000428631,0.000000440520
882650.00,0.000000457721,0.000000437675,0.000000425566,0.000000433889,0.000000420111,0.000000424076,0.000000432538,0.000000457721
882700.00,0.000000442319,0.000000437265,0.000000426895,0.000000433632,0.000000423138,0.000000423920,0.000000443037,0.000000442319
882750.00,0.000000451211,0.000000432293,0.000000433401,0.000000432850,0.000000435448,0.000000427572,0.000000443504,0.000000451211
882800.00,0.000000427298,0.000000420280,0.000000428664,0.000000429136,0.000000432100,0.000000409841,0.000000424018,0.000000427298
882850.00,0.000000464923,0.000000433704,0.000000427959,0.000000433725,0.000000440439,0.000000447084,0.000000423183,0.000000464923
882900.00,0.000000451145,0.000000433837,0.000000427772,0.000000426798,0.000000424638,0.000000426419,0.000000443367,0.000000451145
882950.00,0.000000452677,0.000000424415,0.000000439296,0.000000430862,0.000000421980,0.000000432872,0.000000430369,0.000000452677
883000.00,0.000000456022,0.000000424556,0.000000430920,0.000000430190,0.000000431854,0.000000456252,0.000000437545,0.000000456022
883050.00,0.000000446775,0.000000449863,0.000000422851,0.000000419002,0.000000418418,0.000000429690,0.000000430185,0.000000446775
883100.00,0.000000446219,0.000000428270,0.000000420364,0.000000430386,0.000000438606,0.000000430908,0.000000435496,0.000000446219
883150.00,0.000000440735,0.000000429603,0.000000419592,0.000000430698,0.000000429861,0.000000430721,0.000000422059,0.000000440735
883200.00,0.000000435901,0.000000440870,0.000000425525,0.000000432203,0.000000446532,0.000000426725,0.000000447393,0.000000435901
883250.00,0.000000442129,0.000000427057,0.000000432068,0.000000428247,0.000000440500,0.000000433427,0.000000433382,0.000000442129
883300.00,0.000000458800,0.000000423797,0.000000419909,0.000000422538,0.000000426152,0.000000424224,0.000000414162,0.000000458800
883350.00,0.000000447288,0.000000433794,0.000000435655,0.000000439535,0.000000422484,0.000000431478,0.000000425922,0.000000447288
883400.00,0.000000457343,0.000000418080,0.000000432593,0.000000430430,0.000000431189,0.000000426922,0.000000423974,0.000000457343
883450.00,0.000000452580,0.000000443159,0.000000411583,0.000000437605,0.000000430319,0.000000431170,0.000000428401,0.000000452580
883500.00,0.000000452087,0.000000402856,0.000000431461,0.000000437604,0.000000422708,0.000000426043,0.000000423228,0.000000452087
883550.00,0.000000440672,0.000000433658,0.000000441172,0.000000442199,0.000000420849,0.000000431904,0.000000419643,0.000000440672
883600.00,0.000000466287,0.000000434229,0.000000426499,0.000000433206,0.000000438482,0.000000435040,0.000000425462,0.000000466287
883650.00,0.000000459537,0.000000418082,0.000000417474,0.000000433252,0.000000431060,0.000000432879,0.000000421352,0.000000459537
883700.00,0.000000440028,0.000000432603,0.000000434551,0.000000427430,0.000000443238,0.000000425401,0.000000423716,0.000000440028
883750.00,0.000000449446,0.000000439703,0.000000413945,0.000000428213,0.000000426509,0.000000433668,0.000000424147,0.000000449446
883800.00,0.000000457907,0.000000440871,0.000000431307,0.000000433619,0.000000431851,0.000000438695,0.000000448576,0.000000457907
883850.00,0.000000461216,0.000000429131,0.000000438739,0.000000435740,0.000000436692,0.000000432657,0.000000434474,0.000000461216
883900.00,0.000000456163,0.000000443380,0.000000429303,0.000000426914,0.000000434965,0.000000425101,0.000000433091,0.000000456163
883950.00,0.000000464446,0.000000422994,0.000000427489,0.000000440175,0.000000430710,0.000000431210,0.000000432629,0.000000464446
884000.00,0.000000448123,0.000000442462,0.000000434254,0.000000429625,0.000000422057,0.000000427060,0.000000418540,0.000000448123
884050.00,0.000000464332,0.000000432823,0.000000432950,0.000000441589,0.000000440529,0.000000429392,0.000000444522,0.000000464332
884100.00,0.000000463775,0.000000442951,0.000000419919,0.000000436840,0.000000441401,0.000000435097,0.000000444336,0.000000463775
884150.00,0.000000456148,0.000000442234,0.000000434062,0.000000433598,0.000000437173,0.000000432399,0.000000434802,0.000000456148
884200.00,0.000000447662,0.000000441881,0.000000418382,0.000000421697,0.000000430864,0.000000451464,0.000000431273,0.000000447662
884250.00,0.000000469274,0.000000448092,0.000000431742,0.000000426115,0.000000448128,0.000000439376,0.000000431654,0.000000469274
884300.00,0.000000459394,0.000000434326,0.000000428157,0.000000438051,0.000000446824,0.000000421965,0.000000426358,0.000000459394
884350.00,0.000000454807,0.000000424119,0.000000437201,0.000000433340,0.000000425841,0.000000420455,0.000000429794,0.000000454807
884400.00,0.000000455700,0.000000444366,0.000000436499,0.000000430562,0.000000427250,0.000000435504,0.000000435803,0.000000455700
884450.00,0.000000461884,0.000000420925,0.000000429020,0.000000432560,0.000000441760,0.000000452505,0.000000435256,0.000000461884
884500.00,0.000000464179,0.000000434440,0.000000432873,0.000000433098,0.000000431375,0.000000425943,0.000000430185,0.000000464179
884550.00,0.000000452858,0.000000438093,0.000000432529,0.000000429081,0.000000436873,0.000000432077,0.000000438680,0.000000452858
884600.00,0.000000450561,0.000000438907,0.000000430840,0.000000436802,0.000000443985,0.000000427321,0.000000427392,0.000000450561
884650.00,0.000000462074,0.000000447628,0.000000445494,0.000000430997,0.000000434480,0.000000432282,0.000000430594,0.000000462074
884700.00,0.000000464764,0.000000444871,0.000000439339,0.000000430737,0.000000448857,0.000000437129,0.000000428347,0.000000464764
884750.00,0.000000460498,0.000000437037,0.000000433732,0.000000441175,0.000000439033,0.000000418113,0.000000422766,0.000000460498
884800.00,0.000000456915,0.000000435184,0.000000428409,0.000000443794,0.000000427850,0.000000442203,0.000000436329,0.000000456915
884850.00,0.000000449234,0.000000437971,0.000000434095,0.000000434969,0.000000427203,0.000000437797,0.000000440250,0.000000449234
884900.00,0.000000451628,0.000000427004,0.000000432711,0.000000428223,0.000000435117,0.000000426095,0.000000438929,0.000000451628
884950.00,0.000000447328,0.000000431619,0.000000432020,0.000000435415,0.000000435724,0.000000431370,0.000000436789,0.000000447328
885000.00,0.000000459747,0.000000429112,0.000000428300,0.000000428613,0.000000440040,0.000000427068,0.000000434538,0.000000459747
885050.00,0.000000456745,0.000000446911,0.000000440089,0.000000425919,0.000000440388,0.000000434709,0.000000435807,0.000000456745
885100.00,0.000000449116,0.000000458804,0.000000444180,0.000000439411,0.000000434460,0.000000435551,0.000000424973,0.000000449116
885150.00,0.000000448679,0.000000447201,0.000000420419,0.000000430985,0.000000423991,0.000000425331,0.000000438733,0.000000448679
885200.00,0.000000441798,0.000000445411,0.000000434037,0.000000440979,0.000000416618,0.000000437806,0.000000429386,0.000000441798
885250.00,0.000000454764,0.000000438856,0.000000426622,0.000000440684,0.000000435054,0.000000441432,0.000000423666,0.000000454764
885300.00,0.000000474264,0.000000444905,0.000000434760,0.000000429772,0.000000437917,0.000000430031,0.000000427688,0.000000474264
885350.00,0.000000471762,0.000000435792,0.000000442897,0.000000443606,0.000000442732,0.000000443459,0.000000438933,0.000000471762
885400.00,0.000000469367,0.000000430549,0.000000439879,0.000000437485,0.000000426154,0.000000429509,0.000000438490,0.000000469367
885450.00,0.000000450949,0.000000439771,0.000000432004,0.000000437700,0.000000427736,0.000000436669,0.000000429754,0.000000450949
885500.00,0.000000472238,0.000000449652,0.000000426102,0.000000430285,0.000000438382,0.000000435327,0.000000431416,0.000000472238
885550.00,0.000000450842,0.000000430466,0.000000440837,0.000000426441,0.000000450706,0.000000431086,0.000000431017,0.000000450842
885600.00,0.000000453509,0.000000452172,0.000000429019,0.000000431049,0.000000447536,0.000000426496,0.000000436558,0.000000453509
885650.00,0.000000461261,0.000000446490,0.000000435953,0.000000441002,0.000000419168,0.000000445921,0.000000429328,0.000000461261
885700.00,0.000000461900,0.000000439232,0.000000442285,0.000000419967,0.000000447798,0.000000424896,0.000000434620,0.000000461900
885750.00,0.000000458225,0.000000446138,0.000000437932,0.000000438223,0.000000420529,0.000000422746,0.000000424657,0.000000458225
885800.00,0.000000460560,0.000000442269,0.000000445240,0.000000444567,0.000000441093,0.000000455719,0.000000428440,0.000000460560
885850.00,0.000000459856,0.000000452041,0.000000426764,0.000000440531,0.000000426360,0.000000432037,0.000000445074,0.000000459856
885900.00,0.000000443766,0.000000439180,0.000000444361,0.000000429584,0.000000438927,0.000000434756,0.000000435527,0.000000443766
885950.00,0.000000448362,0.000000428546,0.000000431484,0.000000436070,0.000000433761,0.000000420927,0.000000430058,0.000000448362
886000.00,0.000000458561,0.000000434895,0.000000442130,0.000000439315,0.000000424657,0.000000433980,0.000000439234,0.000000458561
886050.00,0.000000455917,0.000000441209,0.000000439590,0.000000438226,0.000000416981,0.000000443852,0.000000438028,0.000000455917
886100.00,0.000000459920,0.000000459234,0.000000427306,0.000000438531,0.000000441392,0.000000433149,0.000000419919,0.000000459920
886150.00,0.000000463044,0.000000438269,0.000000446651,0.000000434492,0.000000438570,0.000000434944,0.000000426889,0.000000463044
886200.00,0.000000446990,0.000000444884,0.000000433022,0.000000435184,0.000000428335,0.000000434236,0.000000443103,0.000000446990
886250.00,0.000000454819,0.000000424625,0.000000441563,0.000000436085,0.000000427826,0.000000426163,0.000000430886,0.000000454819
886300.00,0.000000451732,0.000000437917,0.000000421993,0.000000439759,0.000000436251,0.000000414840,0.000000415558,0.000000451732
886350.00,0.000000452257,0.000000438555,0.000000435677,0.000000445173,0.000000428526,0.000000434569,0.000000435186,0.000000452257
886400.00,0.000000446594,0.000000429523,0.000000427566,0.000000433857,0.000000424047,0.000000440949,0.000000425223,0.000000446594
886450.00,0.000000446986,0.000000442814,0.000000440751,0.000000442721,0.000000426476,0.000000432131,0.000000437646,0.000000446986
886500.00,0.000000462900,0.000000424251,0.000000420654,0.000000430507,0.000000433929,0.000000427798,0.000000435113,0.000000462900
886550.00,0.000000459226,0.000000439991,0.000000448357,0.000000428674,0.000000437381,0.000000429102,0.000000429212,0.000000459226
886600.00,0.000000446277,0.000000436442,0.000000448094,0.000000431997,0.000000434304,0.000000429348,0.000000439247,0.000000446277
886650.00,0.000000444785,0.000000428466,0.000000432374,0.000000429147,0.000000431663,0.000000438444,0.000000423817,0.000000444785
886700.00,0.000000455082,0.000000427425,0.000000445079,0.000000438577,0.000000435745,0.000000434195,0.000000430841,0.000000455082
886750.00,0.000000448122,0.000000425831,0.000000418198,0.000000445476,0.000000425459,0.000000438794,0.000000419126,0.000000448122
886800.00,0.000000441166,0.000000435398,0.000000447067,0.000000431121,0.000000442186,0.000000429783,0.000000424872,0.000000441166
886850.00,0.000000438895,0.000000438299,0.000000421683,0.000000438145,0.000000418761,0.000000407093,0.000000435199,0.000000438895
886900.00,0.000000448628,0.000000434034,0.000000439102,0.000000420141,0.000000410862,0.000000425530,0.000000423166,0.000000448628
886950.00,0.000000454066,0.000000412784,0.000000424580,0.000000429779,0.000000439687,0.000000417046,0.000000425617,0.000000454066
887000.00,0.000000457781,0.000000443823,0.000000421218,0.000000435242,0.000000429573,0.000000426221,0.000000428224,0.000000457781
887050.00,0.000000436546,0.000000436528,0.000000439087,0.000000432416,0.000000425806,0.000000430841,0.000000435767,0.000000436546
887100.00,0.000000453074,0.000000435984,0.000000423098,0.000000426049,0.000000409980,0.000000433795,0.000000425220,0.000000453074
887150.00,0.000000435514,0.000000443789,0.000000438583,0.000000424692,0.000000429607,0.000000426368,0.000000442086,0.000000435514
887200.00,0.000000462574,0.000000427572,0.000000419619,0.000000435645,0.000000424739,0.000000427457,0.000000425631,0.000000462574
887250.00,0.000000452339,0.000000427215,0.000000431664,0.000000418797,0.000000418252,0.000000409641,0.000000412233,0.000000452339
887300.00,0.000000443728,0.000000434918,0.000000416407,0.000000419207,0.000000427919,0.000000414566,0.000000427605,0.000000443728
887350.00,0.000000446268,0.000000423343,0.000000419977,0.000000427708,0.000000449477,0.000000425531,0.000000447504,0.000000446268
887400.00,0.000000444644,0.000000436785,0.000000424984,0.000000429537,0.000000431179,0.000000430270,0.000000433785,0.000000444644
887450.00,0.000000444153,0.000000433373,0.000000427533,0.000000429045,0.000000431010,0.000000426313,0.000000428485,0.000000444153
887500.00,0.000000448138,0.000000429649,0.000000434469,0.000000428383,0.000000428242,0.000000439435,0.000000429177,0.000000448138
887550.00,0.000000440990,0.000000436717,0.000000434483,0.000000422344,0.000000435008,0.000000432877,0.000000420234,0.000000440990
887600.00,0.000000425759,0.000000439906,0.000000428137,0.000000434993,0.000000434517,0.000000432742,0.000000430978,0.000000425759
887650.00,0.000000458646,0.000000436051,0.000000438028,0.000000432232,0.000000424922,0.000000422417,0.000000415211,0.000000458646
887700.00,0.000000442774,0.000000434789,0.000000443033,0.000000444806,0.000000438063,0.000000427505,0.000000435323,0.000000442774
887750.00,0.000000445378,0.000000444634,0.000000426556,0.000000433174,0.000000420935,0.000000421747,0.000000423384,0.000000445378
887800.00,0.000000444816,0.000000437211,0.000000426207,0.000000426111,0.000000425009,0.000000442711,0.000000428391,0.000000444816
887850.00,0.000000439910,0.000000430407,0.000000439363,0.000000419441,0.000000438442,0.000000441801,0.000000435316,0.000000439910
887900.00,0.000000438763,0.000000432666,0.000000427299,0.000000431771,0.000000440445,0.000000430799,0.000000434270,0.000000438763
887950.00,0.000000431698,0.000000442833,0.000000427333,0.000000436506,0.000000422086,0.000000434812,0.000000434897,0.000000431698
888000.00,0.000000454657,0.000000432067,0.000000424586,0.000000434332,0.000000429516,0.000000420517,0.000000429209,0.000000454657
888050.00,0.000000450815,0.000000445053,0.000000431355,0.000000431296,0.000000425024,0.000000434044,0.000000442900,0.000000450815
888100.00,0.000000433464,0.000000431661,0.000000431262,0.000000428938,0.000000435393,0.000000431047,0.000000437386,0.000000433464
888150.00,0.000000455087,0.000000432476,0.000000448969,0.000000438603,0.000000432727,0.000000425351,0.000000436134,0.000000455087
888200.00,0.000000450001,0.000000437529,0.000000442836,0.000000431989,0.000000443684,0.000000430434,0.000000421241,0.000000450001
888250.00,0.000000458079,0.000000428017,0.000000430221,0.000000434258,0.000000438054,0.000000424281,0.000000423063,0.000000458079
888300.00,0.000000456195,0.000000434826,0.000000434131,0.000000427261,0.000000432022,0.000000437250,0.000000432193,0.000000456195
888350.00,0.000000459830,0.000000429725,0.000000425754,0.000000426912,0.000000422664,0.000000435005,0.000000429656,0.000000459830
888400.00,0.000000447651,0.000000444186,0.000000420389,0.000000429307,0.000000429386,0.000000427152,0.000000432323,0.000000447651
888450.00,0.000000441160,0.000000433940,0.000000424328,0.000000434984,0.000000447783,0.000000429497,0.000000429913,0.000000441160
888500.00,0.000000441712,0.000000434272,0.000000441614,0.000000438386,0.000000428476,0.000000433915,0.000000433082,0.000000441712
888550.00,0.000000450106,0.000000420141,0.000000434099,0.000000432891,0.000000419904,0.000000422105,0.000000432314,0.000000450106
888600.00,0.000000454899,0.000000423563,0.000000426457,0.000000433964,0.000000421514,0.000000437480,0.000000425871,0.000000454899
